time,temperature_2m,relative_humidity_2m,apparent_temperature,precipitation_probability,precipitation,wind_speed_10m,wind_direction_10m
2025-06-19 00:00:00,20.20,55,19.60,,0.00,5.50,101
2025-06-19 01:00:00,19.50,55,18.70,,0.00,6.20,126
2025-06-19 02:00:00,19.00,56,18.00,,0.00,6.80,115
2025-06-19 03:00:00,18.20,61,17.40,,0.00,6.40,128
2025-06-19 04:00:00,18.10,59,17.10,,0.00,6.50,146
2025-06-19 05:00:00,18.10,59,17.00,,0.00,7.00,159
2025-06-19 06:00:00,18.20,61,17.50,,0.00,6.00,163
2025-06-19 07:00:00,19.00,63,18.50,,0.00,7.50,163
2025-06-19 08:00:00,20.30,61,19.90,,0.00,8.20,165
2025-06-19 09:00:00,21.70,55,21.10,,0.00,8.60,165
2025-06-19 10:00:00,23.70,50,23.20,,0.00,9.10,162
2025-06-19 11:00:00,25.40,45,25.70,,0.00,9.40,157
2025-06-19 12:00:00,26.90,39,27.50,,0.00,9.50,155
2025-06-19 13:00:00,27.80,37,28.20,,0.00,10.70,160
2025-06-19 14:00:00,28.50,33,28.70,,0.00,10.20,170
2025-06-19 15:00:00,28.30,34,28.20,,0.00,8.00,172
2025-06-19 16:00:00,28.30,33,27.70,,0.00,7.40,166
2025-06-19 17:00:00,27.80,34,27.20,,0.00,5.30,152
2025-06-19 18:00:00,26.90,37,26.70,,0.00,3.60,90
2025-06-19 19:00:00,25.80,45,26.40,,0.00,1.80,11
2025-06-19 20:00:00,24.10,56,25.30,,0.00,2.90,30
2025-06-19 21:00:00,21.20,68,22.30,,0.00,4.20,20
2025-06-19 22:00:00,19.90,72,20.60,,0.00,5.20,34
2025-06-19 23:00:00,19.00,75,19.60,,0.00,5.40,42
2025-06-20 00:00:00,18.30,78,19.00,,0.00,4.80,42
2025-06-20 01:00:00,17.70,80,18.50,,0.00,3.80,41
2025-06-20 02:00:00,17.20,82,18.00,,0.00,4.10,38
2025-06-20 03:00:00,16.60,84,17.40,,0.00,3.50,24
2025-06-20 04:00:00,16.10,85,16.80,,0.00,2.70,23
2025-06-20 05:00:00,15.80,86,16.50,,0.00,2.70,23
2025-06-20 06:00:00,16.80,85,17.70,,0.00,3.20,27
2025-06-20 07:00:00,19.00,80,20.30,,0.00,3.70,29
2025-06-20 08:00:00,21.10,69,22.00,,0.00,5.50,32
2025-06-20 09:00:00,22.50,61,23.10,,0.00,6.10,40
2025-06-20 10:00:00,24.20,53,24.50,,0.00,6.50,34
2025-06-20 11:00:00,25.20,48,25.30,,0.00,7.70,28
2025-06-20 12:00:00,25.70,45,25.90,,0.00,8.20,23
2025-06-20 13:00:00,26.30,41,26.30,,0.00,8.60,22
2025-06-20 14:00:00,25.60,41,25.00,,0.00,7.30,9
2025-06-20 15:00:00,25.90,38,25.20,,0.00,5.60,345
2025-06-20 16:00:00,25.30,41,24.70,,0.00,6.30,347
2025-06-20 17:00:00,25.30,42,24.70,,0.00,7.50,343
2025-06-20 18:00:00,23.80,48,23.40,,0.00,7.60,3
2025-06-20 19:00:00,22.30,54,22.40,,0.00,4.70,4
2025-06-20 20:00:00,21.00,61,21.40,,0.00,4.00,27
2025-06-20 21:00:00,20.10,66,20.80,,0.00,2.90,353
2025-06-20 22:00:00,18.90,71,19.60,,0.00,2.90,353
2025-06-20 23:00:00,18.30,73,18.90,,0.00,3.10,339
2025-06-21 00:00:00,17.50,76,18.10,,0.00,3.20,333
2025-06-21 01:00:00,16.50,81,17.00,,0.00,3.60,323
2025-06-21 02:00:00,15.90,87,16.50,,0.00,3.90,326
2025-06-21 03:00:00,15.40,95,16.50,,0.00,2.70,337
2025-06-21 04:00:00,18.30,84,19.60,,0.00,4.20,340
2025-06-21 05:00:00,20.60,74,21.70,,0.00,5.60,345
2025-06-21 06:00:00,22.50,66,23.50,,0.00,6.50,357
2025-06-21 07:00:00,24.30,58,25.80,,0.00,4.60,342
2025-06-21 08:00:00,26.00,49,27.40,,0.00,6.80,360
2025-06-21 09:00:00,22.40,64,25.00,,0.00,5.80,4
2025-06-21 10:00:00,24.20,57,25.40,,0.00,4.30,355
2025-06-21 11:00:00,25.90,48,27.20,,0.00,6.50,6
2025-06-21 12:00:00,27.40,33,27.40,,0.00,10.00,38
2025-06-21 13:00:00,27.80,29,27.00,,0.00,11.20,33
2025-06-21 14:00:00,28.30,27,27.50,,0.00,9.70,27
2025-06-21 15:00:00,28.30,27,27.20,,0.00,10.10,17
2025-06-21 16:00:00,28.50,26,26.80,,0.00,9.80,8
2025-06-21 17:00:00,28.30,25,26.10,,0.00,9.00,2
2025-06-21 18:00:00,27.60,27,25.40,,0.00,9.00,358
2025-06-21 19:00:00,26.90,28,25.10,,0.00,6.30,347
2025-06-21 20:00:00,24.80,35,23.50,,0.00,6.00,25
2025-06-21 21:00:00,21.90,50,21.70,,0.00,3.60,53
2025-06-21 22:00:00,20.40,54,20.30,,0.00,2.30,51
2025-06-21 23:00:00,19.20,55,18.90,,0.00,1.90,338
2025-06-22 00:00:00,17.90,58,17.50,,0.00,1.80,37
2025-06-22 01:00:00,17.20,59,16.30,,0.00,4.10,105
2025-06-22 02:00:00,16.90,59,15.90,,0.00,4.90,144
2025-06-22 03:00:00,16.00,71,15.50,,0.00,4.60,162
2025-06-22 04:00:00,15.30,74,14.80,,0.00,4.50,166
2025-06-22 05:00:00,14.80,76,14.40,,0.00,4.40,171
2025-06-22 06:00:00,15.70,74,15.50,,0.00,3.60,174
2025-06-22 07:00:00,18.30,68,18.30,,0.00,4.70,184
2025-06-22 08:00:00,20.70,61,20.70,,0.00,6.30,204
2025-06-22 09:00:00,23.60,49,23.20,,0.00,6.90,219
2025-06-22 10:00:00,26.00,43,26.00,,0.00,8.40,245
2025-06-22 11:00:00,27.50,37,27.60,,0.00,8.50,258
2025-06-22 12:00:00,28.60,32,28.20,,0.00,8.00,260
2025-06-22 13:00:00,29.30,29,28.70,,0.00,7.10,255
2025-06-22 14:00:00,30.10,26,29.20,,0.00,9.30,254
2025-06-22 15:00:00,29.70,27,28.10,,0.00,8.50,258
2025-06-22 16:00:00,30.00,26,28.20,,0.00,9.30,257
2025-06-22 17:00:00,29.50,27,27.70,,0.00,10.00,249
2025-06-22 18:00:00,29.00,29,27.60,,0.00,8.40,250
2025-06-22 19:00:00,28.10,32,27.10,,0.00,6.50,251
2025-06-22 20:00:00,25.60,41,25.30,,0.00,4.70,238
2025-06-22 21:00:00,23.20,48,22.90,,0.00,4.80,243
2025-06-22 22:00:00,21.50,52,21.00,,0.00,5.60,220
2025-06-22 23:00:00,20.70,55,20.30,,0.00,5.90,223
2025-06-23 00:00:00,20.20,60,19.80,,0.00,7.00,215
2025-06-23 01:00:00,20.30,60,19.80,,0.00,8.10,212
2025-06-23 02:00:00,19.70,65,19.40,,0.00,8.40,211
2025-06-23 03:00:00,18.90,71,18.70,,0.00,9.40,212
2025-06-23 04:00:00,19.00,72,18.90,,0.00,8.60,213
2025-06-23 05:00:00,18.80,76,19.20,,0.00,7.00,215
2025-06-23 06:00:00,18.60,84,20.40,,0.00,1.80,217
2025-06-23 07:00:00,19.40,81,20.70,,0.30,4.70,184
2025-06-23 08:00:00,20.20,80,21.70,,0.20,5.40,184
2025-06-23 09:00:00,22.10,73,23.40,,0.00,8.20,218
2025-06-23 10:00:00,24.20,67,25.60,,0.00,8.70,246
2025-06-23 11:00:00,26.30,57,27.40,,0.00,10.90,261
2025-06-23 12:00:00,27.60,50,28.50,,0.00,12.70,263
2025-06-23 13:00:00,27.90,48,27.90,,0.00,13.70,275
2025-06-23 14:00:00,28.60,44,28.40,,0.00,13.20,281
2025-06-23 15:00:00,29.20,41,28.80,,0.00,13.00,284
2025-06-23 16:00:00,29.10,40,28.70,,0.00,12.20,289
2025-06-23 17:00:00,29.40,39,29.00,,0.00,11.00,293
2025-06-23 18:00:00,29.10,40,28.90,,0.00,10.50,301
2025-06-23 19:00:00,28.20,42,28.10,,0.00,9.20,312
2025-06-23 20:00:00,26.70,45,26.90,,0.00,6.40,313
2025-06-23 21:00:00,24.40,51,25.00,,0.00,3.60,307
2025-06-23 22:00:00,23.00,56,23.60,,0.00,4.20,329
2025-06-23 23:00:00,22.10,57,22.60,,0.00,3.40,342
2025-06-24 00:00:00,20.90,66,21.70,,0.00,3.70,349
2025-06-24 01:00:00,19.90,66,20.50,,0.00,3.20,360
2025-06-24 02:00:00,19.10,68,19.60,,0.00,2.70,23
2025-06-24 03:00:00,18.20,75,18.90,,0.00,2.80,40
2025-06-24 04:00:00,17.60,78,18.30,,0.00,2.80,50
2025-06-24 05:00:00,17.20,81,18.10,,0.00,2.80,50
2025-06-24 06:00:00,18.50,80,19.80,,0.00,2.60,56
2025-06-24 07:00:00,19.70,79,21.60,,0.00,0.80,27
2025-06-24 08:00:00,20.50,75,21.90,,0.30,3.90,34
2025-06-24 09:00:00,22.80,61,23.90,,0.00,3.80,107
2025-06-24 10:00:00,22.10,65,23.30,,0.40,3.40,238
2025-06-24 11:00:00,21.50,77,23.20,,0.30,6.50,236
2025-06-24 12:00:00,24.00,58,25.10,,0.00,4.70,270
2025-06-24 13:00:00,24.70,52,25.20,,0.00,5.70,305
2025-06-24 14:00:00,24.50,51,24.80,,0.00,6.30,294
2025-06-24 15:00:00,25.90,47,26.20,,0.00,6.00,335
2025-06-24 16:00:00,26.40,45,26.70,,0.00,5.00,360
2025-06-24 17:00:00,25.40,48,25.60,,0.00,6.50,357
2025-06-24 18:00:00,25.40,49,26.00,,0.00,4.70,9
2025-06-24 19:00:00,24.90,51,25.80,,0.00,3.30,354
2025-06-24 20:00:00,23.50,59,24.80,,0.00,2.80,310
2025-06-24 21:00:00,22.50,62,23.60,,0.00,3.20,297
2025-06-24 22:00:00,21.00,66,21.90,,0.00,3.60,323
2025-06-24 23:00:00,20.60,66,21.40,,0.00,3.40,342
2025-06-25 00:00:00,20.60,66,21.40,,0.00,3.30,354
2025-06-25 01:00:00,20.00,70,21.00,,0.00,3.10,339
2025-06-25 02:00:00,19.80,73,21.00,,0.00,2.50,360
2025-06-25 03:00:00,19.30,75,20.50,,0.00,2.50,352
2025-06-25 04:00:00,18.90,76,20.00,,0.00,2.50,8
2025-06-25 05:00:00,18.70,77,19.70,,0.00,3.30,49
2025-06-25 06:00:00,19.20,78,20.20,,0.00,4.70,67
2025-06-25 07:00:00,20.00,74,21.00,,0.00,5.10,82
2025-06-25 08:00:00,21.00,68,21.50,,0.00,7.20,96
2025-06-25 09:00:00,21.10,70,21.90,,0.00,7.10,105
2025-06-25 10:00:00,23.10,64,24.20,,0.00,6.00,107
2025-06-25 11:00:00,23.60,62,24.80,,0.00,5.40,82
2025-06-25 12:00:00,21.10,73,21.70,,0.40,10.00,21
2025-06-25 13:00:00,20.50,78,21.40,,0.50,9.50,29
2025-06-25 14:00:00,20.50,80,21.70,,0.20,8.40,40
2025-06-25 15:00:00,20.40,81,21.20,,0.30,11.20,42
2025-06-25 16:00:00,20.10,82,21.00,,0.10,10.70,50
2025-06-25 17:00:00,20.20,80,21.00,,0.10,10.90,56
2025-06-25 18:00:00,19.30,85,20.20,,0.00,9.40,67
2025-06-25 19:00:00,19.00,83,19.90,,0.00,7.40,67
2025-06-25 20:00:00,18.20,84,19.20,,0.00,6.10,62
2025-06-25 21:00:00,17.40,84,18.30,,0.10,4.10,52
2025-06-25 22:00:00,16.70,86,17.40,,0.40,4.80,63
2025-06-25 23:00:00,16.30,87,16.70,,0.40,5.80,60
2025-06-26 00:00:00,16.00,89,16.60,,0.50,4.80,63
2025-06-26 01:00:00,15.50,92,16.00,,1.40,5.50,67
2025-06-26 02:00:00,15.10,95,15.60,,3.20,6.60,77
2025-06-26 03:00:00,15.00,97,15.30,,3.60,8.30,72
2025-06-26 04:00:00,14.90,96,15.00,,2.60,9.00,90
2025-06-26 05:00:00,14.90,97,14.90,,1.70,9.80,98
2025-06-26 06:00:00,15.10,93,14.70,,0.60,11.90,104
2025-06-26 07:00:00,14.90,94,14.90,,0.60,8.60,75
2025-06-26 08:00:00,14.50,88,13.40,,0.60,12.50,72
2025-06-26 09:00:00,14.10,92,13.50,,0.50,10.40,44
2025-06-26 10:00:00,14.70,93,14.00,,0.30,12.80,40
2025-06-26 11:00:00,14.60,91,13.60,,0.70,13.60,40
2025-06-26 12:00:00,14.60,91,13.60,,0.70,13.50,34
2025-06-26 13:00:00,14.70,90,13.70,,0.50,13.50,34
2025-06-26 14:00:00,14.70,90,13.60,,0.80,13.60,32
2025-06-26 15:00:00,14.60,91,13.50,,0.80,14.20,30
2025-06-26 16:00:00,14.30,92,13.20,,1.30,13.60,32
2025-06-26 17:00:00,14.20,93,13.20,,1.50,13.20,35
2025-06-26 18:00:00,13.80,91,12.60,,0.60,13.50,34
2025-06-26 19:00:00,13.80,91,12.60,,0.30,13.00,28
2025-06-26 20:00:00,13.30,89,12.00,,0.10,12.60,27
2025-06-26 21:00:00,13.00,91,11.90,,0.00,10.80,15
2025-06-26 22:00:00,12.90,91,11.80,,0.00,10.50,8
2025-06-26 23:00:00,12.80,90,11.60,,0.00,11.00,11
2025-06-27 00:00:00,12.80,92,11.70,,0.00,11.00,11
2025-06-27 01:00:00,12.80,93,11.70,,0.10,10.70,12
2025-06-27 02:00:00,12.80,94,11.90,,0.20,9.70,360
2025-06-27 03:00:00,13.10,96,12.40,,0.80,9.80,343
2025-06-27 04:00:00,13.00,96,12.10,,2.00,11.20,354
2025-06-27 05:00:00,12.90,96,12.00,,1.00,10.90,351
2025-06-27 06:00:00,12.90,95,11.80,,1.40,12.10,348
2025-06-27 07:00:00,12.90,95,11.60,,1.10,13.10,351
2025-06-27 08:00:00,13.10,94,11.70,,0.40,14.10,345
2025-06-27 09:00:00,13.20,93,11.80,,0.30,13.70,346
2025-06-27 10:00:00,14.00,89,12.50,,0.20,14.90,353
2025-06-27 11:00:00,14.80,87,13.60,,0.00,13.70,357
2025-06-27 12:00:00,15.30,84,14.20,,0.00,12.80,344
2025-06-27 13:00:00,15.70,82,14.60,,0.00,13.10,339
2025-06-27 14:00:00,16.00,79,14.80,,0.00,12.90,333
2025-06-27 15:00:00,16.40,78,15.30,,0.10,13.20,338
2025-06-27 16:00:00,15.60,86,15.20,,0.40,9.70,333
2025-06-27 17:00:00,16.10,85,15.70,,0.00,10.20,337
2025-06-27 18:00:00,16.60,81,16.10,,0.00,10.50,338
2025-06-27 19:00:00,16.60,83,16.70,,0.00,7.40,331
2025-06-27 20:00:00,16.10,87,16.70,,0.00,4.60,321
2025-06-27 21:00:00,15.60,87,16.20,,0.00,3.30,319
2025-06-27 22:00:00,14.70,88,15.20,,0.00,2.60,326
2025-06-27 23:00:00,14.20,88,14.50,,0.00,2.10,329
2025-06-28 00:00:00,13.50,91,13.90,,0.00,1.90,292
2025-06-28 01:00:00,12.90,94,13.40,,0.00,1.10,270
2025-06-28 02:00:00,12.50,97,12.80,,0.00,1.60,117
2025-06-28 03:00:00,11.90,100,12.20,,0.00,1.80,143
2025-06-28 04:00:00,11.80,100,11.90,,0.00,3.60,135
2025-06-28 05:00:00,11.90,100,11.90,,0.00,3.50,156
2025-06-28 06:00:00,12.50,100,12.70,,0.00,4.10,128
2025-06-28 07:00:00,13.40,95,13.40,,0.00,5.90,133
2025-06-28 08:00:00,13.80,94,13.60,,0.70,7.40,141
2025-06-28 09:00:00,13.90,94,13.30,,1.30,10.50,121
2025-06-28 10:00:00,14.40,93,13.10,,0.60,16.40,165
2025-06-28 11:00:00,15.20,91,13.90,,0.30,17.40,230
2025-06-28 12:00:00,17.60,75,16.20,,0.00,16.70,263
2025-06-28 13:00:00,18.70,65,17.00,,0.00,18.10,249
2025-06-28 14:00:00,19.60,60,18.10,,0.00,18.40,242
2025-06-28 15:00:00,19.70,54,17.30,,0.00,18.60,238
2025-06-28 16:00:00,19.80,57,17.40,,0.00,18.70,240
2025-06-28 17:00:00,19.70,55,17.20,,0.00,17.90,242
2025-06-28 18:00:00,19.20,56,16.90,,0.00,16.30,239
2025-06-28 19:00:00,18.50,58,16.40,,0.00,14.40,233
2025-06-28 20:00:00,17.50,61,15.90,,0.00,11.30,217
2025-06-28 21:00:00,16.10,65,14.50,,0.00,10.00,218
2025-06-28 22:00:00,14.70,72,13.30,,0.00,9.10,198
2025-06-28 23:00:00,14.10,77,12.60,,0.00,10.40,194
2025-06-29 00:00:00,14.40,76,12.80,,0.00,11.40,215
2025-06-29 01:00:00,14.20,73,11.80,,0.10,15.00,224
2025-06-29 02:00:00,13.70,78,11.60,,0.10,13.80,223
2025-06-29 03:00:00,13.40,83,11.70,,0.30,12.50,219
2025-06-29 04:00:00,13.00,84,11.40,,0.10,11.60,210
2025-06-29 05:00:00,12.80,86,11.10,,0.20,12.40,202
2025-06-29 06:00:00,12.70,90,11.20,,1.20,12.70,195
2025-06-29 07:00:00,12.60,93,11.00,,2.00,14.00,209
2025-06-29 08:00:00,13.20,91,11.50,,0.10,15.30,227
2025-06-29 09:00:00,14.40,87,12.90,,0.00,15.10,230
2025-06-29 10:00:00,14.00,91,12.90,,0.30,13.20,225
2025-06-29 11:00:00,15.00,87,14.20,,0.10,11.30,233
2025-06-29 12:00:00,16.60,83,16.10,,0.10,11.40,246
2025-06-29 13:00:00,17.50,77,16.70,,0.10,12.70,255
2025-06-29 14:00:00,17.70,75,17.00,,0.20,12.40,248
2025-06-29 15:00:00,18.70,75,18.40,,0.10,12.40,244
2025-06-29 16:00:00,17.80,80,17.60,,0.50,10.80,255
2025-06-29 17:00:00,17.20,82,17.00,,0.80,10.90,261
2025-06-29 18:00:00,18.00,71,17.60,,0.10,8.30,272
2025-06-29 19:00:00,17.20,85,17.30,,0.30,9.40,274
2025-06-29 20:00:00,16.60,87,17.20,,0.30,5.90,259
2025-06-29 21:00:00,15.60,89,15.70,,0.00,7.60,239
2025-06-29 22:00:00,15.00,94,14.90,,0.00,9.10,263
2025-06-29 23:00:00,14.50,94,14.30,,0.00,9.00,270
2025-06-30 00:00:00,14.10,92,13.80,,0.00,8.30,275
2025-06-30 01:00:00,13.80,93,13.40,,0.00,8.50,282
2025-06-30 02:00:00,13.30,94,12.90,,0.00,8.10,283
2025-06-30 03:00:00,13.50,93,13.20,,0.00,7.60,273
2025-06-30 04:00:00,13.30,94,12.90,,0.00,7.60,267
2025-06-30 05:00:00,13.40,96,12.80,,0.10,9.70,272
2025-06-30 06:00:00,14.10,94,13.20,,0.10,12.40,278
2025-06-30 07:00:00,14.70,90,13.60,,0.00,14.20,294
2025-06-30 08:00:00,15.30,87,14.10,,0.10,14.50,297
2025-06-30 09:00:00,16.00,83,15.00,,0.00,13.70,297
2025-06-30 10:00:00,16.60,80,15.30,,0.30,15.10,295
2025-06-30 11:00:00,17.30,78,15.90,,0.20,16.60,300
2025-06-30 12:00:00,18.50,75,17.40,,0.20,15.80,305
2025-06-30 13:00:00,19.50,70,18.70,,0.10,16.20,302
2025-06-30 14:00:00,19.50,70,18.60,,0.20,15.30,300
2025-06-30 15:00:00,19.50,72,18.90,,1.90,14.20,306
2025-06-30 16:00:00,19.30,74,18.50,,0.20,16.00,314
2025-06-30 17:00:00,20.20,66,19.40,,0.00,13.90,323
2025-06-30 18:00:00,20.60,63,19.90,,0.00,12.20,326
2025-06-30 19:00:00,20.20,63,19.60,,0.00,10.20,321
2025-06-30 20:00:00,19.30,67,19.20,,0.00,7.10,311
2025-06-30 21:00:00,17.50,74,17.70,,0.00,4.80,297
2025-06-30 22:00:00,16.40,76,16.40,,0.00,4.90,287
2025-06-30 23:00:00,15.70,79,15.60,,0.00,5.50,281
2025-07-01 00:00:00,15.00,79,14.30,,0.00,7.30,290
2025-07-01 01:00:00,14.60,82,13.90,,0.00,7.90,294
2025-07-01 02:00:00,14.30,85,13.60,,0.00,8.00,297
2025-07-01 03:00:00,13.90,88,13.60,,0.00,6.00,295
2025-07-01 04:00:00,13.60,91,13.50,,0.00,5.20,286
2025-07-01 05:00:00,13.50,92,13.50,,0.00,5.10,278
2025-07-01 06:00:00,14.20,91,14.20,,0.00,5.80,266
2025-07-01 07:00:00,16.20,88,16.60,,0.00,6.80,267
2025-07-01 08:00:00,18.50,81,19.20,,0.00,6.90,261
2025-07-01 09:00:00,21.00,71,21.60,,0.00,9.10,261
2025-07-01 10:00:00,22.70,69,23.90,,0.00,10.60,252
2025-07-01 11:00:00,24.20,61,25.40,,0.00,12.40,262
2025-07-01 12:00:00,25.60,51,26.40,,0.00,13.00,273
2025-07-01 13:00:00,25.00,53,24.60,,0.00,14.40,266
2025-07-01 14:00:00,26.00,51,26.10,,0.00,14.10,264
2025-07-01 15:00:00,26.80,45,26.40,,0.00,15.90,266
2025-07-01 16:00:00,26.90,43,25.90,,0.00,15.30,262
2025-07-01 17:00:00,26.70,40,24.90,,0.00,16.10,260
2025-07-01 18:00:00,25.40,44,23.80,,0.00,15.90,267
2025-07-01 19:00:00,23.80,49,22.80,,0.00,12.40,280
2025-07-01 20:00:00,22.40,57,22.20,,0.00,8.70,287
2025-07-01 21:00:00,20.70,68,21.40,,0.00,5.10,274
2025-07-01 22:00:00,19.30,76,20.30,,0.00,4.50,256
2025-07-01 23:00:00,18.50,80,19.40,,0.00,4.70,238
2025-07-02 00:00:00,17.80,83,18.70,,0.00,5.10,231
2025-07-02 01:00:00,17.20,86,18.10,,0.00,5.00,240
2025-07-02 02:00:00,16.70,89,17.60,,0.00,5.20,236
2025-07-02 03:00:00,16.60,90,17.50,,0.00,4.50,241
2025-07-02 04:00:00,16.10,93,17.10,,0.00,4.80,243
2025-07-02 05:00:00,15.90,94,16.80,,0.00,4.50,241
2025-07-02 06:00:00,16.40,94,17.60,,0.00,4.40,235
2025-07-02 07:00:00,18.20,90,19.50,,0.00,6.50,236
2025-07-02 08:00:00,19.90,85,21.20,,0.00,8.40,239
2025-07-02 09:00:00,21.10,79,22.40,,0.00,8.30,236
2025-07-02 10:00:00,22.10,72,22.80,,0.00,11.60,244
2025-07-02 11:00:00,22.80,67,23.20,,0.00,12.70,241
2025-07-02 12:00:00,23.90,63,24.70,,0.00,12.40,240
2025-07-02 13:00:00,25.10,60,26.60,,0.00,12.90,234
2025-07-02 14:00:00,24.90,64,26.40,,0.10,12.50,229
2025-07-02 15:00:00,25.30,62,26.40,,0.10,11.20,225
2025-07-02 16:00:00,25.10,65,26.30,,0.10,11.80,218
2025-07-02 17:00:00,24.70,67,26.30,,0.10,9.30,216
2025-07-02 18:00:00,21.90,85,23.80,,2.50,11.00,218
2025-07-02 19:00:00,21.60,87,24.40,,0.40,5.40,217
2025-07-02 20:00:00,21.40,90,24.40,,0.00,4.70,180
2025-07-02 21:00:00,20.50,93,23.30,,0.10,5.50,203
2025-07-02 22:00:00,19.90,94,22.30,,0.10,6.40,196
2025-07-02 23:00:00,19.60,95,21.80,,0.00,6.60,202
2025-07-03 00:00:00,19.10,94,21.30,,0.00,5.10,231
2025-07-03 01:00:00,18.80,94,20.80,,0.00,5.60,243
2025-07-03 02:00:00,18.20,95,20.10,,0.00,5.00,249
2025-07-03 03:00:00,17.60,95,19.30,,0.00,4.20,250
2025-07-03 04:00:00,17.10,96,18.70,,0.00,4.20,250
2025-07-03 05:00:00,17.00,96,18.60,,0.00,3.70,259
2025-07-03 06:00:00,17.40,96,19.30,,0.00,3.70,259
2025-07-03 07:00:00,18.70,92,20.50,,0.00,5.70,288
2025-07-03 08:00:00,19.50,88,21.30,,0.00,5.40,307
2025-07-03 09:00:00,20.60,81,22.40,,0.00,4.80,297
2025-07-03 10:00:00,21.60,76,23.20,,0.00,6.40,297
2025-07-03 11:00:00,22.10,72,23.30,,0.00,7.70,298
2025-07-03 12:00:00,23.20,63,24.40,,0.00,8.50,306
2025-07-03 13:00:00,24.40,56,26.20,,0.00,7.60,295
2025-07-03 14:00:00,25.10,50,26.70,,0.00,8.00,288
2025-07-03 15:00:00,25.40,45,25.80,,0.00,8.00,297
2025-07-03 16:00:00,25.40,41,24.90,,0.00,8.40,301
2025-07-03 17:00:00,25.20,40,24.30,,0.00,7.50,305
2025-07-03 18:00:00,25.10,40,24.30,,0.00,6.20,280
2025-07-03 19:00:00,24.50,44,24.40,,0.00,3.30,283
2025-07-03 20:00:00,23.60,58,25.00,,0.00,0.80,297
2025-07-03 21:00:00,22.00,54,22.40,,0.00,1.90,158
2025-07-03 22:00:00,20.70,55,20.90,,0.00,1.80,217
2025-07-03 23:00:00,19.80,58,19.90,,0.00,1.50,194
2025-07-04 00:00:00,18.70,66,19.10,,0.00,2.30,162
2025-07-04 01:00:00,18.20,67,18.40,,0.00,2.60,164
2025-07-04 02:00:00,18.20,68,18.50,,0.00,2.90,180
2025-07-04 03:00:00,18.00,73,18.40,,0.00,4.10,255
2025-07-04 04:00:00,18.30,71,19.00,,0.00,1.10,108
2025-07-04 05:00:00,17.80,74,18.50,,0.00,2.30,141
2025-07-04 06:00:00,18.00,74,18.50,,0.00,3.80,287
2025-07-04 07:00:00,19.20,76,20.40,,0.00,3.10,324
2025-07-04 08:00:00,20.90,71,22.20,,0.00,3.50,336
2025-07-04 09:00:00,22.80,60,23.70,,0.00,3.70,331
2025-07-04 10:00:00,24.20,48,24.80,,0.00,4.10,308
2025-07-04 11:00:00,25.20,42,26.00,,0.00,5.40,290
2025-07-04 12:00:00,26.00,37,27.20,,0.00,4.30,270
2025-07-04 13:00:00,26.90,35,28.00,,0.00,5.80,270
2025-07-04 14:00:00,27.30,34,27.90,,0.00,8.00,260
2025-07-04 15:00:00,27.20,35,27.60,,0.00,8.30,270
2025-07-04 16:00:00,27.20,35,26.60,,0.00,6.90,264
2025-07-04 17:00:00,27.20,35,26.30,,0.00,6.90,279
2025-07-04 18:00:00,26.90,37,26.30,,0.00,5.90,284
2025-07-04 19:00:00,26.10,43,26.40,,0.00,3.30,283
2025-07-04 20:00:00,25.20,55,26.90,,0.00,0.80,153
2025-07-04 21:00:00,23.40,57,24.50,,0.00,2.30,141
2025-07-04 22:00:00,22.00,57,22.70,,0.00,2.10,149
2025-07-04 23:00:00,21.10,58,21.50,,0.00,2.40,153
2025-07-05 00:00:00,20.40,61,20.90,,0.00,2.60,146
2025-07-05 01:00:00,19.80,62,20.00,,0.00,3.10,159
2025-07-05 02:00:00,19.20,65,19.40,,0.00,3.70,151
2025-07-05 03:00:00,18.50,68,18.70,,0.00,3.40,148
2025-07-05 04:00:00,18.20,69,18.40,,0.00,3.70,151
2025-07-05 05:00:00,17.60,71,17.70,,0.00,4.00,153
2025-07-05 06:00:00,18.20,70,18.50,,0.00,3.40,162
2025-07-05 07:00:00,19.80,73,20.90,,0.00,2.70,157
2025-07-05 08:00:00,21.70,68,23.00,,0.00,3.30,167
2025-07-05 09:00:00,23.50,60,24.60,,0.00,4.40,171
2025-07-05 10:00:00,24.80,58,26.30,,0.00,3.70,169
2025-07-05 11:00:00,25.90,51,27.70,,0.00,4.20,160
2025-07-05 12:00:00,26.60,46,28.30,,0.00,3.90,146
2025-07-05 13:00:00,27.10,43,28.40,,0.00,4.60,135
2025-07-05 14:00:00,27.40,41,28.50,,0.00,3.80,139
2025-07-05 15:00:00,27.70,43,28.40,,0.00,4.00,117
2025-07-05 16:00:00,27.70,44,28.50,,0.00,3.80,107
2025-07-05 17:00:00,27.60,46,28.60,,0.00,4.40,99
2025-07-05 18:00:00,27.50,45,28.30,,0.00,4.10,75
2025-07-05 19:00:00,26.60,51,27.90,,0.00,4.20,70
2025-07-05 20:00:00,25.10,60,27.00,,0.00,3.40,72
2025-07-05 21:00:00,23.90,61,25.40,,0.00,3.10,69
2025-07-05 22:00:00,22.70,62,23.90,,0.00,3.20,63
2025-07-05 23:00:00,21.80,62,22.60,,0.00,4.00,63
2025-07-06 00:00:00,20.40,69,21.30,,0.00,4.40,55
2025-07-06 01:00:00,19.80,74,20.80,,0.00,4.70,58
2025-07-06 02:00:00,19.20,79,20.30,,0.00,4.80,63
2025-07-06 03:00:00,18.50,83,19.60,,0.00,5.20,56
2025-07-06 04:00:00,18.20,84,19.30,,0.00,5.00,60
2025-07-06 05:00:00,17.90,87,19.10,,0.00,5.00,60
2025-07-06 06:00:00,18.60,86,19.90,,0.00,5.60,63
2025-07-06 07:00:00,20.30,83,21.60,,0.00,8.40,70
2025-07-06 08:00:00,22.00,81,23.80,,0.00,9.40,72
2025-07-06 09:00:00,24.30,76,26.80,,0.00,8.40,83
2025-07-06 10:00:00,26.10,71,29.00,,0.00,8.60,92
2025-07-06 11:00:00,27.70,66,31.40,,0.00,8.70,97
2025-07-06 12:00:00,28.30,64,32.60,,0.00,8.90,104
2025-07-06 13:00:00,29.60,59,33.90,,0.00,9.30,126
2025-07-06 14:00:00,29.90,55,33.60,,0.20,7.40,151
2025-07-06 15:00:00,30.40,50,32.40,,0.70,9.90,161
2025-07-06 16:00:00,29.60,54,31.60,,0.10,10.40,146
2025-07-06 17:00:00,29.50,55,31.90,,0.00,8.50,144
2025-07-06 18:00:00,29.30,56,32.00,,0.00,6.40,128
2025-07-06 19:00:00,28.30,58,30.80,,0.00,6.70,126
2025-07-06 20:00:00,26.00,72,29.60,,0.30,3.50,156
2025-07-06 21:00:00,24.10,77,27.40,,0.00,3.30,77
2025-07-06 22:00:00,22.70,87,26.10,,0.00,4.90,73
2025-07-06 23:00:00,21.90,91,24.80,,0.00,7.20,72
2025-07-07 00:00:00,21.20,94,24.00,,0.00,7.70,79
2025-07-07 01:00:00,20.90,95,24.00,,0.00,5.50,79
2025-07-07 02:00:00,20.60,94,23.60,,0.00,4.70,86
2025-07-07 03:00:00,20.60,95,23.70,,0.00,4.60,231
2025-07-07 04:00:00,20.50,95,23.70,,0.00,3.20,153
2025-07-07 05:00:00,20.20,95,23.20,,0.00,3.70,101
2025-07-07 06:00:00,20.20,95,23.40,,0.00,2.20,9
2025-07-07 07:00:00,21.50,92,25.00,,0.00,2.90,97
2025-07-07 08:00:00,22.40,88,26.00,,0.00,2.40,27
2025-07-07 09:00:00,23.10,83,26.20,,1.10,5.40,42
2025-07-07 10:00:00,24.20,79,27.10,,0.00,7.60,357
2025-07-07 11:00:00,25.30,73,28.70,,0.00,3.70,29
2025-07-07 12:00:00,26.80,64,29.60,,0.00,5.20,326
2025-07-07 13:00:00,26.90,65,30.20,,0.20,6.20,350
2025-07-07 14:00:00,26.90,66,30.40,,0.10,4.70,23
2025-07-07 15:00:00,27.60,61,30.60,,0.10,7.20,3
2025-07-07 16:00:00,27.70,59,30.30,,0.00,6.50,360
2025-07-07 17:00:00,24.90,73,27.70,,1.30,6.20,21
2025-07-07 18:00:00,24.80,74,27.20,,0.00,8.80,348
2025-07-07 19:00:00,23.60,79,25.80,,0.10,10.50,344
2025-07-07 20:00:00,22.70,82,24.90,,0.00,9.50,351
2025-07-07 21:00:00,21.70,85,24.00,,0.00,7.90,344
2025-07-07 22:00:00,20.90,90,23.00,,0.00,9.30,347
2025-07-07 23:00:00,20.40,90,21.90,,0.00,11.60,355
2025-07-08 00:00:00,19.90,89,21.10,,0.00,12.20,358
2025-07-08 01:00:00,19.40,90,20.30,,0.00,13.00,2
2025-07-08 02:00:00,18.90,90,19.60,,0.00,12.60,5
2025-07-08 03:00:00,18.30,90,18.80,,0.00,12.60,3
2025-07-08 04:00:00,18.00,90,18.50,,0.00,12.00,9
2025-07-08 05:00:00,17.80,90,18.20,,0.00,11.70,11
2025-07-08 06:00:00,17.90,89,18.30,,0.00,11.50,2
2025-07-08 07:00:00,18.30,87,18.50,,0.00,13.00,357
2025-07-08 08:00:00,19.00,83,18.90,,0.00,14.90,353
2025-07-08 09:00:00,19.70,79,19.30,,0.00,16.60,355
2025-07-08 10:00:00,21.00,73,20.50,,0.00,17.30,359
2025-07-08 11:00:00,22.00,68,21.40,,0.00,17.30,5
2025-07-08 12:00:00,21.50,72,21.30,,0.00,16.30,5
2025-07-08 13:00:00,22.50,67,22.20,,0.00,16.00,9
2025-07-08 14:00:00,22.80,65,22.30,,0.00,16.60,13
2025-07-08 15:00:00,22.70,64,22.40,,0.00,15.30,15
2025-07-08 16:00:00,22.80,60,22.00,,0.00,15.70,11
2025-07-08 17:00:00,22.10,66,21.90,,0.00,14.40,359
2025-07-08 18:00:00,22.00,65,21.50,,0.00,14.80,357
2025-07-08 19:00:00,22.00,63,21.40,,0.00,14.00,359
2025-07-08 20:00:00,21.40,63,21.10,,0.00,11.20,358
2025-07-08 21:00:00,20.70,64,20.40,,0.00,9.80,354
2025-07-08 22:00:00,19.70,66,19.30,,0.00,9.80,354
2025-07-08 23:00:00,19.10,66,18.40,,0.00,10.10,354
2025-07-09 00:00:00,18.20,68,17.40,,0.00,10.10,354
2025-07-09 01:00:00,17.70,68,16.60,,0.00,10.50,352
2025-07-09 02:00:00,17.10,70,16.10,,0.00,10.20,352
2025-07-09 03:00:00,16.50,72,15.40,,0.00,10.40,346
2025-07-09 04:00:00,16.10,73,15.00,,0.00,9.90,350
2025-07-09 05:00:00,15.70,76,14.80,,0.00,9.60,347
2025-07-09 06:00:00,15.60,78,14.60,,0.00,10.00,347
2025-07-09 07:00:00,16.40,77,15.60,,0.00,10.40,346
2025-07-09 08:00:00,17.70,73,16.70,,0.00,12.70,345
2025-07-09 09:00:00,19.90,64,19.00,,0.00,12.80,349
2025-07-09 10:00:00,21.60,58,20.50,,0.00,14.20,351
2025-07-09 11:00:00,22.80,49,21.20,,0.00,15.90,355
2025-07-09 12:00:00,23.60,44,22.10,,0.00,16.40,351
2025-07-09 13:00:00,24.40,39,22.50,,0.00,17.50,352
2025-07-09 14:00:00,24.70,39,22.60,,0.00,17.60,345
2025-07-09 15:00:00,24.50,42,22.40,,0.00,17.80,342
2025-07-09 16:00:00,24.40,40,21.90,,0.00,17.90,345
2025-07-09 17:00:00,24.00,42,21.60,,0.00,17.00,347
2025-07-09 18:00:00,23.40,42,20.90,,0.00,16.20,343
2025-07-09 19:00:00,22.60,44,20.30,,0.00,14.80,342
2025-07-09 20:00:00,21.50,47,19.70,,0.00,12.20,341
2025-07-09 21:00:00,20.40,52,19.10,,0.00,9.20,334
2025-07-09 22:00:00,18.50,59,17.50,,0.00,7.70,323
2025-07-09 23:00:00,17.60,64,16.60,,0.00,7.80,326
2025-07-10 00:00:00,16.20,73,15.60,,0.00,7.00,325
2025-07-10 01:00:00,15.40,77,14.90,,0.00,6.50,326
2025-07-10 02:00:00,14.80,81,14.40,,0.00,6.30,329
2025-07-10 03:00:00,14.20,83,13.70,,0.00,6.60,331
2025-07-10 04:00:00,13.80,85,13.30,,0.00,6.50,326
2025-07-10 05:00:00,13.50,87,13.00,,0.00,6.60,319
2025-07-10 06:00:00,14.10,85,13.50,,0.00,7.10,315
2025-07-10 07:00:00,15.70,80,15.10,,0.00,8.70,322
2025-07-10 08:00:00,17.40,75,17.00,,0.00,9.30,324
2025-07-10 09:00:00,19.50,67,19.00,,0.00,9.80,324
2025-07-10 10:00:00,20.80,60,20.20,,0.00,12.40,330
2025-07-10 11:00:00,21.60,54,21.00,,0.00,13.20,334
2025-07-10 12:00:00,22.80,48,22.10,,0.00,12.60,340
2025-07-10 13:00:00,23.00,47,22.60,,0.10,12.40,338
2025-07-10 14:00:00,23.50,46,22.90,,0.00,12.10,333
2025-07-10 15:00:00,23.00,46,21.40,,0.20,12.20,332
2025-07-10 16:00:00,20.40,64,18.80,,0.40,18.10,314
2025-07-10 17:00:00,19.80,70,19.10,,0.40,13.90,329
2025-07-10 18:00:00,18.60,79,18.60,,0.70,11.20,339
2025-07-10 19:00:00,18.30,79,18.40,,0.00,10.10,333
2025-07-10 20:00:00,17.90,83,18.30,,0.00,8.00,342
2025-07-10 21:00:00,17.30,82,17.40,,0.00,8.40,335
2025-07-10 22:00:00,16.00,88,16.30,,0.00,7.10,330
2025-07-10 23:00:00,15.20,91,15.40,,0.00,6.80,335
2025-07-11 00:00:00,14.50,92,14.50,,0.00,6.90,332
2025-07-11 01:00:00,14.70,90,14.60,,0.00,7.30,340
2025-07-11 02:00:00,14.60,90,14.50,,0.00,6.50,354
2025-07-11 03:00:00,14.10,90,14.00,,0.00,5.60,345
2025-07-11 04:00:00,13.50,89,13.20,,0.00,5.60,345
2025-07-11 05:00:00,12.70,88,12.20,,0.00,5.40,340
2025-07-11 06:00:00,12.80,87,12.10,,0.00,5.80,338
2025-07-11 07:00:00,13.80,82,12.90,,0.00,7.20,342
2025-07-11 08:00:00,14.90,77,13.90,,0.00,9.20,349
2025-07-11 09:00:00,15.50,76,14.60,,0.00,8.20,345
2025-07-11 10:00:00,16.80,67,15.50,,0.00,10.50,344
2025-07-11 11:00:00,17.70,60,15.90,,0.00,12.40,343
2025-07-11 12:00:00,18.60,55,17.10,,0.00,11.80,333
2025-07-11 13:00:00,19.10,50,17.60,,0.00,11.80,329
2025-07-11 14:00:00,19.70,46,17.60,,0.00,12.40,330
2025-07-11 15:00:00,19.00,50,16.70,,0.00,12.60,336
2025-07-11 16:00:00,19.10,49,16.70,,0.00,13.10,344
2025-07-11 17:00:00,19.10,49,17.00,,0.00,11.30,351
2025-07-11 18:00:00,18.40,53,16.50,,0.00,10.80,358
2025-07-11 19:00:00,18.00,55,16.30,,0.00,9.40,360
2025-07-11 20:00:00,17.00,59,15.90,,0.00,5.80,356
2025-07-11 21:00:00,15.80,66,15.10,,0.00,3.70,331
2025-07-11 22:00:00,14.60,69,13.70,,0.00,4.20,329
2025-07-11 23:00:00,14.00,71,13.20,,0.00,3.60,323
2025-07-12 00:00:00,13.80,74,13.00,,0.00,3.60,315
2025-07-12 01:00:00,13.30,77,12.60,,0.00,3.10,306
2025-07-12 02:00:00,12.50,81,11.80,,0.00,3.60,307
2025-07-12 03:00:00,12.00,83,11.40,,0.00,3.10,306
2025-07-12 04:00:00,11.40,86,10.70,,0.00,3.60,307
2025-07-12 05:00:00,10.80,87,10.00,,0.00,3.60,307
2025-07-12 06:00:00,10.90,87,10.00,,0.00,3.80,311
2025-07-12 07:00:00,12.70,82,11.80,,0.00,5.50,302
2025-07-12 08:00:00,14.50,73,13.30,,0.00,7.70,307
2025-07-12 09:00:00,16.40,60,14.80,,0.00,8.80,305
2025-07-12 10:00:00,17.50,50,15.30,,0.00,10.50,311
2025-07-12 11:00:00,18.20,45,15.50,,0.00,12.00,309
2025-07-12 12:00:00,18.10,46,15.70,,0.00,9.40,313
2025-07-12 13:00:00,19.50,42,17.00,,0.00,10.60,294
2025-07-12 14:00:00,20.60,38,17.90,,0.00,12.40,280
2025-07-12 15:00:00,21.80,36,19.00,,0.00,14.10,289
2025-07-12 16:00:00,21.80,34,18.50,,0.00,14.70,292
2025-07-12 17:00:00,21.80,34,18.50,,0.00,14.30,295
2025-07-12 18:00:00,21.60,36,18.80,,0.00,12.10,293
2025-07-12 19:00:00,21.20,39,19.00,,0.00,8.90,291
2025-07-12 20:00:00,19.70,48,18.70,,0.00,4.30,265
2025-07-12 21:00:00,18.10,58,17.50,,0.00,3.30,276
2025-07-12 22:00:00,16.60,62,15.70,,0.00,4.60,231
2025-07-12 23:00:00,15.40,68,14.60,,0.00,4.80,222
2025-07-13 00:00:00,14.60,75,13.70,,0.00,6.60,241
2025-07-13 01:00:00,14.20,73,13.10,,0.00,6.80,238
2025-07-13 02:00:00,13.30,77,12.20,,0.00,6.40,232
2025-07-13 03:00:00,12.30,85,11.50,,0.00,5.10,231
2025-07-13 04:00:00,12.00,85,11.10,,0.00,5.40,222
2025-07-13 05:00:00,12.00,86,11.10,,0.00,5.10,219
2025-07-13 06:00:00,12.60,85,12.00,,0.00,4.70,212
2025-07-13 07:00:00,14.80,80,14.50,,0.00,4.70,203
2025-07-13 08:00:00,17.00,72,16.50,,0.00,7.70,208
2025-07-13 09:00:00,19.40,61,18.90,,0.00,6.80,205
2025-07-13 10:00:00,20.10,62,19.90,,0.00,7.10,195
2025-07-13 11:00:00,20.20,67,20.50,,0.00,7.00,192
2025-07-13 12:00:00,22.10,61,22.20,,0.00,8.40,187
2025-07-13 13:00:00,22.40,60,22.20,,0.00,10.20,190
2025-07-13 14:00:00,24.00,58,24.40,,0.00,10.40,182
2025-07-13 15:00:00,24.30,61,25.00,,0.00,10.10,176
2025-07-13 16:00:00,24.90,60,25.70,,0.00,10.40,200
2025-07-13 17:00:00,21.20,89,24.70,,2.80,0.00,270
2025-07-13 18:00:00,22.00,87,25.00,,0.10,5.20,74
2025-07-13 19:00:00,22.20,87,25.40,,0.00,4.40,99
2025-07-13 20:00:00,21.70,91,25.10,,0.00,3.20,90
2025-07-13 21:00:00,20.40,94,23.50,,0.00,3.60,90
2025-07-13 22:00:00,19.50,94,22.30,,0.00,2.70,113
2025-07-13 23:00:00,19.00,93,21.40,,0.00,2.90,120
2025-07-14 00:00:00,19.10,90,21.40,,0.00,2.50,135
2025-07-14 01:00:00,19.00,88,21.00,,0.00,2.50,135
2025-07-14 02:00:00,18.50,90,20.60,,0.00,1.90,112
2025-07-14 03:00:00,17.70,95,19.90,,0.00,1.50,76
2025-07-14 04:00:00,17.10,99,19.20,,0.00,2.20,81
2025-07-14 05:00:00,17.10,100,19.30,,0.00,2.50,82
2025-07-14 06:00:00,17.70,100,20.10,,0.00,3.00,14
2025-07-14 07:00:00,19.00,97,21.70,,0.00,3.40,18
2025-07-14 08:00:00,20.40,93,23.30,,0.00,4.30,355
2025-07-14 09:00:00,21.90,87,24.40,,0.00,7.90,16
2025-07-14 10:00:00,22.30,85,24.60,,0.00,9.00,358
2025-07-14 11:00:00,21.70,84,23.40,,1.00,11.40,349
2025-07-14 12:00:00,22.90,65,23.40,,0.00,11.00,349
2025-07-14 13:00:00,23.40,54,22.90,,0.00,11.30,338
2025-07-14 14:00:00,23.60,54,22.90,,0.00,12.60,333
2025-07-14 15:00:00,23.60,52,22.70,,0.00,12.60,336
2025-07-14 16:00:00,23.60,50,22.30,,0.00,14.50,337
2025-07-14 17:00:00,23.50,53,22.90,,0.00,11.80,337
2025-07-14 18:00:00,24.10,47,22.60,,0.00,14.40,338
2025-07-14 19:00:00,23.50,47,22.30,,0.00,11.40,336
2025-07-14 20:00:00,22.30,50,21.00,,0.00,11.80,320
2025-07-14 21:00:00,21.10,58,20.30,,0.00,11.20,320
2025-07-14 22:00:00,19.60,64,19.10,,0.00,9.00,307
2025-07-14 23:00:00,18.30,70,17.90,,0.00,8.40,310
2025-07-15 00:00:00,17.40,79,17.50,,0.00,6.90,313
2025-07-15 01:00:00,16.80,82,17.20,,0.00,5.40,307
2025-07-15 02:00:00,16.20,86,16.60,,0.00,5.10,309
2025-07-15 03:00:00,15.70,87,16.00,,0.00,5.10,309
2025-07-15 04:00:00,15.10,86,15.30,,0.00,4.70,302
2025-07-15 05:00:00,14.60,87,14.70,,0.00,4.70,302
2025-07-15 06:00:00,15.00,87,15.30,,0.00,4.50,299
2025-07-15 07:00:00,17.00,81,17.10,,0.00,7.60,301
2025-07-15 08:00:00,19.10,73,19.20,,0.00,8.90,310
2025-07-15 09:00:00,21.30,62,21.10,,0.00,9.20,312
2025-07-15 10:00:00,23.00,52,22.40,,0.00,11.20,312
2025-07-15 11:00:00,23.90,45,22.90,,0.00,13.00,312
2025-07-15 12:00:00,24.30,42,23.00,,0.00,14.60,308
2025-07-15 13:00:00,24.70,41,23.30,,0.00,15.20,306
2025-07-15 14:00:00,25.30,38,23.40,,0.00,16.40,310
2025-07-15 15:00:00,25.90,36,23.90,,0.00,17.30,312
2025-07-15 16:00:00,25.60,36,23.20,,0.00,17.30,313
2025-07-15 17:00:00,25.40,35,22.60,,0.00,16.60,312
2025-07-15 18:00:00,24.80,38,22.40,,0.00,15.50,316
2025-07-15 19:00:00,24.10,38,21.80,,0.00,13.60,320
2025-07-15 20:00:00,22.70,42,21.00,,0.00,10.10,325
2025-07-15 21:00:00,20.10,52,19.40,,0.00,5.10,315
2025-07-15 22:00:00,18.50,58,17.80,,0.00,4.40,305
2025-07-15 23:00:00,17.50,61,16.90,,0.00,4.20,301
2025-07-16 00:00:00,16.20,68,15.60,,0.00,4.50,299
2025-07-16 01:00:00,15.60,70,15.00,,0.00,4.70,302
2025-07-16 02:00:00,15.20,72,14.80,,0.00,3.60,323
2025-07-16 03:00:00,14.80,76,14.40,,0.00,3.90,304
2025-07-16 04:00:00,14.30,77,13.80,,0.00,4.00,297
2025-07-16 05:00:00,13.90,79,13.40,,0.00,4.00,297
2025-07-16 06:00:00,14.60,79,14.30,,0.00,3.60,315
2025-07-16 07:00:00,16.80,75,17.00,,0.00,3.80,319
2025-07-16 08:00:00,19.20,66,19.20,,0.00,6.00,327
2025-07-16 09:00:00,22.10,53,21.80,,0.00,6.30,329
2025-07-16 10:00:00,24.00,44,23.40,,0.00,8.40,335
2025-07-16 11:00:00,25.10,38,24.70,,0.00,10.00,334
2025-07-16 12:00:00,25.70,35,25.50,,0.00,9.40,328
2025-07-16 13:00:00,26.40,34,26.40,,0.00,9.20,321
2025-07-16 14:00:00,26.80,33,26.70,,0.00,9.20,312
2025-07-16 15:00:00,26.90,33,26.20,,0.00,9.40,313
2025-07-16 16:00:00,27.00,33,26.00,,0.00,8.90,310
2025-07-16 17:00:00,26.90,33,25.40,,0.00,8.40,313
2025-07-16 18:00:00,26.30,36,25.20,,0.00,7.40,317
2025-07-16 19:00:00,25.60,37,24.60,,0.00,6.00,327
2025-07-16 20:00:00,24.00,45,23.90,,0.00,2.90,353
2025-07-16 21:00:00,22.50,51,22.70,,0.00,2.50,8
2025-07-16 22:00:00,21.20,54,21.20,,0.00,3.10,21
2025-07-16 23:00:00,19.80,54,19.40,,0.00,3.70,11
2025-07-17 00:00:00,18.20,65,18.10,,0.00,3.30,354
2025-07-17 01:00:00,17.60,63,17.50,,0.00,1.90,22
2025-07-17 02:00:00,17.00,65,16.90,,0.00,1.10,342
2025-07-17 03:00:00,16.20,69,16.10,,0.00,1.60,297
2025-07-17 04:00:00,15.20,72,15.10,,0.00,1.40,270
2025-07-17 05:00:00,14.70,75,14.60,,0.00,1.60,243
2025-07-17 06:00:00,15.50,75,15.70,,0.00,0.70,270
2025-07-17 07:00:00,18.00,72,18.90,,0.00,0.40,180
2025-07-17 08:00:00,21.60,63,22.70,,0.00,1.50,194
2025-07-17 09:00:00,24.10,46,24.40,,0.00,1.90,158
2025-07-17 10:00:00,25.50,41,25.90,,0.00,2.50,172
2025-07-17 11:00:00,26.80,37,27.60,,0.00,3.70,169
2025-07-17 12:00:00,27.70,35,29.00,,0.00,4.00,175
2025-07-17 13:00:00,28.70,34,30.50,,0.00,3.60,186
2025-07-17 14:00:00,29.60,33,31.50,,0.00,3.20,207
2025-07-17 15:00:00,29.80,33,31.30,,0.00,4.20,211
2025-07-17 16:00:00,30.30,34,30.90,,0.00,6.90,223
2025-07-17 17:00:00,30.20,35,29.90,,0.00,8.50,208
2025-07-17 18:00:00,29.50,36,29.00,,0.00,9.40,187
2025-07-17 19:00:00,28.60,40,28.40,,0.00,9.40,176
2025-07-17 20:00:00,26.30,49,26.40,,0.00,9.80,172
2025-07-17 21:00:00,24.00,56,24.30,,0.00,8.80,189
2025-07-17 22:00:00,22.50,61,23.00,,0.00,7.10,195
2025-07-17 23:00:00,21.80,62,22.00,,0.00,7.60,185
2025-07-18 00:00:00,21.20,65,21.40,,0.00,8.30,182
2025-07-18 01:00:00,20.80,65,20.80,,0.00,9.10,187
2025-07-18 02:00:00,20.60,65,20.40,,0.00,9.50,191
2025-07-18 03:00:00,20.20,70,20.00,,0.10,11.00,191
2025-07-18 04:00:00,19.60,78,19.90,,0.10,11.10,193
2025-07-18 05:00:00,19.10,83,19.40,,0.30,12.30,185
2025-07-18 06:00:00,18.80,85,19.20,,0.00,11.70,137
2025-07-18 07:00:00,19.10,83,19.20,,0.50,13.70,185
2025-07-18 08:00:00,19.40,88,20.20,,1.00,12.20,204
2025-07-18 09:00:00,21.30,81,22.90,,0.00,8.90,212
2025-07-18 10:00:00,22.70,80,25.10,,0.00,6.50,214
2025-07-18 11:00:00,22.90,80,24.90,,0.00,10.00,229
2025-07-18 12:00:00,22.70,81,24.80,,0.00,9.70,219
2025-07-18 13:00:00,22.70,88,25.00,,2.10,12.60,243
2025-07-18 14:00:00,21.90,88,23.70,,5.20,13.30,267
2025-07-18 15:00:00,23.40,76,24.70,,1.90,14.20,263
2025-07-18 16:00:00,23.80,72,24.70,,0.10,14.80,276
2025-07-18 17:00:00,21.90,78,22.70,,0.60,14.50,289
2025-07-18 18:00:00,23.50,55,22.10,,0.00,18.40,296
2025-07-18 19:00:00,22.20,55,20.00,,0.00,20.70,309
2025-07-18 20:00:00,20.30,57,18.40,,0.00,16.10,309
2025-07-18 21:00:00,18.90,61,17.40,,0.00,13.00,309
2025-07-18 22:00:00,17.30,66,16.30,,0.00,9.00,293
2025-07-18 23:00:00,16.10,70,15.10,,0.00,8.50,282
2025-07-19 00:00:00,15.40,73,14.20,,0.00,9.30,283
2025-07-19 01:00:00,14.90,74,13.70,,0.00,8.40,290
2025-07-19 02:00:00,14.20,78,13.20,,0.00,7.80,283
2025-07-19 03:00:00,13.60,81,12.50,,0.00,8.00,275
2025-07-19 04:00:00,13.10,82,11.90,,0.00,8.30,272
2025-07-19 05:00:00,12.70,83,11.40,,0.00,8.30,272
2025-07-19 06:00:00,12.90,82,11.70,,0.00,7.90,270
2025-07-19 07:00:00,14.60,76,13.30,,0.00,9.40,274
2025-07-19 08:00:00,16.50,68,15.10,,0.00,10.50,276
2025-07-19 09:00:00,18.70,60,17.30,,0.00,11.30,277
2025-07-19 10:00:00,20.20,51,18.50,,0.00,13.10,286
2025-07-19 11:00:00,20.20,47,17.30,,0.00,17.20,290
2025-07-19 12:00:00,20.90,47,18.20,,0.00,17.00,287
2025-07-19 13:00:00,22.00,44,19.50,,0.00,17.10,288
2025-07-19 14:00:00,22.30,40,19.80,,0.00,17.00,291
2025-07-19 15:00:00,22.50,42,20.30,,0.00,15.50,292
2025-07-19 16:00:00,22.50,40,20.00,,0.00,15.50,292
2025-07-19 17:00:00,22.00,42,19.70,,0.00,13.00,289
2025-07-19 18:00:00,21.70,44,19.60,,0.00,11.80,293
2025-07-19 19:00:00,21.10,45,19.30,,0.00,9.70,292
2025-07-19 20:00:00,19.70,52,18.70,,0.00,5.50,281
2025-07-19 21:00:00,18.20,62,17.90,,0.00,4.00,260
2025-07-19 22:00:00,17.10,66,16.80,,0.00,3.80,253
2025-07-19 23:00:00,16.70,68,16.30,,0.00,4.20,250
2025-07-20 00:00:00,16.30,71,16.00,,0.00,4.10,255
2025-07-20 01:00:00,15.50,73,15.10,,0.00,4.20,250
2025-07-20 02:00:00,14.90,75,14.50,,0.00,3.80,253
2025-07-20 03:00:00,14.20,79,13.70,,0.00,4.20,239
2025-07-20 04:00:00,13.70,80,13.20,,0.00,4.10,225
2025-07-20 05:00:00,13.20,81,12.60,,0.00,4.40,215
2025-07-20 06:00:00,13.40,82,12.90,,0.00,4.10,225
2025-07-20 07:00:00,15.30,81,15.40,,0.00,4.10,225
2025-07-20 08:00:00,17.60,71,17.40,,0.00,5.90,232
2025-07-20 09:00:00,19.60,62,19.40,,0.00,5.30,242
2025-07-20 10:00:00,21.30,56,21.30,,0.00,6.30,239
2025-07-20 11:00:00,22.50,48,22.60,,0.00,7.70,229
2025-07-20 12:00:00,23.30,44,23.60,,0.00,9.20,225
2025-07-20 13:00:00,23.90,40,23.40,,0.00,9.40,223
2025-07-20 14:00:00,24.30,38,23.50,,0.00,8.50,216
2025-07-20 15:00:00,25.10,37,24.10,,0.00,9.80,216
2025-07-20 16:00:00,25.30,35,23.80,,0.00,10.40,214
2025-07-20 17:00:00,25.30,36,23.50,,0.00,10.70,200
2025-07-20 18:00:00,24.50,41,23.10,,0.00,10.40,194
2025-07-20 19:00:00,23.20,46,22.50,,0.00,6.80,177
2025-07-20 20:00:00,21.10,60,21.20,,0.20,5.80,338
2025-07-20 21:00:00,18.10,81,18.70,,0.80,7.20,323
2025-07-20 22:00:00,17.60,82,18.70,,0.20,2.50,90
2025-07-20 23:00:00,16.80,86,18.00,,0.00,1.50,14
2025-07-21 00:00:00,16.20,91,17.60,,0.40,1.10,270
2025-07-21 01:00:00,15.90,92,17.10,,0.70,2.20,270
2025-07-21 02:00:00,15.50,93,16.30,,1.00,4.00,153
2025-07-21 03:00:00,15.30,93,16.20,,0.00,2.90,210
2025-07-21 04:00:00,14.90,94,15.70,,0.00,3.70,241
2025-07-21 05:00:00,14.60,96,15.20,,0.00,4.70,266
2025-07-21 06:00:00,14.80,96,15.20,,0.00,6.60,283
2025-07-21 07:00:00,15.70,93,15.60,,0.00,10.70,315
2025-07-21 08:00:00,16.40,90,16.30,,0.00,11.00,322
2025-07-21 09:00:00,17.10,84,17.00,,0.00,10.50,322
2025-07-21 10:00:00,18.00,79,17.70,,0.00,12.00,314
2025-07-21 11:00:00,19.00,72,18.70,,0.00,11.40,305
2025-07-21 12:00:00,19.50,66,19.00,,0.00,11.30,292
2025-07-21 13:00:00,21.30,57,21.40,,0.00,11.30,297
2025-07-21 14:00:00,21.50,52,20.10,,0.00,13.20,292
2025-07-21 15:00:00,22.70,50,22.20,,0.00,11.30,287
2025-07-21 16:00:00,22.90,46,21.80,,0.00,11.80,282
2025-07-21 17:00:00,23.00,45,21.50,,0.00,11.20,276
2025-07-21 18:00:00,22.20,49,20.90,,0.00,10.90,276
2025-07-21 19:00:00,21.60,53,20.80,,0.00,8.30,275
2025-07-21 20:00:00,19.90,63,19.90,,0.00,5.80,263
2025-07-21 21:00:00,18.20,70,18.30,,0.00,4.50,256
2025-07-21 22:00:00,17.00,73,17.00,,0.00,4.50,256
2025-07-21 23:00:00,16.50,75,16.70,,0.00,3.40,252
2025-07-22 00:00:00,15.70,78,15.70,,0.00,4.00,270
2025-07-22 01:00:00,15.10,80,15.00,,0.00,4.30,265
2025-07-22 02:00:00,14.60,82,14.50,,0.00,4.00,265
2025-07-22 03:00:00,14.20,81,14.00,,0.00,3.30,257
2025-07-22 04:00:00,14.00,79,13.70,,0.00,2.60,236
2025-07-22 05:00:00,13.80,79,13.40,,0.00,3.20,207
2025-07-22 06:00:00,13.90,81,13.60,,0.00,3.10,201
2025-07-22 07:00:00,14.90,82,14.90,,0.00,3.30,186
2025-07-22 08:00:00,16.40,77,16.60,,0.00,4.00,185
2025-07-22 09:00:00,18.30,71,18.70,,0.00,3.60,180
2025-07-22 10:00:00,19.40,67,19.70,,0.00,5.00,180
2025-07-22 11:00:00,20.30,64,20.30,,0.00,6.90,186
2025-07-22 12:00:00,20.40,64,20.40,,0.00,7.20,180
2025-07-22 13:00:00,19.50,65,18.50,,0.20,12.40,206
2025-07-22 14:00:00,17.30,82,16.80,,0.80,12.50,221
2025-07-22 15:00:00,16.40,87,16.50,,0.60,8.30,198
2025-07-22 16:00:00,16.20,88,16.30,,0.60,8.40,173
2025-07-22 17:00:00,16.20,89,16.60,,0.20,6.60,158
2025-07-22 18:00:00,15.90,88,16.20,,0.10,6.40,137
2025-07-22 19:00:00,15.30,89,15.60,,0.10,5.80,112
2025-07-22 20:00:00,14.80,93,15.10,,0.50,6.10,90
2025-07-22 21:00:00,14.80,93,15.00,,0.50,6.60,99
2025-07-22 22:00:00,14.40,94,14.60,,0.80,6.60,99
2025-07-22 23:00:00,14.20,94,14.30,,0.40,6.80,108
2025-07-23 00:00:00,14.30,93,14.50,,0.90,5.20,115
2025-07-23 01:00:00,14.10,93,14.30,,0.90,5.40,98
2025-07-23 02:00:00,14.10,93,14.40,,0.00,4.70,99
2025-07-23 03:00:00,14.20,94,14.40,,0.00,5.50,79
2025-07-23 04:00:00,14.20,94,14.50,,0.00,5.40,82
2025-07-23 05:00:00,14.10,95,14.90,,0.00,2.20,81
2025-07-23 06:00:00,14.50,95,15.50,,0.00,0.80,297
2025-07-23 07:00:00,14.90,94,15.70,,0.00,3.50,294
2025-07-23 08:00:00,16.10,89,16.30,,0.00,8.20,308
2025-07-23 09:00:00,16.60,88,17.00,,0.00,7.60,315
2025-07-23 10:00:00,17.60,83,17.90,,0.00,8.70,308
2025-07-23 11:00:00,18.70,77,18.80,,0.00,9.80,306
2025-07-23 12:00:00,18.90,74,18.90,,0.00,9.70,301
2025-07-23 13:00:00,20.30,69,20.30,,0.00,10.30,295
2025-07-23 14:00:00,21.10,64,21.10,,0.00,12.50,288
2025-07-23 15:00:00,21.40,58,21.00,,0.00,12.60,297
2025-07-23 16:00:00,21.90,55,20.70,,0.00,13.00,298
2025-07-23 17:00:00,21.90,51,20.40,,0.00,12.90,300
2025-07-23 18:00:00,21.50,52,20.40,,0.00,10.10,297
2025-07-23 19:00:00,20.90,55,20.10,,0.00,8.00,297
2025-07-23 20:00:00,19.40,64,19.40,,0.00,5.00,291
2025-07-23 21:00:00,18.00,69,18.10,,0.00,3.40,288
2025-07-23 22:00:00,17.10,70,17.10,,0.00,3.30,276
2025-07-23 23:00:00,16.70,69,16.70,,0.00,2.30,252
2025-07-24 00:00:00,15.70,73,15.60,,0.00,2.60,254
2025-07-24 01:00:00,15.00,75,14.70,,0.00,3.70,241
2025-07-24 02:00:00,14.70,76,14.40,,0.00,3.60,225
2025-07-24 03:00:00,14.10,80,13.80,,0.00,3.40,212
2025-07-24 04:00:00,13.60,80,13.10,,0.00,3.90,214
2025-07-24 05:00:00,13.30,80,12.60,,0.00,4.90,216
2025-07-24 06:00:00,13.30,84,12.90,,0.00,4.30,204
2025-07-24 07:00:00,15.00,82,14.80,,0.00,5.20,205
2025-07-24 08:00:00,16.40,79,16.20,,0.00,7.00,201
2025-07-24 09:00:00,18.10,71,17.70,,0.00,8.70,204
2025-07-24 10:00:00,20.00,66,19.70,,0.00,10.00,201
2025-07-24 11:00:00,22.00,59,21.40,,0.00,13.00,204
2025-07-24 12:00:00,23.40,52,23.00,,0.00,14.20,204
2025-07-24 13:00:00,24.70,48,24.50,,0.00,15.30,207
2025-07-24 14:00:00,25.00,47,24.40,,0.00,14.30,223
2025-07-24 15:00:00,25.20,49,24.50,,0.00,13.30,218
2025-07-24 16:00:00,25.30,48,24.40,,0.00,13.80,219
2025-07-24 17:00:00,25.70,48,24.90,,0.00,14.30,219
2025-07-24 18:00:00,25.30,50,24.80,,0.00,12.00,213
2025-07-24 19:00:00,24.00,57,24.50,,0.00,8.20,203
2025-07-24 20:00:00,22.70,63,23.30,,0.00,7.60,183
2025-07-24 21:00:00,21.60,69,22.40,,0.00,8.00,198
2025-07-24 22:00:00,20.80,73,21.80,,0.00,6.80,183
2025-07-24 23:00:00,20.40,73,20.80,,0.00,9.10,189
2025-07-25 00:00:00,19.80,77,20.70,,0.00,6.80,198
2025-07-25 01:00:00,19.10,82,20.70,,0.10,2.40,243
2025-07-25 02:00:00,18.90,80,20.00,,0.10,4.70,184
2025-07-25 03:00:00,18.30,82,19.30,,0.00,5.40,200
2025-07-25 04:00:00,18.10,82,18.90,,0.00,5.20,196
2025-07-25 05:00:00,17.80,84,18.80,,0.00,4.70,180
2025-07-25 06:00:00,17.60,84,18.30,,0.00,6.10,177
2025-07-25 07:00:00,18.30,82,18.80,,0.00,8.30,182
2025-07-25 08:00:00,19.50,78,19.90,,0.00,10.10,186
2025-07-25 09:00:00,20.50,71,20.50,,0.00,10.90,189
2025-07-25 10:00:00,21.80,67,22.00,,0.00,11.50,194
2025-07-25 11:00:00,23.20,65,23.80,,0.00,10.20,188
2025-07-25 12:00:00,25.40,61,27.40,,0.00,10.20,188
2025-07-25 13:00:00,27.10,56,29.40,,0.00,11.70,191
2025-07-25 14:00:00,28.10,51,29.80,,0.00,13.00,194
2025-07-25 15:00:00,28.40,52,29.50,,0.00,14.60,189
2025-07-25 16:00:00,28.50,46,28.40,,0.00,15.10,192
2025-07-25 17:00:00,27.90,49,28.00,,0.00,13.60,197
2025-07-25 18:00:00,26.90,53,27.70,,0.00,9.70,184
2025-07-25 19:00:00,25.90,58,27.20,,0.00,7.90,164
2025-07-25 20:00:00,24.50,65,26.10,,0.00,7.90,164
2025-07-25 21:00:00,23.00,70,24.80,,0.00,5.70,162
2025-07-25 22:00:00,22.10,72,23.50,,0.00,6.40,153
2025-07-25 23:00:00,21.30,76,22.70,,0.00,6.60,158
2025-07-26 00:00:00,20.50,80,21.80,,0.00,7.70,152
2025-07-26 01:00:00,20.30,82,21.60,,0.00,8.20,157
2025-07-26 02:00:00,20.10,84,21.40,,0.00,9.00,164
2025-07-26 03:00:00,20.30,87,21.90,,0.00,8.90,166
2025-07-26 04:00:00,20.20,88,21.80,,0.00,9.60,160
2025-07-26 05:00:00,20.10,89,21.30,,0.00,12.30,175
2025-07-26 06:00:00,20.20,91,21.70,,0.00,12.00,171
2025-07-26 07:00:00,21.00,88,22.30,,0.00,13.70,185
2025-07-26 08:00:00,22.30,83,23.70,,0.00,14.40,193
2025-07-26 09:00:00,23.40,76,24.20,,0.00,16.70,205
2025-07-26 10:00:00,24.10,72,24.60,,0.00,18.80,212
2025-07-26 11:00:00,24.90,66,25.30,,0.00,18.60,224
2025-07-26 12:00:00,25.20,62,25.50,,0.00,17.20,233
2025-07-26 13:00:00,25.90,59,26.20,,0.00,17.60,229
2025-07-26 14:00:00,26.40,56,26.70,,0.00,16.30,229
2025-07-26 15:00:00,26.70,55,26.60,,0.00,17.30,228
2025-07-26 16:00:00,26.20,57,26.40,,0.00,15.80,225
2025-07-26 17:00:00,26.30,56,26.30,,0.00,16.30,225
2025-07-26 18:00:00,25.70,59,26.20,,0.00,13.30,229
2025-07-26 19:00:00,25.00,62,26.00,,0.00,10.70,230
2025-07-26 20:00:00,23.70,70,26.00,,0.00,3.60,270
2025-07-26 21:00:00,22.10,75,24.30,,0.00,3.30,186
2025-07-26 22:00:00,21.20,79,22.80,,0.10,7.20,162
2025-07-26 23:00:00,19.90,91,22.10,,1.30,5.70,198
2025-07-27 00:00:00,19.30,93,21.90,,0.90,2.30,51
2025-07-27 01:00:00,19.10,94,21.70,,7.00,1.80,191
2025-07-27 02:00:00,18.80,95,21.10,,4.00,4.20,121
2025-07-27 03:00:00,18.50,94,20.90,,0.80,2.30,162
2025-07-27 04:00:00,18.40,95,20.80,,0.00,2.20,99
2025-07-27 05:00:00,18.30,94,20.50,,0.00,2.60,106
2025-07-27 06:00:00,18.20,95,20.40,,0.00,2.70,67
2025-07-27 07:00:00,19.00,93,21.20,,0.00,4.70,67
2025-07-27 08:00:00,19.80,93,22.20,,0.00,5.40,94
2025-07-27 09:00:00,20.20,92,22.10,,0.10,9.00,127
2025-07-27 10:00:00,20.40,93,22.90,,0.50,6.40,142
2025-07-27 11:00:00,20.60,92,23.10,,0.40,6.60,151
2025-07-27 12:00:00,21.10,90,23.20,,0.40,10.00,150
2025-07-27 13:00:00,21.60,86,23.60,,0.30,9.90,161
2025-07-27 14:00:00,21.00,90,22.70,,3.30,12.60,177
2025-07-27 15:00:00,20.10,93,21.70,,4.50,12.10,192
2025-07-27 16:00:00,21.40,89,23.10,,0.50,13.00,204
2025-07-27 17:00:00,21.60,86,23.30,,0.20,11.80,211
2025-07-27 18:00:00,21.10,89,22.80,,0.00,12.00,224
2025-07-27 19:00:00,20.60,89,22.10,,0.00,11.50,224
2025-07-27 20:00:00,19.80,91,21.80,,0.00,7.40,223
2025-07-27 21:00:00,19.10,93,21.10,,0.00,5.90,227
2025-07-27 22:00:00,18.80,95,20.80,,0.00,6.50,236
2025-07-27 23:00:00,18.10,87,18.50,,0.00,10.50,266
2025-07-28 00:00:00,17.20,91,17.80,,0.00,8.60,255
2025-07-28 01:00:00,16.60,93,17.50,,0.00,6.60,261
2025-07-28 02:00:00,16.20,93,16.80,,0.10,7.30,261
2025-07-28 03:00:00,16.00,94,16.70,,0.00,6.60,261
2025-07-28 04:00:00,15.90,96,16.80,,0.00,5.50,259
2025-07-28 05:00:00,16.00,96,17.10,,0.00,5.10,266
2025-07-28 06:00:00,16.30,97,17.60,,0.10,4.80,297
2025-07-28 07:00:00,16.70,96,17.50,,0.00,8.70,315
2025-07-28 08:00:00,16.70,91,16.40,,0.00,13.70,315
2025-07-28 09:00:00,16.50,88,16.00,,0.00,13.20,325
2025-07-28 10:00:00,16.60,88,16.20,,0.00,12.80,320
2025-07-28 11:00:00,16.60,88,16.20,,0.00,13.00,318
2025-07-28 12:00:00,18.10,78,17.30,,0.00,14.80,326
2025-07-28 13:00:00,18.20,77,17.30,,0.00,15.60,320
2025-07-28 14:00:00,18.80,75,18.10,,0.00,14.60,322
2025-07-28 15:00:00,20.00,66,18.90,,0.00,15.00,336
2025-07-28 16:00:00,20.00,67,19.50,,0.00,11.40,336
2025-07-28 17:00:00,20.50,64,19.80,,0.00,12.20,332
2025-07-28 18:00:00,20.50,63,19.90,,0.00,11.20,327
2025-07-28 19:00:00,20.10,65,19.90,,0.00,8.80,325
2025-07-28 20:00:00,19.00,71,19.40,,0.00,4.90,324
2025-07-28 21:00:00,17.70,75,18.30,,0.00,3.10,315
2025-07-28 22:00:00,16.90,77,17.30,,0.00,3.20,297
2025-07-28 23:00:00,16.20,79,16.50,,0.00,3.80,287
2025-07-29 00:00:00,15.80,82,16.10,,0.00,4.20,301
2025-07-29 01:00:00,15.30,81,15.30,,0.00,4.20,301
2025-07-29 02:00:00,14.70,81,14.50,,0.00,4.30,294
2025-07-29 03:00:00,14.20,82,13.90,,0.00,4.00,297
2025-07-29 04:00:00,13.90,81,13.70,,0.00,3.10,291
2025-07-29 05:00:00,13.70,79,13.30,,0.00,3.30,276
2025-07-29 06:00:00,13.80,79,13.50,,0.00,2.90,277
2025-07-29 07:00:00,15.30,79,15.40,,0.00,2.50,270
2025-07-29 08:00:00,17.40,72,17.60,,0.00,3.00,256
2025-07-29 09:00:00,19.60,66,19.80,,0.00,4.70,238
2025-07-29 10:00:00,21.30,58,21.00,,0.00,7.30,250
2025-07-29 11:00:00,22.20,54,22.10,,0.00,9.10,252
2025-07-29 12:00:00,22.80,49,22.80,,0.00,9.80,262
2025-07-29 13:00:00,23.40,47,22.10,,0.00,12.10,258
2025-07-29 14:00:00,24.10,46,23.30,,0.00,11.00,259
2025-07-29 15:00:00,23.90,50,23.10,,0.00,11.50,268
2025-07-29 16:00:00,24.30,49,23.70,,0.00,10.20,280
2025-07-29 17:00:00,24.20,50,23.40,,0.00,11.60,286
2025-07-29 18:00:00,23.90,55,23.70,,0.00,11.40,283
2025-07-29 19:00:00,23.20,58,23.40,,0.00,8.90,284
2025-07-29 20:00:00,21.90,65,22.70,,0.00,5.90,284
2025-07-29 21:00:00,20.10,73,21.00,,0.00,5.50,293
2025-07-29 22:00:00,18.90,78,19.80,,0.00,4.60,288
2025-07-29 23:00:00,17.90,82,18.90,,0.00,4.50,284
2025-07-30 00:00:00,17.00,86,17.90,,0.00,4.60,288
2025-07-30 01:00:00,16.40,87,17.10,,0.00,4.20,290
2025-07-30 02:00:00,15.80,88,16.50,,0.00,3.90,292
2025-07-30 03:00:00,15.40,88,16.00,,0.00,3.50,294
2025-07-30 04:00:00,15.00,89,15.60,,0.00,3.30,283
2025-07-30 05:00:00,14.60,90,15.10,,0.00,3.20,270
2025-07-30 06:00:00,14.30,90,14.70,,0.00,3.30,283
2025-07-30 07:00:00,15.90,89,16.80,,0.00,3.10,291
2025-07-30 08:00:00,18.00,80,18.70,,0.00,4.80,297
2025-07-30 09:00:00,20.50,70,21.50,,0.00,4.00,297
2025-07-30 10:00:00,22.10,61,22.60,,0.00,5.60,297
2025-07-30 11:00:00,23.00,52,23.40,,0.00,6.00,287
2025-07-30 12:00:00,23.40,49,24.00,,0.00,4.70,274
2025-07-30 13:00:00,23.80,47,24.10,,0.00,5.20,245
2025-07-30 14:00:00,24.30,45,24.00,,0.00,5.40,233
2025-07-30 15:00:00,24.50,44,24.00,,0.00,7.40,223
2025-07-30 16:00:00,24.30,44,23.40,,0.00,9.20,222
2025-07-30 17:00:00,24.50,43,23.60,,0.00,8.20,229
2025-07-30 18:00:00,23.70,53,23.70,,0.00,7.20,217
2025-07-30 19:00:00,22.60,59,23.30,,0.00,4.30,180
2025-07-30 20:00:00,21.20,68,22.00,,0.00,5.80,180
2025-07-30 21:00:00,20.40,72,21.60,,0.00,3.60,174
2025-07-30 22:00:00,19.60,74,20.20,,0.10,6.80,205
2025-07-30 23:00:00,18.60,87,20.60,,0.30,1.50,284
2025-07-31 00:00:00,18.70,81,20.10,,0.00,2.50,172
2025-07-31 01:00:00,17.70,87,18.70,,0.00,5.40,172
2025-07-31 02:00:00,17.00,91,18.30,,0.00,3.40,162
2025-07-31 03:00:00,17.00,91,18.60,,0.00,2.30,162
2025-07-31 04:00:00,17.20,89,18.70,,0.00,2.30,162
2025-07-31 05:00:00,17.10,87,18.50,,0.00,2.00,135
2025-07-31 06:00:00,17.00,88,18.30,,0.00,2.10,121
2025-07-31 07:00:00,17.90,88,19.70,,0.00,1.10,108
2025-07-31 08:00:00,18.90,82,20.60,,0.00,1.90,158
2025-07-31 09:00:00,20.50,77,22.40,,0.00,1.80,191
2025-07-31 10:00:00,21.60,74,22.90,,0.00,6.80,245
2025-07-31 11:00:00,22.60,70,23.90,,0.00,7.20,252
2025-07-31 12:00:00,23.60,66,24.90,,0.00,7.60,251
2025-07-31 13:00:00,23.90,66,25.40,,0.00,7.10,246
2025-07-31 14:00:00,24.00,62,25.30,,0.00,5.90,256
2025-07-31 15:00:00,24.50,61,25.90,,0.00,5.70,252
2025-07-31 16:00:00,23.50,65,24.90,,0.10,5.90,259
2025-07-31 17:00:00,23.30,66,24.80,,0.00,5.40,266
2025-07-31 18:00:00,23.50,66,25.30,,0.00,3.60,276
2025-07-31 19:00:00,23.10,67,25.10,,0.00,2.20,261
2025-07-31 20:00:00,22.30,74,24.90,,0.00,0.80,207
2025-07-31 21:00:00,21.00,73,22.80,,0.00,1.30,124
2025-07-31 22:00:00,20.10,78,21.80,,0.00,2.40,117
2025-07-31 23:00:00,19.40,80,20.90,,0.00,2.80,140
2025-08-01 00:00:00,18.80,84,20.50,,0.00,3.00,166
2025-08-01 01:00:00,18.40,87,20.00,,0.00,3.20,180
2025-08-01 02:00:00,17.90,90,19.50,,0.00,3.60,186
2025-08-01 03:00:00,17.40,90,18.90,,0.00,3.30,186
2025-08-01 04:00:00,17.10,91,18.50,,0.00,3.00,194
2025-08-01 05:00:00,16.90,91,18.20,,0.00,3.30,186
2025-08-01 06:00:00,16.50,92,17.80,,0.00,3.30,186
2025-08-01 07:00:00,17.50,90,18.90,,0.00,3.70,191
2025-08-01 08:00:00,18.60,86,19.90,,0.00,5.40,200
2025-08-01 09:00:00,20.70,79,22.30,,0.00,5.20,205
2025-08-01 10:00:00,21.80,76,23.70,,0.00,5.50,203
2025-08-01 11:00:00,23.00,70,24.70,,0.00,6.30,193
2025-08-01 12:00:00,24.30,67,26.00,,0.00,6.90,189
2025-08-01 13:00:00,24.10,68,25.60,,0.20,9.00,175
2025-08-01 14:00:00,24.10,70,25.90,,0.30,8.40,170
2025-08-01 15:00:00,24.40,68,26.20,,0.10,7.20,174
2025-08-01 16:00:00,24.70,65,26.50,,0.00,6.20,170
2025-08-01 17:00:00,24.90,62,26.90,,0.00,4.00,207
2025-08-01 18:00:00,24.40,63,26.40,,0.00,2.80,230
2025-08-01 19:00:00,24.00,63,25.70,,0.00,3.90,158
2025-08-01 20:00:00,22.10,76,23.80,,0.00,7.10,139
2025-08-01 21:00:00,20.10,93,22.80,,0.00,4.40,145
2025-08-01 22:00:00,19.40,93,21.90,,0.00,3.10,144
2025-08-01 23:00:00,18.80,91,21.00,,0.00,2.80,140
2025-08-02 00:00:00,18.20,91,20.20,,0.00,2.60,124
2025-08-02 01:00:00,17.70,93,19.50,,0.00,3.60,127
2025-08-02 02:00:00,17.40,94,19.10,,0.00,3.60,127
2025-08-02 03:00:00,16.80,96,18.40,,0.00,3.60,135
2025-08-02 04:00:00,16.40,98,18.00,,0.00,3.60,135
2025-08-02 05:00:00,16.20,98,17.60,,0.00,3.60,135
2025-08-02 06:00:00,15.90,100,17.30,,0.00,3.60,127
2025-08-02 07:00:00,16.90,99,18.70,,0.00,3.90,124
2025-08-02 08:00:00,18.90,91,20.70,,0.00,5.60,135
2025-08-02 09:00:00,21.30,80,23.20,,0.00,5.90,128
2025-08-02 10:00:00,23.30,70,25.00,,0.00,6.70,144
2025-08-02 11:00:00,24.70,59,26.00,,0.00,8.30,162
2025-08-02 12:00:00,25.50,55,26.60,,0.00,9.10,162
2025-08-02 13:00:00,26.10,51,26.70,,0.00,10.20,172
2025-08-02 14:00:00,27.20,48,28.30,,0.00,8.70,185
2025-08-02 15:00:00,27.50,47,28.60,,0.00,8.40,173
2025-08-02 16:00:00,27.50,45,27.60,,0.00,9.20,169
2025-08-02 17:00:00,26.10,60,27.00,,0.00,12.30,140
2025-08-02 18:00:00,26.70,56,28.00,,0.10,8.40,155
2025-08-02 19:00:00,25.70,56,26.70,,0.00,8.20,139
2025-08-02 20:00:00,23.30,69,24.50,,0.00,9.20,129
2025-08-02 21:00:00,21.90,75,23.70,,0.00,5.60,140
2025-08-02 22:00:00,21.60,77,23.30,,0.00,6.10,152
2025-08-02 23:00:00,20.80,81,22.60,,0.00,5.80,150
2025-08-03 00:00:00,20.10,83,22.00,,0.00,4.50,151
2025-08-03 01:00:00,19.60,85,21.40,,0.00,4.00,170
2025-08-03 02:00:00,19.00,86,20.80,,0.00,3.70,169
2025-08-03 03:00:00,18.60,86,20.20,,0.00,3.10,159
2025-08-03 04:00:00,18.10,87,19.70,,0.00,3.10,159
2025-08-03 05:00:00,17.70,89,19.20,,0.00,3.30,167
2025-08-03 06:00:00,17.50,91,19.00,,0.00,3.60,186
2025-08-03 07:00:00,18.90,88,20.70,,0.00,3.80,197
2025-08-03 08:00:00,20.60,83,22.80,,0.00,3.70,209
2025-08-03 09:00:00,22.20,78,24.60,,0.00,3.40,238
2025-08-03 10:00:00,23.80,71,25.80,,0.00,6.90,231
2025-08-03 11:00:00,24.20,68,25.80,,0.00,8.90,227
2025-08-03 12:00:00,25.00,66,27.00,,0.00,6.60,202
2025-08-03 13:00:00,25.80,60,27.60,,0.00,8.40,200
2025-08-03 14:00:00,26.30,57,27.60,,0.00,8.80,199
2025-08-03 15:00:00,26.80,54,28.10,,0.00,8.70,210
2025-08-03 16:00:00,27.00,54,28.20,,0.00,8.50,216
2025-08-03 17:00:00,26.90,51,27.80,,0.00,8.10,212
2025-08-03 18:00:00,26.20,54,27.10,,0.00,8.10,225
2025-08-03 19:00:00,25.40,58,26.80,,0.00,6.40,227
2025-08-03 20:00:00,23.80,69,26.00,,0.00,3.80,229
2025-08-03 21:00:00,21.90,75,23.80,,0.00,4.10,232
2025-08-03 22:00:00,21.00,78,22.90,,0.00,3.40,212
2025-08-03 23:00:00,20.40,78,22.20,,0.00,3.30,186
2025-08-04 00:00:00,19.80,81,21.50,,0.00,4.00,185
2025-08-04 01:00:00,19.10,83,20.60,,0.00,4.20,200
2025-08-04 02:00:00,18.50,84,19.80,,0.00,4.40,189
2025-08-04 03:00:00,17.80,86,18.90,,0.00,4.40,189
2025-08-04 04:00:00,17.70,86,18.80,,0.00,4.70,184
2025-08-04 05:00:00,17.70,84,18.50,,0.00,5.80,180
2025-08-04 06:00:00,17.80,83,18.60,,0.00,5.40,180
2025-08-04 07:00:00,19.10,80,19.80,,0.00,7.90,183
2025-08-04 08:00:00,20.70,76,21.50,,0.00,9.50,191
2025-08-04 09:00:00,22.60,70,23.70,,0.00,9.30,196
2025-08-04 10:00:00,24.50,66,25.90,,0.00,9.60,200
2025-08-04 11:00:00,26.30,61,28.30,,0.00,10.50,207
2025-08-04 12:00:00,28.00,55,30.30,,0.00,10.80,210
2025-08-04 13:00:00,29.20,50,31.40,,0.00,11.80,211
2025-08-04 14:00:00,30.00,46,31.70,,0.00,12.00,213
2025-08-04 15:00:00,30.50,45,31.50,,0.00,12.70,215
2025-08-04 16:00:00,30.20,45,30.90,,0.00,11.70,223
2025-08-04 17:00:00,29.80,47,30.80,,0.00,10.40,224
2025-08-04 18:00:00,29.80,47,31.00,,0.00,9.40,223
2025-08-04 19:00:00,28.70,56,31.40,,0.00,5.20,214
2025-08-04 20:00:00,27.10,66,30.60,,0.00,2.90,210
2025-08-04 21:00:00,25.60,69,28.90,,0.00,2.50,172
2025-08-04 22:00:00,24.80,70,27.60,,0.00,3.80,163
2025-08-04 23:00:00,24.00,71,26.40,,0.00,4.30,180
2025-08-05 00:00:00,23.10,76,25.70,,0.00,4.00,185
2025-08-05 01:00:00,22.40,77,24.80,,0.00,4.40,171
2025-08-05 02:00:00,21.90,79,24.10,,0.00,5.10,172
2025-08-05 03:00:00,21.40,79,23.50,,0.00,4.00,185
2025-08-05 04:00:00,21.10,79,23.10,,0.00,4.00,180
2025-08-05 05:00:00,20.70,80,22.70,,0.00,4.00,175
2025-08-05 06:00:00,20.60,83,22.80,,0.00,3.70,169
2025-08-05 07:00:00,22.00,81,24.60,,0.00,4.00,170
2025-08-05 08:00:00,23.70,77,26.40,,0.00,5.90,169
2025-08-05 09:00:00,25.80,68,28.30,,0.00,7.20,174
2025-08-05 10:00:00,27.50,62,30.00,,0.00,7.60,175
2025-08-05 11:00:00,29.10,56,32.10,,0.00,7.60,175
2025-08-05 12:00:00,30.30,49,33.20,,0.00,8.70,173
2025-08-05 13:00:00,31.20,46,34.00,,0.00,9.70,165
2025-08-05 14:00:00,31.90,43,34.50,,0.00,9.40,162
2025-08-05 15:00:00,31.70,42,33.70,,0.00,9.30,152
2025-08-05 16:00:00,31.90,42,33.30,,0.00,10.10,145
2025-08-05 17:00:00,31.40,43,32.50,,0.00,10.20,141
2025-08-05 18:00:00,30.80,46,32.20,,0.00,9.40,137
2025-08-05 19:00:00,29.60,50,31.40,,0.00,7.70,127
2025-08-05 20:00:00,27.20,61,29.70,,0.00,6.30,121
2025-08-05 21:00:00,25.40,70,28.10,,0.00,5.60,117
2025-08-05 22:00:00,24.40,74,27.30,,0.00,4.70,113
2025-08-05 23:00:00,23.80,77,26.70,,0.00,4.80,103
2025-08-06 00:00:00,23.50,79,26.20,,0.00,6.20,111
2025-08-06 01:00:00,23.00,81,25.60,,0.00,6.50,109
2025-08-06 02:00:00,22.50,82,25.00,,0.00,7.30,110
2025-08-06 03:00:00,21.70,85,24.00,,0.00,7.10,105
2025-08-06 04:00:00,21.10,85,23.10,,0.00,7.10,105
2025-08-06 05:00:00,20.60,83,22.20,,0.00,7.80,103
2025-08-06 06:00:00,20.30,85,22.00,,0.00,7.30,101
2025-08-06 07:00:00,21.40,81,23.10,,0.00,8.80,99
2025-08-06 08:00:00,23.10,75,24.70,,0.00,10.20,98
2025-08-06 09:00:00,25.80,66,27.60,,0.00,10.90,98
2025-08-06 10:00:00,27.70,61,29.50,,0.00,12.40,100
2025-08-06 11:00:00,29.60,55,31.80,,0.00,12.90,103
2025-08-06 12:00:00,31.20,49,33.50,,0.00,13.60,107
2025-08-06 13:00:00,32.70,40,34.10,,0.00,16.30,118
2025-08-06 14:00:00,33.30,35,34.00,,0.00,17.00,122
2025-08-06 15:00:00,33.10,36,33.60,,0.00,17.10,125
2025-08-06 16:00:00,32.80,38,32.80,,0.00,16.50,122
2025-08-06 17:00:00,32.50,38,32.30,,0.00,16.60,120
2025-08-06 18:00:00,31.90,43,32.50,,0.00,15.40,111
2025-08-06 19:00:00,30.90,46,31.90,,0.00,12.40,107
2025-08-06 20:00:00,29.10,51,30.40,,0.00,10.80,94
2025-08-06 21:00:00,27.40,59,29.00,,0.00,10.50,94
2025-08-06 22:00:00,26.70,59,27.80,,0.00,12.70,98
2025-08-06 23:00:00,26.10,62,27.00,,0.00,14.20,97
2025-08-07 00:00:00,26.40,60,26.80,,0.00,17.30,107
2025-08-07 01:00:00,26.10,59,26.40,,0.00,15.60,105
2025-08-07 02:00:00,25.80,57,25.70,,0.00,16.40,105
2025-08-07 03:00:00,25.30,59,25.00,,0.00,17.90,100
2025-08-07 04:00:00,24.70,61,24.50,,0.00,17.30,102
2025-08-07 05:00:00,24.10,63,23.90,,0.00,17.00,96
2025-08-07 06:00:00,23.80,66,24.00,,0.00,15.20,94
2025-08-07 07:00:00,23.80,66,23.90,,0.00,16.30,95
2025-08-07 08:00:00,24.20,66,24.50,,0.00,16.60,94
2025-08-07 09:00:00,26.60,58,27.00,,0.00,15.50,103
2025-08-07 10:00:00,28.00,54,28.40,,0.00,16.40,105
2025-08-07 11:00:00,29.50,49,30.20,,0.00,15.60,151
2025-08-07 12:00:00,28.20,55,29.50,,0.20,12.20,156
2025-08-07 13:00:00,27.60,55,28.50,,0.20,12.90,150
2025-08-07 14:00:00,25.50,67,26.80,,0.10,14.30,141
2025-08-07 15:00:00,23.30,77,24.20,,0.40,16.90,124
2025-08-07 16:00:00,22.70,82,24.20,,0.80,14.30,146
2025-08-07 17:00:00,21.40,89,23.10,,1.40,13.40,175
2025-08-07 18:00:00,21.70,86,23.20,,0.30,13.80,186
2025-08-07 19:00:00,21.40,87,23.00,,0.10,13.00,199
2025-08-07 20:00:00,20.30,88,21.00,,0.00,15.80,221
2025-08-07 21:00:00,18.90,86,18.70,,0.00,17.30,234
2025-08-07 22:00:00,17.20,83,16.70,,0.00,12.60,243
2025-08-07 23:00:00,16.20,84,16.00,,0.00,8.60,248
2025-08-08 00:00:00,15.10,91,15.30,,0.00,6.40,227
2025-08-08 01:00:00,14.80,94,15.10,,0.00,6.60,225
2025-08-08 02:00:00,14.30,95,14.40,,0.00,6.40,227
2025-08-08 03:00:00,14.00,96,14.20,,0.00,5.60,230
2025-08-08 04:00:00,13.50,96,13.60,,0.00,5.40,228
2025-08-08 05:00:00,13.30,96,13.30,,0.00,5.10,231
2025-08-08 06:00:00,13.20,96,13.30,,0.00,4.70,238
2025-08-08 07:00:00,14.30,92,14.50,,0.00,5.40,250
2025-08-08 08:00:00,16.00,85,16.30,,0.00,5.90,259
2025-08-08 09:00:00,18.00,75,18.20,,0.00,5.80,274
2025-08-08 10:00:00,19.50,67,19.70,,0.00,5.90,281
2025-08-08 11:00:00,20.70,59,20.70,,0.00,7.90,273
2025-08-08 12:00:00,21.20,53,20.30,,0.00,8.80,261
2025-08-08 13:00:00,22.10,51,21.40,,0.00,8.10,257
2025-08-08 14:00:00,22.60,50,22.20,,0.00,7.90,254
2025-08-08 15:00:00,22.80,48,22.10,,0.00,7.60,245
2025-08-08 16:00:00,23.20,46,22.40,,0.00,7.40,241
2025-08-08 17:00:00,23.00,46,22.10,,0.00,7.60,239
2025-08-08 18:00:00,22.30,49,21.60,,0.00,6.90,242
2025-08-08 19:00:00,21.30,55,21.10,,0.00,5.50,247
2025-08-08 20:00:00,20.00,64,20.40,,0.00,3.70,241
2025-08-08 21:00:00,19.00,70,19.60,,0.00,3.40,238
2025-08-08 22:00:00,18.50,73,19.30,,0.10,2.30,231
2025-08-08 23:00:00,18.20,73,18.90,,0.00,2.60,214
2025-08-09 00:00:00,17.60,75,18.10,,0.00,3.20,270
2025-08-09 01:00:00,17.10,77,17.60,,0.00,3.60,323
2025-08-09 02:00:00,16.60,79,17.10,,0.00,2.80,320
2025-08-09 03:00:00,16.30,81,16.70,,0.00,3.40,288
2025-08-09 04:00:00,15.70,85,16.40,,0.10,2.50,278
2025-08-09 05:00:00,15.10,88,15.70,,0.00,2.60,286
2025-08-09 06:00:00,14.90,91,15.40,,0.10,4.00,297
2025-08-09 07:00:00,15.10,91,15.60,,0.10,4.20,301
2025-08-09 08:00:00,15.80,89,16.30,,0.00,5.90,317
2025-08-09 09:00:00,17.90,81,18.30,,0.00,7.90,313
2025-08-09 10:00:00,19.00,74,19.10,,0.00,8.70,308
2025-08-09 11:00:00,20.20,67,20.40,,0.00,7.60,315
2025-08-09 12:00:00,21.10,61,21.50,,0.00,7.40,317
2025-08-09 13:00:00,21.90,58,22.10,,0.00,6.90,313
2025-08-09 14:00:00,22.50,53,22.30,,0.00,7.10,315
2025-08-09 15:00:00,22.90,49,22.40,,0.00,6.90,313
2025-08-09 16:00:00,23.30,45,22.50,,0.00,6.40,313
2025-08-09 17:00:00,23.30,42,22.30,,0.00,6.60,311
2025-08-09 18:00:00,23.00,41,21.80,,0.00,5.90,308
2025-08-09 19:00:00,22.10,43,21.20,,0.00,4.30,318
2025-08-09 20:00:00,20.50,50,20.00,,0.00,3.10,324
2025-08-09 21:00:00,18.40,62,18.30,,0.00,2.70,337
2025-08-09 22:00:00,17.50,63,17.20,,0.00,2.50,352
2025-08-09 23:00:00,16.70,66,16.40,,0.00,2.20,9
2025-08-10 00:00:00,15.40,74,15.30,,0.00,2.30,18
2025-08-10 01:00:00,14.70,75,14.40,,0.00,2.50,45
2025-08-10 02:00:00,14.20,79,13.90,,0.00,2.80,50
2025-08-10 03:00:00,13.50,81,13.20,,0.00,2.60,34
2025-08-10 04:00:00,13.10,86,12.90,,0.00,2.80,40
2025-08-10 05:00:00,12.60,89,12.50,,0.00,2.80,50
2025-08-10 06:00:00,12.50,91,12.40,,0.00,3.10,45
2025-08-10 07:00:00,13.90,92,14.30,,0.00,3.10,45
2025-08-10 08:00:00,17.00,82,17.70,,0.00,3.60,53
2025-08-10 09:00:00,19.60,68,19.70,,0.00,6.90,62
2025-08-10 10:00:00,21.20,57,20.60,,0.00,8.70,66
2025-08-10 11:00:00,22.50,49,22.00,,0.00,10.10,63
2025-08-10 12:00:00,23.20,43,22.60,,0.00,10.60,55
2025-08-10 13:00:00,24.10,39,23.20,,0.00,10.00,75
2025-08-10 14:00:00,24.30,41,23.10,,0.00,9.50,65
2025-08-10 15:00:00,24.40,42,23.20,,0.00,9.60,56
2025-08-10 16:00:00,24.30,42,22.90,,0.00,10.60,55
2025-08-10 17:00:00,24.40,41,22.90,,0.00,10.70,50
2025-08-10 18:00:00,23.90,44,22.50,,0.00,11.30,53
2025-08-10 19:00:00,22.90,48,22.00,,0.00,8.70,48
2025-08-10 20:00:00,20.80,57,20.50,,0.00,6.10,28
2025-08-10 21:00:00,19.20,65,19.30,,0.00,5.00,21
2025-08-10 22:00:00,18.60,67,18.40,,0.00,6.20,21
2025-08-10 23:00:00,18.30,66,17.80,,0.00,7.30,11
2025-08-11 00:00:00,17.90,69,17.70,,0.00,6.00,17
2025-08-11 01:00:00,17.20,78,17.70,,0.90,3.70,11
2025-08-11 02:00:00,16.80,82,17.20,,0.50,5.20,34
2025-08-11 03:00:00,16.40,85,17.20,,1.00,3.50,24
2025-08-11 04:00:00,15.70,91,16.00,,3.40,7.70,323
2025-08-11 05:00:00,15.30,94,15.40,,10.40,8.60,338
2025-08-11 06:00:00,14.90,95,14.40,,15.00,12.40,334
2025-08-11 07:00:00,14.70,94,14.30,,5.10,10.80,345
2025-08-11 08:00:00,14.90,93,14.70,,0.00,9.40,358
2025-08-11 09:00:00,14.80,92,14.80,,0.00,7.90,357
2025-08-11 10:00:00,15.20,92,15.30,,0.00,8.40,20
2025-08-11 11:00:00,16.40,89,16.80,,0.00,7.10,30
2025-08-11 12:00:00,16.80,89,17.00,,0.00,10.20,32
2025-08-11 13:00:00,17.70,87,18.50,,0.00,7.20,27
2025-08-11 14:00:00,17.70,90,18.70,,0.30,6.80,357
2025-08-11 15:00:00,18.30,86,18.60,,0.90,12.20,336
2025-08-11 16:00:00,18.40,86,18.60,,0.00,12.80,11
2025-08-11 17:00:00,18.40,87,18.90,,0.30,11.20,4
2025-08-11 18:00:00,18.60,88,19.50,,0.40,9.40,2
2025-08-11 19:00:00,18.30,88,19.20,,0.10,8.40,7
2025-08-11 20:00:00,18.00,89,18.60,,0.20,9.80,6
2025-08-11 21:00:00,17.60,89,18.10,,0.70,9.80,6
2025-08-11 22:00:00,17.10,91,17.60,,1.00,9.80,6
2025-08-11 23:00:00,16.70,93,17.00,,1.30,10.90,351
2025-08-12 00:00:00,16.50,93,16.80,,1.00,10.40,340
2025-08-12 01:00:00,16.20,95,16.40,,1.50,11.00,328
2025-08-12 02:00:00,16.10,95,16.10,,1.40,12.20,326
2025-08-12 03:00:00,15.70,94,15.30,,3.40,13.30,322
2025-08-12 04:00:00,15.70,94,15.40,,1.60,12.50,311
2025-08-12 05:00:00,15.70,94,15.30,,1.30,13.90,307
2025-08-12 06:00:00,15.40,94,14.70,,1.60,14.40,302
2025-08-12 07:00:00,15.20,94,14.70,,2.70,13.20,299
2025-08-12 08:00:00,15.10,94,14.40,,1.70,13.40,290
2025-08-12 09:00:00,15.00,94,14.30,,0.80,13.50,286
2025-08-12 10:00:00,15.00,92,14.00,,0.30,14.90,290
2025-08-12 11:00:00,15.00,91,13.80,,0.00,15.40,291
2025-08-12 12:00:00,15.20,92,14.20,,0.00,15.10,288
2025-08-12 13:00:00,15.30,91,14.50,,0.00,13.80,276
2025-08-12 14:00:00,15.10,93,14.60,,0.20,12.50,252
2025-08-12 15:00:00,15.60,95,15.40,,2.00,12.10,260
2025-08-12 16:00:00,15.70,95,15.60,,3.00,12.30,265
2025-08-12 17:00:00,15.80,95,15.60,,2.90,12.70,277
2025-08-12 18:00:00,16.00,94,15.60,,2.20,14.10,274
2025-08-12 19:00:00,16.10,92,15.50,,0.10,14.80,276
2025-08-12 20:00:00,15.90,92,15.00,,0.10,15.90,275
2025-08-12 21:00:00,15.70,93,15.10,,0.30,14.10,274
2025-08-12 22:00:00,15.40,92,14.70,,0.10,13.80,264
2025-08-12 23:00:00,15.20,92,14.40,,0.10,14.00,252
2025-08-13 00:00:00,15.30,91,14.40,,0.00,14.70,248
2025-08-13 01:00:00,15.60,89,14.60,,0.00,15.00,246
2025-08-13 02:00:00,15.70,87,14.60,,0.00,15.30,246
2025-08-13 03:00:00,15.80,86,14.60,,0.10,15.50,242
2025-08-13 04:00:00,15.70,86,14.50,,0.00,15.10,242
2025-08-13 05:00:00,15.50,88,14.40,,0.00,15.10,237
2025-08-13 06:00:00,15.60,90,14.70,,0.00,14.60,232
2025-08-13 07:00:00,15.80,89,15.00,,0.00,13.80,231
2025-08-13 08:00:00,16.00,87,15.20,,0.00,14.20,234
2025-08-13 09:00:00,16.80,85,16.20,,0.00,14.10,232
2025-08-13 10:00:00,17.90,80,17.00,,0.00,16.40,237
2025-08-13 11:00:00,18.90,78,18.20,,0.00,16.60,243
2025-08-13 12:00:00,19.40,78,19.00,,0.00,15.80,243
2025-08-13 13:00:00,20.40,74,20.00,,0.00,15.50,245
2025-08-13 14:00:00,21.00,70,20.30,,0.00,16.40,255
2025-08-13 15:00:00,21.30,67,21.00,,0.00,13.30,257
2025-08-13 16:00:00,21.40,66,21.50,,0.00,10.60,252
2025-08-13 17:00:00,21.70,67,22.10,,0.00,9.50,261
2025-08-13 18:00:00,21.20,73,22.40,,0.00,5.90,256
2025-08-13 19:00:00,20.80,78,22.60,,0.00,4.00,243
2025-08-13 20:00:00,20.00,79,21.70,,0.00,3.40,212
2025-08-13 21:00:00,19.10,77,20.30,,0.00,3.20,207
2025-08-13 22:00:00,18.50,75,19.20,,0.00,3.40,198
2025-08-13 23:00:00,17.90,75,18.40,,0.00,3.80,197
2025-08-14 00:00:00,16.90,82,17.50,,0.00,4.50,209
2025-08-14 01:00:00,16.40,85,17.10,,0.00,4.20,211
2025-08-14 02:00:00,16.10,86,16.60,,0.00,4.30,204
2025-08-14 03:00:00,15.70,87,16.20,,0.00,4.30,204
2025-08-14 04:00:00,15.40,87,15.70,,0.00,4.50,209
2025-08-14 05:00:00,15.10,87,15.30,,0.00,4.30,204
2025-08-14 06:00:00,14.80,89,15.10,,0.00,4.20,211
2025-08-14 07:00:00,15.80,87,16.30,,0.00,4.70,212
2025-08-14 08:00:00,17.90,83,18.70,,0.00,5.90,223
2025-08-14 09:00:00,19.90,75,20.70,,0.00,7.20,233
2025-08-14 10:00:00,21.70,72,22.70,,0.00,7.90,240
2025-08-14 11:00:00,23.20,68,24.80,,0.00,8.50,242
2025-08-14 12:00:00,24.90,58,26.50,,0.00,9.30,242
2025-08-14 13:00:00,25.80,55,27.70,,0.00,9.50,245
2025-08-14 14:00:00,26.50,52,28.30,,0.00,9.20,244
2025-08-14 15:00:00,26.70,52,28.40,,0.00,8.60,237
2025-08-14 16:00:00,26.80,52,28.00,,0.00,8.40,230
2025-08-14 17:00:00,26.50,53,27.40,,0.00,8.10,225
2025-08-14 18:00:00,26.10,57,27.50,,0.00,6.70,216
2025-08-14 19:00:00,24.80,66,27.00,,0.00,4.70,203
2025-08-14 20:00:00,23.20,72,25.50,,0.00,4.00,190
2025-08-14 21:00:00,21.50,80,23.70,,0.00,4.40,189
2025-08-14 22:00:00,21.00,80,22.90,,0.00,5.10,184
2025-08-14 23:00:00,20.50,81,22.30,,0.00,5.40,184
2025-08-15 00:00:00,19.90,84,21.60,,0.00,5.80,187
2025-08-15 01:00:00,19.60,85,21.20,,0.00,6.00,197
2025-08-15 02:00:00,19.20,86,20.80,,0.00,5.80,210
2025-08-15 03:00:00,18.60,91,20.40,,0.00,5.10,219
2025-08-15 04:00:00,18.30,91,19.90,,0.00,4.80,222
2025-08-15 05:00:00,18.10,92,19.80,,0.00,4.60,231
2025-08-15 06:00:00,17.70,92,19.40,,0.00,3.60,225
2025-08-15 07:00:00,18.40,91,20.40,,0.00,2.90,240
2025-08-15 08:00:00,20.30,87,22.80,,0.00,3.20,243
2025-08-15 09:00:00,22.90,78,25.80,,0.00,2.60,254
2025-08-15 10:00:00,24.90,75,28.30,,0.00,3.60,264
2025-08-15 11:00:00,26.60,64,29.50,,0.00,6.30,283
2025-08-15 12:00:00,27.80,53,30.20,,0.00,7.70,298
2025-08-15 13:00:00,28.60,51,31.20,,0.00,8.10,302
2025-08-15 14:00:00,29.20,49,31.40,,0.00,9.50,307
2025-08-15 15:00:00,29.00,48,30.30,,0.00,9.90,314
2025-08-15 16:00:00,29.00,47,29.80,,0.00,9.90,316
2025-08-15 17:00:00,28.60,49,29.70,,0.00,8.70,322
2025-08-15 18:00:00,28.10,50,29.40,,0.00,6.80,335
2025-08-15 19:00:00,26.60,58,28.60,,0.00,4.60,342
2025-08-15 20:00:00,24.60,65,26.80,,0.00,3.70,349
2025-08-15 21:00:00,23.00,70,25.10,,0.00,3.60,354
2025-08-15 22:00:00,21.90,71,23.60,,0.00,4.00,360
2025-08-15 23:00:00,20.80,72,22.10,,0.00,4.40,9
2025-08-16 00:00:00,19.50,75,20.40,,0.00,4.70,23
2025-08-16 01:00:00,18.60,77,19.40,,0.00,4.50,29
2025-08-16 02:00:00,18.00,80,18.80,,0.00,4.00,27
2025-08-16 03:00:00,17.30,83,18.20,,0.00,3.90,22
2025-08-16 04:00:00,17.00,82,17.70,,0.00,3.40,18
2025-08-16 05:00:00,16.70,83,17.50,,0.00,3.30,6
2025-08-16 06:00:00,16.30,85,17.00,,0.00,2.90,353
2025-08-16 07:00:00,17.10,85,18.10,,0.00,3.20,360
2025-08-16 08:00:00,19.30,81,20.70,,0.00,4.80,13
2025-08-16 09:00:00,21.80,72,23.20,,0.00,6.20,21
2025-08-16 10:00:00,23.40,68,24.80,,0.00,7.40,29
2025-08-16 11:00:00,24.90,63,26.70,,0.00,8.20,29
2025-08-16 12:00:00,25.90,55,27.50,,0.00,9.60,34
2025-08-16 13:00:00,26.60,52,28.30,,0.00,9.50,37
2025-08-16 14:00:00,27.10,49,28.60,,0.00,8.90,40
2025-08-16 15:00:00,26.90,49,28.10,,0.00,8.70,42
2025-08-16 16:00:00,26.90,49,27.60,,0.00,8.00,36
2025-08-16 17:00:00,26.60,50,27.20,,0.00,7.60,31
2025-08-16 18:00:00,26.30,51,27.10,,0.00,6.40,27
2025-08-16 19:00:00,25.00,58,26.50,,0.00,4.60,18
2025-08-16 20:00:00,23.10,66,24.80,,0.00,3.90,22
2025-08-16 21:00:00,21.80,72,23.40,,0.00,4.00,27
2025-08-16 22:00:00,20.90,73,22.20,,0.00,4.60,39
2025-08-16 23:00:00,20.20,75,21.40,,0.00,4.60,45
2025-08-17 00:00:00,19.50,78,20.80,,0.00,4.10,52
2025-08-17 01:00:00,18.80,81,20.10,,0.00,3.60,53
2025-08-17 02:00:00,18.50,81,19.70,,0.00,3.10,45
2025-08-17 03:00:00,17.90,83,19.10,,0.00,2.80,40
2025-08-17 04:00:00,17.50,84,18.60,,0.00,3.10,36
2025-08-17 05:00:00,17.00,86,18.00,,0.00,3.60,37
2025-08-17 06:00:00,16.50,88,17.50,,0.00,3.50,24
2025-08-17 07:00:00,17.40,87,18.70,,0.00,3.40,32
2025-08-17 08:00:00,19.90,81,21.50,,0.00,5.10,39
2025-08-17 09:00:00,22.30,69,23.50,,0.00,7.10,49
2025-08-17 10:00:00,23.80,64,25.00,,0.00,7.40,51
2025-08-17 11:00:00,25.20,56,26.40,,0.00,8.40,47
2025-08-17 12:00:00,26.00,50,27.00,,0.00,9.70,45
2025-08-17 13:00:00,26.70,48,27.80,,0.00,10.20,48
2025-08-17 14:00:00,27.20,46,28.20,,0.00,10.00,49
2025-08-17 15:00:00,27.10,47,28.00,,0.00,10.00,52
2025-08-17 16:00:00,27.20,48,27.70,,0.00,9.80,54
2025-08-17 17:00:00,26.90,49,27.30,,0.00,9.20,51
2025-08-17 18:00:00,26.40,50,26.90,,0.00,7.90,51
2025-08-17 19:00:00,25.20,57,26.50,,0.00,4.90,54
2025-08-17 20:00:00,23.10,64,24.60,,0.00,3.70,61
2025-08-17 21:00:00,21.60,73,23.40,,0.00,3.40,58
2025-08-17 22:00:00,20.90,73,22.50,,0.00,2.80,50
2025-08-17 23:00:00,20.30,74,21.80,,0.00,2.80,50
2025-08-18 00:00:00,19.70,80,21.40,,0.00,3.30,41
2025-08-18 01:00:00,19.20,82,20.80,,0.00,3.10,36
2025-08-18 02:00:00,18.60,83,20.10,,0.00,3.20,27
2025-08-18 03:00:00,17.90,87,19.30,,0.00,3.50,24
2025-08-18 04:00:00,17.60,87,18.80,,0.00,3.90,34
2025-08-18 05:00:00,17.50,87,18.70,,0.00,3.90,34
2025-08-18 06:00:00,17.10,87,18.10,,0.00,3.70,29
2025-08-18 07:00:00,18.10,86,19.40,,0.00,3.90,34
2025-08-18 08:00:00,20.40,81,22.10,,0.00,5.40,48
2025-08-18 09:00:00,22.80,70,24.30,,0.00,6.60,49
2025-08-18 10:00:00,24.40,62,25.50,,0.00,8.30,56
2025-08-18 11:00:00,25.80,55,27.00,,0.00,9.40,58
2025-08-18 12:00:00,26.80,50,28.10,,0.00,9.40,58
2025-08-18 13:00:00,27.50,49,29.30,,0.00,8.90,58
2025-08-18 14:00:00,28.10,47,29.70,,0.00,8.60,68
2025-08-18 15:00:00,27.90,47,28.60,,0.00,8.40,80
2025-08-18 16:00:00,28.00,47,28.90,,0.00,7.00,78
2025-08-18 17:00:00,27.80,47,28.40,,0.00,7.90,74
2025-08-18 18:00:00,27.40,50,28.70,,0.00,5.20,56
2025-08-18 19:00:00,26.00,59,28.00,,0.00,3.80,41
2025-08-18 20:00:00,24.10,65,26.10,,0.00,3.40,32
2025-08-18 21:00:00,22.70,70,24.60,,0.00,4.10,38
2025-08-18 22:00:00,21.90,72,23.70,,0.00,3.80,41
2025-08-18 23:00:00,21.50,73,23.10,,0.00,4.20,31
2025-08-19 00:00:00,21.00,78,22.90,,0.00,4.30,24
2025-08-19 01:00:00,20.90,79,22.70,,0.00,4.90,36
2025-08-19 02:00:00,20.80,81,22.70,,0.00,5.10,45
2025-08-19 03:00:00,20.40,83,22.30,,0.00,5.10,45
2025-08-19 04:00:00,20.00,83,21.70,,0.00,5.40,48
2025-08-19 05:00:00,19.50,85,21.20,,0.00,5.40,53
2025-08-19 06:00:00,19.10,87,20.80,,0.00,4.90,54
2025-08-19 07:00:00,19.80,85,21.70,,0.00,4.90,54
2025-08-19 08:00:00,21.60,80,23.60,,0.00,6.40,63
2025-08-19 09:00:00,23.30,71,25.00,,0.00,7.40,67
2025-08-19 10:00:00,25.20,67,27.30,,0.00,8.00,72
2025-08-19 11:00:00,26.90,63,29.60,,0.00,7.80,68
2025-08-19 12:00:00,28.60,57,32.00,,0.00,6.90,62
2025-08-19 13:00:00,29.80,49,32.30,,0.00,8.10,69
2025-08-19 14:00:00,30.20,44,31.60,,0.00,8.70,85
2025-08-19 15:00:00,30.40,44,31.60,,0.00,8.40,83
2025-08-19 16:00:00,30.40,43,31.40,,0.00,7.90,87
2025-08-19 17:00:00,30.10,43,31.30,,0.00,6.50,87
2025-08-19 18:00:00,29.30,50,31.40,,0.00,4.70,94
2025-08-19 19:00:00,27.80,61,31.00,,0.00,2.90,83
2025-08-19 20:00:00,26.10,65,29.00,,0.00,3.10,54
2025-08-19 21:00:00,24.80,70,27.60,,0.00,3.10,45
2025-08-19 22:00:00,23.70,71,26.20,,0.00,3.60,45
2025-08-19 23:00:00,22.90,73,25.20,,0.00,3.40,58
2025-08-20 00:00:00,22.20,78,24.60,,0.00,3.60,53
2025-08-20 01:00:00,21.50,80,23.80,,0.00,3.70,61
2025-08-20 02:00:00,21.10,83,23.40,,0.00,4.00,63
2025-08-20 03:00:00,20.50,84,22.80,,0.00,3.20,63
2025-08-20 04:00:00,20.20,86,22.50,,0.00,3.20,63
2025-08-20 05:00:00,19.90,86,22.20,,0.00,3.10,69
2025-08-20 06:00:00,19.80,85,21.90,,0.00,3.00,76
2025-08-20 07:00:00,20.50,85,22.90,,0.00,3.00,76
2025-08-20 08:00:00,22.80,82,26.10,,0.00,2.60,74
2025-08-20 09:00:00,24.70,67,27.30,,0.00,2.90,120
2025-08-20 10:00:00,26.30,65,29.60,,0.00,1.10,180
2025-08-20 11:00:00,27.70,58,30.90,,0.00,2.20,279
2025-08-20 12:00:00,29.60,52,33.40,,0.00,2.50,315
2025-08-20 13:00:00,30.60,47,34.40,,0.00,2.20,279
2025-08-20 14:00:00,31.20,42,33.80,,0.00,4.70,247
2025-08-20 15:00:00,30.40,43,32.10,,0.00,6.30,257
2025-08-20 16:00:00,30.40,43,31.60,,0.00,6.90,261
2025-08-20 17:00:00,30.10,44,31.40,,0.00,6.80,270
2025-08-20 18:00:00,28.50,47,29.50,,0.20,7.40,346
2025-08-20 19:00:00,26.40,57,28.10,,0.10,5.50,11
2025-08-20 20:00:00,24.70,67,27.30,,0.00,2.40,27
2025-08-20 21:00:00,23.80,70,26.50,,0.00,1.40,360
2025-08-20 22:00:00,23.00,72,25.50,,0.00,2.30,18
2025-08-20 23:00:00,22.30,74,24.70,,0.00,1.80,11
2025-08-21 00:00:00,21.50,78,23.80,,0.00,2.50,360
2025-08-21 01:00:00,20.90,81,23.20,,0.00,2.50,360
2025-08-21 02:00:00,20.40,84,22.70,,0.00,2.30,342
2025-08-21 03:00:00,20.10,86,22.40,,0.00,3.10,324
2025-08-21 04:00:00,19.60,89,21.90,,0.00,3.40,328
2025-08-21 05:00:00,19.40,90,21.70,,0.00,3.40,328
2025-08-21 06:00:00,19.10,92,21.40,,0.00,3.40,328
2025-08-21 07:00:00,19.80,91,22.20,,0.00,4.30,336
2025-08-21 08:00:00,21.00,89,23.50,,0.00,6.30,347
2025-08-21 09:00:00,21.80,85,24.00,,0.00,8.30,358
2025-08-21 10:00:00,22.90,80,25.10,,0.00,8.90,346
2025-08-21 11:00:00,23.60,75,25.30,,0.00,10.60,336
2025-08-21 12:00:00,24.00,72,25.60,,0.00,10.60,342
2025-08-21 13:00:00,24.70,67,26.20,,0.00,10.10,343
2025-08-21 14:00:00,25.20,63,26.50,,0.00,10.40,346
2025-08-21 15:00:00,25.40,58,26.50,,0.00,9.50,351
2025-08-21 16:00:00,25.70,56,26.50,,0.00,9.20,349
2025-08-21 17:00:00,25.40,56,26.20,,0.00,8.50,348
2025-08-21 18:00:00,24.40,59,25.40,,0.00,6.90,354
2025-08-21 19:00:00,23.50,63,24.90,,0.00,4.70,360
2025-08-21 20:00:00,21.80,71,23.50,,0.00,2.90,30
2025-08-21 21:00:00,20.60,78,22.70,,0.00,1.90,68
2025-08-21 22:00:00,19.60,79,21.30,,0.00,2.10,121
2025-08-21 23:00:00,18.90,82,20.40,,0.00,2.70,157
2025-08-22 00:00:00,18.30,85,19.70,,0.00,3.10,144
2025-08-22 01:00:00,17.80,86,19.00,,0.00,3.80,163
2025-08-22 02:00:00,17.40,87,18.50,,0.00,4.50,166
2025-08-22 03:00:00,17.60,87,18.70,,0.00,5.10,172
2025-08-22 04:00:00,17.60,89,18.60,,0.00,6.50,180
2025-08-22 05:00:00,17.80,89,18.70,,0.00,8.20,203
2025-08-22 06:00:00,17.80,91,18.70,,0.70,8.50,216
2025-08-22 07:00:00,18.10,94,19.20,,0.40,9.90,237
2025-08-22 08:00:00,19.30,91,20.20,,0.00,13.50,286
2025-08-22 09:00:00,19.60,86,20.00,,0.00,14.20,291
2025-08-22 10:00:00,20.20,79,20.20,,0.00,15.10,295
2025-08-22 11:00:00,21.00,75,21.00,,0.00,15.50,295
2025-08-22 12:00:00,21.60,67,21.00,,0.00,16.50,302
2025-08-22 13:00:00,22.40,61,21.60,,0.00,16.80,301
2025-08-22 14:00:00,22.20,61,20.90,,0.00,18.60,306
2025-08-22 15:00:00,23.20,57,22.20,,0.00,16.60,304
2025-08-22 16:00:00,23.40,56,22.50,,0.00,15.50,306
2025-08-22 17:00:00,23.20,57,22.50,,0.00,13.90,307
2025-08-22 18:00:00,22.60,58,22.00,,0.00,12.90,306
2025-08-22 19:00:00,21.70,62,21.60,,0.00,9.20,296
2025-08-22 20:00:00,20.00,68,20.30,,0.00,6.80,288
2025-08-22 21:00:00,19.00,71,19.10,,0.00,6.90,298
2025-08-22 22:00:00,18.10,75,18.30,,0.00,6.70,306
2025-08-22 23:00:00,17.10,80,17.30,,0.00,6.40,308
2025-08-23 00:00:00,16.50,81,16.60,,0.00,6.40,313
2025-08-23 01:00:00,16.00,84,16.30,,0.00,4.90,306
2025-08-23 02:00:00,15.50,85,15.80,,0.00,4.30,294
2025-08-23 03:00:00,14.70,87,14.90,,0.00,4.10,285
2025-08-23 04:00:00,14.20,88,14.20,,0.00,4.50,284
2025-08-23 05:00:00,13.90,88,13.90,,0.00,4.00,297
2025-08-23 06:00:00,13.40,89,13.30,,0.00,4.40,279
2025-08-23 07:00:00,14.00,87,14.00,,0.00,4.40,279
2025-08-23 08:00:00,16.00,81,15.90,,0.00,6.30,283
2025-08-23 09:00:00,17.80,73,17.50,,0.00,8.30,288
2025-08-23 10:00:00,19.70,69,19.70,,0.00,8.30,288
2025-08-23 11:00:00,20.70,62,20.00,,0.00,11.10,299
2025-08-23 12:00:00,21.30,53,19.60,,0.00,14.20,306
2025-08-23 13:00:00,22.40,47,20.70,,0.00,14.20,300
2025-08-23 14:00:00,22.90,44,20.90,,0.00,13.60,302
2025-08-23 15:00:00,23.60,40,21.30,,0.00,14.70,295
2025-08-23 16:00:00,23.10,42,20.80,,0.00,14.90,302
2025-08-23 17:00:00,22.80,42,20.50,,0.00,14.30,304
2025-08-23 18:00:00,22.20,45,20.60,,0.00,10.00,308
2025-08-23 19:00:00,21.10,48,20.00,,0.00,6.60,299
2025-08-23 20:00:00,18.80,58,18.40,,0.00,3.90,292
2025-08-23 21:00:00,17.50,64,17.20,,0.00,3.50,294
2025-08-23 22:00:00,17.00,65,16.50,,0.00,3.60,276
2025-08-23 23:00:00,16.30,68,15.80,,0.00,4.00,265
2025-08-24 00:00:00,15.60,72,15.20,,0.00,4.00,265
2025-08-24 01:00:00,15.10,74,14.70,,0.00,4.00,270
2025-08-24 02:00:00,14.70,77,14.40,,0.00,4.00,270
2025-08-24 03:00:00,14.40,78,14.00,,0.00,4.00,275
2025-08-24 04:00:00,14.00,80,13.60,,0.00,4.30,270
2025-08-24 05:00:00,13.60,82,13.20,,0.00,4.30,275
2025-08-24 06:00:00,13.10,85,12.70,,0.00,4.00,265
2025-08-24 07:00:00,13.90,84,13.60,,0.00,4.30,265
2025-08-24 08:00:00,16.00,79,16.00,,0.00,5.00,270
2025-08-24 09:00:00,18.20,72,18.30,,0.00,5.40,270
2025-08-24 10:00:00,19.30,70,19.50,,0.00,6.50,273
2025-08-24 11:00:00,20.90,64,21.10,,0.00,7.00,282
2025-08-24 12:00:00,22.50,50,21.70,,0.00,10.80,296
2025-08-24 13:00:00,23.60,46,22.60,,0.00,10.10,305
2025-08-24 14:00:00,24.10,42,23.20,,0.00,10.50,292
2025-08-24 15:00:00,24.20,41,22.80,,0.00,10.00,285
2025-08-24 16:00:00,23.90,42,22.50,,0.00,10.40,290
2025-08-24 17:00:00,23.90,42,22.50,,0.00,10.20,293
2025-08-24 18:00:00,23.00,47,22.20,,0.00,7.40,293
2025-08-24 19:00:00,21.60,55,21.70,,0.00,3.40,288
2025-08-24 20:00:00,19.80,62,20.20,,0.00,1.80,307
2025-08-24 21:00:00,18.60,65,19.00,,0.00,1.50,315
2025-08-24 22:00:00,18.00,66,18.40,,0.00,0.70,270
2025-08-24 23:00:00,17.60,68,17.90,,0.00,1.00,225
2025-08-25 00:00:00,17.10,73,17.50,,0.00,2.30,252
2025-08-25 01:00:00,17.10,72,17.30,,0.00,2.80,310
2025-08-25 02:00:00,16.90,74,17.10,,0.00,2.90,353
2025-08-25 03:00:00,16.00,87,16.90,,0.30,2.50,270
2025-08-25 04:00:00,15.70,86,16.50,,0.00,1.80,259
2025-08-25 05:00:00,15.30,87,15.90,,0.00,2.90,277
2025-08-25 06:00:00,15.20,87,15.60,,0.00,3.20,297
2025-08-25 07:00:00,15.80,87,16.40,,0.00,3.70,299
2025-08-25 08:00:00,17.00,85,17.90,,0.00,4.30,312
2025-08-25 09:00:00,18.10,80,18.90,,0.00,5.40,318
2025-08-25 10:00:00,19.90,73,20.70,,0.00,6.10,315
2025-08-25 11:00:00,20.90,66,21.10,,0.00,8.10,315
2025-08-25 12:00:00,22.00,58,22.00,,0.00,7.90,309
2025-08-25 13:00:00,23.10,53,23.00,,0.00,8.10,315
2025-08-25 14:00:00,23.40,51,23.30,,0.00,7.90,300
2025-08-25 15:00:00,23.90,48,23.50,,0.00,6.90,309
2025-08-25 16:00:00,23.90,47,23.50,,0.00,6.60,311
2025-08-25 17:00:00,23.70,48,23.40,,0.00,6.20,306
2025-08-25 18:00:00,23.50,48,23.30,,0.00,5.10,315
2025-08-25 19:00:00,22.10,57,22.70,,0.00,2.50,352
2025-08-25 20:00:00,20.60,62,21.10,,0.00,2.80,50
2025-08-25 21:00:00,18.90,69,19.20,,0.00,5.10,86
2025-08-25 22:00:00,17.30,79,17.80,,0.00,4.70,99
2025-08-25 23:00:00,16.60,86,17.40,,0.00,3.90,112
2025-08-26 00:00:00,16.60,86,17.40,,0.00,3.40,122
2025-08-26 01:00:00,16.40,85,17.10,,0.00,3.60,143
2025-08-26 02:00:00,16.20,85,16.80,,0.00,4.20,149
2025-08-26 03:00:00,16.20,86,16.80,,0.00,3.90,158
2025-08-26 04:00:00,15.70,87,16.30,,0.00,3.90,158
2025-08-26 05:00:00,15.70,86,16.20,,0.00,4.00,170
2025-08-26 06:00:00,15.50,88,16.00,,0.00,3.90,158
2025-08-26 07:00:00,16.10,87,16.80,,0.00,3.90,158
2025-08-26 08:00:00,17.90,82,18.70,,0.00,5.20,168
2025-08-26 09:00:00,19.60,75,20.30,,0.00,6.20,170
2025-08-26 10:00:00,21.60,70,22.70,,0.00,6.60,167
2025-08-26 11:00:00,23.30,65,24.40,,0.00,6.90,171
2025-08-26 12:00:00,25.30,55,26.40,,0.00,6.90,174
2025-08-26 13:00:00,25.70,50,26.10,,0.00,7.10,195
2025-08-26 14:00:00,26.30,48,26.60,,0.00,8.00,198
2025-08-26 15:00:00,26.50,50,27.10,,0.00,7.60,199
2025-08-26 16:00:00,26.30,50,26.90,,0.00,7.70,191
2025-08-26 17:00:00,26.20,52,26.90,,0.00,7.60,185
2025-08-26 18:00:00,25.60,54,26.50,,0.00,6.50,183
2025-08-26 19:00:00,24.20,62,25.90,,0.00,3.50,156
2025-08-26 20:00:00,23.00,65,24.50,,0.00,3.70,151
2025-08-26 21:00:00,22.40,68,24.00,,0.00,3.60,135
2025-08-26 22:00:00,22.00,68,23.40,,0.00,4.10,142
2025-08-26 23:00:00,21.70,67,22.90,,0.00,4.30,156
2025-08-27 00:00:00,21.10,73,22.40,,0.00,5.20,192
2025-08-27 01:00:00,20.00,83,21.50,,0.10,6.80,198
2025-08-27 02:00:00,19.30,90,21.50,,0.00,3.80,197
2025-08-27 03:00:00,19.00,90,21.10,,0.00,3.30,174
2025-08-27 04:00:00,18.40,92,20.40,,0.00,3.20,180
2025-08-27 05:00:00,18.10,92,19.90,,0.00,3.30,193
2025-08-27 06:00:00,18.20,88,20.00,,0.00,2.20,171
2025-08-27 07:00:00,18.70,87,20.70,,0.00,1.90,158
2025-08-27 08:00:00,20.60,80,22.80,,0.00,1.80,169
2025-08-27 09:00:00,22.70,69,24.90,,0.00,0.80,243
2025-08-27 10:00:00,24.80,63,27.30,,0.00,0.50,45
2025-08-27 11:00:00,26.60,56,29.10,,0.00,0.80,207
2025-08-27 12:00:00,27.80,50,29.80,,0.00,3.10,234
2025-08-27 13:00:00,28.70,48,30.40,,0.00,7.30,259
2025-08-27 14:00:00,29.30,46,31.00,,0.00,8.00,265
2025-08-27 15:00:00,29.20,47,30.50,,0.00,7.30,279
2025-08-27 16:00:00,29.30,46,30.70,,0.00,6.20,291
2025-08-27 17:00:00,29.00,46,30.20,,0.00,6.00,295
2025-08-27 18:00:00,28.00,53,30.10,,0.00,3.90,292
2025-08-27 19:00:00,26.60,62,29.40,,0.00,2.50,270
2025-08-27 20:00:00,24.90,68,27.70,,0.00,2.50,278
2025-08-27 21:00:00,23.90,72,26.70,,0.00,2.40,297
2025-08-27 22:00:00,23.30,73,26.00,,0.00,2.40,297
2025-08-27 23:00:00,22.80,74,25.50,,0.00,1.30,326
2025-08-28 00:00:00,21.80,77,24.40,,0.00,1.30,34
2025-08-28 01:00:00,21.10,79,23.30,,0.00,2.30,51
2025-08-28 02:00:00,20.60,82,22.80,,0.00,2.70,67
2025-08-28 03:00:00,20.20,83,22.50,,0.00,2.00,45
2025-08-28 04:00:00,19.70,84,21.80,,0.00,2.30,72
2025-08-28 05:00:00,19.50,85,21.40,,0.00,3.60,96
2025-08-28 06:00:00,19.40,85,21.40,,0.00,2.40,117
2025-08-28 07:00:00,20.20,84,22.60,,0.00,1.50,135
2025-08-28 08:00:00,22.30,81,25.30,,0.00,1.80,191
2025-08-28 09:00:00,24.20,71,26.80,,0.00,3.30,193
2025-08-28 10:00:00,26.00,66,28.80,,0.00,4.20,211
2025-08-28 11:00:00,27.20,60,29.70,,0.00,5.50,212
2025-08-28 12:00:00,28.30,57,31.40,,0.00,4.30,204
2025-08-28 13:00:00,29.00,55,32.50,,0.00,4.10,218
2025-08-28 14:00:00,29.60,54,32.90,,0.00,3.80,229
2025-08-28 15:00:00,30.30,51,32.90,,0.00,5.90,281
2025-08-28 16:00:00,30.70,48,33.20,,0.00,4.00,275
2025-08-28 17:00:00,30.70,48,33.30,,0.00,3.30,283
2025-08-28 18:00:00,30.20,50,33.00,,0.00,2.10,301
2025-08-28 19:00:00,28.80,61,32.70,,0.00,1.90,112
2025-08-28 20:00:00,26.40,66,29.60,,0.00,3.10,126
2025-08-28 21:00:00,25.00,71,28.10,,0.00,3.20,117
2025-08-28 22:00:00,23.80,75,26.60,,0.00,4.30,85
2025-08-28 23:00:00,23.20,75,25.70,,0.00,4.60,108
2025-08-29 00:00:00,23.20,73,25.60,,0.00,3.60,135
2025-08-29 01:00:00,22.60,75,25.10,,0.00,3.10,144
2025-08-29 02:00:00,22.10,76,24.30,,0.00,3.40,162
2025-08-29 03:00:00,21.40,78,23.60,,0.00,2.90,120
2025-08-29 04:00:00,21.00,79,23.30,,0.00,2.30,108
2025-08-29 05:00:00,20.30,82,22.30,,0.00,3.60,84
2025-08-29 06:00:00,19.60,85,21.70,,0.00,3.00,76
2025-08-29 07:00:00,20.30,84,22.60,,0.00,2.20,90
2025-08-29 08:00:00,22.60,79,25.50,,0.00,2.40,63
2025-08-29 09:00:00,24.60,73,27.60,,0.00,3.80,49
2025-08-29 10:00:00,26.40,66,29.10,,0.00,5.90,52
2025-08-29 11:00:00,27.70,63,30.60,,0.00,6.30,59
2025-08-29 12:00:00,28.40,62,31.90,,0.00,7.40,67
2025-08-29 13:00:00,29.50,55,32.90,,0.00,6.20,69
2025-08-29 14:00:00,29.80,53,32.90,,0.00,5.00,69
2025-08-29 15:00:00,30.60,48,32.70,,0.00,6.00,57
2025-08-29 16:00:00,30.60,48,32.80,,0.00,5.20,56
2025-08-29 17:00:00,30.30,48,32.30,,0.00,6.20,54
2025-08-29 18:00:00,29.60,50,31.70,,0.00,5.70,55
2025-08-29 19:00:00,27.70,58,30.00,,0.00,6.10,50
2025-08-29 20:00:00,25.10,68,27.30,,0.00,7.20,53
2025-08-29 21:00:00,23.80,74,26.00,,0.00,7.90,66
2025-08-29 22:00:00,23.00,77,25.20,,0.00,7.30,70
2025-08-29 23:00:00,22.20,81,24.40,,0.00,6.90,84
2025-08-30 00:00:00,21.50,86,24.00,,0.00,6.10,93
2025-08-30 01:00:00,20.90,88,23.30,,0.00,6.50,109
2025-08-30 02:00:00,20.70,88,22.80,,0.00,7.30,123
2025-08-30 03:00:00,20.20,91,22.40,,0.00,7.10,131
2025-08-30 04:00:00,19.80,92,21.80,,0.00,7.70,139
2025-08-30 05:00:00,19.40,92,21.30,,0.00,7.50,145
2025-08-30 06:00:00,19.20,92,21.20,,0.00,5.70,145
2025-08-30 07:00:00,19.70,89,21.50,,0.00,6.90,137
2025-08-30 08:00:00,21.20,82,22.80,,0.00,8.90,133
2025-08-30 09:00:00,22.90,78,25.00,,0.00,8.70,135
2025-08-30 10:00:00,24.70,72,26.90,,0.00,9.40,137
2025-08-30 11:00:00,26.30,67,28.60,,0.00,9.70,132
2025-08-30 12:00:00,28.20,61,31.00,,0.00,8.90,130
2025-08-30 13:00:00,29.40,56,32.00,,0.00,10.20,138
2025-08-30 14:00:00,30.00,53,32.50,,0.00,10.70,138
2025-08-30 15:00:00,30.20,50,31.70,,0.00,11.70,135
2025-08-30 16:00:00,30.10,49,31.30,,0.00,12.50,139
2025-08-30 17:00:00,29.60,49,30.50,,0.00,12.50,139
2025-08-30 18:00:00,28.70,52,29.90,,0.00,11.50,141
2025-08-30 19:00:00,27.00,55,28.30,,0.00,8.70,138
2025-08-30 20:00:00,24.50,62,25.80,,0.00,6.90,133
2025-08-30 21:00:00,22.70,68,23.90,,0.00,6.90,137
2025-08-30 22:00:00,21.80,71,23.00,,0.00,6.70,144
2025-08-30 23:00:00,20.90,73,21.80,,0.00,6.90,152
2025-08-31 00:00:00,20.00,76,20.90,,0.00,6.80,155
2025-08-31 01:00:00,19.20,77,19.90,,0.00,7.00,159
2025-08-31 02:00:00,18.50,76,18.80,,0.00,6.90,152
2025-08-31 03:00:00,17.70,76,17.70,,0.00,7.10,150
2025-08-31 04:00:00,17.10,76,17.00,,0.00,6.60,139
2025-08-31 05:00:00,16.60,75,16.20,,0.00,7.60,135
2025-08-31 06:00:00,16.00,76,15.50,,0.00,7.10,135
2025-08-31 07:00:00,16.50,72,15.80,,0.00,7.90,137
2025-08-31 08:00:00,18.20,65,17.20,,0.00,9.80,144
2025-08-31 09:00:00,20.10,57,19.00,,0.00,10.50,153
2025-08-31 10:00:00,22.00,50,20.70,,0.00,10.80,154
2025-08-31 11:00:00,23.80,43,22.40,,0.00,11.30,153
2025-08-31 12:00:00,26.10,33,24.50,,0.00,12.10,150
2025-08-31 13:00:00,27.10,28,24.90,,0.00,14.00,151
2025-08-31 14:00:00,28.00,26,25.50,,0.00,14.70,155
2025-08-31 15:00:00,28.00,30,25.70,,0.00,13.00,156
2025-08-31 16:00:00,27.90,31,25.90,,0.00,12.10,163
2025-08-31 17:00:00,27.30,31,25.30,,0.00,10.70,166
2025-08-31 18:00:00,26.30,38,25.30,,0.00,8.40,160
2025-08-31 19:00:00,23.80,48,23.80,,0.00,4.70,148
2025-08-31 20:00:00,22.10,53,22.10,,0.00,4.10,142
2025-08-31 21:00:00,21.20,54,21.00,,0.00,4.20,160
2025-08-31 22:00:00,20.80,56,20.70,,0.00,4.10,218
2025-08-31 23:00:00,20.80,58,21.00,,0.00,2.90,330
2025-09-01 00:00:00,20.30,61,20.50,,0.00,4.00,80
2025-09-01 01:00:00,19.80,61,19.80,,0.00,4.60,108
2025-09-01 02:00:00,20.00,60,20.10,,0.00,3.00,104
2025-09-01 03:00:00,19.40,59,19.50,,0.00,1.60,207
2025-09-01 04:00:00,19.10,61,19.30,,0.00,1.50,166
2025-09-01 05:00:00,18.50,62,18.40,,0.00,3.10,144
2025-09-01 06:00:00,18.20,62,17.90,,0.10,3.80,221
2025-09-01 07:00:00,17.80,72,18.20,,0.20,2.80,140
2025-09-01 08:00:00,18.70,77,20.00,,0.10,1.30,34
2025-09-01 09:00:00,19.90,70,20.70,,0.00,3.60,315
2025-09-01 10:00:00,20.30,75,21.90,,0.30,2.20,99
2025-09-01 11:00:00,21.00,75,22.60,,0.30,3.80,343
2025-09-01 12:00:00,22.20,73,24.40,,0.00,2.20,351
2025-09-01 13:00:00,22.50,72,24.80,,0.00,2.10,211
2025-09-01 14:00:00,22.20,78,24.70,,0.20,3.20,180
2025-09-01 15:00:00,22.40,79,24.90,,0.20,4.80,228
2025-09-01 16:00:00,21.20,86,23.70,,1.60,5.10,266
2025-09-01 17:00:00,21.10,88,23.80,,1.40,4.90,324
2025-09-01 18:00:00,20.70,89,23.50,,0.40,2.70,337
2025-09-01 19:00:00,20.10,92,23.00,,0.00,2.30,342
2025-09-01 20:00:00,18.80,94,21.10,,0.40,3.90,338
2025-09-01 21:00:00,18.10,95,20.30,,0.50,2.50,315
2025-09-01 22:00:00,17.70,95,19.30,,0.00,5.60,310
2025-09-01 23:00:00,16.80,89,17.30,,0.00,7.70,311
2025-09-02 00:00:00,16.10,91,16.50,,0.00,7.10,315
2025-09-02 01:00:00,15.60,92,15.90,,0.00,7.10,311
2025-09-02 02:00:00,15.10,94,15.50,,0.00,6.40,317
2025-09-02 03:00:00,14.80,93,14.90,,0.00,7.40,313
2025-09-02 04:00:00,14.10,92,14.00,,0.00,6.90,313
2025-09-02 05:00:00,13.60,93,13.30,,0.00,7.10,315
2025-09-02 06:00:00,13.00,92,12.90,,0.00,4.40,305
2025-09-02 07:00:00,13.30,90,13.10,,0.00,4.90,306
2025-09-02 08:00:00,14.70,86,14.50,,0.00,6.40,313
2025-09-02 09:00:00,16.30,79,16.10,,0.00,6.60,315
2025-09-02 10:00:00,18.10,70,17.70,,0.00,7.70,319
2025-09-02 11:00:00,19.50,62,19.00,,0.00,8.90,317
2025-09-02 12:00:00,21.00,52,20.60,,0.00,8.90,317
2025-09-02 13:00:00,21.70,48,21.10,,0.00,9.90,316
2025-09-02 14:00:00,22.00,43,20.60,,0.00,9.70,318
2025-09-02 15:00:00,22.40,41,20.70,,0.00,8.90,313
2025-09-02 16:00:00,22.50,41,21.10,,0.00,7.40,309
2025-09-02 17:00:00,22.10,41,20.50,,0.00,7.10,311
2025-09-02 18:00:00,21.20,46,20.10,,0.00,5.60,320
2025-09-02 19:00:00,19.50,55,18.90,,0.00,4.30,336
2025-09-02 20:00:00,18.30,61,18.10,,0.00,2.60,344
2025-09-02 21:00:00,16.90,71,17.00,,0.00,2.20,351
2025-09-02 22:00:00,16.00,70,16.10,,0.00,0.80,333
2025-09-02 23:00:00,15.70,73,15.90,,0.00,0.80,243
2025-09-03 00:00:00,15.00,78,15.30,,0.00,0.40,180
2025-09-03 01:00:00,14.60,80,14.80,,0.00,0.50,225
2025-09-03 02:00:00,14.30,81,14.50,,0.00,0.70,360
2025-09-03 03:00:00,13.60,84,13.80,,0.00,0.40,360
2025-09-03 04:00:00,13.00,85,13.10,,0.00,0.40,180
2025-09-03 05:00:00,12.40,87,12.30,,0.00,1.10,180
2025-09-03 06:00:00,11.60,90,11.50,,0.00,0.80,297
2025-09-03 07:00:00,12.10,91,12.00,,0.00,1.60,297
2025-09-03 08:00:00,14.70,87,15.20,,0.00,1.40,270
2025-09-03 09:00:00,17.70,73,18.30,,0.00,2.10,301
2025-09-03 10:00:00,19.80,63,20.10,,0.00,2.90,330
2025-09-03 11:00:00,21.10,56,21.30,,0.00,2.90,353
2025-09-03 12:00:00,22.00,47,21.70,,0.00,2.60,16
2025-09-03 13:00:00,22.30,44,21.80,,0.00,2.80,40
2025-09-03 14:00:00,22.50,43,21.90,,0.00,3.20,63
2025-09-03 15:00:00,22.90,43,22.50,,0.00,1.60,63
2025-09-03 16:00:00,23.10,42,22.60,,0.00,2.40,63
2025-09-03 17:00:00,22.70,43,22.20,,0.00,2.60,56
2025-09-03 18:00:00,22.10,47,21.80,,0.00,2.40,63
2025-09-03 19:00:00,20.30,58,20.50,,0.00,2.30,51
2025-09-03 20:00:00,18.20,63,18.00,,0.00,3.30,49
2025-09-03 21:00:00,17.00,69,16.90,,0.00,3.40,32
2025-09-03 22:00:00,16.30,69,15.90,,0.00,3.40,32
2025-09-03 23:00:00,15.90,70,15.30,,0.00,4.60,39
2025-09-04 00:00:00,14.90,76,14.40,,0.00,4.60,39
2025-09-04 01:00:00,14.50,79,14.10,,0.00,4.60,45
2025-09-04 02:00:00,14.30,82,13.90,,0.00,4.80,48
2025-09-04 03:00:00,13.90,85,13.70,,0.00,4.30,42
2025-09-04 04:00:00,13.90,87,13.70,,0.00,4.60,45
2025-09-04 05:00:00,13.80,87,13.70,,0.00,4.20,31
2025-09-04 06:00:00,13.40,86,13.10,,0.00,4.10,15
2025-09-04 07:00:00,13.60,86,13.50,,0.00,3.80,17
2025-09-04 08:00:00,15.80,78,15.50,,0.00,5.60,15
2025-09-04 09:00:00,17.80,73,17.50,,0.00,7.90,16
2025-09-04 10:00:00,19.60,65,19.10,,0.00,9.40,18
2025-09-04 11:00:00,21.30,56,20.30,,0.00,11.30,22
2025-09-04 12:00:00,22.30,48,20.80,,0.00,13.20,29
2025-09-04 13:00:00,22.90,46,21.30,,0.00,13.00,28
2025-09-04 14:00:00,23.40,43,21.70,,0.00,12.90,27
2025-09-04 15:00:00,23.40,43,21.50,,0.00,12.90,18
2025-09-04 16:00:00,23.30,43,21.40,,0.00,13.10,16
2025-09-04 17:00:00,22.70,44,20.80,,0.00,12.80,16
2025-09-04 18:00:00,22.00,48,20.40,,0.00,11.40,18
2025-09-04 19:00:00,20.50,53,19.10,,0.00,10.80,15
2025-09-04 20:00:00,18.70,61,17.70,,0.00,8.70,7
2025-09-04 21:00:00,16.90,71,16.20,,0.00,8.30,2
2025-09-04 22:00:00,16.00,73,15.20,,0.00,8.00,5
2025-09-04 23:00:00,15.60,75,14.80,,0.00,8.00,5
2025-09-05 00:00:00,14.90,78,14.10,,0.00,7.60,5
2025-09-05 01:00:00,14.10,81,13.20,,0.00,7.60,8
2025-09-05 02:00:00,13.40,82,12.40,,0.00,7.80,13
2025-09-05 03:00:00,12.90,83,11.80,,0.00,7.20,18
2025-09-05 04:00:00,12.40,84,11.20,,0.00,7.60,19
2025-09-05 05:00:00,11.90,85,10.70,,0.00,7.30,20
2025-09-05 06:00:00,11.40,87,10.30,,0.00,6.40,16
2025-09-05 07:00:00,11.90,84,10.70,,0.00,6.80,18
2025-09-05 08:00:00,13.90,77,12.80,,0.00,7.30,20
2025-09-05 09:00:00,16.50,68,15.30,,0.00,9.70,22
2025-09-05 10:00:00,18.70,61,17.50,,0.00,10.20,23
2025-09-05 11:00:00,20.60,54,19.40,,0.00,11.00,23
2025-09-05 12:00:00,21.70,46,20.30,,0.00,12.90,27
2025-09-05 13:00:00,22.50,41,21.00,,0.00,12.60,24
2025-09-05 14:00:00,23.00,37,21.40,,0.00,12.00,21
2025-09-05 15:00:00,23.00,38,21.10,,0.00,11.60,16
2025-09-05 16:00:00,22.90,36,20.50,,0.00,10.80,15
2025-09-05 17:00:00,22.30,36,20.00,,0.00,9.70,15
2025-09-05 18:00:00,21.80,38,19.90,,0.00,7.60,19
2025-09-05 19:00:00,19.30,48,18.10,,0.00,4.20,20
2025-09-05 20:00:00,17.40,54,16.40,,0.00,3.30,13
2025-09-05 21:00:00,16.20,65,15.60,,0.00,2.90,7
2025-09-05 22:00:00,15.20,66,14.60,,0.00,2.50,352
2025-09-05 23:00:00,14.50,70,13.90,,0.00,2.10,329
2025-09-06 00:00:00,13.50,77,13.10,,0.00,2.30,321
2025-09-06 01:00:00,13.10,78,12.50,,0.00,2.90,300
2025-09-06 02:00:00,13.20,79,12.70,,0.00,2.60,286
2025-09-06 03:00:00,12.90,83,12.60,,0.00,1.80,259
2025-09-06 04:00:00,12.90,82,12.50,,0.00,3.10,249
2025-09-06 05:00:00,12.60,83,11.90,,0.00,4.70,274
2025-09-06 06:00:00,12.00,88,11.60,,0.00,3.30,264
2025-09-06 07:00:00,12.60,88,12.20,,0.00,3.60,264
2025-09-06 08:00:00,14.70,83,14.70,,0.00,4.30,265
2025-09-06 09:00:00,16.90,73,16.50,,0.00,6.50,270
2025-09-06 10:00:00,19.50,64,19.10,,0.00,7.90,270
2025-09-06 11:00:00,21.40,52,20.30,,0.00,10.20,260
2025-09-06 12:00:00,22.90,51,22.10,,0.00,11.60,263
2025-09-06 13:00:00,23.50,48,22.40,,0.00,13.40,278
2025-09-06 14:00:00,23.90,49,22.50,,0.00,14.30,288
2025-09-06 15:00:00,24.60,44,22.80,,0.00,15.50,301
2025-09-06 16:00:00,24.50,42,22.70,,0.00,14.30,309
2025-09-06 17:00:00,24.10,42,22.20,,0.00,13.20,313
2025-09-06 18:00:00,23.10,46,21.80,,0.00,10.70,315
2025-09-06 19:00:00,21.20,53,20.70,,0.00,6.40,313
2025-09-06 20:00:00,18.90,62,18.70,,0.00,4.30,318
2025-09-06 21:00:00,18.20,68,18.30,,0.00,3.90,338
2025-09-06 22:00:00,17.70,70,17.60,,0.00,5.10,356
2025-09-06 23:00:00,16.80,74,16.60,,0.00,5.90,11
2025-09-07 00:00:00,15.70,78,15.30,,0.00,6.10,3
2025-09-07 01:00:00,14.70,82,14.20,,0.00,6.80,3
2025-09-07 02:00:00,13.90,86,13.30,,0.00,7.10,15
2025-09-07 03:00:00,12.90,87,12.10,,0.00,7.10,24
2025-09-07 04:00:00,11.70,90,10.80,,0.00,6.40,27
2025-09-07 05:00:00,10.80,90,9.70,,0.00,6.30,24
2025-09-07 06:00:00,10.10,90,8.90,,0.00,5.50,23
2025-09-07 07:00:00,10.00,88,8.70,,0.00,5.50,23
2025-09-07 08:00:00,12.00,77,10.50,,0.00,6.60,22
2025-09-07 09:00:00,14.20,65,12.30,,0.00,8.70,24
2025-09-07 10:00:00,16.40,53,14.20,,0.00,9.80,28
2025-09-07 11:00:00,17.70,46,15.10,,0.00,11.40,28
2025-09-07 12:00:00,18.70,43,16.50,,0.00,11.50,20
2025-09-07 13:00:00,19.50,41,17.50,,0.00,11.60,7
2025-09-07 14:00:00,19.90,40,17.60,,0.00,12.30,3
2025-09-07 15:00:00,20.20,39,17.60,,0.00,11.50,2
2025-09-07 16:00:00,19.90,38,17.10,,0.00,11.20,358
2025-09-07 17:00:00,19.40,39,16.60,,0.00,10.90,354
2025-09-07 18:00:00,18.70,39,15.90,,0.00,10.10,358
2025-09-07 19:00:00,16.60,45,14.40,,0.00,6.10,3
2025-09-07 20:00:00,14.20,53,12.30,,0.00,4.40,9
2025-09-07 21:00:00,13.10,62,11.50,,0.00,4.00,5
2025-09-07 22:00:00,12.40,64,10.80,,0.00,3.60,6
2025-09-07 23:00:00,11.90,66,10.30,,0.00,3.30,354
2025-09-08 00:00:00,11.10,70,9.60,,0.00,3.00,346
2025-09-08 01:00:00,10.50,72,8.90,,0.00,3.10,324
2025-09-08 02:00:00,9.90,75,8.40,,0.00,3.10,315
2025-09-08 03:00:00,9.50,77,8.00,,0.00,2.80,320
2025-09-08 04:00:00,9.20,80,7.70,,0.00,2.80,310
2025-09-08 05:00:00,8.80,81,7.30,,0.00,3.10,306
2025-09-08 06:00:00,8.30,83,6.70,,0.00,3.40,302
2025-09-08 07:00:00,8.70,83,7.10,,0.00,3.70,299
2025-09-08 08:00:00,11.10,77,9.80,,0.00,3.70,299
2025-09-08 09:00:00,13.50,66,11.90,,0.00,6.30,301
2025-09-08 10:00:00,15.70,57,13.70,,0.00,8.70,300
2025-09-08 11:00:00,17.30,50,14.80,,0.00,11.40,298
2025-09-08 12:00:00,19.00,45,16.40,,0.00,12.10,300
2025-09-08 13:00:00,19.70,44,17.30,,0.00,13.50,304
2025-09-08 14:00:00,20.20,43,17.60,,0.00,14.30,304
2025-09-08 15:00:00,20.40,39,17.50,,0.00,14.50,300
2025-09-08 16:00:00,20.60,38,17.50,,0.00,13.80,298
2025-09-08 17:00:00,20.20,38,17.10,,0.00,13.60,302
2025-09-08 18:00:00,19.40,42,16.80,,0.00,11.10,306
2025-09-08 19:00:00,17.60,48,15.60,,0.00,7.70,311
2025-09-08 20:00:00,15.70,53,13.90,,0.00,5.90,322
2025-09-08 21:00:00,14.80,61,13.40,,0.00,4.40,325
2025-09-08 22:00:00,14.20,65,12.90,,0.00,4.80,333
2025-09-08 23:00:00,13.90,67,12.70,,0.00,4.30,336
2025-09-09 00:00:00,13.30,72,12.20,,0.00,4.30,360
2025-09-09 01:00:00,12.50,75,11.40,,0.00,4.40,9
2025-09-09 02:00:00,12.20,78,11.30,,0.00,3.80,17
2025-09-09 03:00:00,11.20,82,10.20,,0.00,3.90,22
2025-09-09 04:00:00,10.80,83,9.70,,0.00,3.70,11
2025-09-09 05:00:00,10.80,81,9.50,,0.00,4.60,18
2025-09-09 06:00:00,10.70,83,9.40,,0.00,5.30,28
2025-09-09 07:00:00,10.60,85,8.90,,0.00,8.30,34
2025-09-09 08:00:00,11.90,81,10.20,,0.00,8.70,38
2025-09-09 09:00:00,12.90,76,11.00,,0.00,11.20,45
2025-09-09 10:00:00,14.20,62,11.50,,0.00,13.00,46
2025-09-09 11:00:00,15.10,54,12.10,,0.00,13.40,36
2025-09-09 12:00:00,15.90,50,13.40,,0.00,12.50,41
2025-09-09 13:00:00,16.60,48,14.30,,0.00,12.00,41
2025-09-09 14:00:00,17.30,45,14.90,,0.00,11.40,35
2025-09-09 15:00:00,17.40,44,14.70,,0.00,10.90,27
2025-09-09 16:00:00,17.30,44,14.60,,0.00,10.00,26
2025-09-09 17:00:00,16.90,45,14.30,,0.00,9.00,23
2025-09-09 18:00:00,16.50,46,14.10,,0.00,7.90,24
2025-09-09 19:00:00,14.40,54,12.50,,0.00,5.00,21
2025-09-09 20:00:00,12.60,61,10.80,,0.00,4.10,15
2025-09-09 21:00:00,11.40,72,10.00,,0.00,3.90,22
2025-09-09 22:00:00,10.90,73,9.40,,0.00,3.50,24
2025-09-09 23:00:00,10.50,74,9.00,,0.00,3.10,21
2025-09-10 00:00:00,9.40,79,8.00,,0.00,2.90,7
2025-09-10 01:00:00,9.00,79,7.50,,0.00,2.50,8
2025-09-10 02:00:00,8.60,81,7.10,,0.00,2.20,351
2025-09-10 03:00:00,7.90,84,6.40,,0.00,2.30,342
2025-09-10 04:00:00,7.60,85,6.00,,0.00,2.60,326
2025-09-10 05:00:00,7.40,86,5.90,,0.00,2.60,326
2025-09-10 06:00:00,7.50,86,5.90,,0.00,3.10,324
2025-09-10 07:00:00,8.30,87,6.90,,0.00,3.10,324
2025-09-10 08:00:00,10.80,81,9.80,,0.00,2.60,326
2025-09-10 09:00:00,13.10,72,11.90,,0.00,4.90,343
2025-09-10 10:00:00,15.40,62,14.00,,0.00,6.60,347
2025-09-10 11:00:00,16.80,56,15.30,,0.00,6.90,351
2025-09-10 12:00:00,17.90,54,16.60,,0.00,6.10,360
2025-09-10 13:00:00,18.30,53,16.90,,0.00,6.80,18
2025-09-10 14:00:00,18.80,51,17.40,,0.00,6.20,21
2025-09-10 15:00:00,19.10,48,17.60,,0.00,6.40,16
2025-09-10 16:00:00,19.20,48,17.90,,0.00,5.40,8
2025-09-10 17:00:00,19.00,49,17.90,,0.00,4.20,340
2025-09-10 18:00:00,19.00,50,18.00,,0.00,3.40,342
2025-09-10 19:00:00,17.00,59,16.40,,0.00,2.00,315
2025-09-10 20:00:00,15.20,61,14.40,,0.00,1.50,284
2025-09-10 21:00:00,12.90,76,12.40,,0.00,1.60,297
2025-09-10 22:00:00,11.90,78,11.30,,0.00,0.80,243
2025-09-10 23:00:00,11.20,81,10.50,,0.00,0.80,243
2025-09-11 00:00:00,10.70,84,10.10,,0.00,1.10,288
2025-09-11 01:00:00,10.50,85,9.60,,0.00,2.20,270
2025-09-11 02:00:00,10.30,86,9.40,,0.00,2.50,262
2025-09-11 03:00:00,10.00,87,9.10,,0.00,2.60,286
2025-09-11 04:00:00,9.80,89,8.80,,0.00,3.00,284
2025-09-11 05:00:00,9.60,89,8.60,,0.00,2.60,286
2025-09-11 06:00:00,9.50,88,8.50,,0.00,2.90,300
2025-09-11 07:00:00,9.70,89,8.80,,0.00,2.60,304
2025-09-11 08:00:00,12.10,85,11.70,,0.00,2.40,297
2025-09-11 09:00:00,15.10,71,14.30,,0.00,4.80,297
2025-09-11 10:00:00,17.40,63,16.70,,0.00,5.20,286
2025-09-11 11:00:00,18.90,55,17.80,,0.00,6.60,283
2025-09-11 12:00:00,20.20,48,18.90,,0.00,6.60,279
2025-09-11 13:00:00,20.70,45,19.20,,0.00,7.20,273
2025-09-11 14:00:00,21.30,44,19.80,,0.00,7.60,270
2025-09-11 15:00:00,21.40,44,20.00,,0.00,7.20,270
2025-09-11 16:00:00,21.40,43,19.90,,0.00,7.20,276
2025-09-11 17:00:00,21.10,44,19.70,,0.00,6.60,279
2025-09-11 18:00:00,20.20,48,19.20,,0.00,4.80,283
2025-09-11 19:00:00,18.10,57,17.40,,0.00,3.50,294
2025-09-11 20:00:00,16.30,63,15.60,,0.00,3.40,302
2025-09-11 21:00:00,14.60,77,14.30,,0.00,2.90,330
2025-09-11 22:00:00,13.80,76,13.30,,0.00,2.30,342
2025-09-11 23:00:00,12.90,79,12.40,,0.00,2.10,329
2025-09-12 00:00:00,11.90,84,11.40,,0.00,2.30,342
2025-09-12 01:00:00,11.40,85,10.80,,0.00,2.50,360
2025-09-12 02:00:00,11.10,87,10.50,,0.00,2.20,9
2025-09-12 03:00:00,10.00,88,9.20,,0.00,2.20,360
2025-09-12 04:00:00,9.30,93,8.50,,0.00,2.60,16
2025-09-12 05:00:00,9.10,94,8.20,,0.00,2.90,30
2025-09-12 06:00:00,8.90,95,8.00,,0.00,2.70,23
2025-09-12 07:00:00,9.20,95,8.30,,0.00,3.10,36
2025-09-12 08:00:00,12.20,88,11.90,,0.00,2.40,63
2025-09-12 09:00:00,16.00,73,15.80,,0.00,3.70,79
2025-09-12 10:00:00,18.50,64,18.50,,0.00,3.60,90
2025-09-12 11:00:00,20.10,56,20.00,,0.00,3.30,84
2025-09-12 12:00:00,21.40,47,20.60,,0.00,4.80,63
2025-09-12 13:00:00,22.00,45,21.30,,0.00,3.50,66
2025-09-12 14:00:00,22.40,42,21.70,,0.00,3.10,54
2025-09-12 15:00:00,22.70,40,21.80,,0.00,3.10,69
2025-09-12 16:00:00,22.70,40,21.90,,0.00,2.70,67
2025-09-12 17:00:00,22.20,41,21.30,,0.00,3.20,63
2025-09-12 18:00:00,21.60,45,20.80,,0.00,3.70,61
2025-09-12 19:00:00,19.00,53,18.10,,0.00,4.30,66
2025-09-12 20:00:00,17.40,58,16.40,,0.00,4.60,72
2025-09-12 21:00:00,16.60,66,15.90,,0.00,5.00,90
2025-09-12 22:00:00,15.70,67,14.80,,0.00,5.80,112
2025-09-12 23:00:00,14.70,73,13.60,,0.00,7.40,119
2025-09-13 00:00:00,13.90,75,13.00,,0.00,5.30,118
2025-09-13 01:00:00,13.30,77,12.30,,0.00,5.20,115
2025-09-13 02:00:00,12.80,79,11.80,,0.00,5.30,118
2025-09-13 03:00:00,12.00,82,11.00,,0.00,5.00,111
2025-09-13 04:00:00,11.80,83,10.80,,0.00,5.00,120
2025-09-13 05:00:00,11.60,83,10.60,,0.00,5.00,120
2025-09-13 06:00:00,11.30,82,10.20,,0.00,4.00,117
2025-09-13 07:00:00,11.60,80,10.50,,0.00,4.20,121
2025-09-13 08:00:00,13.70,72,12.70,,0.00,5.00,120
2025-09-13 09:00:00,15.40,64,13.80,,0.00,8.20,131
2025-09-13 10:00:00,17.20,58,15.50,,0.00,9.40,137
2025-09-13 11:00:00,19.10,53,17.30,,0.00,11.00,142
2025-09-13 12:00:00,20.80,46,19.20,,0.00,10.70,132
2025-09-13 13:00:00,21.40,44,20.10,,0.00,9.20,135
2025-09-13 14:00:00,22.00,40,20.40,,0.00,8.70,128
2025-09-13 15:00:00,22.30,39,20.30,,0.00,9.70,121
2025-09-13 16:00:00,22.00,39,20.00,,0.00,9.10,124
2025-09-13 17:00:00,21.50,39,19.40,,0.00,8.60,123
2025-09-13 18:00:00,20.60,42,18.90,,0.00,6.40,117
2025-09-13 19:00:00,17.40,52,16.10,,0.00,4.70,99
2025-09-13 20:00:00,15.20,59,13.60,,0.00,5.50,101
2025-09-13 21:00:00,14.50,62,12.90,,0.00,5.80,97
2025-09-13 22:00:00,13.60,62,11.70,,0.00,6.20,100
2025-09-13 23:00:00,12.90,66,11.10,,0.00,6.40,106
2025-09-14 00:00:00,12.30,70,10.70,,0.00,5.70,108
2025-09-14 01:00:00,11.80,72,10.20,,0.00,6.00,115
2025-09-14 02:00:00,11.50,71,9.60,,0.00,6.60,119
2025-09-14 03:00:00,11.00,72,9.10,,0.00,6.30,121
2025-09-14 04:00:00,10.70,74,8.70,,0.00,6.80,122
2025-09-14 05:00:00,10.40,75,8.30,,0.00,7.80,124
2025-09-14 06:00:00,9.80,78,7.70,,0.00,7.70,118
2025-09-14 07:00:00,10.10,77,7.90,,0.00,8.20,113
2025-09-14 08:00:00,12.20,70,9.90,,0.00,10.60,114
2025-09-14 09:00:00,14.70,63,12.50,,0.00,10.60,118
2025-09-14 10:00:00,17.30,55,15.00,,0.00,12.50,131
2025-09-14 11:00:00,19.50,47,16.90,,0.00,14.00,138
2025-09-14 12:00:00,21.30,40,18.60,,0.00,14.90,143
2025-09-14 13:00:00,22.10,38,19.80,,0.00,14.30,141
2025-09-14 14:00:00,22.80,38,20.50,,0.00,14.10,140
2025-09-14 15:00:00,23.10,37,20.60,,0.00,13.50,138
2025-09-14 16:00:00,23.00,38,20.50,,0.00,13.30,139
2025-09-14 17:00:00,22.40,39,19.90,,0.00,13.00,138
2025-09-14 18:00:00,21.30,44,19.40,,0.00,10.20,132
2025-09-14 19:00:00,19.20,50,17.60,,0.00,8.10,122
2025-09-14 20:00:00,17.50,55,15.70,,0.00,9.00,119
2025-09-14 21:00:00,17.40,55,15.50,,0.00,10.00,120
2025-09-14 22:00:00,16.80,56,14.70,,0.00,10.90,124
2025-09-14 23:00:00,16.40,55,14.00,,0.00,11.10,126
2025-09-15 00:00:00,16.00,54,13.60,,0.00,11.10,126
2025-09-15 01:00:00,15.70,54,13.20,,0.00,10.90,134
2025-09-15 02:00:00,15.10,56,12.80,,0.00,9.20,138
2025-09-15 03:00:00,13.80,69,12.00,,0.30,9.30,144
2025-09-15 04:00:00,12.40,84,11.00,,1.10,9.20,135
2025-09-15 05:00:00,11.80,92,10.40,,1.90,10.40,110
2025-09-15 06:00:00,11.80,94,10.80,,0.80,8.10,103
2025-09-15 07:00:00,11.80,94,10.80,,1.00,8.40,110
2025-09-15 08:00:00,12.00,93,10.90,,0.10,8.90,104
2025-09-15 09:00:00,12.20,93,11.20,,0.00,9.10,99
2025-09-15 10:00:00,12.10,92,11.10,,0.50,8.90,104
2025-09-15 11:00:00,12.70,89,11.70,,0.10,8.90,104
2025-09-15 12:00:00,13.80,87,13.30,,0.00,6.90,96
2025-09-15 13:00:00,15.40,83,15.10,,0.00,6.80,90
2025-09-15 14:00:00,16.40,81,16.40,,0.00,6.50,84
2025-09-15 15:00:00,16.10,83,16.20,,0.00,6.30,77
2025-09-15 16:00:00,16.20,82,16.30,,0.00,6.20,80
2025-09-15 17:00:00,16.10,82,16.20,,0.00,6.30,66
2025-09-15 18:00:00,16.00,84,16.50,,0.00,3.60,53
2025-09-15 19:00:00,15.20,88,15.80,,0.00,2.30,18
2025-09-15 20:00:00,14.50,89,14.90,,0.00,3.00,14
2025-09-15 21:00:00,14.00,92,14.30,,0.00,3.50,24
2025-09-15 22:00:00,13.30,92,13.40,,0.00,3.10,21
2025-09-15 23:00:00,12.60,93,12.70,,0.00,2.30,18
2025-09-16 00:00:00,12.10,96,12.20,,0.00,2.20,9
2025-09-16 01:00:00,11.60,97,11.60,,0.00,1.80,349
2025-09-16 02:00:00,11.20,99,11.30,,0.00,1.90,338
2025-09-16 03:00:00,11.20,100,11.20,,0.00,2.30,342
2025-09-16 04:00:00,11.00,100,10.90,,0.00,2.60,344
2025-09-16 05:00:00,10.80,100,10.70,,0.00,2.50,352
2025-09-16 06:00:00,10.70,100,10.50,,0.00,3.20,360
2025-09-16 07:00:00,10.80,100,10.60,,0.00,2.90,7
2025-09-16 08:00:00,12.50,96,12.70,,0.00,2.90,7
2025-09-16 09:00:00,14.50,89,14.60,,0.00,5.00,30
2025-09-16 10:00:00,15.80,83,15.90,,0.00,5.60,40
2025-09-16 11:00:00,16.80,81,17.20,,0.00,4.70,32
2025-09-16 12:00:00,17.70,74,17.70,,0.00,6.00,25
2025-09-16 13:00:00,18.40,69,18.30,,0.00,5.60,27
2025-09-16 14:00:00,18.70,67,18.60,,0.00,5.50,32
2025-09-16 15:00:00,19.10,62,18.90,,0.00,4.70,32
2025-09-16 16:00:00,19.20,62,19.20,,0.00,4.10,15
2025-09-16 17:00:00,18.80,64,18.80,,0.00,4.30,5
2025-09-16 18:00:00,18.20,71,18.60,,0.00,3.30,6
2025-09-16 19:00:00,16.60,77,16.90,,0.00,2.90,7
2025-09-16 20:00:00,15.60,79,15.80,,0.00,2.70,23
2025-09-16 21:00:00,14.40,84,14.40,,0.00,3.30,41
2025-09-16 22:00:00,13.90,83,13.60,,0.00,4.10,52
2025-09-16 23:00:00,13.40,87,13.00,,0.00,4.80,63
2025-09-17 00:00:00,12.40,92,12.10,,0.00,4.40,55
2025-09-17 01:00:00,11.80,92,11.40,,0.00,3.90,68
2025-09-17 02:00:00,11.10,93,10.50,,0.00,3.80,73
2025-09-17 03:00:00,10.40,95,9.80,,0.00,3.90,68
2025-09-17 04:00:00,10.00,96,9.30,,0.00,3.90,68
2025-09-17 05:00:00,9.60,98,8.90,,0.00,3.40,72
2025-09-17 06:00:00,9.00,100,8.20,,0.00,3.40,72
2025-09-17 07:00:00,9.20,100,8.40,,0.00,4.00,85
2025-09-17 08:00:00,10.00,100,9.40,,0.00,4.30,90
2025-09-17 09:00:00,11.80,98,11.60,,0.00,4.00,85
2025-09-17 10:00:00,14.40,87,14.40,,0.00,5.10,98
2025-09-17 11:00:00,16.50,79,16.70,,0.00,4.90,107
2025-09-17 12:00:00,18.00,68,17.90,,0.00,4.70,99
2025-09-17 13:00:00,18.40,65,18.40,,0.00,3.60,127
2025-09-17 14:00:00,19.00,62,18.80,,0.00,4.00,153
2025-09-17 15:00:00,19.80,56,19.30,,0.00,5.00,159
2025-09-17 16:00:00,19.80,57,19.30,,0.00,5.40,172
2025-09-17 17:00:00,19.40,60,19.00,,0.00,5.40,180
2025-09-17 18:00:00,19.00,65,19.10,,0.00,3.60,174
2025-09-17 19:00:00,17.10,70,17.20,,0.00,2.90,173
2025-09-17 20:00:00,16.00,70,15.70,,0.00,3.10,159
2025-09-17 21:00:00,14.80,78,14.60,,0.00,3.40,162
2025-09-17 22:00:00,14.20,79,13.80,,0.00,3.70,151
2025-09-17 23:00:00,13.70,82,13.40,,0.00,3.90,158
2025-09-18 00:00:00,12.80,85,12.30,,0.00,4.10,165
2025-09-18 01:00:00,12.60,85,12.00,,0.00,4.00,170
2025-09-18 02:00:00,12.50,86,11.90,,0.00,4.50,166
2025-09-18 03:00:00,12.60,84,11.90,,0.00,4.70,171
2025-09-18 04:00:00,12.90,82,12.00,,0.00,5.80,176
2025-09-18 05:00:00,13.00,82,12.10,,0.00,5.90,191
2025-09-18 06:00:00,12.70,80,11.60,,0.00,6.20,187
2025-09-18 07:00:00,12.90,80,11.60,,0.00,7.60,185
2025-09-18 08:00:00,13.70,77,12.40,,0.00,7.90,196
2025-09-18 09:00:00,15.10,74,14.00,,0.00,8.70,204
2025-09-18 10:00:00,17.00,69,16.10,,0.00,9.10,214
2025-09-18 11:00:00,18.70,65,17.90,,0.00,9.20,219
2025-09-18 12:00:00,21.50,53,20.80,,0.00,9.00,217
2025-09-18 13:00:00,22.70,49,22.20,,0.00,9.20,219
2025-09-18 14:00:00,23.70,44,22.80,,0.00,9.40,223
2025-09-18 15:00:00,24.40,37,22.70,,0.00,9.10,236
2025-09-18 16:00:00,24.00,38,22.40,,0.00,8.70,240
2025-09-18 17:00:00,23.20,41,21.90,,0.00,7.40,231
2025-09-18 18:00:00,22.10,47,21.60,,0.00,4.20,211
2025-09-18 19:00:00,19.60,55,19.20,,0.00,3.70,191
2025-09-18 20:00:00,18.30,55,17.50,,0.00,3.60,174
2025-09-18 21:00:00,17.00,62,16.30,,0.00,4.00,170
2025-09-18 22:00:00,16.10,64,15.30,,0.00,4.40,171
2025-09-18 23:00:00,15.30,69,14.40,,0.00,5.10,172
2025-09-19 00:00:00,14.70,74,14.10,,0.00,4.70,176
2025-09-19 01:00:00,14.00,77,13.10,,0.00,6.10,177
2025-09-19 02:00:00,13.80,80,12.90,,0.00,6.90,186
2025-09-19 03:00:00,13.10,82,12.40,,0.00,5.40,188
2025-09-19 04:00:00,12.70,82,11.80,,0.00,5.40,184
2025-09-19 05:00:00,12.40,81,11.30,,0.00,5.80,176
2025-09-19 06:00:00,11.80,80,10.60,,0.00,5.50,169
2025-09-19 07:00:00,11.80,78,10.50,,0.00,5.60,165
2025-09-19 08:00:00,13.60,73,12.20,,0.00,7.30,171
2025-09-19 09:00:00,15.80,67,14.50,,0.00,8.40,173
2025-09-19 10:00:00,18.00,60,16.50,,0.00,10.90,174
2025-09-19 11:00:00,19.90,58,18.60,,0.00,11.20,176
2025-09-19 12:00:00,22.40,47,20.90,,0.00,12.60,180
2025-09-19 13:00:00,23.10,44,21.50,,0.00,13.30,182
2025-09-19 14:00:00,23.40,41,21.30,,0.00,13.30,182
2025-09-19 15:00:00,23.90,38,21.40,,0.00,14.40,179
2025-09-19 16:00:00,23.80,37,21.20,,0.00,14.00,179
2025-09-19 17:00:00,23.10,39,20.80,,0.00,12.20,178
2025-09-19 18:00:00,22.00,42,20.20,,0.00,9.40,173
2025-09-19 19:00:00,19.00,52,17.70,,0.00,7.00,159
2025-09-19 20:00:00,17.50,56,16.00,,0.00,7.60,161
2025-09-19 21:00:00,16.90,59,15.50,,0.00,7.50,163
2025-09-19 22:00:00,16.00,59,14.40,,0.00,7.40,157
2025-09-19 23:00:00,15.30,63,13.50,,0.00,8.90,153
2025-09-20 00:00:00,14.90,65,13.20,,0.00,8.90,159
2025-09-20 01:00:00,14.60,65,12.80,,0.00,9.20,159
2025-09-20 02:00:00,14.20,67,12.40,,0.00,9.00,157
2025-09-20 03:00:00,13.70,70,11.90,,0.00,9.00,164
2025-09-20 04:00:00,13.40,71,11.60,,0.00,9.40,157
2025-09-20 05:00:00,13.20,71,11.20,,0.00,9.90,161
2025-09-20 06:00:00,12.70,75,11.00,,0.00,9.10,162
2025-09-20 07:00:00,12.40,76,10.70,,0.00,8.90,166
2025-09-20 08:00:00,13.80,70,12.00,,0.00,9.90,170
2025-09-20 09:00:00,15.40,66,13.70,,0.00,9.90,170
2025-09-20 10:00:00,17.20,61,15.50,,0.00,11.20,180
2025-09-20 11:00:00,19.20,57,17.60,,0.00,12.20,180
2025-09-20 12:00:00,21.40,49,19.30,,0.00,14.40,184
2025-09-20 13:00:00,20.00,57,18.50,,0.00,12.20,178
2025-09-20 14:00:00,19.80,53,18.00,,0.00,12.60,177
2025-09-20 15:00:00,20.20,51,18.40,,0.00,11.90,175
2025-09-20 16:00:00,20.00,54,18.60,,0.00,10.70,166
2025-09-20 17:00:00,19.50,57,18.50,,0.00,8.20,165
2025-09-20 18:00:00,19.40,60,18.70,,0.00,7.40,157
2025-09-20 19:00:00,18.40,61,17.70,,0.00,6.60,167
2025-09-20 20:00:00,18.30,60,17.30,,0.00,7.90,164
2025-09-20 21:00:00,17.90,63,17.10,,0.00,7.40,166
2025-09-20 22:00:00,17.30,64,16.40,,0.00,6.90,174
2025-09-20 23:00:00,16.90,64,16.00,,0.00,6.50,177
2025-09-21 00:00:00,16.30,70,15.90,,0.00,4.40,189
2025-09-21 01:00:00,15.60,73,15.30,,0.00,4.00,190
2025-09-21 02:00:00,15.50,75,15.30,,0.00,3.40,198
2025-09-21 03:00:00,15.50,76,15.40,,0.00,3.00,194
2025-09-21 04:00:00,15.00,81,15.20,,0.00,2.40,207
2025-09-21 05:00:00,14.60,84,14.80,,0.00,2.50,180
2025-09-21 06:00:00,14.00,90,14.20,,0.00,3.30,186
2025-09-21 07:00:00,13.80,93,14.20,,0.00,2.90,180
2025-09-21 08:00:00,14.70,94,15.70,,0.00,1.50,135
2025-09-21 09:00:00,15.90,92,17.10,,0.00,1.80,180
2025-09-21 10:00:00,18.00,86,19.10,,0.00,5.60,195
2025-09-21 11:00:00,20.00,75,20.70,,0.00,8.00,198
2025-09-21 12:00:00,21.50,71,22.50,,0.00,7.50,197
2025-09-21 13:00:00,22.00,67,22.70,,0.00,8.00,188
2025-09-21 14:00:00,21.90,71,23.20,,0.00,6.80,155
2025-09-21 15:00:00,21.90,62,22.30,,0.00,6.90,141
2025-09-21 16:00:00,22.20,57,22.40,,0.00,5.90,133
2025-09-21 17:00:00,22.10,60,22.70,,0.00,4.70,122
2025-09-21 18:00:00,21.50,66,22.60,,0.00,3.60,96
2025-09-21 19:00:00,19.30,74,20.20,,0.00,4.30,66
2025-09-21 20:00:00,18.30,76,18.80,,0.00,5.40,82
2025-09-21 21:00:00,17.40,82,18.00,,0.00,5.20,102
2025-09-21 22:00:00,17.10,66,16.50,,0.00,5.10,135
2025-09-21 23:00:00,16.40,64,15.40,,0.00,6.10,140
2025-09-22 00:00:00,15.60,64,14.50,,0.00,5.40,143
2025-09-22 01:00:00,15.00,65,13.80,,0.00,5.40,138
2025-09-22 02:00:00,14.40,66,13.10,,0.00,5.40,132
2025-09-22 03:00:00,13.60,69,12.30,,0.00,5.20,124
2025-09-22 04:00:00,13.20,72,11.90,,0.00,5.40,127
2025-09-22 05:00:00,13.00,76,11.80,,0.00,5.90,128
2025-09-22 06:00:00,12.70,78,11.50,,0.00,6.20,126
2025-09-22 07:00:00,12.30,78,10.80,,0.00,7.30,123
2025-09-22 08:00:00,14.00,72,12.50,,0.00,8.80,125
2025-09-22 09:00:00,15.80,69,14.40,,0.00,9.50,127
2025-09-22 10:00:00,18.10,64,17.00,,0.00,10.20,132
2025-09-22 11:00:00,20.10,59,19.00,,0.00,11.20,132
2025-09-22 12:00:00,22.60,49,21.30,,0.00,12.00,139
2025-09-22 13:00:00,23.80,44,22.40,,0.00,13.40,149
2025-09-22 14:00:00,24.40,39,22.20,,0.00,14.20,153
2025-09-22 15:00:00,24.30,41,22.30,,0.00,14.10,142
2025-09-22 16:00:00,23.90,43,22.30,,0.00,12.30,142
2025-09-22 17:00:00,23.30,43,21.80,,0.00,10.70,147
2025-09-22 18:00:00,22.60,46,21.50,,0.00,7.90,150
2025-09-22 19:00:00,19.90,55,19.30,,0.00,5.20,115
2025-09-22 20:00:00,18.90,58,17.90,,0.00,7.20,117
2025-09-22 21:00:00,18.20,64,17.60,,0.00,6.40,128
2025-09-22 22:00:00,18.00,64,17.20,,0.00,7.40,137
2025-09-22 23:00:00,17.00,70,16.20,,0.00,8.20,139
2025-09-23 00:00:00,16.90,71,16.10,,0.00,8.70,138
2025-09-23 01:00:00,17.10,72,16.50,,0.00,8.70,138
2025-09-23 02:00:00,17.30,71,16.60,,0.00,8.90,137
2025-09-23 03:00:00,17.00,74,16.40,,0.00,8.40,140
2025-09-23 04:00:00,17.10,70,16.30,,0.00,8.90,137
2025-09-23 05:00:00,16.70,68,15.50,,0.00,10.00,139
2025-09-23 06:00:00,15.60,72,14.50,,0.00,8.70,138
2025-09-23 07:00:00,15.70,72,14.60,,0.00,8.90,137
2025-09-23 08:00:00,16.50,71,15.40,,0.00,10.00,139
2025-09-23 09:00:00,17.70,70,16.90,,0.00,10.50,139
2025-09-23 10:00:00,19.30,62,18.20,,0.00,11.00,139
2025-09-23 11:00:00,20.50,56,19.10,,0.00,12.30,140
2025-09-23 12:00:00,22.50,46,20.80,,0.00,12.50,139
2025-09-23 13:00:00,23.40,44,21.60,,0.00,13.20,137
2025-09-23 14:00:00,24.10,42,22.20,,0.00,13.50,136
2025-09-23 15:00:00,24.50,39,22.40,,0.00,13.90,143
2025-09-23 16:00:00,24.00,42,22.30,,0.00,12.50,147
2025-09-23 17:00:00,23.70,43,22.20,,0.00,11.10,144
2025-09-23 18:00:00,23.20,45,21.90,,0.00,10.40,146
2025-09-23 19:00:00,20.90,53,20.00,,0.00,8.00,144
2025-09-23 20:00:00,19.40,59,18.50,,0.00,8.20,142
2025-09-23 21:00:00,18.70,63,18.00,,0.00,8.00,144
2025-09-23 22:00:00,17.90,63,17.00,,0.00,8.00,144
2025-09-23 23:00:00,17.40,62,16.20,,0.00,8.30,146
2025-09-24 00:00:00,16.60,64,15.40,,0.00,7.70,143
2025-09-24 01:00:00,16.10,63,14.60,,0.00,8.30,146
2025-09-24 02:00:00,15.60,64,14.10,,0.00,8.30,146
2025-09-24 03:00:00,15.10,65,13.60,,0.00,7.50,145
2025-09-24 04:00:00,14.60,66,13.00,,0.00,7.80,146
2025-09-24 05:00:00,14.30,66,12.60,,0.00,8.10,148
2025-09-24 06:00:00,13.80,68,12.20,,0.00,7.30,147
2025-09-24 07:00:00,13.50,69,11.90,,0.00,7.50,145
2025-09-24 08:00:00,14.90,64,13.10,,0.00,8.60,147
2025-09-24 09:00:00,16.90,59,15.20,,0.00,9.20,149
2025-09-24 10:00:00,19.30,52,17.50,,0.00,10.30,151
2025-09-24 11:00:00,21.40,46,19.60,,0.00,10.50,153
2025-09-24 12:00:00,23.80,40,22.00,,0.00,11.10,155
2025-09-24 13:00:00,25.00,36,23.10,,0.00,11.70,162
2025-09-24 14:00:00,25.70,32,23.40,,0.00,12.10,170
2025-09-24 15:00:00,25.90,30,23.50,,0.00,11.00,169
2025-09-24 16:00:00,25.60,31,23.50,,0.00,9.40,173
2025-09-24 17:00:00,24.70,33,23.10,,0.00,6.50,174
2025-09-24 18:00:00,23.30,41,22.60,,0.00,3.40,162
2025-09-24 19:00:00,21.00,46,20.30,,0.00,2.80,140
2025-09-24 20:00:00,19.90,45,18.70,,0.00,3.30,131
2025-09-24 21:00:00,18.80,51,17.90,,0.00,3.60,135
2025-09-24 22:00:00,18.30,52,17.30,,0.00,3.30,139
2025-09-24 23:00:00,17.70,55,16.80,,0.00,3.20,153
2025-09-25 00:00:00,16.90,61,16.20,,0.00,3.30,167
2025-09-25 01:00:00,16.30,64,15.60,,0.00,3.30,167
2025-09-25 02:00:00,15.70,67,15.10,,0.00,3.70,169
2025-09-25 03:00:00,14.70,74,14.20,,0.00,3.40,162
2025-09-25 04:00:00,14.40,75,14.00,,0.00,3.30,167
2025-09-25 05:00:00,14.20,76,13.80,,0.00,3.00,166
2025-09-25 06:00:00,13.70,79,13.40,,0.00,2.20,261
2025-09-25 07:00:00,13.50,81,13.50,,0.00,1.00,225
2025-09-25 08:00:00,14.90,80,15.20,,0.00,1.00,135
2025-09-25 09:00:00,17.60,73,18.30,,0.00,1.10,360
2025-09-25 10:00:00,19.50,64,19.80,,0.00,3.30,13
2025-09-25 11:00:00,21.00,59,21.30,,0.00,3.50,24
2025-09-25 12:00:00,23.00,54,23.30,,0.00,5.00,30
2025-09-25 13:00:00,24.00,50,24.40,,0.00,3.90,34
2025-09-25 14:00:00,24.50,49,24.80,,0.00,4.80,13
2025-09-25 15:00:00,24.80,44,24.30,,0.00,7.20,6
2025-09-25 16:00:00,24.00,50,23.30,,0.00,10.60,10
2025-09-25 17:00:00,21.30,71,21.20,,0.00,14.00,23
2025-09-25 18:00:00,19.30,77,19.20,,0.00,12.10,23
2025-09-25 19:00:00,18.00,84,18.20,,0.00,10.20,32
2025-09-25 20:00:00,17.50,86,17.70,,0.00,10.20,42
2025-09-25 21:00:00,16.60,90,16.70,,0.00,10.20,39
2025-09-25 22:00:00,15.70,94,15.90,,0.00,9.70,45
2025-09-25 23:00:00,15.20,96,15.30,,0.00,9.40,47
2025-09-26 00:00:00,14.80,96,14.80,,0.00,8.90,43
2025-09-26 01:00:00,14.30,97,14.10,,0.00,9.70,48
2025-09-26 02:00:00,13.90,97,13.40,,0.00,10.50,49
2025-09-26 03:00:00,13.80,98,13.40,,0.00,10.20,51
2025-09-26 04:00:00,13.70,97,13.10,,0.00,10.80,53
2025-09-26 05:00:00,13.50,97,12.80,,0.00,11.00,52
2025-09-26 06:00:00,13.10,98,12.50,,0.00,10.00,49
2025-09-26 07:00:00,12.80,97,12.00,,0.00,10.50,49
2025-09-26 08:00:00,13.10,94,12.10,,0.00,11.30,53
2025-09-26 09:00:00,13.70,93,12.90,,0.00,10.60,55
2025-09-26 10:00:00,15.60,83,14.80,,0.00,11.10,61
2025-09-26 11:00:00,18.00,71,17.40,,0.00,9.80,62
2025-09-26 12:00:00,19.80,64,19.50,,0.00,7.70,53
2025-09-26 13:00:00,20.90,59,20.50,,0.00,7.90,51
2025-09-26 14:00:00,21.40,56,21.10,,0.00,7.10,45
2025-09-26 15:00:00,21.90,52,21.30,,0.00,6.90,47
2025-09-26 16:00:00,21.40,53,20.80,,0.00,7.40,43
2025-09-26 17:00:00,20.70,57,20.10,,0.00,7.90,43
2025-09-26 18:00:00,19.40,60,19.00,,0.00,5.80,30
2025-09-26 19:00:00,16.70,70,16.40,,0.00,4.80,27
2025-09-26 20:00:00,15.30,73,14.80,,0.00,4.90,36
2025-09-26 21:00:00,13.70,83,13.30,,0.00,4.90,36
2025-09-26 22:00:00,13.10,84,12.50,,0.00,4.80,42
2025-09-26 23:00:00,12.60,85,11.90,,0.00,5.10,45
2025-09-27 00:00:00,11.80,87,11.10,,0.00,4.60,39
2025-09-27 01:00:00,11.80,88,11.10,,0.00,4.80,42
2025-09-27 02:00:00,11.70,89,11.00,,0.00,5.10,45
2025-09-27 03:00:00,11.20,90,10.40,,0.00,4.60,39
2025-09-27 04:00:00,10.90,91,10.20,,0.00,4.30,42
2025-09-27 05:00:00,10.70,91,9.80,,0.00,4.60,45
2025-09-27 06:00:00,10.00,92,9.00,,0.00,4.30,42
2025-09-27 07:00:00,9.90,93,8.80,,0.00,4.80,42
2025-09-27 08:00:00,11.30,88,10.20,,0.00,5.90,47
2025-09-27 09:00:00,13.50,82,12.40,,0.00,8.50,54
2025-09-27 10:00:00,15.70,74,14.70,,0.00,9.40,58
2025-09-27 11:00:00,18.10,67,17.30,,0.00,9.40,58
2025-09-27 12:00:00,20.20,60,19.80,,0.00,7.60,59
2025-09-27 13:00:00,21.60,55,21.10,,0.00,8.20,67
2025-09-27 14:00:00,22.20,49,21.40,,0.00,7.10,75
2025-09-27 15:00:00,22.50,50,21.90,,0.00,6.80,58
2025-09-27 16:00:00,22.30,51,21.70,,0.00,7.20,53
2025-09-27 17:00:00,21.70,51,21.00,,0.00,7.40,51
2025-09-27 18:00:00,20.80,53,20.30,,0.00,4.80,48
2025-09-27 19:00:00,18.30,64,18.10,,0.00,4.40,35
2025-09-27 20:00:00,16.70,69,16.30,,0.00,4.90,36
2025-09-27 21:00:00,15.30,82,15.20,,0.00,5.40,42
2025-09-27 22:00:00,14.40,83,14.10,,0.00,5.50,58
2025-09-27 23:00:00,13.80,84,13.30,,0.00,6.00,57
2025-09-28 00:00:00,13.30,87,12.80,,0.00,5.80,60
2025-09-28 01:00:00,12.90,87,12.30,,0.00,5.60,63
2025-09-28 02:00:00,12.60,88,11.90,,0.00,6.00,65
2025-09-28 03:00:00,12.10,88,11.30,,0.00,5.30,62
2025-09-28 04:00:00,11.60,88,10.70,,0.00,5.20,65
2025-09-28 05:00:00,11.20,89,10.30,,0.00,5.50,67
2025-09-28 06:00:00,10.30,90,9.20,,0.00,5.00,69
2025-09-28 07:00:00,10.00,90,8.80,,0.00,5.00,69
2025-09-28 08:00:00,11.40,85,10.30,,0.00,5.20,74
2025-09-28 09:00:00,14.40,75,13.60,,0.00,5.40,94
2025-09-28 10:00:00,17.20,65,16.50,,0.00,5.90,101
2025-09-28 11:00:00,19.70,57,19.10,,0.00,5.90,104
2025-09-28 12:00:00,21.90,51,21.60,,0.00,5.10,94
2025-09-28 13:00:00,23.40,44,22.80,,0.00,5.70,108
2025-09-28 14:00:00,24.00,40,23.10,,0.00,5.20,124
2025-09-28 15:00:00,24.30,38,23.40,,0.00,4.70,113
2025-09-28 16:00:00,23.90,39,23.00,,0.00,4.50,104
2025-09-28 17:00:00,23.10,40,22.20,,0.00,4.30,95
2025-09-28 18:00:00,21.50,47,21.00,,0.00,2.90,90
2025-09-28 19:00:00,19.10,53,18.50,,0.00,2.50,90
2025-09-28 20:00:00,17.70,55,16.90,,0.00,2.50,98
2025-09-28 21:00:00,15.40,70,15.00,,0.00,2.70,67
2025-09-28 22:00:00,14.50,71,13.90,,0.00,2.90,83
2025-09-28 23:00:00,13.60,76,13.00,,0.00,3.30,84
2025-09-29 00:00:00,12.90,79,12.20,,0.00,3.60,90
2025-09-29 01:00:00,12.40,80,11.60,,0.00,3.30,96
2025-09-29 02:00:00,11.90,81,11.10,,0.00,3.10,111
2025-09-29 03:00:00,10.90,87,10.10,,0.00,2.90,97
2025-09-29 04:00:00,10.40,89,9.50,,0.00,3.30,96
2025-09-29 05:00:00,9.70,93,8.80,,0.00,3.30,103
2025-09-29 06:00:00,9.00,99,8.20,,0.00,3.30,84
2025-09-29 07:00:00,8.70,100,7.80,,0.00,3.70,79
2025-09-29 08:00:00,9.90,99,9.30,,0.00,3.30,77
2025-09-29 09:00:00,13.90,81,13.90,,0.00,1.80,101
2025-09-29 10:00:00,17.70,61,17.40,,0.00,2.30,141
2025-09-29 11:00:00,20.10,52,19.80,,0.00,2.30,162
2025-09-29 12:00:00,22.30,43,21.70,,0.00,1.90,158
2025-09-29 13:00:00,23.00,41,22.40,,0.00,2.50,172
2025-09-29 14:00:00,23.50,39,22.60,,0.00,3.70,191
2025-09-29 15:00:00,23.60,37,22.60,,0.00,3.70,191
2025-09-29 16:00:00,23.30,37,22.10,,0.00,4.00,207
2025-09-29 17:00:00,22.50,39,21.40,,0.00,3.70,209
2025-09-29 18:00:00,20.70,48,20.10,,0.00,2.60,196
2025-09-29 19:00:00,17.90,54,17.10,,0.00,2.50,188
2025-09-29 20:00:00,16.40,56,15.40,,0.00,2.90,180
2025-09-29 21:00:00,15.10,66,14.50,,0.00,1.80,180
2025-09-29 22:00:00,14.50,66,13.80,,0.00,1.40,180
2025-09-29 23:00:00,14.00,69,13.30,,0.00,1.50,166
2025-09-30 00:00:00,13.10,72,12.50,,0.00,0.80,153
2025-09-30 01:00:00,12.60,74,11.80,,0.00,1.80,169
2025-09-30 02:00:00,12.20,75,11.20,,0.00,2.90,187
2025-09-30 03:00:00,11.90,76,11.00,,0.00,2.60,164
2025-09-30 04:00:00,11.70,77,10.60,,0.00,3.00,166
2025-09-30 05:00:00,11.30,78,10.10,,0.00,3.30,167
2025-09-30 06:00:00,10.50,79,9.20,,0.00,3.20,153
2025-09-30 07:00:00,10.10,80,8.80,,0.00,3.20,153
2025-09-30 08:00:00,11.30,80,10.20,,0.00,3.70,151
2025-09-30 09:00:00,14.90,68,14.10,,0.00,3.70,169
2025-09-30 10:00:00,18.00,57,17.00,,0.00,5.00,180
2025-09-30 11:00:00,20.20,50,19.10,,0.00,6.50,199
2025-09-30 12:00:00,22.60,40,21.00,,0.00,7.50,215
2025-09-30 13:00:00,23.00,36,20.90,,0.00,9.70,228
2025-09-30 14:00:00,23.20,35,21.00,,0.00,10.00,232
2025-09-30 15:00:00,23.80,33,21.60,,0.00,8.90,230
2025-09-30 16:00:00,23.40,33,21.20,,0.00,8.20,232
2025-09-30 17:00:00,22.60,35,20.70,,0.00,6.70,234
2025-09-30 18:00:00,20.50,42,19.30,,0.00,3.40,212
2025-09-30 19:00:00,18.00,48,16.80,,0.00,2.90,180
2025-09-30 20:00:00,16.70,49,15.30,,0.00,3.00,166
2025-09-30 21:00:00,14.80,60,13.50,,0.00,3.70,169
2025-09-30 22:00:00,14.40,60,12.90,,0.00,4.40,171
2025-09-30 23:00:00,13.70,63,12.10,,0.00,4.70,171
2025-10-01 00:00:00,12.60,67,11.00,,0.00,4.70,171
2025-10-01 01:00:00,12.50,70,11.00,,0.00,4.70,180
2025-10-01 02:00:00,12.60,72,11.20,,0.00,5.40,184
2025-10-01 03:00:00,13.30,68,11.80,,0.00,5.80,180
2025-10-01 04:00:00,13.50,64,11.80,,0.00,6.20,187
2025-10-01 05:00:00,12.60,68,11.10,,0.00,5.00,201
2025-10-01 06:00:00,12.80,66,11.10,,0.00,5.20,196
2025-10-01 07:00:00,12.70,66,11.10,,0.00,5.00,201
2025-10-01 08:00:00,13.50,66,12.10,,0.00,4.30,222
2025-10-01 09:00:00,15.00,63,13.80,,0.00,5.00,240
2025-10-01 10:00:00,16.40,61,15.30,,0.00,5.50,293
2025-10-01 11:00:00,17.90,63,17.10,,0.00,7.10,319
2025-10-01 12:00:00,18.40,68,17.60,,0.00,10.00,322
2025-10-01 13:00:00,18.20,69,17.60,,0.00,9.20,315
2025-10-01 14:00:00,17.90,68,16.80,,0.00,11.30,307
2025-10-01 15:00:00,16.00,77,15.00,,0.30,11.00,308
2025-10-01 16:00:00,15.70,72,14.30,,0.00,11.00,319
2025-10-01 17:00:00,15.80,65,14.20,,0.00,9.20,321
2025-10-01 18:00:00,15.10,67,13.90,,0.00,5.90,308
2025-10-01 19:00:00,13.40,70,12.00,,0.00,5.90,308
2025-10-01 20:00:00,12.70,75,11.60,,0.00,4.80,312
2025-10-01 21:00:00,12.10,76,11.00,,0.00,3.80,311
2025-10-01 22:00:00,11.40,78,10.20,,0.00,4.10,308
2025-10-01 23:00:00,10.90,80,9.70,,0.00,3.90,304
2025-10-02 00:00:00,10.50,82,9.30,,0.00,3.90,304
2025-10-02 01:00:00,10.30,84,9.10,,0.00,3.90,304
2025-10-02 02:00:00,9.80,85,8.50,,0.00,4.10,308
2025-10-02 03:00:00,9.60,86,8.30,,0.00,4.10,308
2025-10-02 04:00:00,9.30,87,8.00,,0.00,4.40,305
2025-10-02 05:00:00,9.00,89,7.60,,0.00,4.20,301
2025-10-02 06:00:00,8.60,89,7.10,,0.00,4.30,312
2025-10-02 07:00:00,8.30,91,6.90,,0.00,4.60,315
2025-10-02 08:00:00,9.20,90,7.70,,0.00,6.10,315
2025-10-02 09:00:00,10.70,88,9.30,,0.00,6.90,321
2025-10-02 10:00:00,12.80,79,11.30,,0.00,9.10,326
2025-10-02 11:00:00,14.30,71,12.60,,0.00,10.50,329
2025-10-02 12:00:00,15.00,68,13.30,,0.00,10.00,330
2025-10-02 13:00:00,16.20,60,14.10,,0.00,11.30,329
2025-10-02 14:00:00,17.00,55,14.60,,0.00,12.60,329
2025-10-02 15:00:00,17.10,53,14.50,,0.00,13.20,331
2025-10-02 16:00:00,16.80,53,14.10,,0.00,13.30,327
2025-10-02 17:00:00,15.90,56,13.30,,0.00,12.30,328
2025-10-02 18:00:00,14.30,63,12.40,,0.00,8.50,324
2025-10-02 19:00:00,12.00,74,10.60,,0.00,5.40,318
2025-10-02 20:00:00,10.90,81,9.60,,0.00,4.90,324
2025-10-02 21:00:00,9.90,84,8.60,,0.00,4.30,318
2025-10-02 22:00:00,9.40,86,8.20,,0.00,3.60,323
2025-10-02 23:00:00,8.90,88,7.60,,0.00,3.80,319
2025-10-03 00:00:00,8.20,89,6.80,,0.00,3.80,319
2025-10-03 01:00:00,7.80,91,6.30,,0.00,3.80,311
2025-10-03 02:00:00,7.40,92,5.90,,0.00,3.60,307
2025-10-03 03:00:00,6.90,93,5.30,,0.00,3.60,307
2025-10-03 04:00:00,6.60,94,5.00,,0.00,3.20,297
2025-10-03 05:00:00,6.30,96,4.80,,0.00,2.60,286
2025-10-03 06:00:00,5.70,100,4.20,,0.00,3.00,284
2025-10-03 07:00:00,5.60,100,4.10,,0.00,2.60,286
2025-10-03 08:00:00,6.20,100,4.90,,0.00,2.50,262
2025-10-03 09:00:00,7.60,99,6.60,,0.00,2.30,219
2025-10-03 10:00:00,10.10,88,9.00,,0.00,4.20,211
2025-10-03 11:00:00,12.70,76,11.50,,0.00,6.00,213
2025-10-03 12:00:00,15.20,65,13.60,,0.00,8.00,216
2025-10-03 13:00:00,15.90,58,13.80,,0.00,9.80,253
2025-10-03 14:00:00,16.40,55,14.40,,0.00,9.30,254
2025-10-03 15:00:00,16.80,53,15.00,,0.00,7.60,239
2025-10-03 16:00:00,17.00,53,14.90,,0.00,9.50,233
2025-10-03 17:00:00,16.40,53,14.40,,0.00,7.90,227
2025-10-03 18:00:00,15.10,60,13.80,,0.00,4.10,195
2025-10-03 19:00:00,13.20,67,11.70,,0.00,4.70,189
2025-10-03 20:00:00,12.50,67,10.80,,0.00,5.50,191
2025-10-03 21:00:00,11.90,72,10.20,,0.00,6.60,189
2025-10-03 22:00:00,11.50,74,9.70,,0.00,7.30,191
2025-10-03 23:00:00,11.20,74,9.00,,0.00,9.20,191
2025-10-04 00:00:00,10.50,76,8.20,,0.00,9.20,191
2025-10-04 01:00:00,10.10,78,7.80,,0.00,9.50,189
2025-10-04 02:00:00,9.90,79,7.50,,0.00,10.20,188
2025-10-04 03:00:00,9.80,80,7.50,,0.00,10.10,186
2025-10-04 04:00:00,9.70,80,7.30,,0.00,10.50,188
2025-10-04 05:00:00,9.60,81,7.10,,0.00,10.90,188
2025-10-04 06:00:00,9.20,83,6.70,,0.00,10.90,188
2025-10-04 07:00:00,9.40,83,6.80,,0.00,12.00,187
2025-10-04 08:00:00,10.10,80,7.40,,0.00,13.10,189
2025-10-04 09:00:00,12.10,72,9.10,,0.00,15.40,191
2025-10-04 10:00:00,14.50,61,11.40,,0.00,15.80,192
2025-10-04 11:00:00,16.60,55,13.50,,0.00,16.50,203
2025-10-04 12:00:00,18.30,51,15.30,,0.00,16.80,211
2025-10-04 13:00:00,18.10,55,14.90,,0.00,19.40,252
2025-10-04 14:00:00,15.60,74,14.00,,0.30,12.40,260
2025-10-04 15:00:00,15.40,78,14.00,,0.20,12.40,262
2025-10-04 16:00:00,15.50,78,14.40,,0.00,11.50,268
2025-10-04 17:00:00,15.70,76,14.40,,0.00,12.30,267
2025-10-04 18:00:00,15.30,78,14.50,,0.00,8.00,260
2025-10-04 19:00:00,14.10,78,13.20,,0.00,6.60,283
2025-10-04 20:00:00,13.50,78,12.70,,0.00,5.10,266
2025-10-04 21:00:00,12.50,82,11.40,,0.00,6.90,264
2025-10-04 22:00:00,11.40,82,10.10,,0.00,6.50,267
2025-10-04 23:00:00,10.50,84,8.90,,0.00,6.70,254
2025-10-05 00:00:00,10.00,85,8.40,,0.00,6.70,254
2025-10-05 01:00:00,9.70,86,8.10,,0.00,6.50,251
2025-10-05 02:00:00,9.40,86,7.70,,0.00,6.80,245
2025-10-05 03:00:00,9.40,86,7.60,,0.00,6.80,245
2025-10-05 04:00:00,9.40,85,7.50,,0.00,7.40,247
2025-10-05 05:00:00,9.40,86,7.50,,0.00,7.40,247
2025-10-05 06:00:00,9.20,86,7.20,,0.00,7.80,248
2025-10-05 07:00:00,8.70,89,6.80,,0.00,7.90,254
2025-10-05 08:00:00,9.10,88,7.20,,0.00,8.50,258
2025-10-05 09:00:00,10.20,85,8.20,,0.00,9.80,264
2025-10-05 10:00:00,12.00,76,9.60,,0.00,12.30,275
2025-10-05 11:00:00,13.50,66,11.10,,0.00,11.50,268
2025-10-05 12:00:00,14.60,62,11.90,,0.00,13.40,262
2025-10-05 13:00:00,15.40,57,12.50,,0.00,13.80,261
2025-10-05 14:00:00,16.10,52,13.00,,0.00,14.60,261
2025-10-05 15:00:00,16.50,47,13.30,,0.00,13.80,263
2025-10-05 16:00:00,16.20,48,13.10,,0.00,12.60,250
2025-10-05 17:00:00,15.60,50,12.80,,0.00,11.00,238
2025-10-05 18:00:00,14.10,59,11.90,,0.00,7.90,223
2025-10-05 19:00:00,12.00,69,10.00,,0.00,7.30,213
2025-10-05 20:00:00,11.40,72,9.40,,0.00,8.00,216
2025-10-05 21:00:00,10.90,75,8.80,,0.00,8.70,222
2025-10-05 22:00:00,11.00,76,8.90,,0.00,8.50,216
2025-10-05 23:00:00,10.80,78,8.70,,0.00,9.40,212
2025-10-06 00:00:00,10.60,78,8.50,,0.00,9.00,209
2025-10-06 01:00:00,11.00,76,8.70,,0.00,10.20,212
2025-10-06 02:00:00,10.90,78,8.50,,0.40,12.00,224
2025-10-06 03:00:00,10.50,84,8.30,,0.70,11.70,223
2025-10-06 04:00:00,10.30,87,8.10,,0.10,11.70,225
2025-10-06 05:00:00,10.10,88,8.00,,0.00,11.20,228
2025-10-06 06:00:00,9.60,90,7.40,,0.00,11.40,235
2025-10-06 07:00:00,9.70,87,7.20,,0.00,12.30,249
2025-10-06 08:00:00,10.20,84,7.40,,0.00,14.90,262
2025-10-06 09:00:00,10.90,75,7.70,,0.00,15.60,289
2025-10-06 10:00:00,11.30,70,7.70,,0.00,17.50,289
2025-10-06 11:00:00,11.90,64,8.10,,0.00,18.00,290
2025-10-06 12:00:00,11.80,62,7.80,,0.00,18.20,288
2025-10-06 13:00:00,12.80,53,8.50,,0.00,19.40,292
2025-10-06 14:00:00,12.80,46,8.00,,0.00,20.30,297
2025-10-06 15:00:00,13.10,35,7.70,,0.00,19.80,295
2025-10-06 16:00:00,12.90,34,7.50,,0.00,19.70,298
2025-10-06 17:00:00,12.10,32,6.80,,0.00,18.20,304
2025-10-06 18:00:00,11.00,36,6.10,,0.00,15.90,308
2025-10-06 19:00:00,9.70,40,5.30,,0.00,12.30,310
2025-10-06 20:00:00,8.70,43,4.60,,0.00,10.00,308
2025-10-06 21:00:00,7.10,51,3.60,,0.00,6.90,298
2025-10-06 22:00:00,6.00,55,2.70,,0.00,6.10,298
2025-10-06 23:00:00,5.30,60,2.30,,0.00,3.80,287
2025-10-07 00:00:00,4.30,67,1.40,,0.00,4.00,265
2025-10-07 01:00:00,3.70,73,0.90,,0.00,3.80,229
2025-10-07 02:00:00,3.40,76,0.60,,0.00,4.20,211
2025-10-07 03:00:00,3.20,82,0.40,,0.00,4.90,216
2025-10-07 04:00:00,3.50,87,0.70,,0.00,6.30,211
2025-10-07 05:00:00,4.10,85,1.00,,0.00,8.90,207
2025-10-07 06:00:00,4.60,86,1.30,,0.00,10.40,200
2025-10-07 07:00:00,5.40,86,2.20,,0.20,11.50,200
2025-10-07 08:00:00,6.40,84,2.80,,0.00,14.70,202
2025-10-07 09:00:00,7.20,82,3.60,,0.00,15.40,201
2025-10-07 10:00:00,8.00,81,4.40,,0.40,16.50,203
2025-10-07 11:00:00,8.20,87,4.60,,1.80,18.50,207
2025-10-07 12:00:00,8.90,92,5.60,,1.90,18.40,211
2025-10-07 13:00:00,9.70,90,6.40,,1.10,19.10,229
2025-10-07 14:00:00,10.40,90,7.30,,0.20,19.30,233
2025-10-07 15:00:00,11.10,92,8.10,,0.20,20.50,236
2025-10-07 16:00:00,11.90,89,8.60,,0.00,22.90,237
2025-10-07 17:00:00,12.10,89,9.00,,0.00,22.10,233
2025-10-07 18:00:00,12.70,87,9.60,,0.00,22.60,239
2025-10-07 19:00:00,13.20,86,10.30,,0.10,21.70,243
2025-10-07 20:00:00,13.60,83,10.40,,0.00,23.30,253
2025-10-07 21:00:00,13.70,81,10.60,,0.00,22.00,259
2025-10-07 22:00:00,13.40,75,9.90,,0.30,22.70,293
2025-10-07 23:00:00,11.30,51,5.90,,0.00,23.70,292
2025-10-08 00:00:00,10.00,57,5.40,,0.00,19.40,288
2025-10-08 01:00:00,9.20,58,4.70,,0.00,17.80,284
2025-10-08 02:00:00,8.60,58,4.10,,0.00,17.00,283
2025-10-08 03:00:00,8.10,60,3.80,,0.00,15.70,279
2025-10-08 04:00:00,7.50,63,3.30,,0.00,15.60,278
2025-10-08 05:00:00,7.20,65,3.00,,0.00,15.70,279
2025-10-08 06:00:00,6.70,67,2.40,,0.00,15.90,276
2025-10-08 07:00:00,6.50,68,2.10,,0.00,16.40,279
2025-10-08 08:00:00,6.30,64,1.50,,0.00,18.10,287
2025-10-08 09:00:00,6.50,60,1.40,,0.00,19.80,289
2025-10-08 10:00:00,7.40,56,2.20,,0.00,20.10,279
2025-10-08 11:00:00,8.30,51,2.80,,0.00,21.90,279
2025-10-08 12:00:00,9.00,47,3.10,,0.00,24.10,273
2025-10-08 13:00:00,9.50,40,3.30,,0.00,24.40,284
2025-10-08 14:00:00,9.70,41,3.50,,0.00,25.10,286
2025-10-08 15:00:00,9.70,37,3.50,,0.00,24.40,289
2025-10-08 16:00:00,9.40,39,3.40,,0.00,22.80,288
2025-10-08 17:00:00,8.70,41,3.00,,0.00,21.10,287
2025-10-08 18:00:00,7.60,43,2.10,,0.00,18.90,279
2025-10-08 19:00:00,6.80,45,1.70,,0.00,16.60,272
2025-10-08 20:00:00,6.30,48,1.20,,0.00,16.90,271
2025-10-08 21:00:00,5.70,56,0.70,,0.00,17.30,282
2025-10-08 22:00:00,5.30,62,0.20,,0.00,19.10,286
2025-10-08 23:00:00,4.70,68,-0.20,,0.00,18.60,285
2025-10-09 00:00:00,4.20,74,-0.50,,0.00,17.90,289
2025-10-09 01:00:00,4.00,75,-0.70,,0.00,17.70,287
2025-10-09 02:00:00,3.70,79,-0.90,,0.10,17.30,287
2025-10-09 03:00:00,3.70,79,-1.10,,0.10,18.30,285
2025-10-09 04:00:00,3.60,80,-1.10,,0.10,18.60,288
2025-10-09 05:00:00,3.80,78,-1.00,,0.00,18.60,292
2025-10-09 06:00:00,3.80,79,-1.10,,0.00,19.20,293
2025-10-09 07:00:00,3.80,77,-1.10,,0.00,19.00,299
2025-10-09 08:00:00,3.70,77,-1.00,,0.00,18.10,301
2025-10-09 09:00:00,4.10,72,-0.90,,0.00,19.30,299
2025-10-09 10:00:00,4.60,71,-0.40,,0.00,19.10,292
2025-10-09 11:00:00,5.20,67,0.40,,0.00,17.90,310
2025-10-09 12:00:00,6.10,61,0.90,,0.00,19.90,311
2025-10-09 13:00:00,6.90,54,1.60,,0.00,19.80,303
2025-10-09 14:00:00,7.80,50,2.70,,0.00,18.70,298
2025-10-09 15:00:00,8.30,43,2.90,,0.00,18.70,295
2025-10-09 16:00:00,8.30,40,3.00,,0.00,17.40,294
2025-10-09 17:00:00,7.80,42,2.90,,0.00,15.30,300
2025-10-09 18:00:00,7.10,45,2.80,,0.00,11.20,291
2025-10-09 19:00:00,5.70,56,2.10,,0.00,7.60,275
2025-10-09 20:00:00,5.10,62,1.40,,0.00,8.70,275
2025-10-09 21:00:00,5.00,67,1.70,,0.00,7.60,267
2025-10-09 22:00:00,4.30,73,0.90,,0.00,8.40,260
2025-10-09 23:00:00,3.70,77,0.40,,0.00,8.30,270
2025-10-10 00:00:00,3.50,79,0.20,,0.00,7.60,262
2025-10-10 01:00:00,3.60,83,0.30,,0.10,9.10,263
2025-10-10 02:00:00,3.60,84,0.50,,0.00,8.40,263
2025-10-10 03:00:00,3.00,87,-0.20,,0.00,8.40,250
2025-10-10 04:00:00,2.90,88,-0.40,,0.00,9.10,261
2025-10-10 05:00:00,2.80,89,-0.40,,0.00,8.80,261
2025-10-10 06:00:00,2.80,89,-0.40,,0.00,9.10,263
2025-10-10 07:00:00,2.90,87,-0.50,,0.00,9.40,263
2025-10-10 08:00:00,2.90,86,-0.50,,0.00,9.40,268
2025-10-10 09:00:00,3.50,84,0.10,,0.00,10.20,278
2025-10-10 10:00:00,5.00,78,1.20,,0.00,12.90,297
2025-10-10 11:00:00,5.70,74,1.90,,0.00,12.60,307
2025-10-10 12:00:00,5.80,75,2.30,,0.30,11.80,310
2025-10-10 13:00:00,6.70,71,3.00,,0.00,12.20,315
2025-10-10 14:00:00,7.50,60,3.30,,0.00,14.30,321
2025-10-10 15:00:00,7.70,54,3.50,,0.00,13.40,329
2025-10-10 16:00:00,7.50,53,3.30,,0.00,12.90,333
2025-10-10 17:00:00,7.00,53,3.00,,0.00,10.30,331
2025-10-10 18:00:00,6.00,57,2.50,,0.00,7.00,325
2025-10-10 19:00:00,4.60,63,1.40,,0.00,5.50,328
2025-10-10 20:00:00,3.70,67,0.50,,0.00,5.50,337
2025-10-10 21:00:00,2.50,75,-0.40,,0.00,3.40,328
2025-10-10 22:00:00,2.00,76,-0.90,,0.00,3.30,311
2025-10-10 23:00:00,1.40,79,-1.50,,0.00,3.60,315
2025-10-11 00:00:00,0.60,82,-2.30,,0.00,3.30,311
2025-10-11 01:00:00,0.30,82,-2.60,,0.00,2.70,293
2025-10-11 02:00:00,-0.10,83,-3.10,,0.00,2.90,277
2025-10-11 03:00:00,-0.90,84,-3.80,,0.00,2.50,278
2025-10-11 04:00:00,-1.10,86,-4.00,,0.00,2.50,270
2025-10-11 05:00:00,-1.30,86,-4.20,,0.00,2.40,243
2025-10-11 06:00:00,-1.80,87,-4.80,,0.00,2.60,214
2025-10-11 07:00:00,-2.20,88,-5.30,,0.00,3.30,193
2025-10-11 08:00:00,-2.20,89,-5.40,,0.00,4.00,185
2025-10-11 09:00:00,0.10,84,-3.00,,0.00,4.40,189
2025-10-11 10:00:00,2.70,72,-0.80,,0.00,8.00,198
2025-10-11 11:00:00,5.30,61,1.50,,0.00,9.40,203
2025-10-11 12:00:00,7.90,49,3.60,,0.00,12.20,204
2025-10-11 13:00:00,9.00,46,4.70,,0.00,13.20,206
2025-10-11 14:00:00,9.70,45,5.30,,0.00,13.40,200
2025-10-11 15:00:00,10.30,43,6.00,,0.00,13.00,199
2025-10-11 16:00:00,10.20,44,5.80,,0.00,14.00,192
2025-10-11 17:00:00,9.60,47,5.30,,0.00,13.40,194
2025-10-11 18:00:00,8.50,50,4.60,,0.00,10.80,184
2025-10-11 19:00:00,7.10,57,3.20,,0.00,11.20,180
2025-10-11 20:00:00,6.50,59,2.50,,0.00,11.90,182
2025-10-11 21:00:00,6.30,60,2.20,,0.00,12.60,185
2025-10-11 22:00:00,6.20,61,1.80,,0.00,14.60,189
2025-10-11 23:00:00,6.10,62,1.70,,0.00,14.90,188
2025-10-12 00:00:00,7.20,57,2.80,,0.00,14.80,193
2025-10-12 01:00:00,7.80,54,3.20,,0.00,15.80,192
2025-10-12 02:00:00,8.40,51,3.40,,0.00,18.10,197
2025-10-12 03:00:00,8.80,48,4.00,,0.00,16.90,196
2025-10-12 04:00:00,8.90,48,4.00,,0.00,17.30,197
2025-10-12 05:00:00,8.50,53,3.80,,0.00,16.90,196
2025-10-12 06:00:00,8.40,59,3.80,,0.00,17.40,198
2025-10-12 07:00:00,8.10,66,3.70,,0.00,17.90,199
2025-10-12 08:00:00,8.40,69,4.20,,0.00,18.10,201
2025-10-12 09:00:00,9.70,66,5.60,,0.00,17.90,202
2025-10-12 10:00:00,11.20,62,7.10,,0.00,18.60,202
2025-10-12 11:00:00,13.20,58,8.90,,0.00,21.10,207
2025-10-12 12:00:00,15.20,54,11.30,,0.00,19.30,207
2025-10-12 13:00:00,16.80,52,13.10,,0.00,19.80,207
2025-10-12 14:00:00,18.20,49,14.50,,0.00,20.30,210
2025-10-12 15:00:00,19.00,47,15.50,,0.00,19.80,209
2025-10-12 16:00:00,19.20,47,15.70,,0.00,19.30,213
2025-10-12 17:00:00,18.90,48,15.50,,0.00,18.80,212
2025-10-12 18:00:00,18.30,50,15.30,,0.00,16.20,212
2025-10-12 19:00:00,17.60,53,14.90,,0.00,14.80,214
2025-10-12 20:00:00,17.30,55,14.90,,0.00,13.00,222
2025-10-12 21:00:00,16.70,57,14.50,,0.10,11.70,227
2025-10-12 22:00:00,14.80,75,13.60,,0.80,9.30,257
2025-10-12 23:00:00,13.60,85,12.70,,1.20,8.40,223
2025-10-13 00:00:00,13.30,91,12.50,,0.10,9.70,228
2025-10-13 01:00:00,13.30,92,12.60,,0.00,8.90,230
2025-10-13 02:00:00,13.20,93,12.60,,0.00,8.80,235
2025-10-13 03:00:00,13.10,95,12.60,,0.00,7.90,240
2025-10-13 04:00:00,13.00,95,12.40,,0.00,8.90,256
2025-10-13 05:00:00,12.70,85,10.90,,0.00,13.30,311
2025-10-13 06:00:00,10.90,83,9.50,,0.00,6.20,306
2025-10-13 07:00:00,9.50,87,8.10,,0.00,5.00,300
2025-10-13 08:00:00,8.70,88,7.10,,0.00,5.20,286
2025-10-13 09:00:00,9.70,82,7.90,,0.00,6.20,277
2025-10-13 10:00:00,11.20,76,9.30,,0.00,8.20,285
2025-10-13 11:00:00,12.60,70,10.60,,0.00,8.80,289
2025-10-13 12:00:00,14.00,60,11.60,,0.00,9.90,289
2025-10-13 13:00:00,14.60,54,11.80,,0.00,11.30,287
2025-10-13 14:00:00,14.80,51,11.90,,0.00,11.00,289
2025-10-13 15:00:00,15.00,49,12.30,,0.00,9.60,290
2025-10-13 16:00:00,14.80,48,12.00,,0.00,9.00,286
2025-10-13 17:00:00,14.20,49,11.60,,0.00,6.90,279
2025-10-13 18:00:00,12.30,59,10.40,,0.00,4.00,265
2025-10-13 19:00:00,11.00,64,9.20,,0.00,3.10,249
2025-10-13 20:00:00,10.30,65,8.40,,0.00,2.80,220
2025-10-13 21:00:00,8.60,73,6.80,,0.00,2.60,214
2025-10-13 22:00:00,8.10,75,6.20,,0.00,3.10,201
2025-10-13 23:00:00,7.50,78,5.50,,0.00,3.30,193
2025-10-14 00:00:00,6.30,82,4.20,,0.00,4.00,190
2025-10-14 01:00:00,5.80,83,3.50,,0.00,4.40,189
2025-10-14 02:00:00,5.30,87,3.10,,0.00,4.70,180
2025-10-14 03:00:00,4.90,89,2.70,,0.00,4.70,180
2025-10-14 04:00:00,5.00,89,2.70,,0.00,5.40,184
2025-10-14 05:00:00,5.50,88,3.10,,0.00,6.20,190
2025-10-14 06:00:00,5.50,89,2.90,,0.00,7.60,185
2025-10-14 07:00:00,6.10,87,3.40,,0.00,8.70,187
2025-10-14 08:00:00,6.50,85,3.70,,0.00,9.80,186
2025-10-14 09:00:00,8.50,81,5.70,,0.00,11.80,192
2025-10-14 10:00:00,11.30,72,8.60,,0.00,12.10,192
2025-10-14 11:00:00,14.10,64,11.40,,0.00,13.90,197
2025-10-14 12:00:00,17.30,57,14.60,,0.00,16.00,203
2025-10-14 13:00:00,18.70,55,16.00,,0.00,17.60,206
2025-10-14 14:00:00,19.70,53,17.10,,0.00,17.70,204
2025-10-14 15:00:00,20.30,51,17.80,,0.00,17.10,205
2025-10-14 16:00:00,19.80,53,17.40,,0.00,16.60,198
2025-10-14 17:00:00,19.00,56,16.70,,0.00,15.50,192
2025-10-14 18:00:00,18.00,62,16.20,,0.00,13.80,189
2025-10-14 19:00:00,17.20,67,15.40,,0.00,14.50,187
2025-10-14 20:00:00,16.60,71,14.80,,0.00,14.90,188
2025-10-14 21:00:00,16.10,71,14.10,,0.00,14.90,188
2025-10-14 22:00:00,15.60,74,13.70,,0.00,14.60,190
2025-10-14 23:00:00,15.20,76,13.40,,0.00,14.70,191
2025-10-15 00:00:00,15.20,74,13.30,,0.00,14.10,193
2025-10-15 01:00:00,14.80,75,13.00,,0.00,13.60,192
2025-10-15 02:00:00,14.40,77,12.50,,0.00,13.90,190
2025-10-15 03:00:00,13.70,78,11.80,,0.00,12.70,188
2025-10-15 04:00:00,13.50,81,11.70,,0.00,13.00,194
2025-10-15 05:00:00,13.40,83,11.60,,0.00,13.40,194
2025-10-15 06:00:00,13.10,84,11.30,,0.00,12.80,196
2025-10-15 07:00:00,12.50,89,10.80,,0.00,12.80,196
2025-10-15 08:00:00,12.60,90,11.00,,0.00,12.60,200
2025-10-15 09:00:00,13.40,88,11.40,,0.00,16.20,212
2025-10-15 10:00:00,14.30,84,13.00,,0.00,12.20,214
2025-10-15 11:00:00,15.80,76,14.30,,0.00,13.80,227
2025-10-15 12:00:00,16.10,76,14.50,,0.00,14.30,245
2025-10-15 13:00:00,14.50,89,14.00,,1.10,9.10,261
2025-10-15 14:00:00,13.90,92,13.50,,0.90,8.50,282
2025-10-15 15:00:00,13.20,94,12.50,,1.60,9.40,302
2025-10-15 16:00:00,11.90,88,10.40,,0.60,9.90,327
2025-10-15 17:00:00,11.00,83,9.50,,0.20,6.50,326
2025-10-15 18:00:00,10.40,86,9.20,,0.50,4.60,321
2025-10-15 19:00:00,9.90,90,8.60,,0.60,6.10,310
2025-10-15 20:00:00,9.70,91,8.70,,0.30,4.10,308
2025-10-15 21:00:00,9.40,94,8.40,,0.40,4.10,285
2025-10-15 22:00:00,9.40,95,8.30,,0.80,4.80,283
2025-10-15 23:00:00,9.50,89,7.60,,0.50,8.70,300
2025-10-16 00:00:00,9.00,92,7.70,,0.40,4.80,297
2025-10-16 01:00:00,8.90,93,7.20,,1.10,7.40,313
2025-10-16 02:00:00,8.60,92,7.10,,1.00,5.60,310
2025-10-16 03:00:00,8.10,93,6.30,,1.10,6.90,309
2025-10-16 04:00:00,7.70,90,6.20,,1.10,4.10,315
2025-10-16 05:00:00,7.50,94,5.80,,1.90,5.40,312
2025-10-16 06:00:00,7.20,92,4.70,,2.60,9.70,329
2025-10-16 07:00:00,6.30,80,2.90,,2.10,11.70,342
2025-10-16 08:00:00,5.80,81,3.00,,1.20,7.80,338
2025-10-16 09:00:00,5.60,86,3.10,,0.90,6.10,320
2025-10-16 10:00:00,5.90,87,3.80,,0.70,4.70,293
2025-10-16 11:00:00,6.30,88,4.10,,0.80,6.20,280
2025-10-16 12:00:00,6.50,90,4.10,,0.50,7.80,292
2025-10-16 13:00:00,6.80,89,4.00,,0.30,10.70,303
2025-10-16 14:00:00,6.90,87,4.10,,0.20,11.00,302
2025-10-16 15:00:00,7.50,80,4.50,,0.00,10.80,296
2025-10-16 16:00:00,7.60,76,4.50,,0.00,11.00,293
2025-10-16 17:00:00,7.30,75,4.20,,0.00,10.40,284
2025-10-16 18:00:00,6.50,79,3.40,,0.00,10.50,274
2025-10-16 19:00:00,5.90,84,2.40,,0.00,13.40,290
2025-10-16 20:00:00,5.80,85,2.30,,0.00,13.60,287
2025-10-16 21:00:00,5.40,86,1.70,,0.00,14.50,289
2025-10-16 22:00:00,5.20,87,1.60,,0.00,13.70,288
2025-10-16 23:00:00,5.10,86,1.60,,0.00,12.90,288
2025-10-17 00:00:00,4.50,88,1.00,,0.00,12.00,277
2025-10-17 01:00:00,4.10,89,0.60,,0.00,11.90,273
2025-10-17 02:00:00,3.90,89,0.30,,0.00,12.30,273
2025-10-17 03:00:00,3.70,90,0.20,,0.00,11.50,270
2025-10-17 04:00:00,3.50,90,-0.00,,0.00,11.90,268
2025-10-17 05:00:00,3.60,91,-0.00,,0.00,12.60,270
2025-10-17 06:00:00,3.30,91,-0.40,,0.00,12.60,275
2025-10-17 07:00:00,3.40,87,-0.40,,0.00,13.40,284
2025-10-17 08:00:00,3.10,87,-0.50,,0.00,11.30,263
2025-10-17 09:00:00,3.40,89,-0.50,,0.00,14.10,264
2025-10-17 10:00:00,4.40,82,0.20,,0.00,15.50,274
2025-10-17 11:00:00,5.30,74,1.00,,0.00,15.90,275
2025-10-17 12:00:00,6.30,69,1.80,,0.00,17.30,282
2025-10-17 13:00:00,6.60,64,1.90,,0.10,17.70,287
2025-10-17 14:00:00,7.10,60,2.30,,0.10,18.10,287
2025-10-17 15:00:00,7.20,57,2.50,,0.30,16.50,286
2025-10-17 16:00:00,7.00,59,2.70,,0.10,14.10,289
2025-10-17 17:00:00,6.90,58,3.00,,0.00,10.90,276
2025-10-17 18:00:00,6.10,62,2.60,,0.00,8.60,255
2025-10-17 19:00:00,5.00,68,1.60,,0.00,8.30,252
2025-10-17 20:00:00,4.30,72,0.90,,0.00,8.20,241
2025-10-17 21:00:00,3.60,77,0.30,,0.00,8.40,245
2025-10-17 22:00:00,3.30,79,-0.00,,0.00,8.30,236
2025-10-17 23:00:00,3.70,78,0.20,,0.00,9.50,241
2025-10-18 00:00:00,4.10,78,0.60,,0.00,10.00,240
2025-10-18 01:00:00,3.60,81,0.10,,0.00,10.00,240
2025-10-18 02:00:00,3.00,84,-0.50,,0.00,10.10,235
2025-10-18 03:00:00,2.60,87,-0.80,,0.00,9.40,230
2025-10-18 04:00:00,2.20,89,-1.30,,0.00,10.20,231
2025-10-18 05:00:00,1.90,90,-1.80,,0.00,10.70,230
2025-10-18 06:00:00,1.60,92,-2.00,,0.00,10.60,235
2025-10-18 07:00:00,1.40,93,-2.30,,0.00,11.00,232
2025-10-18 08:00:00,1.60,92,-2.20,,0.00,11.50,231
2025-10-18 09:00:00,2.50,89,-1.10,,0.00,11.00,229
2025-10-18 10:00:00,4.20,82,0.40,,0.00,12.60,233
2025-10-18 11:00:00,5.60,77,1.90,,0.00,12.80,232
2025-10-18 12:00:00,7.10,70,3.50,,0.00,12.50,229
2025-10-18 13:00:00,8.00,68,4.30,,0.00,13.30,232
2025-10-18 14:00:00,8.40,63,4.20,,0.00,16.10,246
2025-10-18 15:00:00,8.60,63,4.70,,0.00,14.50,240
2025-10-18 16:00:00,8.30,65,4.60,,0.00,12.70,227
2025-10-18 17:00:00,7.80,66,4.20,,0.00,12.00,219
2025-10-18 18:00:00,7.30,69,3.80,,0.00,11.50,219
2025-10-18 19:00:00,6.70,72,3.40,,0.00,10.20,212
2025-10-18 20:00:00,6.40,74,3.20,,0.10,9.30,208
2025-10-18 21:00:00,5.90,78,2.90,,0.20,9.10,214
2025-10-18 22:00:00,5.70,83,2.70,,0.40,9.40,227
2025-10-18 23:00:00,5.60,85,2.50,,0.20,9.90,224
2025-10-19 00:00:00,5.40,87,2.50,,0.00,9.40,227
2025-10-19 01:00:00,5.10,88,2.30,,0.00,8.40,230
2025-10-19 02:00:00,4.50,90,1.80,,0.00,7.70,233
2025-10-19 03:00:00,3.80,91,1.00,,0.00,7.10,221
2025-10-19 04:00:00,3.40,92,0.60,,0.00,7.40,227
2025-10-19 05:00:00,3.30,92,0.40,,0.00,7.40,227
2025-10-19 06:00:00,3.20,93,0.30,,0.00,7.10,225
2025-10-19 07:00:00,3.30,93,0.40,,0.00,7.40,223
2025-10-19 08:00:00,3.50,93,0.60,,0.00,8.20,221
2025-10-19 09:00:00,4.20,90,1.10,,0.00,9.20,228
2025-10-19 10:00:00,5.20,86,2.00,,0.00,10.50,229
2025-10-19 11:00:00,5.90,84,3.00,,0.00,9.40,230
2025-10-19 12:00:00,7.20,78,4.10,,0.00,11.00,247
2025-10-19 13:00:00,7.70,74,4.30,,0.00,12.30,249
2025-10-19 14:00:00,8.00,72,4.80,,0.00,11.10,245
2025-10-19 15:00:00,8.70,68,5.30,,0.00,12.00,249
2025-10-19 16:00:00,8.50,69,5.40,,0.00,10.30,245
2025-10-19 17:00:00,8.10,74,5.80,,0.00,6.00,237
2025-10-19 18:00:00,6.90,82,5.00,,0.00,3.10,216
2025-10-19 19:00:00,6.40,82,4.50,,0.00,2.50,172
2025-10-19 20:00:00,6.10,81,4.20,,0.00,2.30,129
2025-10-19 21:00:00,5.50,85,3.50,,0.00,3.00,104
2025-10-19 22:00:00,5.40,86,3.40,,0.00,3.10,126
2025-10-19 23:00:00,5.40,86,3.40,,0.00,3.10,111
2025-10-20 00:00:00,5.00,89,2.80,,0.00,4.00,85
2025-10-20 01:00:00,5.00,89,2.70,,0.00,4.70,67
2025-10-20 02:00:00,5.00,87,2.40,,0.20,6.80,115
2025-10-20 03:00:00,4.90,91,2.40,,0.40,7.10,75
2025-10-20 04:00:00,4.80,92,2.00,,0.30,8.70,73
2025-10-20 05:00:00,4.80,93,1.90,,0.60,9.70,75
2025-10-20 06:00:00,4.90,94,2.00,,0.50,10.00,75
2025-10-20 07:00:00,5.00,94,2.10,,0.60,9.70,75
2025-10-20 08:00:00,5.10,94,2.10,,0.80,11.10,77
2025-10-20 09:00:00,5.20,95,2.40,,1.50,10.30,78
2025-10-20 10:00:00,5.40,95,2.70,,1.10,10.00,77
2025-10-20 11:00:00,5.70,95,3.10,,0.90,9.10,72
2025-10-20 12:00:00,6.00,95,3.40,,0.70,9.70,63
2025-10-20 13:00:00,6.10,95,3.70,,0.50,9.00,53
2025-10-20 14:00:00,6.40,95,3.70,,0.90,10.50,59
2025-10-20 15:00:00,6.70,95,4.20,,1.10,9.70,51
2025-10-20 16:00:00,6.60,95,3.90,,0.70,11.40,55
2025-10-20 17:00:00,6.60,95,4.00,,0.10,11.00,49
2025-10-20 18:00:00,6.80,97,4.50,,0.90,9.50,65
2025-10-20 19:00:00,6.70,96,4.30,,0.10,10.00,52
2025-10-20 20:00:00,6.70,96,4.20,,0.00,10.60,62
2025-10-20 21:00:00,6.80,96,4.30,,0.00,10.60,55
2025-10-20 22:00:00,6.70,96,4.10,,0.00,10.90,63
2025-10-20 23:00:00,6.60,96,4.10,,0.00,10.10,55
2025-10-21 00:00:00,6.50,95,4.10,,0.10,9.50,61
2025-10-21 01:00:00,6.40,96,3.70,,0.80,11.20,57
2025-10-21 02:00:00,6.20,95,3.40,,0.80,11.30,59
2025-10-21 03:00:00,5.90,95,3.00,,0.50,11.60,54
2025-10-21 04:00:00,5.80,95,2.70,,0.80,12.60,59
2025-10-21 05:00:00,5.60,95,2.30,,0.70,14.30,56
2025-10-21 06:00:00,5.50,94,2.00,,1.00,14.90,58
2025-10-21 07:00:00,5.50,94,2.00,,0.90,14.90,58
2025-10-21 08:00:00,5.50,93,1.60,,0.90,17.10,60
2025-10-21 09:00:00,5.50,93,1.60,,0.50,17.20,61
2025-10-21 10:00:00,5.60,91,1.50,,0.30,18.70,67
2025-10-21 11:00:00,5.70,91,1.80,,0.50,17.40,68
2025-10-21 12:00:00,5.70,91,2.00,,0.40,15.80,66
2025-10-21 13:00:00,5.80,90,2.20,,0.10,15.20,68
2025-10-21 14:00:00,5.70,89,2.00,,0.20,15.60,71
2025-10-21 15:00:00,6.00,88,2.10,,0.00,17.30,73
2025-10-21 16:00:00,6.00,87,2.20,,0.00,16.50,80
2025-10-21 17:00:00,5.90,87,2.10,,0.00,16.30,85
2025-10-21 18:00:00,5.80,88,2.10,,0.00,15.50,89
2025-10-21 19:00:00,5.60,87,1.70,,0.00,16.20,89
2025-10-21 20:00:00,5.60,87,1.80,,0.00,16.00,99
2025-10-21 21:00:00,5.80,86,2.00,,0.00,15.50,103
2025-10-21 22:00:00,5.70,86,2.00,,0.00,14.70,107
2025-10-21 23:00:00,5.60,87,2.00,,0.00,14.60,110
2025-10-22 00:00:00,5.60,87,2.00,,0.00,14.30,115
2025-10-22 01:00:00,5.60,87,2.10,,0.00,13.60,122
2025-10-22 02:00:00,5.60,88,2.20,,0.00,13.30,123
2025-10-22 03:00:00,5.60,89,2.40,,0.00,11.80,121
2025-10-22 04:00:00,5.60,89,2.40,,0.00,11.50,122
2025-10-22 05:00:00,5.60,90,2.60,,0.00,10.90,124
2025-10-22 06:00:00,5.70,92,2.80,,0.00,10.50,131
2025-10-22 07:00:00,5.80,93,2.90,,0.00,10.70,135
2025-10-22 08:00:00,6.00,93,3.20,,0.00,10.40,136
2025-10-22 09:00:00,6.30,94,3.60,,0.00,10.70,138
2025-10-22 10:00:00,6.90,93,4.30,,0.00,10.70,140
2025-10-22 11:00:00,7.90,92,5.40,,0.00,11.30,143
2025-10-22 12:00:00,7.70,95,5.50,,0.00,9.80,144
2025-10-22 13:00:00,8.60,93,6.50,,0.00,10.00,139
2025-10-22 14:00:00,9.20,92,7.20,,0.00,10.20,138
2025-10-22 15:00:00,9.60,92,7.60,,0.00,10.40,136
2025-10-22 16:00:00,9.90,92,7.90,,0.00,10.70,135
2025-10-22 17:00:00,9.70,94,7.80,,0.00,11.00,131
2025-10-22 18:00:00,9.40,97,7.50,,0.00,10.90,136
2025-10-22 19:00:00,9.60,97,7.70,,0.00,11.60,150
2025-10-22 20:00:00,9.90,97,7.90,,0.00,13.00,156
2025-10-22 21:00:00,10.00,97,8.30,,0.00,11.30,158
2025-10-22 22:00:00,10.30,98,8.60,,0.00,11.20,159
2025-10-22 23:00:00,10.60,98,9.00,,0.00,11.30,163
2025-10-23 00:00:00,10.90,98,9.60,,0.00,9.70,165
2025-10-23 01:00:00,11.10,98,9.90,,0.00,9.80,172
2025-10-23 02:00:00,11.20,98,10.10,,0.00,9.40,180
2025-10-23 03:00:00,11.20,98,10.20,,0.00,8.70,185
2025-10-23 04:00:00,11.20,98,10.30,,0.00,7.90,183
2025-10-23 05:00:00,11.00,98,10.10,,0.00,8.00,190
2025-10-23 06:00:00,10.90,96,9.80,,0.00,8.40,200
2025-10-23 07:00:00,10.90,94,9.60,,0.00,9.20,206
2025-10-23 08:00:00,10.90,94,9.50,,0.00,10.10,215
2025-10-23 09:00:00,11.90,92,10.10,,0.00,13.80,221
2025-10-23 10:00:00,12.70,87,9.90,,0.00,20.70,231
2025-10-23 11:00:00,13.00,84,10.40,,0.00,18.60,226
2025-10-23 12:00:00,12.40,85,9.80,,0.10,17.80,234
2025-10-23 13:00:00,12.20,86,9.60,,0.20,17.80,238
2025-10-23 14:00:00,12.00,86,9.50,,0.20,16.90,246
2025-10-23 15:00:00,11.80,83,8.70,,0.10,18.80,263
2025-10-23 16:00:00,11.10,80,7.40,,0.00,21.30,273
2025-10-23 17:00:00,10.50,80,6.70,,0.00,20.50,281
2025-10-23 18:00:00,10.30,83,7.10,,0.00,16.90,282
2025-10-23 19:00:00,10.30,86,7.50,,0.00,16.00,279
2025-10-23 20:00:00,10.10,83,6.50,,0.00,19.80,289
2025-10-23 21:00:00,9.80,85,6.50,,0.00,17.40,288
2025-10-23 22:00:00,9.50,85,6.20,,0.00,17.10,295
2025-10-23 23:00:00,9.20,84,6.00,,0.00,15.50,301
2025-10-24 00:00:00,8.90,89,6.50,,0.00,11.50,290
2025-10-24 01:00:00,9.00,90,6.80,,0.00,10.00,291
2025-10-24 02:00:00,9.00,91,7.10,,0.00,8.60,285
2025-10-24 03:00:00,9.20,93,7.40,,0.00,8.80,279
2025-10-24 04:00:00,9.20,92,7.30,,0.00,8.90,291
2025-10-24 05:00:00,9.10,93,7.40,,0.00,8.00,280
2025-10-24 06:00:00,8.80,94,7.10,,0.00,8.30,272
2025-10-24 07:00:00,8.90,93,6.90,,0.00,9.80,278
2025-10-24 08:00:00,8.60,92,6.60,,0.00,8.80,282
2025-10-24 09:00:00,8.60,90,6.50,,0.00,9.00,286
2025-10-24 10:00:00,9.10,88,6.90,,0.00,9.70,292
2025-10-24 11:00:00,9.30,85,7.00,,0.00,10.30,295
2025-10-24 12:00:00,9.50,83,7.30,,0.00,9.70,301
2025-10-24 13:00:00,9.50,84,7.30,,0.00,10.10,305
2025-10-24 14:00:00,9.90,81,7.80,,0.00,9.20,301
2025-10-24 15:00:00,10.60,73,8.10,,0.00,10.20,309
2025-10-24 16:00:00,10.20,72,7.70,,0.00,9.20,312
2025-10-24 17:00:00,9.50,73,7.30,,0.00,6.70,324
2025-10-24 18:00:00,8.20,78,6.20,,0.00,4.70,328
2025-10-24 19:00:00,7.30,82,5.50,,0.00,2.70,337
2025-10-24 20:00:00,6.90,82,5.10,,0.00,2.50,360
2025-10-24 21:00:00,5.80,85,3.90,,0.00,2.90,7
2025-10-24 22:00:00,5.10,87,3.10,,0.00,3.10,45
2025-10-24 23:00:00,4.60,87,2.40,,0.00,3.30,77
2025-10-25 00:00:00,4.10,87,2.00,,0.00,2.60,106
2025-10-25 01:00:00,3.80,86,1.40,,0.00,3.10,144
2025-10-25 02:00:00,3.60,87,1.20,,0.00,3.40,148
2025-10-25 03:00:00,3.20,88,0.80,,0.00,3.20,117
2025-10-25 04:00:00,2.90,90,0.40,,0.00,3.60,127
2025-10-25 05:00:00,2.90,89,0.40,,0.00,4.30,138
2025-10-25 06:00:00,2.90,90,0.40,,0.00,4.10,142
2025-10-25 07:00:00,2.80,91,0.10,,0.00,5.40,110
2025-10-25 08:00:00,2.90,90,-0.00,,0.00,7.10,114
2025-10-25 09:00:00,3.50,89,0.50,,0.00,8.30,108
2025-10-25 10:00:00,4.50,85,1.30,,0.00,9.70,117
2025-10-25 11:00:00,5.60,80,2.20,,0.00,11.90,115
2025-10-25 12:00:00,6.20,79,2.70,,0.00,12.60,117
2025-10-25 13:00:00,6.40,80,3.10,,0.20,12.00,111
2025-10-25 14:00:00,5.90,85,2.30,,1.40,14.20,97
2025-10-25 15:00:00,5.70,88,1.90,,1.20,15.90,94
2025-10-25 16:00:00,5.50,90,1.60,,1.00,16.60,94
2025-10-25 17:00:00,5.20,90,1.10,,1.30,17.60,89
2025-10-25 18:00:00,5.20,92,1.00,,1.50,18.70,91
2025-10-25 19:00:00,5.10,92,0.70,,1.50,19.80,91
2025-10-25 20:00:00,5.00,92,0.50,,1.70,20.50,87
2025-10-25 21:00:00,5.20,92,0.70,,1.70,21.20,89
2025-10-25 22:00:00,5.10,91,0.70,,0.90,20.20,90
2025-10-25 23:00:00,5.10,91,1.00,,0.60,18.40,90
2025-10-26 00:00:00,5.20,92,1.10,,0.90,18.00,92
2025-10-26 01:00:00,5.00,91,0.70,,0.80,18.70,91
2025-10-26 02:00:00,4.80,92,0.60,,1.00,18.00,93
2025-10-26 03:00:00,4.50,92,0.10,,1.10,19.10,89
2025-10-26 04:00:00,4.40,92,0.20,,1.40,18.00,92
2025-10-26 05:00:00,4.20,92,0.10,,1.60,16.90,92
2025-10-26 06:00:00,3.80,92,-0.40,,0.90,16.90,90
2025-10-26 07:00:00,3.60,92,-0.60,,0.40,16.90,92
2025-10-26 08:00:00,3.40,92,-0.70,,0.10,15.90,94
2025-10-26 09:00:00,3.40,93,-0.50,,0.20,14.90,97
2025-10-26 10:00:00,3.40,93,-0.50,,0.00,15.00,100
2025-10-26 11:00:00,3.50,92,-0.20,,0.00,13.40,95
2025-10-26 12:00:00,3.30,93,-0.50,,0.00,13.70,95
2025-10-26 13:00:00,3.40,93,-0.10,,0.00,12.30,93
2025-10-26 14:00:00,3.40,93,0.00,,0.00,11.30,97
2025-10-26 15:00:00,3.60,94,0.60,,0.20,9.00,92
2025-10-26 16:00:00,3.70,95,0.80,,0.10,9.00,95
2025-10-26 17:00:00,3.80,95,0.90,,0.00,9.00,95
2025-10-26 18:00:00,3.80,97,1.20,,0.00,7.60,98
2025-10-26 19:00:00,3.90,97,1.50,,0.00,6.20,100
2025-10-26 20:00:00,4.10,98,1.70,,0.00,6.80,93
2025-10-26 21:00:00,4.20,98,1.80,,0.00,6.60,99
2025-10-26 22:00:00,4.50,98,2.10,,0.00,6.90,99
2025-10-26 23:00:00,4.90,98,2.50,,0.00,6.90,99
2025-10-27 00:00:00,5.10,98,2.70,,0.30,7.40,104
2025-10-27 01:00:00,5.50,98,3.00,,0.00,8.90,104
2025-10-27 02:00:00,6.10,99,3.60,,0.00,9.60,110
2025-10-27 03:00:00,6.50,99,4.20,,0.00,9.40,108
2025-10-27 04:00:00,7.10,98,5.00,,1.00,9.00,113
2025-10-27 05:00:00,7.70,98,5.50,,1.30,10.80,127
2025-10-27 06:00:00,8.10,98,6.00,,1.70,10.20,138
2025-10-27 07:00:00,8.40,97,6.40,,0.90,9.80,152
2025-10-27 08:00:00,8.80,98,7.30,,0.90,8.00,172
2025-10-27 09:00:00,9.60,99,8.30,,0.00,8.10,212
2025-10-27 10:00:00,10.70,94,8.80,,0.00,12.30,249
2025-10-27 11:00:00,11.30,90,9.50,,0.00,12.30,249
2025-10-27 12:00:00,11.60,86,9.60,,0.00,12.80,254
2025-10-27 13:00:00,12.10,82,10.00,,0.00,13.20,253
2025-10-27 14:00:00,12.30,82,10.10,,0.00,13.60,248
2025-10-27 15:00:00,12.90,79,11.20,,0.00,10.60,252
2025-10-27 16:00:00,12.90,80,11.70,,0.00,7.00,235
2025-10-27 17:00:00,11.90,84,11.10,,0.00,4.60,219
2025-10-27 18:00:00,11.00,85,10.10,,0.00,3.40,198
2025-10-27 19:00:00,10.40,86,9.40,,0.00,3.70,169
2025-10-27 20:00:00,10.40,87,9.30,,0.00,4.00,153
2025-10-27 21:00:00,10.10,88,9.10,,0.00,3.60,127
2025-10-27 22:00:00,10.10,88,9.00,,0.00,4.60,129
2025-10-27 23:00:00,10.40,88,8.90,,0.10,7.60,135
2025-10-28 00:00:00,10.50,90,9.00,,0.40,7.90,129
2025-10-28 01:00:00,10.40,93,8.90,,0.80,9.20,116
2025-10-28 02:00:00,10.40,95,8.70,,2.80,11.40,108
2025-10-28 03:00:00,10.60,95,8.60,,4.00,13.40,104
2025-10-28 04:00:00,10.80,95,8.90,,4.40,13.30,123
2025-10-28 05:00:00,11.10,95,9.40,,2.20,12.50,136
2025-10-28 06:00:00,11.20,96,9.80,,3.80,11.20,135
2025-10-28 07:00:00,11.60,97,10.30,,1.90,11.10,151
2025-10-28 08:00:00,12.30,96,11.20,,0.20,11.00,169
2025-10-28 09:00:00,13.10,95,12.10,,0.00,12.30,183
2025-10-28 10:00:00,13.70,91,11.60,,0.80,18.70,196
2025-10-28 11:00:00,12.50,84,10.10,,0.30,15.80,204
2025-10-28 12:00:00,12.00,87,9.90,,0.60,14.00,192
2025-10-28 13:00:00,11.30,89,9.80,,0.10,9.50,217
2025-10-28 14:00:00,11.30,93,9.00,,0.20,16.50,250
2025-10-28 15:00:00,8.10,84,2.40,,0.40,31.50,277
2025-10-28 16:00:00,6.70,86,1.30,,0.90,27.80,280
2025-10-28 17:00:00,6.00,84,0.60,,2.30,26.10,293
2025-10-28 18:00:00,7.20,90,2.20,,1.60,26.30,293
2025-10-28 19:00:00,7.30,88,2.70,,0.90,24.20,295
2025-10-28 20:00:00,7.30,89,3.30,,0.20,20.30,290
2025-10-28 21:00:00,7.10,92,3.20,,0.00,19.60,283
2025-10-28 22:00:00,7.00,91,3.10,,0.00,19.20,283
2025-10-28 23:00:00,6.90,91,3.30,,0.10,16.90,282
2025-10-29 00:00:00,6.70,91,3.00,,0.00,17.10,285
2025-10-29 01:00:00,6.60,89,3.20,,0.00,14.30,282
2025-10-29 02:00:00,6.40,88,3.10,,0.00,13.90,280
2025-10-29 03:00:00,6.30,91,3.30,,0.00,11.50,268
2025-10-29 04:00:00,6.20,90,3.10,,0.00,12.30,273
2025-10-29 05:00:00,6.00,92,3.30,,0.00,9.80,276
2025-10-29 06:00:00,6.00,91,2.90,,0.10,11.90,267
2025-10-29 07:00:00,5.40,89,2.00,,0.10,13.00,264
2025-10-29 08:00:00,4.80,90,1.40,,0.00,12.50,258
2025-10-29 09:00:00,4.90,90,1.80,,0.00,10.50,278
2025-10-29 10:00:00,5.20,84,1.90,,0.00,10.60,288
2025-10-29 11:00:00,5.80,79,2.50,,0.00,10.60,288
2025-10-29 12:00:00,5.40,82,2.30,,0.00,10.00,296
2025-10-29 13:00:00,5.80,80,2.60,,0.00,10.20,288
2025-10-29 14:00:00,5.50,80,2.30,,0.00,10.00,283
2025-10-29 15:00:00,5.70,79,2.60,,0.00,9.40,277
2025-10-29 16:00:00,5.50,82,2.60,,0.00,8.30,272
2025-10-29 17:00:00,5.20,85,2.90,,0.00,4.70,266
2025-10-29 18:00:00,4.40,89,2.30,,0.00,2.90,263
2025-10-29 19:00:00,3.80,90,1.70,,0.00,2.60,236
2025-10-29 20:00:00,3.50,89,1.40,,0.00,2.10,211
2025-10-29 21:00:00,3.50,88,1.30,,0.00,2.00,135
2025-10-29 22:00:00,3.20,89,0.90,,0.00,2.50,135
2025-10-29 23:00:00,3.10,90,0.60,,0.00,4.10,135
2025-10-30 00:00:00,3.60,90,1.10,,0.00,4.40,145
2025-10-30 01:00:00,4.00,91,1.30,,0.00,6.60,158
2025-10-30 02:00:00,4.50,92,1.70,,0.00,8.30,162
2025-10-30 03:00:00,5.20,93,2.40,,0.00,9.60,160
2025-10-30 04:00:00,6.00,93,3.20,,0.00,10.70,166
2025-10-30 05:00:00,6.50,93,3.70,,0.00,11.30,171
2025-10-30 06:00:00,7.20,92,4.60,,0.00,11.20,178
2025-10-30 07:00:00,7.60,91,4.90,,0.00,11.90,180
2025-10-30 08:00:00,7.70,91,5.00,,0.00,11.90,185
2025-10-30 09:00:00,8.70,87,6.00,,0.00,12.20,194
2025-10-30 10:00:00,9.90,84,7.20,,0.00,13.60,197
2025-10-30 11:00:00,11.30,80,8.70,,0.00,13.60,192
2025-10-30 12:00:00,13.80,67,11.00,,0.00,14.70,197
2025-10-30 13:00:00,14.70,66,12.20,,0.00,14.10,199
2025-10-30 14:00:00,15.50,64,13.10,,0.00,14.40,202
2025-10-30 15:00:00,16.50,57,13.80,,0.00,15.00,204
2025-10-30 16:00:00,16.00,59,13.30,,0.00,14.70,202
2025-10-30 17:00:00,15.30,62,12.70,,0.00,14.20,201
2025-10-30 18:00:00,14.30,66,12.00,,0.00,11.80,200
2025-10-30 19:00:00,13.50,70,11.40,,0.00,11.20,201
2025-10-30 20:00:00,13.00,73,11.00,,0.00,11.00,203
2025-10-30 21:00:00,12.50,75,10.60,,0.00,9.80,204
2025-10-30 22:00:00,12.30,77,10.30,,0.00,10.20,203
2025-10-30 23:00:00,12.00,78,10.10,,0.00,9.70,207
2025-10-31 00:00:00,11.30,81,9.50,,0.00,9.30,208
2025-10-31 01:00:00,10.80,83,9.00,,0.00,8.40,211
2025-10-31 02:00:00,10.70,84,9.20,,0.00,7.20,207
2025-10-31 03:00:00,10.50,84,9.00,,0.00,6.40,207
2025-10-31 04:00:00,10.30,86,8.70,,0.00,7.10,204
2025-10-31 05:00:00,10.20,85,8.60,,0.00,6.50,199
2025-10-31 06:00:00,9.40,86,7.90,,0.00,5.60,195
2025-10-31 07:00:00,9.30,86,7.80,,0.00,5.20,192
2025-10-31 08:00:00,9.30,86,7.70,,0.00,5.80,187
2025-10-31 09:00:00,10.20,84,8.70,,0.00,6.10,183
2025-10-31 10:00:00,11.40,80,9.90,,0.00,7.20,177
2025-10-31 11:00:00,12.80,74,10.90,,0.00,9.80,174
2025-10-31 12:00:00,14.50,70,12.90,,0.00,8.90,166
2025-10-31 13:00:00,15.20,68,13.70,,0.00,9.40,173
2025-10-31 14:00:00,16.00,67,14.60,,0.00,9.60,167
2025-10-31 15:00:00,17.00,62,15.50,,0.00,9.20,159
2025-10-31 16:00:00,16.80,64,15.30,,0.00,10.20,157
2025-10-31 17:00:00,15.80,69,14.20,,0.00,10.80,159
2025-10-31 18:00:00,14.90,73,13.30,,0.00,11.20,159
2025-10-31 19:00:00,14.20,79,12.60,,0.00,12.10,163
2025-10-31 20:00:00,13.80,82,12.20,,0.00,12.50,168
2025-10-31 21:00:00,14.00,80,12.10,,0.00,14.10,174
2025-10-31 22:00:00,13.70,83,12.00,,0.00,13.40,174
2025-10-31 23:00:00,13.50,86,11.90,,0.00,13.40,175
2025-11-01 00:00:00,13.60,85,12.00,,0.00,12.70,172
2025-11-01 01:00:00,13.30,86,11.70,,0.00,13.00,174
2025-11-01 02:00:00,12.80,91,11.30,,0.00,13.10,171
2025-11-01 03:00:00,12.80,90,11.30,,0.00,13.20,169
2025-11-01 04:00:00,12.60,88,10.70,,0.00,14.50,173
2025-11-01 05:00:00,12.30,88,10.30,,0.00,14.50,173
2025-11-01 06:00:00,12.00,88,10.00,,0.00,13.80,171
2025-11-01 07:00:00,11.60,88,9.50,,0.00,13.80,173
2025-11-01 08:00:00,11.40,90,9.30,,0.00,13.70,175
2025-11-01 09:00:00,12.00,90,10.20,,0.00,13.00,175
2025-11-01 10:00:00,12.50,90,10.50,,0.00,15.10,180
2025-11-01 11:00:00,13.40,86,11.00,,0.00,18.70,205
2025-11-01 12:00:00,14.00,88,13.10,,0.00,10.50,174
2025-11-01 13:00:00,14.80,83,13.40,,0.00,13.50,209
2025-11-01 14:00:00,15.10,81,14.20,,0.00,10.50,202
2025-11-01 15:00:00,15.30,81,14.50,,0.00,9.20,211
2025-11-01 16:00:00,14.70,83,14.10,,0.10,7.90,223
2025-11-01 17:00:00,13.80,90,13.40,,0.60,7.10,246
2025-11-01 18:00:00,13.10,94,12.90,,0.20,6.10,267
2025-11-01 19:00:00,12.60,95,12.20,,0.80,6.50,267
2025-11-01 20:00:00,12.10,94,10.70,,0.90,11.50,302
2025-11-01 21:00:00,11.10,88,9.10,,0.30,12.00,309
2025-11-01 22:00:00,10.60,92,9.00,,0.20,9.70,301
2025-11-01 23:00:00,10.50,91,8.60,,0.20,10.80,300
2025-11-02 00:00:00,10.20,94,8.70,,0.40,9.20,281
2025-11-02 01:00:00,10.10,93,8.30,,0.80,10.40,290
2025-11-02 02:00:00,9.70,91,7.70,,0.40,10.60,298
2025-11-02 03:00:00,9.60,92,7.70,,0.00,10.30,282
2025-11-02 04:00:00,9.40,92,7.30,,0.00,10.60,280
2025-11-02 05:00:00,9.30,93,7.30,,0.00,10.50,278
2025-11-02 06:00:00,9.10,94,7.00,,0.00,11.30,279
2025-11-02 07:00:00,9.00,92,6.70,,0.20,11.60,292
2025-11-02 08:00:00,8.80,89,6.40,,0.10,11.40,298
2025-11-02 09:00:00,8.50,90,6.20,,0.10,10.60,298
2025-11-02 10:00:00,8.80,86,6.20,,0.00,11.60,300
2025-11-02 11:00:00,8.70,82,6.00,,0.00,11.40,298
2025-11-02 12:00:00,8.60,82,6.00,,0.00,10.30,295
2025-11-02 13:00:00,9.10,78,6.10,,0.00,12.70,278
2025-11-02 14:00:00,9.50,74,6.50,,0.00,12.30,275
2025-11-02 15:00:00,9.20,68,6.10,,0.00,11.30,277
2025-11-02 16:00:00,9.00,69,6.30,,0.00,8.40,277
2025-11-02 17:00:00,8.20,74,6.10,,0.00,4.30,275
2025-11-02 18:00:00,7.40,79,5.60,,0.00,2.50,262
2025-11-02 19:00:00,6.70,81,4.70,,0.00,3.30,221
2025-11-02 20:00:00,5.80,81,3.60,,0.00,4.00,207
2025-11-02 21:00:00,5.00,82,2.70,,0.00,3.50,204
2025-11-02 22:00:00,4.70,83,2.40,,0.00,3.60,180
2025-11-02 23:00:00,4.40,84,2.10,,0.00,3.30,174
2025-11-03 00:00:00,3.70,88,1.40,,0.00,3.30,167
2025-11-03 01:00:00,3.40,90,1.10,,0.00,3.70,169
2025-11-03 02:00:00,3.10,91,0.70,,0.00,3.90,146
2025-11-03 03:00:00,2.90,93,0.50,,0.00,3.80,139
2025-11-03 04:00:00,2.60,93,0.10,,0.00,4.30,138
2025-11-03 05:00:00,2.30,95,-0.20,,0.00,4.30,138
2025-11-03 06:00:00,1.90,98,-0.60,,0.00,4.30,132
2025-11-03 07:00:00,1.80,98,-0.70,,0.00,4.60,135
2025-11-03 08:00:00,1.80,98,-0.80,,0.00,4.80,138
2025-11-03 09:00:00,2.20,99,-0.20,,0.00,4.60,135
2025-11-03 10:00:00,3.90,93,1.30,,0.00,6.40,133
2025-11-03 11:00:00,5.80,87,3.10,,0.00,7.90,133
2025-11-03 12:00:00,8.90,75,6.30,,0.00,8.70,128
2025-11-03 13:00:00,9.70,72,7.00,,0.00,9.90,134
2025-11-03 14:00:00,10.20,68,7.20,,0.00,11.50,139
2025-11-03 15:00:00,10.50,63,7.20,,0.00,12.00,136
2025-11-03 16:00:00,9.60,68,6.60,,0.00,11.10,126
2025-11-03 17:00:00,8.30,77,5.50,,0.00,10.00,116
2025-11-03 18:00:00,7.10,83,4.10,,0.00,11.20,111
2025-11-03 19:00:00,6.20,88,3.00,,0.00,12.60,110
2025-11-03 20:00:00,5.80,90,2.50,,0.00,13.50,115
2025-11-03 21:00:00,5.90,91,2.80,,0.00,12.40,120
2025-11-03 22:00:00,5.90,91,2.50,,0.00,14.10,122
2025-11-03 23:00:00,5.80,92,2.60,,0.00,13.00,118
2025-11-04 00:00:00,6.00,92,2.90,,0.00,12.50,108
2025-11-04 01:00:00,5.90,92,2.80,,0.00,12.50,108
2025-11-04 02:00:00,6.70,90,3.50,,0.00,13.50,115
2025-11-04 03:00:00,7.50,89,4.50,,0.00,13.20,119
2025-11-04 04:00:00,7.90,91,4.90,,0.00,13.90,127
2025-11-04 05:00:00,8.20,92,5.40,,0.00,14.30,131
2025-11-04 06:00:00,8.50,94,5.80,,0.00,14.00,132
2025-11-04 07:00:00,8.50,95,5.90,,0.00,14.00,134
2025-11-04 08:00:00,8.80,96,6.30,,0.30,13.20,137
2025-11-04 09:00:00,9.10,97,6.70,,0.00,13.80,139
2025-11-04 10:00:00,9.50,97,7.20,,0.00,13.70,135
2025-11-04 11:00:00,10.00,96,7.90,,0.00,13.50,138
2025-11-04 12:00:00,10.20,97,8.20,,0.00,13.00,129
2025-11-04 13:00:00,10.70,96,8.60,,0.10,14.30,137
2025-11-04 14:00:00,10.90,95,8.90,,0.10,14.30,133
2025-11-04 15:00:00,11.20,96,9.50,,0.00,12.80,130
2025-11-04 16:00:00,11.30,95,9.30,,0.40,15.00,132
2025-11-04 17:00:00,11.40,97,9.60,,0.30,14.80,135
2025-11-04 18:00:00,11.90,96,10.10,,0.20,15.30,137
2025-11-04 19:00:00,12.00,96,10.10,,0.00,15.50,136
2025-11-04 20:00:00,12.20,96,10.20,,0.00,17.10,134
2025-11-04 21:00:00,12.70,96,10.90,,0.10,16.80,132
2025-11-04 22:00:00,13.10,97,11.20,,0.00,18.10,131
2025-11-04 23:00:00,13.50,97,11.70,,0.20,18.70,128
2025-11-05 00:00:00,15.00,93,13.10,,0.00,21.10,143
2025-11-05 01:00:00,15.20,90,13.10,,0.40,21.70,144
2025-11-05 02:00:00,15.00,89,12.70,,0.30,22.40,150
2025-11-05 03:00:00,14.70,88,12.10,,0.60,23.70,150
2025-11-05 04:00:00,14.40,87,11.90,,0.00,22.20,151
2025-11-05 05:00:00,14.10,87,11.30,,0.00,23.40,151
2025-11-05 06:00:00,13.90,88,11.10,,1.40,23.40,151
2025-11-05 07:00:00,13.80,87,10.80,,1.50,23.80,155
2025-11-05 08:00:00,13.80,88,11.30,,1.30,20.70,167
2025-11-05 09:00:00,14.20,88,11.90,,0.80,20.50,180
2025-11-05 10:00:00,14.00,90,12.30,,0.10,17.10,205
2025-11-05 11:00:00,11.40,89,9.60,,0.30,11.90,256
2025-11-05 12:00:00,11.00,89,9.20,,0.10,11.00,259
2025-11-05 13:00:00,11.30,87,9.60,,0.00,10.50,262
2025-11-05 14:00:00,11.40,85,9.50,,0.00,10.80,266
2025-11-05 15:00:00,11.40,82,10.00,,0.00,6.80,270
2025-11-05 16:00:00,11.20,81,9.80,,0.00,6.20,249
2025-11-05 17:00:00,10.40,84,9.20,,0.00,3.80,229
2025-11-05 18:00:00,9.30,87,8.00,,0.00,3.90,202
2025-11-05 19:00:00,8.60,89,7.20,,0.00,4.00,175
2025-11-05 20:00:00,8.00,90,6.40,,0.00,4.80,167
2025-11-05 21:00:00,7.80,91,6.00,,0.00,6.00,163
2025-11-05 22:00:00,7.50,92,5.60,,0.00,6.60,151
2025-11-05 23:00:00,7.50,93,5.40,,0.00,8.30,146
2025-11-06 00:00:00,7.80,93,5.60,,0.00,8.90,137
2025-11-06 01:00:00,8.40,93,6.10,,0.00,10.40,136
2025-11-06 02:00:00,9.10,93,6.60,,0.00,13.20,145
2025-11-06 03:00:00,9.50,94,7.40,,0.00,12.10,150
2025-11-06 04:00:00,9.80,94,7.60,,0.20,12.70,155
2025-11-06 05:00:00,9.90,94,7.80,,1.20,12.60,160
2025-11-06 06:00:00,10.20,94,8.10,,0.00,12.70,172
2025-11-06 07:00:00,10.50,95,8.80,,0.50,11.20,184
2025-11-06 08:00:00,10.90,94,8.90,,0.20,13.40,211
2025-11-06 09:00:00,11.10,92,8.90,,0.00,14.30,227
2025-11-06 10:00:00,11.40,88,9.00,,0.00,15.40,237
2025-11-06 11:00:00,11.40,80,8.60,,0.00,15.70,238
2025-11-06 12:00:00,11.30,80,8.40,,0.00,16.10,246
2025-11-06 13:00:00,11.40,79,8.90,,0.00,12.90,247
2025-11-06 14:00:00,11.80,78,9.10,,0.00,14.70,242
2025-11-06 15:00:00,12.00,76,9.40,,0.00,14.10,238
2025-11-06 16:00:00,11.50,79,9.00,,0.10,13.70,240
2025-11-06 17:00:00,11.10,81,8.90,,0.00,11.20,228
2025-11-06 18:00:00,11.20,80,8.60,,0.00,14.00,235
2025-11-06 19:00:00,10.80,81,8.20,,0.00,13.60,238
2025-11-06 20:00:00,10.40,83,7.70,,0.00,14.30,236
2025-11-06 21:00:00,9.90,85,7.00,,0.00,15.30,240
2025-11-06 22:00:00,9.50,88,6.60,,0.10,15.50,239
2025-11-06 23:00:00,9.40,86,6.40,,0.00,15.80,243
2025-11-07 00:00:00,9.60,87,6.70,,0.00,15.50,245
2025-11-07 01:00:00,9.50,85,6.50,,0.00,15.40,249
2025-11-07 02:00:00,9.50,83,6.40,,0.00,14.90,255
2025-11-07 03:00:00,9.40,80,6.30,,0.00,14.20,246
2025-11-07 04:00:00,9.00,82,5.90,,0.00,14.50,240
2025-11-07 05:00:00,8.50,84,5.40,,0.00,14.20,243
2025-11-07 06:00:00,8.20,85,5.10,,0.00,13.70,243
2025-11-07 07:00:00,7.60,87,4.40,,0.00,13.90,245
2025-11-07 08:00:00,7.10,89,4.10,,0.00,12.70,245
2025-11-07 09:00:00,7.40,87,4.40,,0.00,12.70,245
2025-11-07 10:00:00,8.00,84,4.80,,0.00,14.40,248
2025-11-07 11:00:00,8.90,80,5.60,,0.00,14.70,248
2025-11-07 12:00:00,10.20,73,6.50,,0.00,17.30,265
2025-11-07 13:00:00,11.00,67,7.60,,0.00,14.90,263
2025-11-07 14:00:00,11.20,64,7.20,,0.00,18.40,267
2025-11-07 15:00:00,11.60,63,8.20,,0.00,15.00,253
2025-11-07 16:00:00,11.30,65,8.00,,0.00,13.70,252
2025-11-07 17:00:00,10.40,72,7.60,,0.00,11.60,240
2025-11-07 18:00:00,9.40,77,7.20,,0.00,7.70,233
2025-11-07 19:00:00,8.80,80,6.50,,0.00,8.10,225
2025-11-07 20:00:00,8.40,81,5.90,,0.00,8.70,218
2025-11-07 21:00:00,8.20,82,5.70,,0.00,8.60,213
2025-11-07 22:00:00,8.10,81,5.60,,0.00,9.00,209
2025-11-07 23:00:00,8.00,81,5.50,,0.00,8.70,210
2025-11-08 00:00:00,7.50,86,5.10,,0.20,8.50,216
2025-11-08 01:00:00,7.50,88,5.30,,0.20,7.90,223
2025-11-08 02:00:00,7.20,89,5.10,,0.00,6.60,221
2025-11-08 03:00:00,6.60,90,4.80,,0.00,4.10,218
2025-11-08 04:00:00,6.20,91,4.40,,0.00,3.20,207
2025-11-08 05:00:00,5.60,92,3.70,,0.00,3.60,180
2025-11-08 06:00:00,4.60,95,2.60,,0.00,3.70,191
2025-11-08 07:00:00,4.40,96,2.40,,0.00,3.20,180
2025-11-08 08:00:00,4.40,96,2.50,,0.00,2.90,173
2025-11-08 09:00:00,4.70,95,2.90,,0.00,2.90,150
2025-11-08 10:00:00,6.10,93,4.40,,0.00,2.80,130
2025-11-08 11:00:00,7.50,88,5.80,,0.00,4.10,128
2025-11-08 12:00:00,8.00,90,6.40,,0.00,4.80,117
2025-11-08 13:00:00,8.10,88,6.20,,0.00,6.30,149
2025-11-08 14:00:00,7.70,91,6.00,,1.00,5.60,140
2025-11-08 15:00:00,7.60,93,5.80,,1.50,5.80,86
2025-11-08 16:00:00,7.40,96,5.70,,1.40,6.00,73
2025-11-08 17:00:00,7.40,97,5.60,,1.50,6.60,49
2025-11-08 18:00:00,7.50,96,5.50,,1.50,7.90,47
2025-11-08 19:00:00,7.40,96,5.50,,1.30,7.10,41
2025-11-08 20:00:00,7.40,97,5.50,,1.20,7.30,33
2025-11-08 21:00:00,7.50,97,5.60,,0.30,7.70,28
2025-11-08 22:00:00,7.50,97,5.40,,0.10,8.80,12
2025-11-08 23:00:00,7.50,93,5.10,,0.20,10.10,360
2025-11-09 00:00:00,7.10,92,4.80,,0.20,9.10,353
2025-11-09 01:00:00,6.80,94,4.70,,0.20,7.70,349
2025-11-09 02:00:00,6.50,96,4.20,,0.00,8.90,339
2025-11-09 03:00:00,5.90,98,3.50,,0.00,9.00,331
2025-11-09 04:00:00,5.90,98,3.50,,0.00,9.00,323
2025-11-09 05:00:00,5.80,95,3.10,,0.00,10.00,322
2025-11-09 06:00:00,5.30,97,2.60,,0.00,9.90,314
2025-11-09 07:00:00,5.20,95,2.50,,0.00,9.20,318
2025-11-09 08:00:00,5.10,92,2.50,,0.00,7.60,315
2025-11-09 09:00:00,4.60,96,2.00,,0.00,8.50,306
2025-11-09 10:00:00,4.80,95,2.10,,0.00,9.00,299
2025-11-09 11:00:00,5.80,90,2.90,,0.10,10.90,297
2025-11-09 12:00:00,6.20,93,3.40,,0.10,10.70,303
2025-11-09 13:00:00,7.10,87,4.50,,0.00,9.50,307
2025-11-09 14:00:00,7.30,88,4.40,,0.10,11.60,300
2025-11-09 15:00:00,7.50,85,4.40,,0.20,13.10,307
2025-11-09 16:00:00,7.20,87,4.30,,0.20,12.10,307
2025-11-09 17:00:00,6.60,87,3.90,,0.10,9.30,298
2025-11-09 18:00:00,6.40,90,4.00,,0.00,7.30,290
2025-11-09 19:00:00,5.70,91,3.30,,0.00,7.10,285
2025-11-09 20:00:00,5.10,93,2.70,,0.00,6.50,273
2025-11-09 21:00:00,5.10,92,2.70,,0.00,6.50,273
2025-11-09 22:00:00,5.00,93,2.60,,0.00,6.80,267
2025-11-09 23:00:00,4.70,94,2.30,,0.00,6.50,267
2025-11-10 00:00:00,4.50,95,2.00,,0.00,6.50,267
2025-11-10 01:00:00,4.30,96,1.90,,0.00,6.20,260
2025-11-10 02:00:00,3.90,96,1.60,,0.00,5.40,250
2025-11-10 03:00:00,3.40,97,1.00,,0.00,5.20,254
2025-11-10 04:00:00,3.00,97,0.60,,0.00,4.40,235
2025-11-10 05:00:00,2.60,98,0.20,,0.00,4.00,207
2025-11-10 06:00:00,2.10,100,-0.30,,0.00,4.20,200
2025-11-10 07:00:00,2.20,100,-0.30,,0.00,5.50,203
2025-11-10 08:00:00,2.50,100,-0.20,,0.00,6.80,198
2025-11-10 09:00:00,2.70,100,-0.10,,0.00,7.30,189
2025-11-10 10:00:00,3.30,99,0.50,,0.00,8.30,185
2025-11-10 11:00:00,4.20,95,1.20,,0.00,10.10,186
2025-11-10 12:00:00,5.10,95,2.30,,0.00,9.40,176
2025-11-10 13:00:00,6.20,90,3.30,,0.00,10.80,176
2025-11-10 14:00:00,6.80,88,3.90,,0.00,11.30,171
2025-11-10 15:00:00,7.40,84,4.60,,0.00,11.00,161
2025-11-10 16:00:00,7.30,85,4.30,,0.00,11.80,153
2025-11-10 17:00:00,6.70,87,3.70,,0.00,11.80,153
2025-11-10 18:00:00,6.10,89,3.00,,0.00,12.10,153
2025-11-10 19:00:00,5.90,90,2.60,,0.00,13.80,160
2025-11-10 20:00:00,5.80,91,2.50,,0.00,13.90,163
2025-11-10 21:00:00,5.50,91,2.20,,0.00,13.10,164
2025-11-10 22:00:00,5.50,91,2.20,,0.00,12.90,162
2025-11-10 23:00:00,5.30,90,1.80,,0.00,13.80,160
2025-11-11 00:00:00,5.40,89,1.90,,0.00,13.30,161
2025-11-11 01:00:00,5.20,89,1.70,,0.00,13.10,159
2025-11-11 02:00:00,5.00,89,1.50,,0.00,13.20,158
2025-11-11 03:00:00,5.10,88,1.80,,0.00,11.90,155
2025-11-11 04:00:00,5.10,87,1.80,,0.00,11.80,160
2025-11-11 05:00:00,5.10,87,1.70,,0.00,12.10,153
2025-11-11 06:00:00,5.00,86,1.70,,0.00,11.80,153
2025-11-11 07:00:00,4.90,85,1.30,,0.00,12.60,149
2025-11-11 08:00:00,4.60,87,1.00,,0.00,12.70,145
2025-11-11 09:00:00,5.00,87,1.40,,0.00,13.10,143
2025-11-11 10:00:00,5.00,86,1.30,,0.00,14.00,136
2025-11-11 11:00:00,5.20,85,1.50,,0.00,14.20,126
2025-11-11 12:00:00,6.30,84,2.70,,0.00,14.30,135
2025-11-11 13:00:00,6.50,82,2.70,,0.00,15.30,141
2025-11-11 14:00:00,6.50,81,2.90,,0.00,14.40,127
2025-11-11 15:00:00,6.70,80,2.90,,0.00,15.00,117
2025-11-11 16:00:00,6.10,81,2.20,,0.10,15.70,110
2025-11-11 17:00:00,5.70,85,1.70,,0.70,16.80,105
2025-11-11 18:00:00,5.60,88,1.70,,1.30,16.30,104
2025-11-11 19:00:00,5.40,89,1.60,,1.20,16.30,112
2025-11-11 20:00:00,5.50,90,1.80,,1.30,15.30,117
2025-11-11 21:00:00,5.70,91,2.10,,1.20,15.30,120
2025-11-11 22:00:00,5.80,92,2.20,,0.80,15.20,121
2025-11-11 23:00:00,6.10,91,2.70,,0.20,14.20,120
2025-11-12 00:00:00,6.20,93,2.90,,0.10,14.40,122
2025-11-12 01:00:00,6.30,94,3.10,,0.00,14.20,117
2025-11-12 02:00:00,6.40,94,3.20,,0.10,14.20,111
2025-11-12 03:00:00,6.70,95,3.80,,1.80,13.10,99
2025-11-12 04:00:00,6.70,95,3.80,,1.50,13.30,93
2025-11-12 05:00:00,6.70,95,3.60,,2.10,14.00,90
2025-11-12 06:00:00,6.60,95,3.60,,2.10,13.40,95
2025-11-12 07:00:00,6.40,94,3.70,,1.40,11.20,92
2025-11-12 08:00:00,6.30,96,4.10,,1.90,7.90,90
2025-11-12 09:00:00,6.80,97,5.00,,1.70,5.90,133
2025-11-12 10:00:00,7.20,98,5.40,,0.80,6.90,174
2025-11-12 11:00:00,7.70,97,5.30,,0.80,11.30,202
2025-11-12 12:00:00,8.10,94,5.30,,0.50,13.80,227
2025-11-12 13:00:00,7.80,94,5.10,,1.10,12.50,226
2025-11-12 14:00:00,7.50,94,4.80,,1.50,12.00,237
2025-11-12 15:00:00,7.20,93,4.10,,1.90,14.20,243
2025-11-12 16:00:00,6.50,90,2.70,,1.50,17.10,252
2025-11-12 17:00:00,5.70,88,1.80,,1.00,16.70,251
2025-11-12 18:00:00,5.20,90,0.90,,0.70,19.60,257
2025-11-12 19:00:00,4.90,88,0.40,,0.50,19.80,258
2025-11-12 20:00:00,4.50,87,-0.20,,0.50,20.50,260
2025-11-12 21:00:00,4.00,88,-0.90,,0.30,21.50,260
2025-11-12 22:00:00,4.10,88,-0.70,,0.20,20.80,260
2025-11-12 23:00:00,4.40,89,-0.10,,0.10,19.60,257
2025-11-13 00:00:00,4.90,92,0.80,,0.30,17.50,251
2025-11-13 01:00:00,5.40,90,1.10,,0.40,19.50,254
2025-11-13 02:00:00,5.60,91,1.40,,0.60,18.80,250
2025-11-13 03:00:00,5.70,91,1.60,,0.40,18.70,251
2025-11-13 04:00:00,5.70,91,1.70,,0.30,18.10,249
2025-11-13 05:00:00,5.70,89,1.50,,0.20,18.80,250
2025-11-13 06:00:00,5.70,89,1.60,,0.10,18.30,250
2025-11-13 07:00:00,5.70,91,1.60,,0.10,18.40,244
2025-11-13 08:00:00,5.70,89,1.70,,0.00,18.10,247
2025-11-13 09:00:00,5.70,89,1.60,,0.00,18.20,245
2025-11-13 10:00:00,5.80,88,1.80,,0.00,17.40,243
2025-11-13 11:00:00,6.00,87,2.00,,0.00,17.90,248
2025-11-13 12:00:00,6.30,84,2.40,,0.00,16.80,247
2025-11-13 13:00:00,6.50,82,2.30,,0.00,17.90,248
2025-11-13 14:00:00,6.90,80,2.90,,0.00,16.90,243
2025-11-13 15:00:00,6.90,78,2.90,,0.00,16.60,243
2025-11-13 16:00:00,6.50,80,2.60,,0.00,15.70,238
2025-11-13 17:00:00,5.60,84,1.90,,0.10,14.40,233
2025-11-13 18:00:00,5.20,83,1.80,,0.00,11.50,224
2025-11-13 19:00:00,4.50,85,1.10,,0.00,10.90,224
2025-11-13 20:00:00,4.10,85,0.70,,0.00,10.70,228
2025-11-13 21:00:00,4.10,89,0.60,,0.10,12.00,231
2025-11-13 22:00:00,3.90,91,0.50,,0.00,11.80,239
2025-11-13 23:00:00,3.90,92,0.60,,0.00,10.70,237
2025-11-14 00:00:00,3.60,94,0.40,,0.00,10.40,236
2025-11-14 01:00:00,3.50,93,0.40,,0.00,9.80,242
2025-11-14 02:00:00,3.50,93,0.30,,0.00,10.20,238
2025-11-14 03:00:00,2.90,94,-0.20,,0.00,8.90,227
2025-11-14 04:00:00,2.80,94,-0.50,,0.00,10.20,225
2025-11-14 05:00:00,2.50,94,-0.80,,0.00,10.20,219
2025-11-14 06:00:00,2.10,95,-1.30,,0.00,10.20,219
2025-11-14 07:00:00,1.90,95,-1.40,,0.00,9.00,217
2025-11-14 08:00:00,1.70,95,-1.60,,0.00,9.10,214
2025-11-14 09:00:00,1.50,95,-1.80,,0.00,8.40,211
2025-11-14 10:00:00,2.10,91,-1.30,,0.00,9.00,203
2025-11-14 11:00:00,3.00,85,-0.60,,0.00,10.60,208
2025-11-14 12:00:00,3.90,83,0.60,,0.00,9.40,203
2025-11-14 13:00:00,4.60,79,1.20,,0.00,10.00,195
2025-11-14 14:00:00,4.80,80,1.50,,0.00,9.70,180
2025-11-14 15:00:00,5.40,79,2.20,,0.00,9.50,169
2025-11-14 16:00:00,5.20,81,2.00,,0.00,9.20,159
2025-11-14 17:00:00,4.90,82,1.60,,0.00,9.90,147
2025-11-14 18:00:00,4.70,84,1.50,,0.20,10.00,142
2025-11-14 19:00:00,4.70,84,1.20,,0.90,12.00,164
2025-11-14 20:00:00,4.70,86,1.50,,1.00,10.00,165
2025-11-14 21:00:00,4.50,89,2.00,,0.60,6.10,177
2025-11-14 22:00:00,4.40,93,2.00,,0.20,5.50,191
2025-11-14 23:00:00,4.40,95,2.10,,0.20,5.40,217
2025-11-15 00:00:00,4.30,96,2.00,,0.10,5.60,243
2025-11-15 01:00:00,4.40,96,1.80,,0.00,7.70,259
2025-11-15 02:00:00,4.30,94,1.60,,0.00,7.60,275
2025-11-15 03:00:00,4.10,94,1.50,,0.00,7.20,273
2025-11-15 04:00:00,3.70,95,1.10,,0.00,6.50,270
2025-11-15 05:00:00,3.40,96,1.00,,0.00,5.40,262
2025-11-15 06:00:00,3.10,97,0.80,,0.00,4.00,297
2025-11-15 07:00:00,3.00,97,0.80,,0.00,2.90,263
2025-11-15 08:00:00,2.70,98,0.60,,0.00,2.00,225
2025-11-15 09:00:00,2.70,98,0.70,,0.00,1.80,217
2025-11-15 10:00:00,3.20,96,1.20,,0.00,2.20,180
2025-11-15 11:00:00,4.10,92,2.10,,0.00,2.50,135
2025-11-15 12:00:00,4.30,89,2.00,,0.10,3.80,107
2025-11-15 13:00:00,4.50,86,2.10,,0.10,4.80,103
2025-11-15 14:00:00,4.70,85,2.20,,0.00,5.20,115
2025-11-15 15:00:00,4.50,88,2.10,,0.00,5.40,110
2025-11-15 16:00:00,4.50,89,2.00,,0.10,5.40,110
2025-11-15 17:00:00,4.30,91,1.90,,0.10,5.40,90
2025-11-15 18:00:00,4.50,92,2.20,,0.10,5.40,98
2025-11-15 19:00:00,4.50,93,2.20,,0.10,5.50,101
2025-11-15 20:00:00,4.50,93,2.20,,0.10,5.60,105
2025-11-15 21:00:00,4.70,94,2.10,,0.10,7.70,101
2025-11-15 22:00:00,4.60,94,2.10,,0.00,7.20,108
2025-11-15 23:00:00,4.60,95,2.10,,0.40,7.10,105
2025-11-16 00:00:00,4.60,95,1.90,,1.60,8.00,100
2025-11-16 01:00:00,4.50,96,1.90,,0.20,7.30,101
2025-11-16 02:00:00,4.50,97,2.10,,1.20,6.60,99
2025-11-16 03:00:00,4.40,96,2.10,,0.40,5.90,101
2025-11-16 04:00:00,4.50,97,2.20,,0.60,5.80,86
2025-11-16 05:00:00,4.40,97,2.20,,0.10,5.20,78
2025-11-16 06:00:00,4.30,96,2.00,,0.00,5.50,67
2025-11-16 07:00:00,4.30,96,1.90,,0.00,6.10,62
2025-11-16 08:00:00,4.20,96,1.70,,0.00,6.40,63
2025-11-16 09:00:00,4.00,95,1.30,,0.10,7.60,59
2025-11-16 10:00:00,4.10,95,1.40,,0.00,7.70,62
2025-11-16 11:00:00,4.30,93,1.50,,0.00,8.40,65
2025-11-16 12:00:00,4.20,94,1.50,,0.10,7.70,53
2025-11-16 13:00:00,4.60,92,1.90,,0.30,7.60,45
2025-11-16 14:00:00,4.50,92,1.70,,0.70,8.40,40
2025-11-16 15:00:00,4.40,92,1.60,,0.50,8.70,30
2025-11-16 16:00:00,4.30,90,1.20,,0.30,9.50,29
2025-11-16 17:00:00,3.90,90,0.60,,0.40,10.50,22
2025-11-16 18:00:00,3.20,91,-0.20,,0.50,11.20,21
2025-11-16 19:00:00,2.90,91,-0.50,,0.40,10.70,20
2025-11-16 20:00:00,2.80,91,-0.80,,0.50,11.50,20
2025-11-16 21:00:00,3.00,91,-0.50,,0.50,10.70,20
2025-11-16 22:00:00,3.00,90,-0.50,,0.30,10.60,18
2025-11-16 23:00:00,3.10,90,-0.10,,0.20,9.20,11
2025-11-17 00:00:00,3.00,90,-0.40,,0.10,10.50,6
2025-11-17 01:00:00,2.70,91,-0.70,,0.10,10.10,4
2025-11-17 02:00:00,2.60,92,-0.70,,0.10,9.70,2
2025-11-17 03:00:00,2.50,90,-1.00,,0.00,10.20,8
2025-11-17 04:00:00,2.20,91,-1.10,,0.00,9.40,4
2025-11-17 05:00:00,2.00,91,-1.40,,0.00,9.10,7
2025-11-17 06:00:00,2.00,90,-1.40,,0.00,9.10,9
2025-11-17 07:00:00,1.70,90,-1.70,,0.00,9.00,16
2025-11-17 08:00:00,1.50,89,-2.10,,0.00,10.00,26
2025-11-17 09:00:00,1.20,88,-2.30,,0.00,9.10,34
2025-11-17 10:00:00,1.30,88,-2.30,,0.00,9.80,36
2025-11-17 11:00:00,1.60,86,-2.00,,0.00,9.40,40
2025-11-17 12:00:00,1.50,86,-2.10,,0.00,8.90,40
2025-11-17 13:00:00,1.70,85,-1.70,,0.00,7.70,41
2025-11-17 14:00:00,1.80,84,-1.40,,0.00,6.90,28
2025-11-17 15:00:00,2.00,86,-1.20,,0.00,7.10,24
2025-11-17 16:00:00,1.80,87,-1.50,,0.00,7.50,35
2025-11-17 17:00:00,1.50,88,-1.80,,0.00,7.70,41
2025-11-17 18:00:00,1.30,88,-2.10,,0.00,8.40,43
2025-11-17 19:00:00,1.10,88,-2.50,,0.00,9.20,51
2025-11-17 20:00:00,0.70,88,-3.00,,0.00,9.70,51
2025-11-17 21:00:00,0.70,91,-3.10,,0.00,10.30,54
2025-11-17 22:00:00,0.50,91,-3.30,,0.00,10.10,63
2025-11-17 23:00:00,0.40,89,-3.40,,0.00,10.50,68
2025-11-18 00:00:00,0.40,89,-3.30,,0.00,9.40,67
2025-11-18 01:00:00,0.10,90,-3.60,,0.00,9.20,69
2025-11-18 02:00:00,-0.10,90,-3.90,,0.00,9.90,71
2025-11-18 03:00:00,-0.30,89,-4.10,,0.00,9.60,70
2025-11-18 04:00:00,-0.60,90,-4.40,,0.00,9.70,63
2025-11-18 05:00:00,-0.90,91,-4.90,,0.00,10.60,62
2025-11-18 06:00:00,-1.00,90,-5.10,,0.00,10.80,64
2025-11-18 07:00:00,-1.10,90,-5.30,,0.00,11.30,63
2025-11-18 08:00:00,-1.30,89,-5.50,,0.00,11.80,70
2025-11-18 09:00:00,-1.10,85,-5.40,,0.00,11.50,70
2025-11-18 10:00:00,-1.10,82,-5.50,,0.00,11.70,72
2025-11-18 11:00:00,-0.80,79,-5.30,,0.00,12.20,71
2025-11-18 12:00:00,-0.50,73,-5.00,,0.00,12.20,71
2025-11-18 13:00:00,-0.20,71,-4.80,,0.00,12.40,68
2025-11-18 14:00:00,-0.10,68,-4.80,,0.00,12.60,66
2025-11-18 15:00:00,-0.50,70,-5.00,,0.00,11.80,63
2025-11-18 16:00:00,-0.90,72,-5.40,,0.00,10.90,63
2025-11-18 17:00:00,-1.50,73,-5.90,,0.00,10.30,61
2025-11-18 18:00:00,-2.30,74,-6.60,,0.00,9.20,59
2025-11-18 19:00:00,-2.70,77,-7.00,,0.00,9.20,59
2025-11-18 20:00:00,-3.10,78,-7.30,,0.00,8.80,71
2025-11-18 21:00:00,-3.20,77,-7.60,,0.00,9.30,74
2025-11-18 22:00:00,-3.60,78,-7.90,,0.00,9.20,64
2025-11-18 23:00:00,-4.00,79,-8.40,,0.00,9.40,58
2025-11-19 00:00:00,-4.10,79,-8.40,,0.00,8.30,56
2025-11-19 01:00:00,-4.40,80,-8.60,,0.00,8.00,54
2025-11-19 02:00:00,-4.80,82,-9.00,,0.00,8.20,49
2025-11-19 03:00:00,-4.80,82,-9.10,,0.00,8.40,47
2025-11-19 04:00:00,-5.20,83,-9.50,,0.00,8.40,47
2025-11-19 05:00:00,-5.30,83,-9.70,,0.00,8.70,48
2025-11-19 06:00:00,-5.40,82,-9.70,,0.00,8.50,54
2025-11-19 07:00:00,-5.50,82,-10.00,,0.00,9.10,56
2025-11-19 08:00:00,-5.70,81,-10.10,,0.00,9.00,61
2025-11-19 09:00:00,-5.50,80,-10.00,,0.00,9.30,62
2025-11-19 10:00:00,-5.00,77,-9.60,,0.00,10.50,68
2025-11-19 11:00:00,-4.10,73,-8.80,,0.00,11.10,65
2025-11-19 12:00:00,-3.60,69,-8.30,,0.00,10.90,63
2025-11-19 13:00:00,-2.80,66,-7.60,,0.00,11.20,50
2025-11-19 14:00:00,-2.40,64,-7.10,,0.00,11.20,48
2025-11-19 15:00:00,-2.50,65,-7.20,,0.00,11.20,45
2025-11-19 16:00:00,-2.70,67,-7.40,,0.00,11.20,48
2025-11-19 17:00:00,-3.20,70,-7.80,,0.00,10.40,46
2025-11-19 18:00:00,-3.40,72,-8.00,,0.00,10.00,49
2025-11-19 19:00:00,-3.60,73,-8.10,,0.00,9.90,46
2025-11-19 20:00:00,-3.80,75,-8.40,,0.00,10.50,52
2025-11-19 21:00:00,-3.80,77,-8.30,,0.00,10.20,51
2025-11-19 22:00:00,-3.60,78,-8.20,,0.00,10.90,56
2025-11-19 23:00:00,-3.60,80,-8.10,,0.00,10.40,44
2025-11-20 00:00:00,-3.60,82,-8.00,,0.00,10.00,30
2025-11-20 01:00:00,-3.70,83,-8.10,,0.00,10.40,34
2025-11-20 02:00:00,-3.60,83,-8.10,,0.00,11.20,33
2025-11-20 03:00:00,-3.60,84,-8.10,,0.00,11.10,29
2025-11-20 04:00:00,-3.50,85,-8.00,,0.00,11.10,29
2025-11-20 05:00:00,-3.50,86,-8.00,,0.00,11.30,31
2025-11-20 06:00:00,-3.30,87,-7.70,,0.00,11.10,29
2025-11-20 07:00:00,-3.20,87,-7.70,,0.00,11.20,21
2025-11-20 08:00:00,-3.20,87,-7.70,,0.00,11.30,22
2025-11-20 09:00:00,-3.10,87,-7.50,,0.00,10.70,20
2025-11-20 10:00:00,-2.80,85,-7.20,,0.00,11.40,24
2025-11-20 11:00:00,-2.30,83,-6.80,,0.00,11.90,25
2025-11-20 12:00:00,-1.80,81,-6.30,,0.00,11.50,14
2025-11-20 13:00:00,-1.40,79,-5.90,,0.00,11.70,11
2025-11-20 14:00:00,-1.20,78,-5.80,,0.00,12.20,14
2025-11-20 15:00:00,-1.10,75,-5.70,,0.00,12.20,14
2025-11-20 16:00:00,-1.40,76,-5.90,,0.00,11.90,14
2025-11-20 17:00:00,-1.80,77,-6.30,,0.00,11.50,14
2025-11-20 18:00:00,-2.00,78,-6.40,,0.00,10.40,14
2025-11-20 19:00:00,-2.30,80,-6.50,,0.00,9.40,18
2025-11-20 20:00:00,-2.40,81,-6.50,,0.00,8.30,18
2025-11-20 21:00:00,-2.50,82,-6.30,,0.00,7.20,18
2025-11-20 22:00:00,-2.90,84,-6.70,,0.00,6.60,9
2025-11-20 23:00:00,-3.60,86,-7.60,,0.00,7.60,5
2025-11-21 00:00:00,-4.00,85,-7.80,,0.00,5.90,14
2025-11-21 01:00:00,-4.50,86,-8.20,,0.00,5.50,23
2025-11-21 02:00:00,-4.90,85,-8.60,,0.00,4.70,23
2025-11-21 03:00:00,-5.10,84,-8.90,,0.00,5.10,4
2025-11-21 04:00:00,-5.40,85,-9.20,,0.00,4.70,9
2025-11-21 05:00:00,-5.60,84,-9.40,,0.00,4.80,27
2025-11-21 06:00:00,-5.40,83,-9.10,,0.00,4.30,48
2025-11-21 07:00:00,-5.60,83,-9.10,,0.00,2.60,34
2025-11-21 08:00:00,-5.90,84,-9.40,,0.00,2.90,330
2025-11-21 09:00:00,-5.90,83,-9.50,,0.00,3.10,339
2025-11-21 10:00:00,-5.20,81,-8.90,,0.00,4.30,355
2025-11-21 11:00:00,-4.10,76,-7.80,,0.00,4.80,13
2025-11-21 12:00:00,-2.90,69,-6.70,,0.00,4.80,13
2025-11-21 13:00:00,-2.20,66,-5.90,,0.00,4.70,356
2025-11-21 14:00:00,-1.80,63,-5.60,,0.00,5.40,340
2025-11-21 15:00:00,-1.60,62,-5.70,,0.00,6.60,338
2025-11-21 16:00:00,-1.90,65,-6.00,,0.00,7.00,348
2025-11-21 17:00:00,-2.80,69,-6.70,,0.00,5.80,4
2025-11-21 18:00:00,-3.70,69,-7.60,,0.00,5.20,12
2025-11-21 19:00:00,-4.40,71,-8.50,,0.00,5.80,30
2025-11-21 20:00:00,-5.00,69,-9.00,,0.00,4.90,36
2025-11-21 21:00:00,-5.10,67,-8.90,,0.00,3.20,27
2025-11-21 22:00:00,-5.30,66,-9.10,,0.00,2.90,7
2025-11-21 23:00:00,-5.40,66,-9.20,,0.00,3.10,21
2025-11-22 00:00:00,-5.50,68,-9.30,,0.00,2.90,30
2025-11-22 01:00:00,-5.80,68,-9.50,,0.00,2.10,31
2025-11-22 02:00:00,-5.90,69,-9.60,,0.00,2.10,31
2025-11-22 03:00:00,-5.80,68,-9.50,,0.00,2.40,27
2025-11-22 04:00:00,-5.90,69,-9.60,,0.00,2.20,9
2025-11-22 05:00:00,-6.00,69,-9.80,,0.00,2.90,7
2025-11-22 06:00:00,-5.80,68,-9.50,,0.00,2.50,352
2025-11-22 07:00:00,-6.00,69,-9.70,,0.00,2.90,353
2025-11-22 08:00:00,-6.00,68,-9.80,,0.00,3.20,360
2025-11-22 09:00:00,-5.70,69,-9.50,,0.00,3.20,360
2025-11-22 10:00:00,-5.40,66,-9.40,,0.00,4.70,4
2025-11-22 11:00:00,-4.80,61,-9.20,,0.00,6.90,6
2025-11-22 12:00:00,-4.60,61,-8.90,,0.00,6.50,360
2025-11-22 13:00:00,-4.30,60,-8.80,,0.00,7.60,341
2025-11-22 14:00:00,-4.20,60,-8.80,,0.00,8.90,328
2025-11-22 15:00:00,-4.90,62,-9.70,,0.00,9.90,327
2025-11-22 16:00:00,-5.30,59,-10.20,,0.00,10.20,328
2025-11-22 17:00:00,-6.20,62,-11.10,,0.00,10.10,333
2025-11-22 18:00:00,-6.60,66,-11.40,,0.00,9.70,333
2025-11-22 19:00:00,-6.90,68,-11.70,,0.00,9.70,333
2025-11-22 20:00:00,-7.20,70,-11.80,,0.00,8.40,329
2025-11-22 21:00:00,-7.40,73,-12.10,,0.00,8.70,318
2025-11-22 22:00:00,-7.50,74,-12.20,,0.00,9.10,326
2025-11-22 23:00:00,-7.30,71,-12.30,,0.00,10.60,332
2025-11-23 00:00:00,-7.10,72,-11.90,,0.00,9.90,327
2025-11-23 01:00:00,-7.30,72,-12.00,,0.00,9.40,320
2025-11-23 02:00:00,-7.20,72,-11.80,,0.00,8.30,304
2025-11-23 03:00:00,-7.00,71,-11.50,,0.00,7.70,311
2025-11-23 04:00:00,-7.10,76,-11.70,,0.00,8.70,294
2025-11-23 05:00:00,-7.50,75,-12.00,,0.00,7.30,281
2025-11-23 06:00:00,-7.80,80,-12.20,,0.00,6.90,261
2025-11-23 07:00:00,-7.90,83,-12.50,,0.00,9.00,247
2025-11-23 08:00:00,-7.90,79,-12.90,,0.00,10.90,243
2025-11-23 09:00:00,-7.80,78,-12.90,,0.00,11.60,234
2025-11-23 10:00:00,-7.40,75,-12.90,,0.00,14.60,232
2025-11-23 11:00:00,-7.10,72,-12.90,,0.00,16.40,218
2025-11-23 12:00:00,-6.90,69,-12.70,,0.00,16.80,215
2025-11-23 13:00:00,-6.40,70,-12.20,,0.00,17.00,212
2025-11-23 14:00:00,-5.80,72,-11.70,,0.00,18.00,209
2025-11-23 15:00:00,-5.60,73,-11.40,,0.00,17.60,208
2025-11-23 16:00:00,-5.50,73,-11.60,,0.00,20.10,204
2025-11-23 17:00:00,-5.60,79,-12.00,,0.10,22.10,204
2025-11-23 18:00:00,-5.50,86,-11.70,,0.60,21.10,200
2025-11-23 19:00:00,-5.30,87,-11.40,,0.90,21.10,205
2025-11-23 20:00:00,-4.60,89,-10.40,,0.60,19.70,208
2025-11-23 21:00:00,-3.50,91,-9.20,,0.60,20.10,213
2025-11-23 22:00:00,-2.80,93,-8.30,,0.70,19.60,216
2025-11-23 23:00:00,-1.80,93,-7.30,,0.70,20.40,225
2025-11-24 00:00:00,-0.20,94,-5.60,,0.10,21.20,235
2025-11-24 01:00:00,0.50,94,-4.90,,0.30,21.60,237
2025-11-24 02:00:00,0.70,94,-4.70,,0.10,22.10,236
2025-11-24 03:00:00,1.10,95,-4.20,,0.50,22.10,236
2025-11-24 04:00:00,1.30,95,-3.90,,0.30,22.10,233
2025-11-24 05:00:00,1.70,94,-3.60,,0.20,22.70,237
2025-11-24 06:00:00,2.00,94,-3.50,,0.10,23.80,238
2025-11-24 07:00:00,1.90,95,-3.60,,0.00,24.40,236
2025-11-24 08:00:00,2.20,93,-3.20,,0.00,23.30,238
2025-11-24 09:00:00,2.60,92,-2.50,,0.00,21.40,245
2025-11-24 10:00:00,2.50,91,-2.30,,0.00,19.90,250
2025-11-24 11:00:00,2.80,89,-1.90,,0.00,19.10,250
2025-11-24 12:00:00,3.50,85,-1.50,,0.00,20.80,256
2025-11-24 13:00:00,3.70,81,-1.20,,0.00,19.60,257
2025-11-24 14:00:00,3.50,84,-1.30,,0.20,19.20,257
2025-11-24 15:00:00,3.20,83,-1.20,,0.10,16.60,257
2025-11-24 16:00:00,2.60,88,-1.70,,0.30,16.00,247
2025-11-24 17:00:00,2.10,89,-2.00,,0.20,13.90,249
2025-11-24 18:00:00,1.80,89,-2.00,,0.00,12.10,247
2025-11-24 19:00:00,1.40,91,-2.50,,0.00,12.20,246
2025-11-24 20:00:00,1.00,93,-2.70,,0.00,11.10,241
2025-11-24 21:00:00,1.20,91,-2.70,,0.00,11.60,234
2025-11-24 22:00:00,1.00,92,-3.10,,0.10,13.20,235
2025-11-24 23:00:00,0.80,90,-3.30,,0.00,12.80,230
2025-11-25 00:00:00,0.80,90,-3.50,,0.00,13.60,233
2025-11-25 01:00:00,0.60,90,-3.60,,0.00,13.60,233
2025-11-25 02:00:00,0.60,89,-4.00,,0.00,15.90,242
2025-11-25 03:00:00,0.50,88,-3.70,,0.10,13.20,241
2025-11-25 04:00:00,0.30,89,-3.90,,0.00,13.30,237
2025-11-25 05:00:00,0.20,89,-4.20,,0.00,14.10,238
2025-11-25 06:00:00,0.30,88,-4.20,,0.00,14.30,245
2025-11-25 07:00:00,0.10,88,-4.20,,0.00,13.00,236
2025-11-25 08:00:00,-0.00,87,-4.20,,0.00,11.90,235
2025-11-25 09:00:00,-0.20,91,-4.30,,0.00,11.90,235
2025-11-25 10:00:00,-0.10,87,-4.40,,0.00,12.40,253
2025-11-25 11:00:00,0.20,88,-3.70,,0.00,10.80,249
2025-11-25 12:00:00,0.80,82,-3.10,,0.00,10.10,264
2025-11-25 13:00:00,1.00,74,-2.80,,0.00,8.90,256
2025-11-25 14:00:00,1.60,71,-2.30,,0.00,8.70,246
2025-11-25 15:00:00,1.60,70,-2.00,,0.00,7.20,233
2025-11-25 16:00:00,1.10,75,-2.10,,0.00,4.60,219
2025-11-25 17:00:00,0.60,80,-2.40,,0.00,3.40,198
2025-11-25 18:00:00,0.60,80,-2.30,,0.00,2.50,188
2025-11-25 19:00:00,0.40,79,-2.40,,0.00,1.80,143
2025-11-25 20:00:00,0.10,79,-2.80,,0.00,2.60,124
2025-11-25 21:00:00,-0.50,82,-3.60,,0.00,3.20,117
2025-11-25 22:00:00,-0.60,83,-3.70,,0.00,3.10,126
2025-11-25 23:00:00,-0.80,84,-3.80,,0.00,3.20,117
2025-11-26 00:00:00,-1.00,85,-4.00,,0.00,3.00,104
2025-11-26 01:00:00,-1.30,86,-4.40,,0.00,3.30,96
2025-11-26 02:00:00,-1.60,88,-4.60,,0.00,3.00,76
2025-11-26 03:00:00,-1.80,90,-5.00,,0.00,3.80,49
2025-11-26 04:00:00,-2.00,91,-5.20,,0.00,4.10,45
2025-11-26 05:00:00,-2.10,92,-5.40,,0.00,4.80,48
2025-11-26 06:00:00,-2.20,93,-5.50,,0.00,5.40,42
2025-11-26 07:00:00,-2.30,93,-5.90,,0.00,6.60,41
2025-11-26 08:00:00,-2.30,92,-5.90,,0.00,7.10,41
2025-11-26 09:00:00,-2.30,92,-6.00,,0.00,7.30,33
2025-11-26 10:00:00,-1.90,91,-5.60,,0.00,7.90,30
2025-11-26 11:00:00,-1.30,89,-5.20,,0.00,9.20,26
2025-11-26 12:00:00,-0.80,87,-4.80,,0.00,10.00,30
2025-11-26 13:00:00,-0.60,85,-4.70,,0.00,10.80,26
2025-11-26 14:00:00,-0.50,86,-4.70,,0.00,11.80,23
2025-11-26 15:00:00,-0.40,88,-4.70,,0.10,13.00,24
2025-11-26 16:00:00,-0.50,88,-5.10,,0.10,14.80,13
2025-11-26 17:00:00,-0.70,90,-5.40,,0.20,15.50,4
2025-11-26 18:00:00,-0.80,93,-5.80,,0.90,17.70,2
2025-11-26 19:00:00,-0.90,92,-6.20,,1.30,19.90,5
2025-11-26 20:00:00,-0.80,91,-5.90,,0.70,18.70,1
2025-11-26 21:00:00,-0.90,92,-6.30,,1.30,20.80,9
2025-11-26 22:00:00,-1.00,92,-6.60,,1.30,21.60,360
2025-11-26 23:00:00,-1.20,92,-7.00,,1.60,22.70,4
2025-11-27 00:00:00,-1.30,92,-7.20,,1.50,23.00,360
2025-11-27 01:00:00,-1.50,92,-7.20,,1.40,21.40,353
2025-11-27 02:00:00,-1.80,92,-7.20,,1.60,19.50,348
2025-11-27 03:00:00,-2.10,92,-7.70,,1.60,20.10,350
2025-11-27 04:00:00,-2.40,92,-8.10,,1.80,21.00,344
2025-11-27 05:00:00,-2.80,91,-8.70,,1.20,21.70,345
2025-11-27 06:00:00,-3.20,91,-8.90,,0.80,20.50,338
2025-11-27 07:00:00,-3.50,91,-9.30,,1.10,21.10,330
2025-11-27 08:00:00,-3.80,90,-9.80,,1.30,22.20,324
2025-11-27 09:00:00,-3.90,90,-10.20,,1.00,23.50,319
2025-11-27 10:00:00,-4.00,89,-10.20,,0.80,22.90,314
2025-11-27 11:00:00,-3.80,88,-9.90,,0.60,22.10,307
2025-11-27 12:00:00,-3.60,87,-9.80,,0.30,22.60,304
2025-11-27 13:00:00,-3.50,87,-9.70,,0.30,22.70,297
2025-11-27 14:00:00,-3.50,87,-9.60,,0.20,22.50,290
2025-11-27 15:00:00,-3.40,88,-9.50,,0.30,23.00,284
2025-11-27 16:00:00,-3.50,89,-9.80,,0.30,23.50,276
2025-11-27 17:00:00,-3.90,88,-10.30,,0.30,24.10,270
2025-11-27 18:00:00,-3.90,89,-9.90,,0.30,22.10,263
2025-11-27 19:00:00,-4.20,89,-10.60,,0.40,24.00,257
2025-11-27 20:00:00,-4.70,88,-11.40,,0.20,25.90,256
2025-11-27 21:00:00,-4.80,87,-11.20,,0.10,23.50,255
2025-11-27 22:00:00,-5.00,87,-11.30,,0.10,22.70,250
2025-11-27 23:00:00,-5.20,87,-11.40,,0.10,22.30,247
2025-11-28 00:00:00,-5.20,86,-11.20,,0.10,20.10,246
2025-11-28 01:00:00,-5.50,87,-11.40,,0.00,19.20,242
2025-11-28 02:00:00,-5.70,86,-11.50,,0.00,18.80,241
2025-11-28 03:00:00,-5.90,84,-11.50,,0.00,16.60,243
2025-11-28 04:00:00,-6.50,85,-11.70,,0.00,14.20,234
2025-11-28 05:00:00,-7.00,85,-12.20,,0.00,13.80,229
2025-11-28 06:00:00,-7.00,82,-12.10,,0.00,13.00,228
2025-11-28 07:00:00,-7.70,84,-12.60,,0.00,11.50,224
2025-11-28 08:00:00,-8.20,85,-13.10,,0.00,11.00,218
2025-11-28 09:00:00,-8.80,84,-13.60,,0.00,9.90,213
2025-11-28 10:00:00,-8.80,85,-13.50,,0.00,9.50,209
2025-11-28 11:00:00,-7.70,84,-12.40,,0.00,9.80,204
2025-11-28 12:00:00,-6.50,80,-11.20,,0.00,9.80,204
2025-11-28 13:00:00,-5.70,77,-10.30,,0.00,9.90,199
2025-11-28 14:00:00,-5.20,74,-9.80,,0.00,9.90,199
2025-11-28 15:00:00,-5.10,70,-9.50,,0.00,8.00,188
2025-11-28 16:00:00,-6.00,76,-10.40,,0.00,8.00,162
2025-11-28 17:00:00,-7.60,80,-12.10,,0.00,7.70,152
2025-11-28 18:00:00,-8.30,85,-12.70,,0.00,7.70,143
2025-11-28 19:00:00,-8.00,87,-12.50,,0.00,8.90,140
2025-11-28 20:00:00,-6.90,87,-11.50,,0.00,9.40,130
2025-11-28 21:00:00,-6.00,87,-10.40,,0.00,8.90,122
2025-11-28 22:00:00,-5.40,85,-10.00,,0.00,10.30,119
2025-11-28 23:00:00,-4.80,87,-9.60,,0.10,12.40,112
2025-11-29 00:00:00,-4.10,91,-9.00,,0.30,14.10,103
2025-11-29 01:00:00,-3.60,93,-8.40,,0.50,14.20,99
2025-11-29 02:00:00,-2.80,93,-7.70,,0.50,14.90,105
2025-11-29 03:00:00,-1.90,94,-6.60,,1.20,14.80,104
2025-11-29 04:00:00,-1.00,95,-5.70,,0.90,15.60,109
2025-11-29 05:00:00,-0.40,95,-5.20,,0.40,16.70,109
2025-11-29 06:00:00,0.40,94,-4.40,,0.50,17.80,108
2025-11-29 07:00:00,0.60,94,-4.20,,0.90,18.00,106
2025-11-29 08:00:00,0.70,95,-4.20,,1.00,19.30,104
2025-11-29 09:00:00,0.90,96,-4.20,,1.30,20.20,106
2025-11-29 10:00:00,0.80,95,-4.30,,1.50,20.40,111
2025-11-29 11:00:00,0.80,95,-4.30,,2.00,19.90,112
2025-11-29 12:00:00,1.00,95,-3.80,,1.30,18.70,118
2025-11-29 13:00:00,0.80,95,-3.90,,1.40,17.60,118
2025-11-29 14:00:00,0.80,94,-3.90,,1.30,18.00,123
2025-11-29 15:00:00,0.80,94,-3.70,,1.10,16.10,124
2025-11-29 16:00:00,0.80,94,-3.50,,0.80,14.70,126
2025-11-29 17:00:00,0.70,95,-3.20,,0.60,12.10,143
2025-11-29 18:00:00,0.80,97,-2.90,,0.30,11.30,171
2025-11-29 19:00:00,0.60,92,-4.60,,0.40,20.20,229
2025-11-29 20:00:00,-0.50,89,-6.20,,0.20,22.50,229
2025-11-29 21:00:00,-1.30,88,-7.00,,0.10,21.70,228
2025-11-29 22:00:00,-2.50,85,-8.50,,0.10,22.20,228
2025-11-29 23:00:00,-3.30,85,-9.30,,0.00,21.40,226
2025-11-30 00:00:00,-4.00,86,-10.00,,0.10,21.10,226
2025-11-30 01:00:00,-4.50,87,-10.50,,0.20,20.50,232
2025-11-30 02:00:00,-4.40,90,-9.90,,0.30,18.30,227
2025-11-30 03:00:00,-4.70,87,-10.50,,0.20,19.50,231
2025-11-30 04:00:00,-4.70,88,-10.50,,0.20,19.50,231
2025-11-30 05:00:00,-4.90,87,-10.70,,0.20,19.00,233
2025-11-30 06:00:00,-5.10,87,-10.90,,0.20,19.60,234
2025-11-30 07:00:00,-5.30,86,-11.30,,0.10,20.30,233
2025-11-30 08:00:00,-5.40,84,-11.50,,0.10,20.30,233
2025-11-30 09:00:00,-5.50,82,-11.70,,0.00,20.70,230
2025-11-30 10:00:00,-5.40,81,-11.70,,0.00,21.50,232
2025-11-30 11:00:00,-5.20,80,-11.60,,0.00,22.10,233
2025-11-30 12:00:00,-4.50,79,-10.70,,0.00,21.60,233
2025-11-30 13:00:00,-4.10,79,-10.10,,0.00,20.50,232
2025-11-30 14:00:00,-3.70,80,-9.50,,0.00,19.20,230
2025-11-30 15:00:00,-3.30,77,-8.70,,0.00,17.10,228
2025-11-30 16:00:00,-3.40,80,-8.40,,0.00,14.60,220
2025-11-30 17:00:00,-3.70,82,-8.40,,0.00,11.90,209
2025-11-30 18:00:00,-4.30,83,-8.80,,0.00,10.80,201
2025-11-30 19:00:00,-4.60,83,-9.30,,0.00,11.50,200
2025-11-30 20:00:00,-4.90,82,-9.60,,0.00,11.70,198
2025-11-30 21:00:00,-5.00,82,-9.70,,0.00,10.90,197
2025-11-30 22:00:00,-4.90,82,-9.70,,0.00,11.50,194
2025-11-30 23:00:00,-4.70,82,-9.50,,0.00,12.10,192
2025-12-01 00:00:00,-4.70,84,-9.30,,0.00,11.30,189
2025-12-01 01:00:00,-4.90,85,-9.50,,0.00,10.90,186
2025-12-01 02:00:00,-5.10,86,-9.80,,0.00,11.20,180
2025-12-01 03:00:00,-5.40,87,-9.70,,0.00,9.10,171
2025-12-01 04:00:00,-5.20,86,-9.60,,0.00,8.90,166
2025-12-01 05:00:00,-4.90,86,-9.20,,0.00,9.10,162
2025-12-01 06:00:00,-4.30,89,-8.40,,0.10,8.80,145
2025-12-01 07:00:00,-4.10,93,-8.30,,0.20,9.20,132
2025-12-01 08:00:00,-3.60,94,-7.80,,0.70,9.80,126
2025-12-01 09:00:00,-2.90,94,-6.90,,0.90,9.00,119
2025-12-01 10:00:00,-2.60,94,-6.40,,0.90,8.20,131
2025-12-01 11:00:00,-2.00,94,-5.40,,0.70,6.10,135
2025-12-01 12:00:00,-1.50,93,-4.60,,0.30,4.10,165
2025-12-01 13:00:00,-1.00,92,-4.10,,0.10,4.80,207
2025-12-01 14:00:00,-0.70,92,-4.10,,0.00,6.50,251
2025-12-01 15:00:00,-0.80,91,-4.40,,0.00,7.90,273
2025-12-01 16:00:00,-0.90,89,-4.70,,0.00,8.90,284
2025-12-01 17:00:00,-1.30,88,-5.20,,0.00,9.30,286
2025-12-01 18:00:00,-1.50,89,-5.40,,0.00,9.00,286
2025-12-01 19:00:00,-1.80,89,-5.40,,0.00,7.30,279
2025-12-01 20:00:00,-2.00,90,-5.70,,0.00,7.30,281
2025-12-01 21:00:00,-2.10,88,-6.00,,0.00,8.70,294
2025-12-01 22:00:00,-2.20,87,-5.80,,0.00,6.70,286
2025-12-01 23:00:00,-2.60,88,-6.10,,0.00,5.80,277
2025-12-02 00:00:00,-2.80,88,-6.20,,0.00,4.40,261
2025-12-02 01:00:00,-3.10,90,-6.50,,0.00,4.80,257
2025-12-02 02:00:00,-3.20,92,-6.70,,0.00,5.80,270
2025-12-02 03:00:00,-3.50,93,-7.00,,0.00,4.70,293
2025-12-02 04:00:00,-3.50,92,-6.90,,0.00,4.40,305
2025-12-02 05:00:00,-3.50,91,-6.70,,0.00,2.40,297
2025-12-02 06:00:00,-3.60,91,-6.60,,0.00,1.50,346
2025-12-02 07:00:00,-3.70,91,-6.50,,0.00,0.40,90
2025-12-02 08:00:00,-4.00,91,-7.00,,0.00,1.10,108
2025-12-02 09:00:00,-4.30,92,-7.50,,0.00,2.30,141
2025-12-02 10:00:00,-4.20,91,-7.60,,0.00,3.40,148
2025-12-02 11:00:00,-3.50,87,-6.90,,0.00,4.30,138
2025-12-02 12:00:00,-3.00,84,-6.50,,0.00,4.80,138
2025-12-02 13:00:00,-2.50,83,-6.00,,0.00,4.90,144
2025-12-02 14:00:00,-2.30,83,-5.80,,0.00,4.80,132
2025-12-02 15:00:00,-2.20,83,-5.70,,0.00,4.90,144
2025-12-02 16:00:00,-2.30,84,-5.80,,0.00,5.10,129
2025-12-02 17:00:00,-2.60,87,-6.10,,0.00,5.40,110
2025-12-02 18:00:00,-2.90,93,-6.40,,0.30,5.70,108
2025-12-02 19:00:00,-3.10,94,-6.90,,0.50,7.70,101
2025-12-02 20:00:00,-3.20,93,-7.20,,0.40,8.80,99
2025-12-02 21:00:00,-3.20,93,-7.20,,0.40,8.70,95
2025-12-02 22:00:00,-3.30,93,-7.40,,0.50,9.70,92
2025-12-02 23:00:00,-3.20,93,-7.70,,0.60,11.90,88
2025-12-03 00:00:00,-3.10,93,-7.50,,0.60,11.90,85
2025-12-03 01:00:00,-3.10,93,-7.80,,0.40,13.70,87
2025-12-03 02:00:00,-3.00,92,-7.80,,0.50,14.50,84
2025-12-03 03:00:00,-2.90,91,-7.80,,0.30,15.30,81
2025-12-03 04:00:00,-2.80,91,-7.80,,0.20,15.90,84
2025-12-03 05:00:00,-2.70,91,-7.90,,0.40,16.90,91
2025-12-03 06:00:00,-2.40,92,-6.60,,0.60,10.60,100
2025-12-03 07:00:00,-2.40,93,-6.60,,0.50,10.70,102
2025-12-03 08:00:00,-2.20,94,-6.40,,0.70,11.40,118
2025-12-03 09:00:00,-1.90,94,-5.40,,0.90,6.50,124
2025-12-03 10:00:00,-1.60,95,-4.80,,0.10,5.40,143
2025-12-03 11:00:00,-1.20,96,-4.50,,0.00,6.20,173
2025-12-03 12:00:00,-0.40,97,-3.80,,0.10,7.80,214
2025-12-03 13:00:00,0.30,95,-3.70,,0.10,11.90,235
2025-12-03 14:00:00,0.60,91,-3.60,,0.10,13.80,250
2025-12-03 15:00:00,0.00,88,-4.80,,0.10,16.50,260
2025-12-03 16:00:00,-0.80,88,-5.90,,0.10,17.90,260
2025-12-03 17:00:00,-1.90,86,-7.10,,0.10,17.30,265
2025-12-03 18:00:00,-2.50,85,-7.90,,0.10,18.00,269
2025-12-03 19:00:00,-3.40,83,-8.80,,0.00,17.70,272
2025-12-03 20:00:00,-3.70,82,-9.20,,0.00,17.40,277
2025-12-03 21:00:00,-3.90,79,-9.30,,0.00,16.40,285
2025-12-03 22:00:00,-4.20,81,-9.30,,0.00,14.50,289
2025-12-03 23:00:00,-4.30,81,-9.10,,0.00,12.60,283
2025-12-04 00:00:00,-4.20,80,-9.00,,0.00,12.20,284
2025-12-04 01:00:00,-4.50,82,-9.10,,0.00,11.10,283
2025-12-04 02:00:00,-4.80,84,-9.40,,0.00,11.10,283
2025-12-04 03:00:00,-5.00,83,-9.60,,0.00,10.50,286
2025-12-04 04:00:00,-5.10,85,-9.50,,0.00,9.50,279
2025-12-04 05:00:00,-5.30,87,-9.70,,0.00,9.20,281
2025-12-04 06:00:00,-5.40,86,-9.90,,0.00,9.50,279
2025-12-04 07:00:00,-6.00,88,-10.50,,0.00,10.10,274
2025-12-04 08:00:00,-6.00,82,-10.80,,0.00,11.40,281
2025-12-04 09:00:00,-6.50,87,-11.20,,0.00,10.50,276
2025-12-04 10:00:00,-6.40,85,-10.90,,0.00,9.40,274
2025-12-04 11:00:00,-5.60,86,-9.80,,0.00,7.60,262
2025-12-04 12:00:00,-4.90,85,-9.00,,0.00,7.80,248
2025-12-04 13:00:00,-4.20,84,-8.40,,0.00,9.00,241
2025-12-04 14:00:00,-3.90,87,-8.20,,0.00,9.90,237
2025-12-04 15:00:00,-3.60,86,-7.70,,0.00,9.00,233
2025-12-04 16:00:00,-3.50,87,-7.80,,0.00,10.50,239
2025-12-04 17:00:00,-3.60,83,-7.70,,0.00,8.10,225
2025-12-04 18:00:00,-3.90,82,-8.10,,0.00,8.10,225
2025-12-04 19:00:00,-4.60,87,-8.70,,0.00,8.20,221
2025-12-04 20:00:00,-4.50,90,-8.80,,0.00,9.20,225
2025-12-04 21:00:00,-4.20,88,-8.50,,0.00,9.70,239
2025-12-04 22:00:00,-4.40,88,-8.60,,0.00,8.90,243
2025-12-04 23:00:00,-4.70,90,-8.90,,0.00,9.00,241
2025-12-05 00:00:00,-4.50,88,-8.60,,0.00,8.40,227
2025-12-05 01:00:00,-4.50,89,-9.00,,0.00,10.50,232
2025-12-05 02:00:00,-4.60,88,-9.00,,0.00,10.00,240
2025-12-05 03:00:00,-4.40,87,-8.60,,0.00,8.70,232
2025-12-05 04:00:00,-4.60,90,-9.00,,0.00,10.20,231
2025-12-05 05:00:00,-5.10,90,-9.30,,0.00,8.40,227
2025-12-05 06:00:00,-5.30,92,-9.60,,0.00,9.20,228
2025-12-05 07:00:00,-5.20,93,-9.60,,0.00,10.10,235
2025-12-05 08:00:00,-5.00,91,-9.40,,0.00,10.00,249
2025-12-05 09:00:00,-4.90,91,-9.00,,0.00,7.80,236
2025-12-05 10:00:00,-5.30,90,-9.40,,0.00,7.90,231
2025-12-05 11:00:00,-4.70,90,-8.70,,0.00,7.60,225
2025-12-05 12:00:00,-3.80,85,-8.00,,0.00,8.90,230
2025-12-05 13:00:00,-3.40,85,-7.60,,0.00,9.00,233
2025-12-05 14:00:00,-3.20,84,-7.20,,0.00,7.60,239
2025-12-05 15:00:00,-3.40,79,-7.30,,0.00,6.70,234
2025-12-05 16:00:00,-3.90,80,-7.50,,0.00,4.40,215
2025-12-05 17:00:00,-4.90,79,-8.40,,0.00,2.90,187
2025-12-05 18:00:00,-5.80,80,-9.30,,0.00,2.50,180
2025-12-05 19:00:00,-6.40,80,-10.00,,0.00,2.40,153
2025-12-05 20:00:00,-6.90,81,-10.50,,0.00,2.50,135
2025-12-05 21:00:00,-7.00,85,-10.50,,0.00,2.50,135
2025-12-05 22:00:00,-7.00,87,-10.60,,0.00,3.10,135
2025-12-05 23:00:00,-7.40,91,-11.00,,0.00,3.40,122
2025-12-06 00:00:00,-7.10,95,-10.70,,0.00,3.70,119
2025-12-06 01:00:00,-7.00,94,-10.70,,0.00,4.30,114
2025-12-06 02:00:00,-6.90,93,-10.80,,0.00,5.20,115
2025-12-06 03:00:00,-6.50,92,-10.40,,0.00,5.50,113
2025-12-06 04:00:00,-6.60,91,-10.60,,0.00,6.10,118
2025-12-06 05:00:00,-7.10,90,-11.10,,0.00,6.30,114
2025-12-06 06:00:00,-7.10,91,-11.10,,0.00,5.80,112
2025-12-06 07:00:00,-7.10,90,-11.20,,0.00,6.20,111
2025-12-06 08:00:00,-7.30,90,-11.40,,0.00,6.50,109
2025-12-06 09:00:00,-7.20,91,-11.20,,0.00,6.30,103
2025-12-06 10:00:00,-6.90,90,-11.00,,0.00,6.60,99
2025-12-06 11:00:00,-6.00,89,-10.20,,0.00,7.60,98
2025-12-06 12:00:00,-4.90,86,-9.10,,0.00,8.00,98
2025-12-06 13:00:00,-4.20,85,-8.30,,0.00,8.40,100
2025-12-06 14:00:00,-3.60,85,-7.80,,0.00,8.70,97
2025-12-06 15:00:00,-3.60,83,-7.60,,0.00,8.00,95
2025-12-06 16:00:00,-4.10,85,-8.20,,0.00,8.00,82
2025-12-06 17:00:00,-5.20,87,-9.40,,0.00,7.80,77
2025-12-06 18:00:00,-5.70,86,-9.90,,0.00,8.10,77
2025-12-06 19:00:00,-6.30,86,-10.70,,0.00,8.80,78
2025-12-06 20:00:00,-6.70,86,-11.20,,0.00,9.20,79
2025-12-06 21:00:00,-6.60,86,-11.10,,0.00,8.80,78
2025-12-06 22:00:00,-7.10,87,-11.60,,0.00,8.80,78
2025-12-06 23:00:00,-7.40,87,-11.90,,0.00,8.90,76
2025-12-07 00:00:00,-7.80,88,-12.30,,0.00,8.80,71
2025-12-07 01:00:00,-8.10,88,-12.70,,0.00,9.20,69
2025-12-07 02:00:00,-8.50,88,-13.20,,0.00,9.70,68
2025-12-07 03:00:00,-9.00,89,-13.70,,0.00,9.70,63
2025-12-07 04:00:00,-9.30,89,-14.10,,0.00,10.00,64
2025-12-07 05:00:00,-9.50,89,-14.30,,0.00,10.50,63
2025-12-07 06:00:00,-9.20,90,-14.10,,0.00,10.50,63
2025-12-07 07:00:00,-9.30,89,-14.30,,0.00,11.40,66
2025-12-07 08:00:00,-9.30,89,-14.40,,0.00,12.20,66
2025-12-07 09:00:00,-9.10,89,-14.30,,0.00,12.70,65
2025-12-07 10:00:00,-8.80,90,-14.00,,0.00,13.40,66
2025-12-07 11:00:00,-7.80,89,-13.20,,0.00,14.70,68
2025-12-07 12:00:00,-6.60,87,-11.80,,0.00,14.20,69
2025-12-07 13:00:00,-5.80,87,-11.00,,0.00,14.10,71
2025-12-07 14:00:00,-5.20,87,-10.30,,0.00,14.20,69
2025-12-07 15:00:00,-5.00,86,-10.10,,0.00,13.90,73
2025-12-07 16:00:00,-5.00,88,-9.90,,0.00,13.20,73
2025-12-07 17:00:00,-5.00,88,-9.80,,0.00,12.60,70
2025-12-07 18:00:00,-4.70,89,-9.50,,0.00,12.60,70
2025-12-07 19:00:00,-4.70,90,-9.60,,0.00,13.70,72
2025-12-07 20:00:00,-4.70,90,-9.70,,0.10,14.20,74
2025-12-07 21:00:00,-4.60,90,-9.60,,0.10,13.90,73
2025-12-07 22:00:00,-4.70,91,-9.60,,0.10,14.10,75
2025-12-07 23:00:00,-4.70,90,-9.70,,0.10,14.10,75
2025-12-08 00:00:00,-4.60,91,-9.40,,0.10,13.00,76
2025-12-08 01:00:00,-4.70,91,-9.50,,0.20,13.30,77
2025-12-08 02:00:00,-4.70,91,-9.60,,0.30,13.50,74
2025-12-08 03:00:00,-4.70,91,-9.60,,0.50,13.70,76
2025-12-08 04:00:00,-4.70,91,-9.60,,0.50,13.60,79
2025-12-08 05:00:00,-4.80,91,-9.70,,0.40,13.90,80
2025-12-08 06:00:00,-4.70,91,-9.50,,0.40,13.40,85
2025-12-08 07:00:00,-4.70,91,-9.70,,0.40,14.10,84
2025-12-08 08:00:00,-4.80,91,-9.80,,0.40,14.50,83
2025-12-08 09:00:00,-4.80,90,-9.90,,0.40,14.80,84
2025-12-08 10:00:00,-4.90,90,-10.00,,0.40,15.10,89
2025-12-08 11:00:00,-4.80,89,-10.00,,0.20,15.50,91
2025-12-08 12:00:00,-4.70,88,-9.60,,0.10,13.40,96
2025-12-08 13:00:00,-4.60,88,-9.50,,0.10,13.30,93
2025-12-08 14:00:00,-4.60,89,-9.50,,0.10,13.70,85
2025-12-08 15:00:00,-4.60,89,-9.30,,0.20,12.00,81
2025-12-08 16:00:00,-4.90,90,-9.60,,0.30,12.10,80
2025-12-08 17:00:00,-5.10,91,-9.70,,0.50,11.70,79
2025-12-08 18:00:00,-5.10,91,-9.70,,0.40,11.60,83
2025-12-08 19:00:00,-5.20,91,-9.80,,0.50,11.50,86
2025-12-08 20:00:00,-5.10,91,-9.80,,0.50,11.50,88
2025-12-08 21:00:00,-5.20,91,-9.50,,0.50,9.70,90
2025-12-08 22:00:00,-5.10,91,-9.50,,0.30,10.10,92
2025-12-08 23:00:00,-5.20,91,-9.40,,0.10,9.00,90
2025-12-09 00:00:00,-5.10,91,-9.30,,0.10,8.30,90
2025-12-09 01:00:00,-5.10,91,-9.30,,0.10,8.30,92
2025-12-09 02:00:00,-5.10,91,-9.20,,0.10,8.30,95
2025-12-09 03:00:00,-5.20,91,-9.10,,0.10,6.80,93
2025-12-09 04:00:00,-5.30,91,-9.20,,0.10,6.50,84
2025-12-09 05:00:00,-5.50,92,-9.40,,0.00,6.90,81
2025-12-09 06:00:00,-5.60,91,-9.60,,0.00,6.90,84
2025-12-09 07:00:00,-5.80,91,-9.80,,0.00,6.80,87
2025-12-09 08:00:00,-5.80,91,-9.80,,0.00,6.80,87
2025-12-09 09:00:00,-5.70,90,-9.70,,0.00,6.80,93
2025-12-09 10:00:00,-5.70,90,-9.70,,0.00,6.50,93
2025-12-09 11:00:00,-5.40,90,-9.30,,0.00,6.10,87
2025-12-09 12:00:00,-5.20,88,-9.20,,0.00,6.80,90
2025-12-09 13:00:00,-4.80,87,-8.80,,0.00,6.90,84
2025-12-09 14:00:00,-4.60,87,-8.50,,0.00,6.90,81
2025-12-09 15:00:00,-4.90,85,-8.90,,0.00,7.20,72
2025-12-09 16:00:00,-5.10,86,-9.10,,0.00,7.20,72
2025-12-09 17:00:00,-5.70,88,-9.70,,0.00,6.60,68
2025-12-09 18:00:00,-6.10,88,-10.20,,0.00,7.00,69
2025-12-09 19:00:00,-6.40,88,-10.60,,0.00,7.40,76
2025-12-09 20:00:00,-6.60,89,-10.70,,0.00,7.20,84
2025-12-09 21:00:00,-6.40,88,-10.40,,0.00,5.80,90
2025-12-09 22:00:00,-6.50,89,-10.50,,0.00,5.80,86
2025-12-09 23:00:00,-6.60,89,-10.50,,0.00,5.80,83
2025-12-10 00:00:00,-6.70,90,-10.60,,0.00,5.80,83
2025-12-10 01:00:00,-6.50,90,-10.60,,0.00,6.50,87
2025-12-10 02:00:00,-6.30,91,-10.30,,0.00,6.50,87
2025-12-10 03:00:00,-6.20,91,-10.30,,0.00,7.30,81
2025-12-10 04:00:00,-6.10,92,-10.10,,0.00,6.90,81
2025-12-10 05:00:00,-6.00,92,-10.00,,0.00,6.90,84
2025-12-10 06:00:00,-5.80,92,-9.80,,0.00,6.50,84
2025-12-10 07:00:00,-5.60,92,-9.50,,0.00,6.50,93
2025-12-10 08:00:00,-5.40,92,-9.30,,0.00,6.90,99
2025-12-10 09:00:00,-5.20,92,-9.30,,0.00,7.50,107
2025-12-10 10:00:00,-4.90,92,-8.80,,0.00,7.00,111
2025-12-10 11:00:00,-4.50,92,-8.40,,0.00,7.00,111
2025-12-10 12:00:00,-4.10,92,-7.90,,0.00,6.60,112
2025-12-10 13:00:00,-3.60,91,-7.60,,0.00,7.90,120
2025-12-10 14:00:00,-3.30,91,-7.20,,0.00,7.90,120
2025-12-10 15:00:00,-3.30,91,-7.10,,0.00,7.10,120
2025-12-10 16:00:00,-3.20,92,-6.90,,0.00,6.70,126
2025-12-10 17:00:00,-3.20,92,-6.70,,0.00,5.30,118
2025-12-10 18:00:00,-3.20,94,-6.90,,0.10,6.40,117
2025-12-10 19:00:00,-3.20,94,-7.00,,0.00,7.60,121
2025-12-10 20:00:00,-3.20,94,-7.10,,0.00,8.00,126
2025-12-10 21:00:00,-3.20,94,-7.20,,0.00,9.20,129
2025-12-10 22:00:00,-3.20,93,-7.20,,0.00,9.00,127
2025-12-10 23:00:00,-3.20,93,-7.30,,0.00,9.40,130
2025-12-11 00:00:00,-3.50,93,-7.50,,0.00,9.20,135
2025-12-11 01:00:00,-3.60,93,-7.70,,0.00,9.40,133
2025-12-11 02:00:00,-3.70,93,-7.80,,0.10,9.70,135
2025-12-11 03:00:00,-3.70,93,-8.00,,0.00,10.20,129
2025-12-11 04:00:00,-3.80,93,-8.10,,0.10,10.20,129
2025-12-11 05:00:00,-3.80,93,-8.10,,0.10,10.50,131
2025-12-11 06:00:00,-3.90,93,-8.10,,0.10,9.70,135
2025-12-11 07:00:00,-3.90,93,-8.20,,0.20,9.90,134
2025-12-11 08:00:00,-3.90,92,-8.30,,0.20,10.90,136
2025-12-11 09:00:00,-3.90,93,-8.30,,0.20,11.20,135
2025-12-11 10:00:00,-3.60,93,-8.10,,0.10,11.70,137
2025-12-11 11:00:00,-3.30,93,-7.70,,0.10,11.80,142
2025-12-11 12:00:00,-3.00,93,-7.50,,0.00,12.10,150
2025-12-11 13:00:00,-2.60,93,-6.90,,0.10,11.00,142
2025-12-11 14:00:00,-2.30,93,-6.70,,0.10,12.30,142
2025-12-11 15:00:00,-2.20,93,-6.50,,0.10,12.10,143
2025-12-11 16:00:00,-2.00,94,-6.30,,0.10,12.10,143
2025-12-11 17:00:00,-1.90,94,-6.20,,0.10,12.60,149
2025-12-11 18:00:00,-1.70,94,-6.10,,0.00,13.00,146
2025-12-11 19:00:00,-1.50,95,-5.90,,0.00,13.20,151
2025-12-11 20:00:00,-1.20,95,-5.60,,0.00,13.50,155
2025-12-11 21:00:00,-1.10,95,-5.40,,0.00,13.00,156
2025-12-11 22:00:00,-0.90,95,-5.00,,0.20,11.80,153
2025-12-11 23:00:00,-0.80,95,-4.90,,0.40,12.10,153
2025-12-12 00:00:00,-0.60,95,-4.60,,0.50,11.30,153
2025-12-12 01:00:00,-0.60,95,-4.50,,0.60,11.10,155
2025-12-12 02:00:00,-0.50,95,-4.50,,0.40,11.40,156
2025-12-12 03:00:00,-0.40,95,-4.20,,0.30,10.70,160
2025-12-12 04:00:00,-0.40,95,-4.10,,0.20,9.50,155
2025-12-12 05:00:00,-0.30,96,-4.00,,0.20,9.80,156
2025-12-12 06:00:00,0.00,96,-3.60,,0.20,9.80,156
2025-12-12 07:00:00,0.00,96,-3.70,,0.20,10.30,155
2025-12-12 08:00:00,0.10,95,-3.70,,0.20,10.60,152
2025-12-12 09:00:00,0.30,95,-3.40,,0.30,10.80,154
2025-12-12 10:00:00,0.40,95,-3.40,,0.20,10.70,160
2025-12-12 11:00:00,0.50,95,-3.20,,0.10,10.60,162
2025-12-12 12:00:00,0.60,95,-3.20,,0.00,11.00,161
2025-12-12 13:00:00,0.70,95,-3.00,,0.10,10.20,162
2025-12-12 14:00:00,0.80,95,-2.90,,0.00,10.80,159
2025-12-12 15:00:00,0.90,94,-2.70,,0.00,10.20,157
2025-12-12 16:00:00,0.90,95,-2.70,,0.00,10.00,154
2025-12-12 17:00:00,0.80,95,-2.90,,0.00,10.30,155
2025-12-12 18:00:00,0.80,96,-2.70,,0.00,9.50,155
2025-12-12 19:00:00,0.80,96,-2.70,,0.00,9.00,157
2025-12-12 20:00:00,0.80,95,-2.70,,0.00,8.90,159
2025-12-12 21:00:00,0.80,96,-2.60,,0.00,8.80,161
2025-12-12 22:00:00,0.90,95,-2.70,,0.00,10.00,165
2025-12-12 23:00:00,0.90,94,-2.80,,0.00,10.70,168
2025-12-13 00:00:00,0.90,92,-3.20,,0.00,12.60,175
2025-12-13 01:00:00,0.70,92,-3.40,,0.00,13.00,180
2025-12-13 02:00:00,0.60,92,-3.40,,0.00,12.20,182
2025-12-13 03:00:00,0.30,93,-3.60,,0.00,11.20,186
2025-12-13 04:00:00,0.10,95,-3.30,,0.20,7.90,180
2025-12-13 05:00:00,0.00,95,-3.30,,0.10,7.30,169
2025-12-13 06:00:00,0.30,96,-3.10,,0.20,8.40,170
2025-12-13 07:00:00,0.20,96,-3.30,,0.20,8.70,163
2025-12-13 08:00:00,0.30,95,-3.40,,0.20,9.90,161
2025-12-13 09:00:00,0.40,95,-3.40,,0.20,11.10,167
2025-12-13 10:00:00,0.50,95,-3.30,,0.40,10.70,166
2025-12-13 11:00:00,0.50,95,-3.20,,0.40,10.50,164
2025-12-13 12:00:00,0.40,94,-3.50,,0.40,11.20,159
2025-12-13 13:00:00,0.30,93,-3.70,,0.30,12.40,154
2025-12-13 14:00:00,0.10,93,-4.10,,0.20,13.20,151
2025-12-13 15:00:00,-0.30,93,-4.50,,0.20,12.90,144
2025-12-13 16:00:00,-0.80,93,-5.20,,0.10,13.40,144
2025-12-13 17:00:00,-1.40,93,-5.90,,0.00,13.90,143
2025-12-13 18:00:00,-2.00,92,-6.50,,0.00,13.60,143
2025-12-13 19:00:00,-2.40,92,-6.90,,0.10,12.80,142
2025-12-13 20:00:00,-2.80,92,-7.50,,0.20,13.60,140
2025-12-13 21:00:00,-3.20,91,-7.90,,0.10,13.60,140
2025-12-13 22:00:00,-3.60,91,-8.40,,0.00,13.50,134
2025-12-13 23:00:00,-4.00,91,-8.70,,0.00,13.20,133
2025-12-14 00:00:00,-4.50,91,-9.20,,0.20,12.50,134
2025-12-14 01:00:00,-4.70,90,-9.60,,0.20,13.30,128
2025-12-14 02:00:00,-5.00,90,-10.00,,0.10,14.00,125
2025-12-14 03:00:00,-5.20,90,-10.20,,0.10,13.50,115
2025-12-14 04:00:00,-5.40,90,-10.40,,0.30,14.00,113
2025-12-14 05:00:00,-5.40,90,-10.50,,0.30,14.90,110
2025-12-14 06:00:00,-5.60,90,-10.80,,0.50,14.90,110
2025-12-14 07:00:00,-5.60,90,-11.00,,0.50,16.50,110
2025-12-14 08:00:00,-5.70,90,-11.30,,0.70,17.40,108
2025-12-14 09:00:00,-6.10,89,-11.70,,0.80,17.40,103
2025-12-14 10:00:00,-6.20,89,-11.90,,1.20,17.50,99
2025-12-14 11:00:00,-6.30,89,-12.20,,1.60,19.60,97
2025-12-14 12:00:00,-6.20,90,-12.10,,1.80,19.10,94
2025-12-14 13:00:00,-6.10,90,-12.10,,2.20,20.60,94
2025-12-14 14:00:00,-5.80,90,-11.70,,2.40,19.70,99
2025-12-14 15:00:00,-5.50,90,-11.10,,2.30,17.30,95
2025-12-14 16:00:00,-5.20,91,-10.40,,2.10,14.90,98
2025-12-14 17:00:00,-5.00,92,-9.70,,1.70,12.60,95
2025-12-14 18:00:00,-4.40,93,-8.70,,1.50,10.40,90
2025-12-14 19:00:00,-4.20,93,-8.40,,0.80,9.40,88
2025-12-14 20:00:00,-3.80,93,-7.90,,0.80,9.00,85
2025-12-14 21:00:00,-3.30,94,-7.00,,0.50,7.30,79
2025-12-14 22:00:00,-3.00,95,-6.40,,0.40,5.20,74
2025-12-14 23:00:00,-2.80,96,-5.70,,0.30,2.50,8
2025-12-15 00:00:00,-3.10,95,-6.70,,0.20,6.90,309
2025-12-15 01:00:00,-3.60,93,-7.90,,0.10,10.70,303
2025-12-15 02:00:00,-4.60,91,-9.20,,0.00,12.10,297
2025-12-15 03:00:00,-5.80,89,-11.00,,0.00,14.50,289
2025-12-15 04:00:00,-6.70,89,-12.00,,0.00,14.50,289
2025-12-15 05:00:00,-7.70,87,-13.10,,0.00,14.80,296
2025-12-15 06:00:00,-8.20,87,-13.30,,0.00,13.00,294
2025-12-15 07:00:00,-8.50,87,-13.60,,0.00,12.60,294
2025-12-15 08:00:00,-8.60,89,-13.50,,0.00,10.70,290
2025-12-15 09:00:00,-8.60,91,-13.30,,0.00,10.40,290
2025-12-15 10:00:00,-8.70,93,-13.30,,0.00,9.70,292
2025-12-15 11:00:00,-8.00,91,-12.60,,0.00,9.70,297
2025-12-15 12:00:00,-6.60,87,-11.10,,0.00,9.50,295
2025-12-15 13:00:00,-5.40,87,-9.90,,0.00,9.80,294
2025-12-15 14:00:00,-4.40,88,-8.80,,0.00,10.40,290
2025-12-15 15:00:00,-3.50,87,-7.60,,0.00,8.90,291
2025-12-15 16:00:00,-3.10,90,-7.10,,0.00,8.70,277
2025-12-15 17:00:00,-2.90,93,-6.90,,0.00,8.60,272
2025-12-15 18:00:00,-2.00,85,-6.40,,0.00,11.60,277
2025-12-15 19:00:00,-2.30,86,-7.50,,0.00,17.00,302
2025-12-15 20:00:00,-2.50,84,-6.90,,0.00,10.60,288
2025-12-15 21:00:00,-2.40,88,-6.90,,0.00,11.90,272
2025-12-15 22:00:00,-2.90,91,-7.50,,0.00,13.00,273
2025-12-15 23:00:00,-2.90,92,-7.60,,0.00,13.30,273
2025-12-16 00:00:00,-2.40,90,-6.80,,0.00,12.40,278
2025-12-16 01:00:00,-2.90,90,-7.30,,0.00,11.60,275
2025-12-16 02:00:00,-3.60,93,-7.80,,0.00,10.10,270
2025-12-16 03:00:00,-3.50,91,-7.80,,0.00,10.10,272
2025-12-16 04:00:00,-4.40,94,-8.60,,0.00,9.70,274
2025-12-16 05:00:00,-5.20,97,-9.50,,0.00,9.70,272
2025-12-16 06:00:00,-4.70,97,-8.90,,0.00,9.70,270
2025-12-16 07:00:00,-5.50,100,-9.70,,0.00,9.40,263
2025-12-16 08:00:00,-6.00,100,-10.20,,0.00,9.00,254
2025-12-16 09:00:00,-5.50,100,-9.70,,0.00,8.80,258
2025-12-16 10:00:00,-5.80,100,-10.00,,0.00,8.90,256
2025-12-16 11:00:00,-5.50,99,-9.50,,0.00,7.90,254
2025-12-16 12:00:00,-4.30,91,-8.20,,0.00,7.00,249
2025-12-16 13:00:00,-3.50,89,-7.30,,0.00,6.90,242
2025-12-16 14:00:00,-2.90,90,-6.90,,0.00,8.30,236
2025-12-16 15:00:00,-2.60,93,-6.30,,0.00,7.40,231
2025-12-16 16:00:00,-2.30,94,-6.00,,0.00,7.60,225
2025-12-16 17:00:00,-2.30,96,-5.80,,0.00,6.70,196
2025-12-16 18:00:00,-2.00,97,-5.60,,0.10,8.10,201
2025-12-16 19:00:00,-1.70,98,-5.40,,0.20,8.20,203
2025-12-16 20:00:00,-1.40,99,-4.90,,0.10,8.00,216
2025-12-16 21:00:00,-0.80,99,-4.20,,0.10,7.90,231
2025-12-16 22:00:00,-0.50,99,-3.90,,0.00,8.10,249
2025-12-16 23:00:00,-0.20,99,-3.50,,0.00,7.80,257
2025-12-17 00:00:00,0.30,98,-3.00,,0.00,8.10,257
2025-12-17 01:00:00,0.40,98,-3.10,,0.00,9.40,252
2025-12-17 02:00:00,0.50,97,-3.20,,0.00,10.70,250
2025-12-17 03:00:00,0.50,97,-3.10,,0.00,10.20,247
2025-12-17 04:00:00,0.50,97,-3.20,,0.00,11.30,239
2025-12-17 05:00:00,0.60,98,-3.20,,0.00,11.50,238
2025-12-17 06:00:00,0.70,99,-3.00,,0.00,11.50,229
2025-12-17 07:00:00,0.90,99,-3.00,,0.00,13.00,226
2025-12-17 08:00:00,1.10,97,-3.00,,0.00,14.50,228
2025-12-17 09:00:00,0.90,98,-3.20,,0.30,14.30,225
2025-12-17 10:00:00,0.60,97,-3.80,,0.80,15.50,224
2025-12-17 11:00:00,0.60,96,-4.00,,0.90,17.10,228
2025-12-17 12:00:00,0.70,96,-3.90,,0.80,17.10,235
2025-12-17 13:00:00,0.80,95,-3.80,,0.60,17.20,241
2025-12-17 14:00:00,1.10,96,-3.40,,0.30,16.40,244
2025-12-17 15:00:00,2.00,95,-2.30,,0.30,15.70,259
2025-12-17 16:00:00,2.40,96,-1.60,,0.10,14.90,262
2025-12-17 17:00:00,2.60,96,-1.40,,0.00,15.10,273
2025-12-17 18:00:00,2.80,97,-0.90,,0.00,13.50,279
2025-12-17 19:00:00,2.90,97,-0.50,,0.00,11.90,275
2025-12-17 20:00:00,2.90,97,-0.60,,0.00,12.30,275
2025-12-17 21:00:00,2.90,96,-0.40,,0.00,10.40,268
2025-12-17 22:00:00,2.70,97,-0.80,,0.00,11.60,265
2025-12-17 23:00:00,2.60,98,-0.90,,0.00,11.40,257
2025-12-18 00:00:00,2.50,98,-0.80,,0.00,10.40,256
2025-12-18 01:00:00,2.60,98,-0.80,,0.00,10.80,249
2025-12-18 02:00:00,2.60,98,-0.80,,0.00,11.80,247
2025-12-18 03:00:00,2.70,98,-0.70,,0.40,11.20,249
2025-12-18 04:00:00,2.70,97,-0.60,,0.50,10.60,246
2025-12-18 05:00:00,2.80,97,-0.70,,0.50,12.20,246
2025-12-18 06:00:00,3.20,97,-0.30,,0.20,12.50,252
2025-12-18 07:00:00,3.40,97,-0.00,,0.10,12.60,257
2025-12-18 08:00:00,3.60,97,0.20,,0.00,12.20,256
2025-12-18 09:00:00,3.70,98,0.40,,0.00,11.40,257
2025-12-18 10:00:00,3.80,98,0.60,,0.00,11.10,257
2025-12-18 11:00:00,3.90,98,0.80,,0.00,10.90,262
2025-12-18 12:00:00,4.10,98,1.10,,0.00,10.50,264
2025-12-18 13:00:00,4.10,97,1.10,,0.00,10.40,270
2025-12-18 14:00:00,4.20,97,1.30,,0.00,9.70,272
2025-12-18 15:00:00,3.90,98,1.00,,0.00,9.50,281
2025-12-18 16:00:00,3.70,98,0.80,,0.00,9.40,274
2025-12-18 17:00:00,3.60,98,0.70,,0.00,9.00,275
2025-12-18 18:00:00,3.60,99,0.80,,0.00,8.60,270
2025-12-18 19:00:00,3.50,99,0.60,,0.00,9.40,272
2025-12-18 20:00:00,3.50,99,0.50,,0.00,9.40,277
2025-12-18 21:00:00,3.30,99,0.50,,0.00,8.40,277
2025-12-18 22:00:00,3.20,99,0.50,,0.00,7.60,273
2025-12-18 23:00:00,3.10,100,0.50,,0.00,7.20,267
2025-12-19 00:00:00,3.10,100,0.50,,0.00,6.90,264
2025-12-19 01:00:00,3.00,100,0.40,,0.00,6.60,257
2025-12-19 02:00:00,2.90,100,0.30,,0.00,6.80,245
2025-12-19 03:00:00,2.70,100,-0.00,,0.00,6.80,245
2025-12-19 04:00:00,2.70,100,-0.00,,0.00,6.80,245
2025-12-19 05:00:00,2.60,100,-0.20,,0.00,7.10,240
2025-12-19 06:00:00,2.50,100,-0.30,,0.00,7.80,236
2025-12-19 07:00:00,2.40,100,-0.50,,0.00,8.00,234
2025-12-19 08:00:00,2.40,100,-0.50,,0.00,8.40,223
2025-12-19 09:00:00,2.30,100,-0.70,,0.00,8.80,215
2025-12-19 10:00:00,2.30,100,-0.90,,0.00,9.90,213
2025-12-19 11:00:00,2.50,100,-0.90,,0.00,11.10,209
2025-12-19 12:00:00,2.70,99,-0.90,,0.00,12.80,218
2025-12-19 13:00:00,2.90,100,-0.80,,0.00,13.60,202
2025-12-19 14:00:00,3.00,99,-0.80,,0.10,14.80,214
2025-12-19 15:00:00,3.10,99,-0.70,,0.00,14.80,214
2025-12-19 16:00:00,3.10,99,-0.70,,0.00,14.60,218
2025-12-19 17:00:00,3.10,99,-0.80,,0.00,15.10,218
2025-12-19 18:00:00,3.20,99,-0.60,,0.00,14.60,220
2025-12-19 19:00:00,3.40,97,-0.30,,0.00,14.30,231
2025-12-19 20:00:00,3.50,96,-0.20,,0.00,13.80,231
2025-12-19 21:00:00,3.30,95,-0.40,,0.00,13.20,235
2025-12-19 22:00:00,3.20,94,-0.30,,0.00,11.80,232
2025-12-19 23:00:00,2.90,94,-0.40,,0.00,10.20,225
2025-12-20 00:00:00,2.80,94,-0.50,,0.00,9.70,222
2025-12-20 01:00:00,2.70,95,-0.60,,0.60,10.20,222
2025-12-20 02:00:00,2.60,95,-0.70,,0.70,10.30,216
2025-12-20 03:00:00,2.50,97,-0.70,,1.00,9.80,216
2025-12-20 04:00:00,2.60,97,-0.60,,0.70,9.80,216
2025-12-20 05:00:00,2.70,97,-0.70,,0.50,10.90,214
2025-12-20 06:00:00,2.70,97,-0.70,,0.30,10.70,213
2025-12-20 07:00:00,2.70,95,-0.80,,0.10,11.50,219
2025-12-20 08:00:00,2.90,92,-0.60,,0.00,11.30,217
2025-12-20 09:00:00,2.80,91,-0.80,,0.10,11.50,219
2025-12-20 10:00:00,2.80,90,-0.80,,0.30,11.80,220
2025-12-20 11:00:00,2.90,89,-0.80,,0.50,12.00,221
2025-12-20 12:00:00,3.00,90,-0.60,,0.90,11.20,222
2025-12-20 13:00:00,3.00,91,-0.60,,0.80,11.50,224
2025-12-20 14:00:00,3.10,90,-0.40,,0.10,11.20,222
2025-12-20 15:00:00,3.50,88,0.20,,0.00,10.20,225
2025-12-20 16:00:00,3.40,88,0.10,,0.00,9.20,219
2025-12-20 17:00:00,3.20,88,0.10,,0.00,8.20,209
2025-12-20 18:00:00,3.20,89,0.10,,0.00,8.10,201
2025-12-20 19:00:00,3.20,87,0.00,,0.00,8.40,205
2025-12-20 20:00:00,3.20,85,0.00,,0.00,8.10,193
2025-12-20 21:00:00,3.20,84,-0.20,,0.00,9.40,198
2025-12-20 22:00:00,3.10,83,-0.60,,0.00,10.90,197
2025-12-20 23:00:00,2.90,84,-0.80,,0.00,11.60,202
2025-12-21 00:00:00,2.90,84,-1.00,,0.00,12.10,203
2025-12-21 01:00:00,2.70,85,-1.10,,0.00,11.80,203
2025-12-21 02:00:00,2.40,86,-1.40,,0.00,11.80,203
2025-12-21 03:00:00,2.50,86,-1.20,,0.00,11.20,220
2025-12-21 04:00:00,2.30,88,-1.40,,0.00,10.90,226
2025-12-21 05:00:00,2.20,90,-1.40,,0.00,10.50,232
2025-12-21 06:00:00,2.00,92,-1.40,,0.00,9.70,231
2025-12-21 07:00:00,1.80,94,-1.50,,0.00,9.50,233
2025-12-21 08:00:00,1.60,95,-2.00,,0.00,10.50,232
2025-12-21 09:00:00,1.70,93,-1.80,,0.00,9.80,234
2025-12-21 10:00:00,1.60,92,-1.80,,0.00,9.20,222
2025-12-21 11:00:00,1.80,89,-1.80,,0.00,9.90,213
2025-12-21 12:00:00,2.10,88,-1.70,,0.00,11.70,214
2025-12-21 13:00:00,2.20,87,-1.60,,0.00,11.70,223
2025-12-21 14:00:00,2.30,87,-1.50,,0.00,11.70,227
2025-12-21 15:00:00,2.30,87,-1.20,,0.00,9.20,222
2025-12-21 16:00:00,2.00,89,-1.30,,0.00,8.80,215
2025-12-21 17:00:00,1.80,88,-1.80,,0.00,9.50,217
2025-12-21 18:00:00,1.40,90,-1.90,,0.00,8.40,205
2025-12-21 19:00:00,1.10,91,-2.40,,0.00,9.30,208
2025-12-21 20:00:00,0.70,92,-2.90,,0.00,9.30,196
2025-12-21 21:00:00,0.50,92,-3.10,,0.00,9.40,182
2025-12-21 22:00:00,0.00,93,-3.80,,0.00,10.80,184
2025-12-21 23:00:00,-0.30,94,-4.30,,0.00,11.90,178
2025-12-22 00:00:00,-0.30,93,-4.40,,0.00,12.30,173
2025-12-22 01:00:00,-0.50,94,-4.80,,0.00,13.70,175
2025-12-22 02:00:00,-0.50,94,-5.10,,0.00,15.20,175
2025-12-22 03:00:00,-0.30,92,-4.60,,0.00,13.80,171
2025-12-22 04:00:00,-0.40,92,-4.90,,0.00,14.70,169
2025-12-22 05:00:00,-0.50,91,-5.20,,0.00,15.50,167
2025-12-22 06:00:00,-0.40,92,-5.10,,0.00,15.90,162
2025-12-22 07:00:00,-0.70,93,-5.40,,0.00,15.70,160
2025-12-22 08:00:00,-0.60,93,-5.40,,0.00,16.60,158
2025-12-22 09:00:00,-0.40,92,-5.20,,0.00,16.90,160
2025-12-22 10:00:00,-0.20,92,-5.00,,0.00,16.70,161
2025-12-22 11:00:00,0.30,91,-4.40,,0.00,16.20,159
2025-12-22 12:00:00,0.90,88,-3.90,,0.00,17.40,167
2025-12-22 13:00:00,1.00,88,-3.70,,0.00,16.70,166
2025-12-22 14:00:00,0.70,91,-3.80,,0.30,15.80,163
2025-12-22 15:00:00,0.60,92,-3.70,,0.60,14.20,164
2025-12-22 16:00:00,0.60,92,-3.70,,0.50,14.20,171
2025-12-22 17:00:00,0.60,93,-3.50,,0.70,13.00,178
2025-12-22 18:00:00,0.60,94,-3.40,,0.60,12.30,183
2025-12-22 19:00:00,0.60,95,-3.30,,0.60,11.70,189
2025-12-22 20:00:00,0.50,95,-3.30,,0.50,10.70,194
2025-12-22 21:00:00,0.30,96,-3.20,,0.40,9.40,198
2025-12-22 22:00:00,0.20,96,-3.20,,0.60,8.60,202
2025-12-22 23:00:00,0.20,97,-3.20,,0.60,8.20,209
2025-12-23 00:00:00,0.30,97,-3.10,,0.50,8.40,220
2025-12-23 01:00:00,0.40,96,-3.20,,0.50,10.00,229
2025-12-23 02:00:00,0.40,96,-3.30,,0.20,10.20,228
2025-12-23 03:00:00,0.40,94,-3.40,,0.00,10.90,236
2025-12-23 04:00:00,-0.40,93,-4.60,,0.00,12.20,225
2025-12-23 05:00:00,-1.20,93,-5.00,,0.00,9.20,206
2025-12-23 06:00:00,-1.90,95,-6.00,,0.00,10.40,200
2025-12-23 07:00:00,-2.70,94,-6.70,,0.00,9.70,195
2025-12-23 08:00:00,-2.70,93,-6.90,,0.00,10.30,192
2025-12-23 09:00:00,-2.40,94,-6.60,,0.00,10.50,188
2025-12-23 10:00:00,-2.20,94,-6.30,,0.00,10.60,190
2025-12-23 11:00:00,-1.50,93,-5.60,,0.00,10.70,194
2025-12-23 12:00:00,-0.30,88,-4.90,,0.00,14.80,223
2025-12-23 13:00:00,0.20,86,-4.30,,0.00,13.80,229
2025-12-23 14:00:00,0.20,88,-4.00,,0.00,12.20,225
2025-12-23 15:00:00,-0.00,92,-4.00,,0.10,11.50,224
2025-12-23 16:00:00,-0.20,91,-4.00,,0.00,10.30,216
2025-12-23 17:00:00,-0.70,92,-4.40,,0.00,9.00,217
2025-12-23 18:00:00,-0.70,93,-4.40,,0.00,9.40,223
2025-12-23 19:00:00,-0.80,91,-4.60,,0.00,9.70,231
2025-12-23 20:00:00,-0.80,91,-4.50,,0.00,8.70,228
2025-12-23 21:00:00,-1.00,92,-4.60,,0.00,7.70,221
2025-12-23 22:00:00,-1.40,94,-5.20,,0.10,9.20,231
2025-12-23 23:00:00,-1.80,94,-5.60,,0.00,8.40,227
2025-12-24 00:00:00,-1.90,94,-5.70,,0.00,9.20,225
2025-12-24 01:00:00,-2.10,95,-6.00,,0.00,9.20,231
2025-12-24 02:00:00,-1.90,94,-5.80,,0.00,9.20,222
2025-12-24 03:00:00,-1.70,94,-5.50,,0.00,8.90,227
2025-12-24 04:00:00,-1.70,95,-5.70,,0.10,10.40,224
2025-12-24 05:00:00,-1.60,95,-5.80,,0.00,11.80,230
2025-12-24 06:00:00,-1.20,96,-5.30,,0.10,11.80,232
2025-12-24 07:00:00,-1.20,95,-5.40,,0.10,12.60,239
2025-12-24 08:00:00,-1.00,95,-5.30,,0.10,12.90,243
2025-12-24 09:00:00,-0.90,94,-5.00,,0.10,11.80,247
2025-12-24 10:00:00,-0.70,93,-4.90,,0.00,12.60,250
2025-12-24 11:00:00,-0.30,91,-4.80,,0.10,14.20,254
2025-12-24 12:00:00,-0.10,90,-4.50,,0.10,13.80,255
2025-12-24 13:00:00,-0.20,91,-4.60,,0.30,13.90,260
2025-12-24 14:00:00,-0.20,89,-4.70,,0.30,14.50,264
2025-12-24 15:00:00,-0.10,85,-4.70,,0.10,14.40,270
2025-12-24 16:00:00,-0.40,89,-4.90,,0.10,13.80,261
2025-12-24 17:00:00,-0.60,89,-5.10,,0.10,13.70,267
2025-12-24 18:00:00,-0.60,88,-5.10,,0.10,13.80,276
2025-12-24 19:00:00,-0.70,84,-5.10,,0.00,12.70,277
2025-12-24 20:00:00,-0.90,82,-5.20,,0.00,11.20,270
2025-12-24 21:00:00,-1.10,87,-5.10,,0.00,10.10,266
2025-12-24 22:00:00,-1.20,89,-5.20,,0.00,9.70,255
2025-12-24 23:00:00,-1.30,93,-5.30,,0.00,10.40,250
2025-12-25 00:00:00,-1.20,95,-5.20,,0.10,11.10,257
2025-12-25 01:00:00,-1.00,92,-5.20,,0.20,11.90,256
2025-12-25 02:00:00,-1.20,90,-5.30,,0.00,11.30,253
2025-12-25 03:00:00,-1.20,87,-5.10,,0.00,9.00,241
2025-12-25 04:00:00,-2.20,88,-6.00,,0.00,8.20,221
2025-12-25 05:00:00,-3.00,89,-6.90,,0.00,8.20,209
2025-12-25 06:00:00,-3.30,87,-7.50,,0.00,9.40,198
2025-12-25 07:00:00,-3.90,88,-8.30,,0.00,10.40,182
2025-12-25 08:00:00,-3.70,87,-8.40,,0.00,12.30,177
2025-12-25 09:00:00,-3.40,90,-8.10,,0.20,13.10,171
2025-12-25 10:00:00,-3.10,92,-8.00,,0.70,15.30,161
2025-12-25 11:00:00,-2.50,93,-7.60,,1.70,17.00,163
2025-12-25 12:00:00,-1.70,93,-6.70,,1.20,16.60,176
2025-12-25 13:00:00,-1.20,93,-6.00,,0.80,15.80,192
2025-12-25 14:00:00,-0.40,95,-4.60,,0.50,13.10,201
2025-12-25 15:00:00,0.80,95,-3.00,,0.50,11.50,219
2025-12-25 16:00:00,1.70,97,-1.90,,0.00,11.70,236
2025-12-25 17:00:00,2.30,97,-1.10,,0.50,11.30,243
2025-12-25 18:00:00,2.80,97,-0.40,,0.00,10.10,243
2025-12-25 19:00:00,3.10,96,-0.20,,0.30,10.80,240
2025-12-25 20:00:00,3.10,95,-0.30,,0.00,10.80,233
2025-12-25 21:00:00,3.30,94,-0.30,,0.00,12.70,241
2025-12-25 22:00:00,3.30,95,-0.40,,0.00,13.70,240
2025-12-25 23:00:00,3.20,93,-0.50,,0.00,13.40,246
2025-12-26 00:00:00,3.30,92,-0.50,,0.00,13.90,249
2025-12-26 01:00:00,3.30,89,-0.70,,0.00,14.80,247
2025-12-26 02:00:00,3.40,86,-0.90,,0.00,16.20,253
2025-12-26 03:00:00,3.70,83,-0.80,,0.00,16.90,258
2025-12-26 04:00:00,3.80,75,-1.00,,0.00,17.90,261
2025-12-26 05:00:00,3.60,73,-1.50,,0.00,19.20,265
2025-12-26 06:00:00,3.60,75,-1.40,,0.00,19.20,264
2025-12-26 07:00:00,3.30,74,-1.80,,0.00,19.60,264
2025-12-26 08:00:00,3.20,74,-1.80,,0.00,19.10,267
2025-12-26 09:00:00,3.20,74,-1.70,,0.00,18.40,267
2025-12-26 10:00:00,3.10,74,-1.90,,0.00,18.00,267
2025-12-26 11:00:00,3.00,74,-1.90,,0.00,17.70,264
2025-12-26 12:00:00,3.50,70,-1.50,,0.00,18.40,268
2025-12-26 13:00:00,3.60,69,-1.30,,0.00,17.70,268
2025-12-26 14:00:00,3.70,69,-1.00,,0.00,15.90,265
2025-12-26 15:00:00,3.70,66,-0.80,,0.00,14.10,266
2025-12-26 16:00:00,3.20,70,-0.80,,0.00,11.00,247
2025-12-26 17:00:00,2.70,71,-1.20,,0.00,9.60,236
2025-12-26 18:00:00,2.40,76,-1.40,,0.00,10.20,222
2025-12-26 19:00:00,2.10,80,-1.80,,0.20,11.00,218
2025-12-26 20:00:00,1.20,89,-2.20,,0.50,7.70,191
2025-12-26 21:00:00,1.10,95,-2.20,,0.70,8.40,187
2025-12-26 22:00:00,1.70,92,-1.90,,0.30,10.50,184
2025-12-26 23:00:00,2.40,94,-1.60,,0.00,14.30,219
2025-12-27 00:00:00,3.60,96,-0.10,,0.00,14.70,253
2025-12-27 01:00:00,4.10,94,0.40,,0.00,14.30,260
2025-12-27 02:00:00,3.80,95,0.30,,0.00,12.40,240
2025-12-27 03:00:00,3.80,94,0.30,,0.00,12.90,240
2025-12-27 04:00:00,3.80,94,0.20,,0.10,13.30,237
2025-12-27 05:00:00,4.10,90,0.10,,0.00,15.30,246
2025-12-27 06:00:00,4.00,89,0.10,,0.00,14.90,250
2025-12-27 07:00:00,3.70,91,-0.20,,0.00,14.70,239
2025-12-27 08:00:00,3.50,91,-0.40,,0.00,14.40,238
2025-12-27 09:00:00,3.50,94,-0.20,,1.10,13.20,244
2025-12-27 10:00:00,3.50,90,-0.90,,2.20,17.30,272
2025-12-27 11:00:00,3.30,84,-1.30,,0.20,18.10,257
2025-12-27 12:00:00,3.00,86,-1.90,,0.20,20.20,270
2025-12-27 13:00:00,3.10,75,-2.40,,0.10,22.10,276
2025-12-27 14:00:00,2.60,78,-2.80,,0.20,21.60,281
2025-12-27 15:00:00,2.50,78,-2.80,,0.20,20.20,286
2025-12-27 16:00:00,2.10,80,-3.00,,0.20,19.00,289
2025-12-27 17:00:00,1.60,82,-3.30,,0.20,17.80,291
2025-12-27 18:00:00,1.30,82,-3.50,,0.00,16.70,295
2025-12-27 19:00:00,1.00,82,-3.80,,0.00,16.10,290
2025-12-27 20:00:00,0.80,83,-3.70,,0.00,14.80,293
2025-12-27 21:00:00,0.60,91,-4.20,,0.20,17.10,288
2025-12-27 22:00:00,0.50,84,-4.60,,0.10,18.40,293
2025-12-27 23:00:00,0.20,78,-4.40,,0.00,13.80,290
2025-12-28 00:00:00,0.10,85,-4.40,,0.00,14.00,271
2025-12-28 01:00:00,0.30,87,-4.40,,0.00,15.50,273
2025-12-28 02:00:00,0.30,86,-4.30,,0.00,14.90,277
2025-12-28 03:00:00,0.50,81,-3.70,,0.00,11.80,282
2025-12-28 04:00:00,0.40,82,-3.80,,0.00,12.20,268
2025-12-28 05:00:00,0.40,81,-3.90,,0.00,12.30,277
2025-12-28 06:00:00,0.80,79,-3.50,,0.00,12.40,278
2025-12-28 07:00:00,0.40,81,-3.90,,0.00,12.30,277
2025-12-28 08:00:00,0.20,79,-4.00,,0.00,11.40,281
2025-12-28 09:00:00,0.30,75,-3.80,,0.00,10.00,283
2025-12-28 10:00:00,0.10,77,-4.00,,0.00,10.50,266
2025-12-28 11:00:00,0.20,75,-4.10,,0.00,10.80,268
2025-12-28 12:00:00,0.80,71,-3.50,,0.00,10.90,276
2025-12-28 13:00:00,0.90,68,-3.30,,0.00,10.10,274
2025-12-28 14:00:00,1.00,66,-3.20,,0.00,10.10,272
2025-12-28 15:00:00,1.00,67,-3.00,,0.00,8.40,263
2025-12-28 16:00:00,0.40,76,-3.00,,0.00,5.60,230
2025-12-28 17:00:00,-0.10,83,-3.40,,0.00,5.50,203
2025-12-28 18:00:00,-0.20,86,-3.60,,0.00,6.50,183
2025-12-28 19:00:00,-0.60,89,-4.10,,0.00,7.20,183
2025-12-28 20:00:00,-0.50,90,-4.30,,0.00,9.00,178
2025-12-28 21:00:00,-0.10,88,-3.80,,0.00,9.40,180
2025-12-28 22:00:00,0.10,87,-3.90,,0.00,10.80,182
2025-12-28 23:00:00,0.10,88,-4.20,,0.00,12.70,187
2025-12-29 00:00:00,0.60,86,-3.50,,0.00,11.70,198
2025-12-29 01:00:00,0.60,88,-3.50,,0.00,12.20,208
2025-12-29 02:00:00,0.50,90,-3.40,,0.00,11.60,216
2025-12-29 03:00:00,0.70,90,-3.00,,0.00,10.20,228
2025-12-29 04:00:00,1.00,91,-2.60,,0.00,9.70,231
2025-12-29 05:00:00,1.20,92,-2.30,,0.00,9.20,239
2025-12-29 06:00:00,1.60,92,-1.70,,0.00,8.40,245
2025-12-29 07:00:00,1.70,93,-1.70,,0.00,9.00,241
2025-12-29 08:00:00,1.60,95,-1.60,,0.00,8.70,228
2025-12-29 09:00:00,1.70,94,-1.70,,0.00,9.40,227
2025-12-29 10:00:00,1.90,95,-1.60,,0.00,10.90,226
2025-12-29 11:00:00,2.30,93,-1.20,,0.00,11.00,229
2025-12-29 12:00:00,3.20,89,-0.50,,0.00,12.00,237
2025-12-29 13:00:00,3.60,87,-0.00,,0.00,12.20,236
2025-12-29 14:00:00,3.90,87,0.30,,0.00,11.80,232
2025-12-29 15:00:00,4.10,85,0.80,,0.00,10.00,229
2025-12-29 16:00:00,3.90,88,0.70,,0.00,9.40,227
2025-12-29 17:00:00,3.40,90,0.30,,0.00,8.70,222
2025-12-29 18:00:00,3.20,91,0.10,,0.00,9.00,217
2025-12-29 19:00:00,3.00,91,-0.30,,0.00,9.70,219
2025-12-29 20:00:00,2.70,92,-0.70,,0.00,10.70,222
2025-12-29 21:00:00,2.70,92,-0.90,,0.00,11.70,227
2025-12-29 22:00:00,2.60,93,-0.90,,0.00,11.20,225
2025-12-29 23:00:00,2.50,94,-1.10,,0.00,11.70,225
2025-12-30 00:00:00,2.60,92,-1.00,,0.00,11.50,224
2025-12-30 01:00:00,2.50,92,-1.20,,0.00,12.00,226
2025-12-30 02:00:00,2.60,92,-1.10,,0.00,12.30,230
2025-12-30 03:00:00,2.90,90,-0.60,,0.00,10.80,233
2025-12-30 04:00:00,2.90,92,-0.60,,0.00,11.40,235
2025-12-30 05:00:00,3.00,92,-0.50,,0.00,11.00,232
2025-12-30 06:00:00,3.20,93,-0.10,,0.00,10.50,229
2025-12-30 07:00:00,3.00,94,-0.30,,0.00,10.50,229
2025-12-30 08:00:00,2.80,94,-0.60,,0.00,11.00,229
2025-12-30 09:00:00,2.80,93,-0.60,,0.00,10.90,226
2025-12-30 10:00:00,2.80,93,-0.70,,0.00,10.90,226
2025-12-30 11:00:00,3.10,91,-0.40,,0.00,11.20,222
2025-12-30 12:00:00,3.60,88,0.10,,0.00,11.70,227
2025-12-30 13:00:00,4.00,87,0.50,,0.00,11.20,222
2025-12-30 14:00:00,4.20,86,0.80,,0.00,11.10,216
2025-12-30 15:00:00,4.30,86,1.10,,0.00,10.10,207
2025-12-30 16:00:00,4.20,87,0.70,,0.00,11.60,206
2025-12-30 17:00:00,4.10,88,0.50,,0.00,12.10,203
2025-12-30 18:00:00,4.10,89,0.40,,0.00,13.50,209
2025-12-30 19:00:00,4.20,89,0.50,,0.00,13.90,211
2025-12-30 20:00:00,4.30,90,0.60,,0.10,14.30,221
2025-12-30 21:00:00,4.50,91,0.80,,0.30,14.30,221
2025-12-30 22:00:00,4.60,91,0.80,,0.60,14.80,231
2025-12-30 23:00:00,4.80,89,0.90,,0.40,15.70,259
2025-12-31 00:00:00,4.60,80,0.40,,0.20,15.80,269
2025-12-31 01:00:00,4.00,84,-0.20,,0.00,15.30,261
2025-12-31 02:00:00,3.80,86,-0.30,,0.00,15.30,261
2025-12-31 03:00:00,3.40,85,-0.90,,0.00,16.20,269
2025-12-31 04:00:00,3.20,85,-0.90,,0.00,14.80,269
2025-12-31 05:00:00,3.00,86,-1.10,,0.00,14.90,262
2025-12-31 06:00:00,3.00,85,-1.30,,0.00,15.10,273
2025-12-31 07:00:00,2.80,86,-1.50,,0.00,15.10,269
2025-12-31 08:00:00,2.60,85,-1.60,,0.00,14.00,269
2025-12-31 09:00:00,2.40,85,-1.70,,0.00,13.50,261
2025-12-31 10:00:00,2.20,86,-1.90,,0.00,13.60,259
2025-12-31 11:00:00,2.60,87,-1.60,,0.00,14.50,264
2025-12-31 12:00:00,2.90,85,-1.30,,0.00,14.60,260
2025-12-31 13:00:00,3.20,81,-1.10,,0.00,15.10,271
2025-12-31 14:00:00,3.40,77,-1.10,,0.00,15.80,270
2025-12-31 15:00:00,3.10,77,-1.50,,0.10,16.30,275
2025-12-31 16:00:00,2.70,81,-1.60,,0.10,14.10,264
2025-12-31 17:00:00,2.50,79,-2.10,,0.00,16.00,262
2025-12-31 18:00:00,2.20,80,-2.40,,0.00,15.60,262
2025-12-31 19:00:00,1.90,81,-2.50,,0.00,14.80,257
2025-12-31 20:00:00,1.90,81,-2.50,,0.00,14.90,262
2025-12-31 21:00:00,2.00,82,-2.30,,0.00,14.50,264
2025-12-31 22:00:00,1.70,83,-2.60,,0.00,14.10,267
2025-12-31 23:00:00,1.40,85,-2.50,,0.00,11.60,265
2026-01-01 00:00:00,1.40,87,-2.40,,0.10,10.80,274
2026-01-01 01:00:00,1.10,88,-2.50,,0.00,9.40,268
2026-01-01 02:00:00,0.70,89,-2.90,,0.00,9.20,259
2026-01-01 03:00:00,0.50,91,-2.90,,0.00,8.00,262
2026-01-01 04:00:00,0.20,92,-3.20,,0.00,7.80,257
2026-01-01 05:00:00,-0.00,93,-3.40,,0.00,7.40,247
2026-01-01 06:00:00,-0.40,93,-3.60,,0.00,6.10,242
2026-01-01 07:00:00,-0.50,94,-3.60,,0.00,5.10,231
2026-01-01 08:00:00,-0.70,94,-3.40,,0.00,2.70,203
2026-01-01 09:00:00,-1.10,95,-3.90,,0.00,2.70,157
2026-01-01 10:00:00,-1.30,95,-4.20,,0.00,3.70,151
2026-01-01 11:00:00,-1.00,96,-4.20,,0.00,5.80,150
2026-01-01 12:00:00,-0.70,96,-3.90,,0.10,6.10,135
2026-01-01 13:00:00,-0.60,95,-4.10,,0.50,7.90,129
2026-01-01 14:00:00,-0.40,95,-3.90,,0.70,8.50,118
2026-01-01 15:00:00,-0.10,95,-3.90,,0.20,10.40,110
2026-01-01 16:00:00,-0.10,95,-4.10,,0.00,12.00,106
2026-01-01 17:00:00,-0.10,95,-4.10,,0.10,12.10,107
2026-01-01 18:00:00,-0.10,95,-3.90,,0.40,10.20,113
2026-01-01 19:00:00,-0.00,96,-3.60,,0.30,9.40,113
2026-01-01 20:00:00,0.10,96,-3.30,,0.10,8.30,124
2026-01-01 21:00:00,0.00,97,-3.10,,0.60,6.20,111
2026-01-01 22:00:00,0.20,97,-2.90,,0.30,5.80,97
2026-01-01 23:00:00,0.20,98,-2.70,,0.30,5.40,90
2026-01-02 00:00:00,0.10,98,-2.90,,0.60,6.00,73
2026-01-02 01:00:00,0.20,98,-2.90,,0.60,6.40,74
2026-01-02 02:00:00,0.20,98,-3.00,,0.70,7.30,70
2026-01-02 03:00:00,-0.20,97,-3.70,,0.70,8.70,66
2026-01-02 04:00:00,-0.50,97,-4.30,,0.80,10.30,61
2026-01-02 05:00:00,-0.90,96,-4.70,,1.10,10.20,58
2026-01-02 06:00:00,-1.50,95,-5.60,,1.40,11.40,55
2026-01-02 07:00:00,-2.10,94,-6.50,,1.40,12.70,55
2026-01-02 08:00:00,-2.70,93,-7.30,,0.20,13.10,58
2026-01-02 09:00:00,-3.40,92,-8.00,,0.40,13.10,53
2026-01-02 10:00:00,-3.90,91,-8.70,,0.40,13.50,46
2026-01-02 11:00:00,-4.40,89,-9.20,,0.40,13.00,42
2026-01-02 12:00:00,-5.30,88,-10.40,,0.70,14.30,28
2026-01-02 13:00:00,-5.90,86,-11.00,,0.70,14.00,23
2026-01-02 14:00:00,-6.40,82,-11.60,,0.30,13.90,10
2026-01-02 15:00:00,-7.30,79,-12.60,,0.10,14.20,9
2026-01-02 16:00:00,-8.00,83,-13.00,,0.10,11.90,3
2026-01-02 17:00:00,-8.70,84,-13.70,,0.20,11.50,356
2026-01-02 18:00:00,-9.80,83,-14.90,,0.10,11.90,355
2026-01-02 19:00:00,-10.60,82,-15.80,,0.10,12.20,360
2026-01-02 20:00:00,-11.40,81,-16.70,,0.10,11.60,5
2026-01-02 21:00:00,-12.40,82,-17.50,,0.00,10.50,6
2026-01-02 22:00:00,-13.30,83,-18.10,,0.00,8.30,5
2026-01-02 23:00:00,-14.10,84,-18.80,,0.00,6.80,3
2026-01-03 00:00:00,-15.00,85,-19.70,,0.00,6.80,360
2026-01-03 01:00:00,-15.80,85,-20.50,,0.00,6.20,10
2026-01-03 02:00:00,-16.40,85,-21.10,,0.00,6.30,24
2026-01-03 03:00:00,-17.10,85,-21.80,,0.00,6.00,25
2026-01-03 04:00:00,-17.70,84,-22.40,,0.00,6.10,45
2026-01-03 05:00:00,-17.90,83,-22.60,,0.00,6.20,54
2026-01-03 06:00:00,-18.40,84,-23.10,,0.00,5.90,52
2026-01-03 07:00:00,-19.00,84,-23.60,,0.00,5.10,51
2026-01-03 08:00:00,-19.50,84,-24.10,,0.00,5.00,60
2026-01-03 09:00:00,-19.10,81,-24.20,,0.00,8.20,67
2026-01-03 10:00:00,-18.60,80,-23.90,,0.00,9.30,74
2026-01-03 11:00:00,-17.80,77,-23.10,,0.00,9.90,80
2026-01-03 12:00:00,-16.70,75,-21.90,,0.00,9.00,85
2026-01-03 13:00:00,-15.70,73,-20.90,,0.00,9.70,86
2026-01-03 14:00:00,-15.00,73,-20.50,,0.00,11.40,79
2026-01-03 15:00:00,-15.10,73,-20.60,,0.00,12.00,74
2026-01-03 16:00:00,-15.00,75,-20.70,,0.00,13.10,74
2026-01-03 17:00:00,-15.20,76,-21.00,,0.00,13.60,79
2026-01-03 18:00:00,-15.30,78,-21.20,,0.00,14.60,80
2026-01-03 19:00:00,-15.00,78,-20.90,,0.00,14.80,84
2026-01-03 20:00:00,-14.60,80,-20.60,,0.10,15.50,85
2026-01-03 21:00:00,-14.30,82,-20.10,,0.30,14.50,83
2026-01-03 22:00:00,-13.70,84,-19.50,,0.50,14.90,83
2026-01-03 23:00:00,-13.40,85,-19.30,,0.80,15.70,79
2026-01-04 00:00:00,-13.10,85,-19.00,,0.70,16.20,78
2026-01-04 01:00:00,-13.00,85,-19.00,,0.40,16.90,78
2026-01-04 02:00:00,-12.90,85,-19.00,,0.30,17.30,78
2026-01-04 03:00:00,-12.50,86,-18.50,,0.40,16.30,72
2026-01-04 04:00:00,-12.80,85,-18.80,,0.50,16.70,71
2026-01-04 05:00:00,-13.10,85,-19.10,,0.50,16.50,70
2026-01-04 06:00:00,-12.80,85,-18.70,,0.40,15.80,69
2026-01-04 07:00:00,-13.10,85,-18.90,,0.30,15.40,69
2026-01-04 08:00:00,-13.30,85,-19.10,,0.10,14.60,70
2026-01-04 09:00:00,-12.90,85,-18.30,,0.10,12.60,70
2026-01-04 10:00:00,-12.80,85,-18.30,,0.00,13.00,71
2026-01-04 11:00:00,-12.20,85,-17.60,,0.00,12.80,74
2026-01-04 12:00:00,-11.90,83,-17.30,,0.00,12.70,75
2026-01-04 13:00:00,-11.30,84,-16.70,,0.00,12.70,75
2026-01-04 14:00:00,-11.20,84,-16.50,,0.00,12.30,75
2026-01-04 15:00:00,-11.20,83,-16.60,,0.10,12.80,68
2026-01-04 16:00:00,-11.40,85,-16.70,,0.10,12.30,69
2026-01-04 17:00:00,-12.00,85,-17.30,,0.00,12.20,71
2026-01-04 18:00:00,-12.00,85,-17.30,,0.00,12.50,72
2026-01-04 19:00:00,-12.20,85,-17.50,,0.00,12.10,73
2026-01-04 20:00:00,-12.30,85,-17.80,,0.00,12.90,77
2026-01-04 21:00:00,-12.10,86,-17.30,,0.10,11.80,78
2026-01-04 22:00:00,-12.10,86,-17.40,,0.20,11.80,78
2026-01-04 23:00:00,-12.00,86,-17.30,,0.30,12.10,80
2026-01-05 00:00:00,-12.30,85,-17.70,,0.10,12.10,78
2026-01-05 01:00:00,-12.10,86,-17.60,,0.00,13.10,81
2026-01-05 02:00:00,-12.10,86,-17.50,,0.00,12.80,80
2026-01-05 03:00:00,-12.40,86,-17.90,,0.00,13.20,79
2026-01-05 04:00:00,-12.00,86,-17.50,,0.00,13.10,81
2026-01-05 05:00:00,-11.90,87,-17.30,,0.00,13.10,81
2026-01-05 06:00:00,-11.90,87,-17.30,,0.10,12.80,79
2026-01-05 07:00:00,-11.50,87,-16.80,,0.10,12.10,78
2026-01-05 08:00:00,-11.40,87,-16.50,,0.10,11.30,81
2026-01-05 09:00:00,-11.10,87,-15.90,,0.10,9.40,83
2026-01-05 10:00:00,-10.60,87,-15.40,,0.10,9.40,86
2026-01-05 11:00:00,-10.00,86,-14.80,,0.20,9.40,86
2026-01-05 12:00:00,-9.70,85,-14.20,,0.50,7.60,87
2026-01-05 13:00:00,-9.00,85,-13.20,,0.30,5.50,79
2026-01-05 14:00:00,-8.50,86,-12.30,,0.20,3.10,54
2026-01-05 15:00:00,-8.10,86,-11.60,,0.00,1.60,333
2026-01-05 16:00:00,-7.90,86,-11.80,,0.00,4.20,290
2026-01-05 17:00:00,-7.90,89,-12.00,,0.00,6.20,277
2026-01-05 18:00:00,-7.80,88,-12.40,,0.00,9.30,286
2026-01-05 19:00:00,-7.80,87,-12.80,,0.00,11.60,292
2026-01-05 20:00:00,-8.00,85,-13.10,,0.00,12.10,297
2026-01-05 21:00:00,-8.20,86,-12.90,,0.00,9.80,287
2026-01-05 22:00:00,-8.40,88,-12.90,,0.00,7.90,270
2026-01-05 23:00:00,-8.20,87,-12.60,,0.00,8.00,265
2026-01-06 00:00:00,-8.20,84,-12.70,,0.00,8.30,265
2026-01-06 01:00:00,-10.10,88,-14.50,,0.00,6.80,245
2026-01-06 02:00:00,-10.30,89,-14.70,,0.00,6.70,234
2026-01-06 03:00:00,-10.10,87,-14.50,,0.00,6.40,227
2026-01-06 04:00:00,-10.30,87,-14.90,,0.00,7.70,229
2026-01-06 05:00:00,-10.50,87,-15.10,,0.00,7.90,227
2026-01-06 06:00:00,-10.40,86,-14.90,,0.00,7.40,219
2026-01-06 07:00:00,-10.50,85,-14.90,,0.00,6.50,214
2026-01-06 08:00:00,-10.30,84,-14.60,,0.00,5.50,203
2026-01-06 09:00:00,-8.90,83,-13.30,,0.00,7.00,201
2026-01-06 10:00:00,-7.80,84,-12.30,,0.00,8.10,201
2026-01-06 11:00:00,-7.00,88,-11.30,,0.30,8.30,198
2026-01-06 12:00:00,-6.40,89,-10.60,,0.50,7.80,193
2026-01-06 13:00:00,-5.60,90,-9.60,,0.60,6.90,186
2026-01-06 14:00:00,-5.10,90,-9.10,,0.70,6.90,174
2026-01-06 15:00:00,-5.10,90,-8.90,,0.70,6.10,152
2026-01-06 16:00:00,-5.10,91,-8.90,,0.60,5.40,132
2026-01-06 17:00:00,-5.40,92,-8.90,,0.40,4.20,110
2026-01-06 18:00:00,-5.30,92,-8.90,,0.20,4.00,80
2026-01-06 19:00:00,-5.50,92,-9.00,,0.10,3.70,61
2026-01-06 20:00:00,-5.50,93,-9.30,,0.00,5.40,48
2026-01-06 21:00:00,-5.40,92,-9.30,,0.00,6.50,34
2026-01-06 22:00:00,-5.70,92,-9.80,,0.00,8.00,36
2026-01-06 23:00:00,-6.10,91,-10.40,,0.00,8.60,33
2026-01-07 00:00:00,-7.10,90,-11.50,,0.00,8.20,23
2026-01-07 01:00:00,-8.10,87,-12.70,,0.00,8.90,27
2026-01-07 02:00:00,-9.30,87,-14.10,,0.00,10.50,27
2026-01-07 03:00:00,-10.30,86,-15.50,,0.00,11.70,34
2026-01-07 04:00:00,-11.70,82,-16.90,,0.00,11.80,40
2026-01-07 05:00:00,-12.80,80,-18.10,,0.00,11.20,42
2026-01-07 06:00:00,-14.20,80,-19.40,,0.00,10.40,44
2026-01-07 07:00:00,-15.00,81,-20.30,,0.00,10.40,46
2026-01-07 08:00:00,-15.80,81,-21.00,,0.00,10.20,48
2026-01-07 09:00:00,-16.40,83,-21.60,,0.00,9.40,47
2026-01-07 10:00:00,-16.50,83,-21.80,,0.00,10.50,49
2026-01-07 11:00:00,-16.00,82,-21.50,,0.00,11.80,52
2026-01-07 12:00:00,-14.90,81,-20.50,,0.00,12.40,54
2026-01-07 13:00:00,-14.30,78,-19.80,,0.00,12.50,51
2026-01-07 14:00:00,-13.80,78,-19.30,,0.00,12.50,49
2026-01-07 15:00:00,-13.20,77,-18.60,,0.00,12.20,47
2026-01-07 16:00:00,-13.60,79,-19.10,,0.00,12.70,47
2026-01-07 17:00:00,-14.10,80,-19.70,,0.00,13.30,49
2026-01-07 18:00:00,-14.50,81,-20.20,,0.00,13.60,53
2026-01-07 19:00:00,-14.70,81,-20.70,,0.00,15.20,54
2026-01-07 20:00:00,-15.20,81,-21.20,,0.00,15.20,54
2026-01-07 21:00:00,-15.70,80,-21.60,,0.00,14.90,53
2026-01-07 22:00:00,-16.30,79,-22.30,,0.00,15.30,56
2026-01-07 23:00:00,-16.80,79,-22.90,,0.00,15.60,56
2026-01-08 00:00:00,-17.20,78,-23.30,,0.00,15.60,56
2026-01-08 01:00:00,-17.70,78,-23.90,,0.00,15.80,55
2026-01-08 02:00:00,-18.20,78,-24.40,,0.00,16.20,53
2026-01-08 03:00:00,-18.40,78,-24.40,,0.00,14.80,51
2026-01-08 04:00:00,-18.50,78,-24.50,,0.00,14.60,52
2026-01-08 05:00:00,-18.70,79,-24.70,,0.00,14.60,52
2026-01-08 06:00:00,-19.20,79,-25.30,,0.00,15.10,50
2026-01-08 07:00:00,-19.30,79,-25.40,,0.00,15.60,50
2026-01-08 08:00:00,-19.40,79,-25.70,,0.00,16.10,50
2026-01-08 09:00:00,-19.60,79,-25.80,,0.00,15.80,49
2026-01-08 10:00:00,-19.40,78,-25.60,,0.00,15.80,49
2026-01-08 11:00:00,-18.80,78,-25.00,,0.00,15.50,48
2026-01-08 12:00:00,-18.00,73,-23.80,,0.00,13.00,46
2026-01-08 13:00:00,-17.30,72,-23.00,,0.00,12.70,43
2026-01-08 14:00:00,-16.80,72,-22.50,,0.00,12.80,38
2026-01-08 15:00:00,-16.50,71,-22.30,,0.00,13.10,37
2026-01-08 16:00:00,-16.70,74,-22.40,,0.00,12.80,38
2026-01-08 17:00:00,-17.00,74,-22.60,,0.00,11.80,38
2026-01-08 18:00:00,-17.40,74,-23.00,,0.00,11.90,35
2026-01-08 19:00:00,-17.60,73,-23.10,,0.00,11.00,38
2026-01-08 20:00:00,-17.70,73,-23.00,,0.00,9.50,37
2026-01-08 21:00:00,-18.50,73,-23.60,,0.00,8.40,31
2026-01-08 22:00:00,-19.00,73,-24.10,,0.00,7.60,19
2026-01-08 23:00:00,-19.20,72,-24.00,,0.00,6.40,16
2026-01-09 00:00:00,-19.50,72,-24.00,,0.00,4.00,360
2026-01-09 01:00:00,-19.60,71,-24.20,,0.00,4.50,346
2026-01-09 02:00:00,-19.40,71,-23.90,,0.00,3.70,331
2026-01-09 03:00:00,-19.00,74,-23.60,,0.00,4.40,325
2026-01-09 04:00:00,-18.40,74,-23.00,,0.00,4.80,312
2026-01-09 05:00:00,-17.30,74,-22.20,,0.00,7.00,305
2026-01-09 06:00:00,-16.60,77,-21.80,,0.00,9.40,302
2026-01-09 07:00:00,-16.00,78,-21.20,,0.00,9.70,309
2026-01-09 08:00:00,-15.10,81,-20.30,,0.00,9.90,316
2026-01-09 09:00:00,-14.20,84,-19.20,,0.00,9.00,323
2026-01-09 10:00:00,-13.70,85,-18.70,,0.00,9.20,321
2026-01-09 11:00:00,-12.00,85,-16.90,,0.00,9.40,320
2026-01-09 12:00:00,-10.80,83,-15.50,,0.00,8.70,312
2026-01-09 13:00:00,-9.40,83,-14.30,,0.00,10.20,312
2026-01-09 14:00:00,-8.70,84,-13.40,,0.00,9.60,304
2026-01-09 15:00:00,-8.40,84,-12.90,,0.00,8.50,298
2026-01-09 16:00:00,-8.50,86,-13.00,,0.00,8.20,285
2026-01-09 17:00:00,-8.70,87,-13.10,,0.00,7.60,265
2026-01-09 18:00:00,-8.90,89,-13.60,,0.00,9.30,257
2026-01-09 19:00:00,-9.10,89,-14.00,,0.00,10.90,262
2026-01-09 20:00:00,-9.10,90,-14.20,,0.00,12.10,258
2026-01-09 21:00:00,-8.50,90,-13.80,,0.00,13.60,258
2026-01-09 22:00:00,-8.10,91,-13.30,,0.00,13.50,254
2026-01-09 23:00:00,-7.60,91,-13.00,,0.00,15.20,256
2026-01-10 00:00:00,-6.80,92,-12.10,,0.00,15.60,262
2026-01-10 01:00:00,-6.40,92,-12.00,,0.00,17.30,265
2026-01-10 02:00:00,-6.20,92,-12.00,,0.00,18.40,264
2026-01-10 03:00:00,-5.60,93,-11.00,,0.00,16.60,265
2026-01-10 04:00:00,-5.40,92,-10.60,,0.10,15.50,271
2026-01-10 05:00:00,-4.90,92,-10.00,,0.10,15.50,275
2026-01-10 06:00:00,-4.30,92,-9.30,,0.00,14.70,281
2026-01-10 07:00:00,-3.90,92,-8.80,,0.00,14.80,288
2026-01-10 08:00:00,-3.50,93,-8.30,,0.00,14.10,289
2026-01-10 09:00:00,-3.30,93,-8.00,,0.00,13.40,290
2026-01-10 10:00:00,-2.90,93,-7.40,,0.00,12.40,300
2026-01-10 11:00:00,-2.20,93,-6.60,,0.00,12.30,302
2026-01-10 12:00:00,-1.60,91,-5.80,,0.00,11.20,310
2026-01-10 13:00:00,-0.90,90,-5.10,,0.00,11.40,298
2026-01-10 14:00:00,-0.60,91,-4.60,,0.00,10.70,290
2026-01-10 15:00:00,-0.50,90,-4.50,,0.00,11.10,283
2026-01-10 16:00:00,-0.40,91,-4.40,,0.00,11.00,289
2026-01-10 17:00:00,-0.50,92,-4.30,,0.00,9.80,276
2026-01-10 18:00:00,-0.60,93,-4.50,,0.00,10.50,274
2026-01-10 19:00:00,-0.80,93,-4.90,,0.00,11.50,272
2026-01-10 20:00:00,-1.00,93,-5.00,,0.00,10.80,266
2026-01-10 21:00:00,-1.20,93,-5.20,,0.00,10.50,254
2026-01-10 22:00:00,-1.40,94,-5.50,,0.00,11.30,253
2026-01-10 23:00:00,-1.60,94,-5.90,,0.00,12.20,251
2026-01-11 00:00:00,-1.90,94,-6.30,,0.00,12.90,243
2026-01-11 01:00:00,-2.20,93,-6.90,,0.00,14.70,242
2026-01-11 02:00:00,-2.60,93,-7.60,,0.10,16.70,237
2026-01-11 03:00:00,-2.70,92,-7.70,,0.10,15.90,237
2026-01-11 04:00:00,-2.80,92,-8.00,,0.10,16.80,239
2026-01-11 05:00:00,-2.80,92,-8.00,,0.10,17.10,242
2026-01-11 06:00:00,-2.80,93,-8.10,,0.00,18.00,250
2026-01-11 07:00:00,-2.70,92,-7.70,,0.30,16.20,249
2026-01-11 08:00:00,-2.60,92,-7.60,,0.40,16.10,254
2026-01-11 09:00:00,-2.50,92,-7.50,,0.20,16.70,264
2026-01-11 10:00:00,-2.20,92,-7.20,,0.10,16.00,262
2026-01-11 11:00:00,-1.90,92,-6.90,,0.00,16.60,271
2026-01-11 12:00:00,-1.40,91,-6.50,,0.00,18.10,264
2026-01-11 13:00:00,-1.20,91,-6.40,,0.00,18.40,264
2026-01-11 14:00:00,-1.00,91,-6.10,,0.00,18.10,265
2026-01-11 15:00:00,-0.70,89,-5.70,,0.10,17.30,265
2026-01-11 16:00:00,-0.70,91,-5.60,,0.00,17.00,265
2026-01-11 17:00:00,-0.80,91,-5.50,,0.10,15.90,266
2026-01-11 18:00:00,-0.70,90,-5.70,,0.20,17.80,277
2026-01-11 19:00:00,-0.80,92,-5.50,,0.50,15.70,279
2026-01-11 20:00:00,-0.90,93,-6.10,,0.40,18.70,320
2026-01-11 21:00:00,-2.20,71,-7.20,,0.10,14.10,356
2026-01-11 22:00:00,-3.90,66,-10.40,,0.00,22.70,359
2026-01-11 23:00:00,-6.40,63,-12.80,,0.00,20.50,360
2026-01-12 00:00:00,-8.00,69,-14.10,,0.00,18.00,1
2026-01-12 01:00:00,-8.50,73,-14.10,,0.00,14.80,356
2026-01-12 02:00:00,-9.30,74,-14.80,,0.00,14.20,353
2026-01-12 03:00:00,-9.80,74,-15.10,,0.00,12.50,348
2026-01-12 04:00:00,-10.20,74,-15.40,,0.00,11.20,345
2026-01-12 05:00:00,-10.90,75,-15.90,,0.00,10.20,342
2026-01-12 06:00:00,-11.70,71,-16.90,,0.00,10.90,343
2026-01-12 07:00:00,-12.30,73,-17.30,,0.00,9.20,339
2026-01-12 08:00:00,-12.60,83,-17.30,,0.00,7.70,332
2026-01-12 09:00:00,-13.10,80,-18.10,,0.00,9.00,323
2026-01-12 10:00:00,-12.90,75,-18.20,,0.00,11.00,328
2026-01-12 11:00:00,-12.70,72,-17.90,,0.00,10.90,326
2026-01-12 12:00:00,-11.50,67,-16.80,,0.00,11.60,324
2026-01-12 13:00:00,-10.70,65,-16.10,,0.00,12.00,316
2026-01-12 14:00:00,-9.90,64,-15.50,,0.00,13.60,307
2026-01-12 15:00:00,-9.10,62,-14.50,,0.00,12.50,303
2026-01-12 16:00:00,-9.50,66,-14.70,,0.00,11.60,300
2026-01-12 17:00:00,-10.40,71,-15.40,,0.00,9.80,294
2026-01-12 18:00:00,-11.50,71,-16.40,,0.00,8.70,287
2026-01-12 19:00:00,-12.20,73,-17.20,,0.00,8.90,284
2026-01-12 20:00:00,-12.90,74,-17.80,,0.00,8.40,277
2026-01-12 21:00:00,-13.80,77,-18.60,,0.00,7.20,270
2026-01-12 22:00:00,-14.50,79,-19.20,,0.00,6.60,261
2026-01-12 23:00:00,-15.20,81,-19.80,,0.00,5.60,243
2026-01-13 00:00:00,-15.80,83,-20.20,,0.00,4.30,228
2026-01-13 01:00:00,-16.00,83,-20.40,,0.00,4.50,209
2026-01-13 02:00:00,-15.90,85,-20.30,,0.00,4.40,189
2026-01-13 03:00:00,-15.40,85,-19.90,,0.00,5.20,168
2026-01-13 04:00:00,-15.10,85,-19.80,,0.00,6.70,164
2026-01-13 05:00:00,-14.80,85,-19.60,,0.00,7.20,153
2026-01-13 06:00:00,-14.80,83,-19.60,,0.00,7.20,143
2026-01-13 07:00:00,-14.60,82,-19.40,,0.00,7.70,139
2026-01-13 08:00:00,-14.50,82,-19.40,,0.00,8.20,131
2026-01-13 09:00:00,-14.70,82,-19.60,,0.00,8.00,117
2026-01-13 10:00:00,-14.70,81,-19.80,,0.00,9.10,108
2026-01-13 11:00:00,-13.90,78,-19.20,,0.00,10.80,105
2026-01-13 12:00:00,-12.30,74,-17.40,,0.00,10.40,110
2026-01-13 13:00:00,-11.30,71,-16.40,,0.00,10.20,108
2026-01-13 14:00:00,-10.50,70,-15.60,,0.00,10.00,111
2026-01-13 15:00:00,-10.50,71,-15.40,,0.00,9.00,95
2026-01-13 16:00:00,-10.80,73,-15.70,,0.00,9.00,92
2026-01-13 17:00:00,-11.80,77,-16.60,,0.00,8.30,92
2026-01-13 18:00:00,-12.90,78,-17.70,,0.00,8.00,95
2026-01-13 19:00:00,-13.40,79,-18.20,,0.00,7.60,109
2026-01-13 20:00:00,-13.90,80,-18.50,,0.00,6.40,117
2026-01-13 21:00:00,-13.70,82,-18.40,,0.00,6.90,118
2026-01-13 22:00:00,-13.80,83,-18.50,,0.00,7.30,123
2026-01-13 23:00:00,-13.70,84,-18.50,,0.00,7.90,129
2026-01-14 00:00:00,-13.30,85,-18.00,,0.00,7.40,133
2026-01-14 01:00:00,-13.20,85,-18.00,,0.00,8.40,137
2026-01-14 02:00:00,-12.80,86,-17.70,,0.10,8.90,140
2026-01-14 03:00:00,-12.20,85,-17.10,,0.10,8.90,140
2026-01-14 04:00:00,-11.70,86,-16.60,,0.10,9.00,143
2026-01-14 05:00:00,-11.50,86,-16.40,,0.10,9.20,149
2026-01-14 06:00:00,-10.90,87,-15.60,,0.10,8.70,156
2026-01-14 07:00:00,-10.30,88,-15.10,,0.10,9.20,159
2026-01-14 08:00:00,-9.70,88,-14.50,,0.10,9.70,158
2026-01-14 09:00:00,-8.80,89,-13.40,,0.30,9.40,162
2026-01-14 10:00:00,-8.00,90,-12.80,,0.00,11.00,169
2026-01-14 11:00:00,-6.90,89,-11.80,,0.20,12.10,170
2026-01-14 12:00:00,-6.20,88,-11.10,,0.20,12.00,164
2026-01-14 13:00:00,-5.20,89,-10.10,,0.30,13.10,171
2026-01-14 14:00:00,-4.40,89,-9.30,,0.30,13.40,175
2026-01-14 15:00:00,-3.80,89,-8.60,,0.30,13.30,182
2026-01-14 16:00:00,-3.70,91,-8.40,,0.30,13.30,180
2026-01-14 17:00:00,-3.60,92,-8.20,,0.30,12.60,182
2026-01-14 18:00:00,-3.10,93,-7.60,,0.30,12.60,183
2026-01-14 19:00:00,-2.90,92,-7.60,,0.20,13.80,189
2026-01-14 20:00:00,-2.60,92,-7.40,,0.20,14.60,196
2026-01-14 21:00:00,-2.10,92,-6.90,,0.30,15.00,201
2026-01-14 22:00:00,-2.10,91,-7.00,,0.20,15.60,203
2026-01-14 23:00:00,-2.20,91,-7.00,,0.10,15.30,204
2026-01-15 00:00:00,-2.00,92,-6.70,,0.10,14.50,203
2026-01-15 01:00:00,-2.10,92,-6.90,,0.00,14.70,202
2026-01-15 02:00:00,-2.20,93,-7.00,,0.00,14.70,197
2026-01-15 03:00:00,-2.30,93,-6.90,,0.10,13.90,197
2026-01-15 04:00:00,-2.40,93,-6.90,,0.20,12.60,200
2026-01-15 05:00:00,-2.50,93,-7.00,,0.30,12.40,202
2026-01-15 06:00:00,-2.20,94,-6.40,,0.40,11.60,206
2026-01-15 07:00:00,-2.20,94,-6.50,,0.10,11.90,209
2026-01-15 08:00:00,-2.00,95,-6.40,,0.10,12.40,206
2026-01-15 09:00:00,-1.50,94,-6.10,,0.20,14.60,213
2026-01-15 10:00:00,-1.40,94,-6.00,,0.10,14.30,208
2026-01-15 11:00:00,-1.20,92,-6.20,,0.00,17.80,216
2026-01-15 12:00:00,-0.80,85,-5.60,,0.00,15.20,211
2026-01-15 13:00:00,-0.70,84,-5.60,,0.00,16.00,203
2026-01-15 14:00:00,-0.80,83,-5.80,,0.20,15.90,205
2026-01-15 15:00:00,-0.50,74,-5.30,,0.10,13.90,201
2026-01-15 16:00:00,-0.70,75,-5.60,,0.00,14.50,194
2026-01-15 17:00:00,-1.60,86,-6.50,,0.00,15.10,192
2026-01-15 18:00:00,-1.70,86,-6.50,,0.00,14.30,190
2026-01-15 19:00:00,-2.30,83,-7.20,,0.00,14.90,187
2026-01-15 20:00:00,-2.80,81,-7.80,,0.00,15.00,191
2026-01-15 21:00:00,-2.50,79,-7.40,,0.00,14.00,192
2026-01-15 22:00:00,-2.60,81,-7.40,,0.00,13.60,197
2026-01-15 23:00:00,-2.60,88,-7.20,,0.00,12.90,193
2026-01-16 00:00:00,-2.70,90,-7.00,,0.00,11.40,191
2026-01-16 01:00:00,-2.80,88,-7.10,,0.00,11.10,193
2026-01-16 02:00:00,-3.00,88,-7.20,,0.00,9.60,193
2026-01-16 03:00:00,-3.00,89,-7.10,,0.00,9.50,189
2026-01-16 04:00:00,-3.00,91,-7.20,,0.00,9.70,195
2026-01-16 05:00:00,-3.10,91,-7.00,,0.00,8.30,198
2026-01-16 06:00:00,-3.10,91,-7.00,,0.00,8.10,193
2026-01-16 07:00:00,-3.30,90,-7.30,,0.00,8.20,195
2026-01-16 08:00:00,-3.50,89,-7.50,,0.00,8.60,202
2026-01-16 09:00:00,-3.60,89,-7.50,,0.00,7.90,210
2026-01-16 10:00:00,-3.40,88,-7.60,,0.00,9.40,223
2026-01-16 11:00:00,-2.60,85,-7.00,,0.00,10.70,237
2026-01-16 12:00:00,-1.70,79,-6.30,,0.00,12.10,247
2026-01-16 13:00:00,-1.30,75,-6.40,,0.00,15.80,258
2026-01-16 14:00:00,-1.30,73,-6.40,,0.00,15.70,259
2026-01-16 15:00:00,-1.60,72,-6.90,,0.00,16.00,262
2026-01-16 16:00:00,-2.00,74,-7.20,,0.00,16.00,256
2026-01-16 17:00:00,-2.60,81,-7.90,,0.10,17.00,253
2026-01-16 18:00:00,-2.90,73,-8.60,,0.00,18.60,260
2026-01-16 19:00:00,-3.40,73,-9.00,,0.00,17.40,263
2026-01-16 20:00:00,-3.80,76,-9.60,,0.00,19.10,259
2026-01-16 21:00:00,-4.20,71,-10.30,,0.00,19.80,267
2026-01-16 22:00:00,-5.10,73,-11.10,,0.00,18.90,256
2026-01-16 23:00:00,-5.70,74,-11.60,,0.00,18.40,259
2026-01-17 00:00:00,-6.20,73,-11.90,,0.00,16.70,264
2026-01-17 01:00:00,-6.70,74,-12.40,,0.00,16.70,264
2026-01-17 02:00:00,-7.30,76,-12.80,,0.00,15.20,256
2026-01-17 03:00:00,-8.20,76,-13.40,,0.00,12.90,247
2026-01-17 04:00:00,-9.10,80,-14.30,,0.00,11.90,235
2026-01-17 05:00:00,-9.80,81,-15.00,,0.00,12.20,236
2026-01-17 06:00:00,-10.10,80,-15.40,,0.00,12.40,240
2026-01-17 07:00:00,-10.30,81,-15.60,,0.00,12.90,243
2026-01-17 08:00:00,-10.40,82,-15.70,,0.00,12.20,251
2026-01-17 09:00:00,-10.70,81,-16.00,,0.00,12.30,263
2026-01-17 10:00:00,-10.50,78,-15.70,,0.00,11.50,266
2026-01-17 11:00:00,-10.20,76,-15.50,,0.00,12.40,262
2026-01-17 12:00:00,-9.20,67,-14.80,,0.00,13.80,276
2026-01-17 13:00:00,-8.70,61,-14.10,,0.00,12.00,279
2026-01-17 14:00:00,-8.20,55,-13.40,,0.00,10.90,276
2026-01-17 15:00:00,-7.80,48,-12.80,,0.00,9.00,286
2026-01-17 16:00:00,-8.10,52,-12.60,,0.00,5.80,274
2026-01-17 17:00:00,-9.30,58,-13.40,,0.00,3.10,225
2026-01-17 18:00:00,-10.80,58,-14.90,,0.00,3.10,201
2026-01-17 19:00:00,-11.70,62,-15.90,,0.00,3.20,180
2026-01-17 20:00:00,-12.40,65,-16.60,,0.00,3.40,162
2026-01-17 21:00:00,-13.10,71,-17.30,,0.00,3.40,148
2026-01-17 22:00:00,-13.40,69,-17.90,,0.00,4.80,132
2026-01-17 23:00:00,-13.60,69,-18.30,,0.00,6.90,137
2026-01-18 00:00:00,-13.80,69,-18.80,,0.00,8.50,126
2026-01-18 01:00:00,-13.60,68,-18.90,,0.00,10.90,124
2026-01-18 02:00:00,-13.50,67,-19.10,,0.00,13.10,127
2026-01-18 03:00:00,-12.70,67,-18.40,,0.00,13.90,127
2026-01-18 04:00:00,-12.30,66,-18.30,,0.00,15.80,125
2026-01-18 05:00:00,-11.50,67,-17.90,,0.00,18.30,122
2026-01-18 06:00:00,-10.40,70,-16.70,,0.00,18.80,122
2026-01-18 07:00:00,-10.10,85,-16.60,,0.40,20.60,123
2026-01-18 08:00:00,-9.00,87,-15.80,,1.60,23.90,127
2026-01-18 09:00:00,-7.70,88,-14.20,,2.30,22.00,128
2026-01-18 10:00:00,-7.40,88,-13.80,,2.10,21.60,136
2026-01-18 11:00:00,-6.40,89,-12.50,,1.70,20.80,146
2026-01-18 12:00:00,-4.30,92,-9.90,,0.90,18.70,155
2026-01-18 13:00:00,-2.20,94,-7.60,,0.40,19.40,162
2026-01-18 14:00:00,-0.10,96,-5.20,,0.10,19.60,174
2026-01-18 15:00:00,1.50,96,-3.20,,0.00,18.00,177
2026-01-18 16:00:00,1.70,97,-2.80,,0.00,18.00,177
2026-01-18 17:00:00,1.80,97,-2.70,,0.00,17.70,178
2026-01-18 18:00:00,2.50,99,-1.70,,0.00,17.00,184
2026-01-18 19:00:00,2.70,99,-1.50,,0.10,17.00,186
2026-01-18 20:00:00,3.00,98,-1.00,,0.60,15.70,191
2026-01-18 21:00:00,3.50,98,-0.30,,0.30,15.50,198
2026-01-18 22:00:00,3.20,98,-0.30,,0.40,12.90,198
2026-01-18 23:00:00,3.10,98,-0.30,,0.80,11.60,196
2026-01-19 00:00:00,2.90,98,-0.30,,1.00,10.40,200
2026-01-19 01:00:00,2.80,99,-0.20,,0.40,8.90,207
2026-01-19 02:00:00,2.50,99,-0.30,,0.30,7.60,211
2026-01-19 03:00:00,2.10,100,-0.60,,0.20,5.90,227
2026-01-19 04:00:00,1.90,100,-0.70,,0.10,5.30,242
2026-01-19 05:00:00,1.60,100,-0.80,,0.00,4.00,275
2026-01-19 06:00:00,1.50,99,-1.20,,0.10,5.10,309
2026-01-19 07:00:00,1.20,99,-1.70,,0.00,6.40,317
2026-01-19 08:00:00,1.20,98,-1.90,,0.30,7.40,337
2026-01-19 09:00:00,0.80,98,-2.50,,0.30,8.40,329
2026-01-19 10:00:00,0.60,96,-2.90,,0.30,9.50,331
2026-01-19 11:00:00,0.50,91,-3.50,,0.30,11.60,338
2026-01-19 12:00:00,-0.00,89,-4.10,,0.10,11.60,338
2026-01-19 13:00:00,-0.30,85,-4.50,,0.00,12.20,341
2026-01-19 14:00:00,-0.50,82,-4.80,,0.00,11.80,340
2026-01-19 15:00:00,-0.80,79,-5.30,,0.00,12.20,336
2026-01-19 16:00:00,-1.20,78,-5.70,,0.00,11.60,344
2026-01-19 17:00:00,-1.80,78,-6.00,,0.00,9.40,342
2026-01-19 18:00:00,-2.70,80,-6.70,,0.00,7.90,344
2026-01-19 19:00:00,-3.10,82,-7.20,,0.00,7.90,344
2026-01-19 20:00:00,-3.40,82,-7.50,,0.00,8.60,345
2026-01-19 21:00:00,-3.10,81,-7.20,,0.00,8.40,353
2026-01-19 22:00:00,-3.40,82,-7.50,,0.00,8.00,355
2026-01-19 23:00:00,-3.60,83,-7.60,,0.00,7.30,349
2026-01-20 00:00:00,-3.40,83,-7.10,,0.00,5.90,349
2026-01-20 01:00:00,-3.70,85,-7.50,,0.00,6.60,338
2026-01-20 02:00:00,-3.90,86,-7.80,,0.00,6.90,332
2026-01-20 03:00:00,-3.80,86,-7.60,,0.00,6.60,338
2026-01-20 04:00:00,-4.00,85,-7.90,,0.00,6.80,335
2026-01-20 05:00:00,-4.10,84,-8.00,,0.00,6.40,333
2026-01-20 06:00:00,-4.50,87,-8.30,,0.00,5.90,313
2026-01-20 07:00:00,-4.60,89,-8.60,,0.00,7.40,309
2026-01-20 08:00:00,-4.40,89,-8.70,,0.00,9.30,306
2026-01-20 09:00:00,-4.10,88,-8.30,,0.00,9.00,307
2026-01-20 10:00:00,-4.30,88,-8.90,,0.00,11.50,311
2026-01-20 11:00:00,-4.10,86,-8.60,,0.00,10.70,320
2026-01-20 12:00:00,-3.40,81,-7.90,,0.00,10.50,322
2026-01-20 13:00:00,-3.00,79,-7.60,,0.00,12.00,309
2026-01-20 14:00:00,-2.80,77,-7.20,,0.00,10.00,300
2026-01-20 15:00:00,-2.90,74,-7.50,,0.00,10.90,304
2026-01-20 16:00:00,-3.00,70,-7.10,,0.00,7.10,300
2026-01-20 17:00:00,-3.80,74,-7.50,,0.00,4.70,270
2026-01-20 18:00:00,-4.10,75,-7.60,,0.00,2.90,240
2026-01-20 19:00:00,-4.80,77,-8.50,,0.00,3.70,209
2026-01-20 20:00:00,-4.90,79,-8.70,,0.00,4.30,204
2026-01-20 21:00:00,-4.90,81,-8.70,,0.00,5.40,200
2026-01-20 22:00:00,-5.20,82,-9.10,,0.00,5.70,198
2026-01-20 23:00:00,-5.10,81,-9.10,,0.00,6.20,190
2026-01-21 00:00:00,-4.80,82,-8.70,,0.00,5.80,187
2026-01-21 01:00:00,-5.00,88,-9.00,,0.10,7.20,162
2026-01-21 02:00:00,-4.90,92,-9.10,,0.30,8.90,148
2026-01-21 03:00:00,-4.60,91,-9.00,,0.40,10.00,131
2026-01-21 04:00:00,-4.50,91,-9.00,,0.50,10.80,127
2026-01-21 05:00:00,-4.70,91,-9.30,,0.50,11.40,114
2026-01-21 06:00:00,-4.50,91,-9.10,,0.50,11.90,104
2026-01-21 07:00:00,-4.90,92,-9.60,,0.40,12.30,97
2026-01-21 08:00:00,-5.00,91,-9.80,,0.30,12.60,90
2026-01-21 09:00:00,-5.00,91,-9.70,,0.20,12.30,87
2026-01-21 10:00:00,-4.90,90,-9.80,,0.10,13.10,82
2026-01-21 11:00:00,-4.50,87,-9.40,,0.10,13.80,83
2026-01-21 12:00:00,-3.80,82,-8.50,,0.00,12.50,78
2026-01-21 13:00:00,-3.30,78,-8.00,,0.00,12.00,74
2026-01-21 14:00:00,-3.00,74,-7.60,,0.00,10.50,68
2026-01-21 15:00:00,-3.00,69,-7.40,,0.00,8.90,58
2026-01-21 16:00:00,-3.40,71,-7.70,,0.00,7.90,51
2026-01-21 17:00:00,-4.60,76,-8.50,,0.00,5.40,37
2026-01-21 18:00:00,-6.40,80,-10.20,,0.00,4.00,27
2026-01-21 19:00:00,-7.00,79,-10.70,,0.00,3.10,21
2026-01-21 20:00:00,-7.60,81,-11.30,,0.00,2.60,16
2026-01-21 21:00:00,-8.00,85,-11.50,,0.00,1.90,22
2026-01-21 22:00:00,-8.60,88,-12.10,,0.00,1.30,34
2026-01-21 23:00:00,-9.10,92,-12.50,,0.00,0.80,27
2026-01-22 00:00:00,-9.40,90,-12.90,,0.00,0.80,63
2026-01-22 01:00:00,-10.00,94,-13.50,,0.00,1.00,135
2026-01-22 02:00:00,-10.30,94,-13.80,,0.00,1.50,166
2026-01-22 03:00:00,-10.70,93,-14.40,,0.00,1.60,153
2026-01-22 04:00:00,-10.90,92,-14.60,,0.00,2.20,171
2026-01-22 05:00:00,-11.00,90,-14.90,,0.00,3.20,153
2026-01-22 06:00:00,-11.40,90,-15.30,,0.00,3.40,162
2026-01-22 07:00:00,-11.60,90,-15.70,,0.00,4.20,160
2026-01-22 08:00:00,-11.70,90,-15.90,,0.00,4.90,163
2026-01-22 09:00:00,-11.80,91,-16.30,,0.00,6.50,161
2026-01-22 10:00:00,-10.90,88,-15.50,,0.00,7.80,167
2026-01-22 11:00:00,-9.50,84,-14.30,,0.00,10.00,167
2026-01-22 12:00:00,-7.40,85,-12.10,,0.00,9.90,170
2026-01-22 13:00:00,-6.10,81,-11.00,,0.00,12.00,173
2026-01-22 14:00:00,-5.10,79,-9.90,,0.00,11.60,175
2026-01-22 15:00:00,-4.40,77,-9.40,,0.00,12.60,178
2026-01-22 16:00:00,-4.60,79,-9.40,,0.00,12.20,180
2026-01-22 17:00:00,-5.00,82,-9.80,,0.00,11.90,182
2026-01-22 18:00:00,-5.20,83,-10.20,,0.00,13.30,177
2026-01-22 19:00:00,-5.20,85,-10.40,,0.00,15.20,176
2026-01-22 20:00:00,-5.20,86,-10.40,,0.00,14.80,174
2026-01-22 21:00:00,-4.90,84,-10.20,,0.00,15.90,177
2026-01-22 22:00:00,-4.80,86,-10.30,,0.00,17.30,180
2026-01-22 23:00:00,-4.70,85,-10.30,,0.00,17.70,178
2026-01-23 00:00:00,-4.20,84,-9.80,,0.00,18.40,183
2026-01-23 01:00:00,-4.20,86,-10.10,,0.00,20.20,184
2026-01-23 02:00:00,-4.10,85,-10.00,,0.00,20.20,185
2026-01-23 03:00:00,-3.80,85,-9.60,,0.00,19.90,185
2026-01-23 04:00:00,-3.90,86,-9.60,,0.00,18.80,185
2026-01-23 05:00:00,-4.00,87,-9.70,,0.00,19.10,183
2026-01-23 06:00:00,-3.70,87,-9.70,,0.00,21.30,182
2026-01-23 07:00:00,-3.80,88,-9.80,,0.00,21.30,184
2026-01-23 08:00:00,-3.80,89,-9.80,,0.00,21.80,188
2026-01-23 09:00:00,-3.80,88,-9.80,,0.00,21.30,183
2026-01-23 10:00:00,-3.70,88,-9.90,,0.00,23.00,189
2026-01-23 11:00:00,-3.70,88,-9.60,,0.00,21.30,182
2026-01-23 12:00:00,-2.90,85,-8.90,,0.00,21.70,192
2026-01-23 13:00:00,-2.70,84,-8.70,,0.00,22.40,195
2026-01-23 14:00:00,-2.40,83,-8.40,,0.00,22.00,198
2026-01-23 15:00:00,-2.20,83,-8.10,,0.00,21.10,200
2026-01-23 16:00:00,-2.40,87,-7.80,,0.10,18.80,192
2026-01-23 17:00:00,-2.60,90,-7.90,,0.30,17.80,188
2026-01-23 18:00:00,-2.50,92,-7.80,,0.40,17.90,189
2026-01-23 19:00:00,-2.70,92,-8.00,,0.40,18.20,194
2026-01-23 20:00:00,-2.60,92,-7.80,,0.20,17.50,194
2026-01-23 21:00:00,-2.40,92,-7.40,,0.30,16.50,196
2026-01-23 22:00:00,-2.40,93,-7.30,,0.40,15.80,197
2026-01-23 23:00:00,-2.20,94,-7.00,,0.40,15.00,197
2026-01-24 00:00:00,-1.80,94,-6.50,,0.30,14.80,198
2026-01-24 01:00:00,-1.60,95,-6.20,,0.40,14.20,201
2026-01-24 02:00:00,-1.30,95,-5.90,,0.60,14.80,203
2026-01-24 03:00:00,-1.00,95,-5.40,,0.50,13.90,205
2026-01-24 04:00:00,-0.80,95,-5.30,,0.20,14.20,210
2026-01-24 05:00:00,-0.80,96,-5.00,,0.20,12.70,209
2026-01-24 06:00:00,-0.80,96,-5.00,,0.20,12.60,211
2026-01-24 07:00:00,-0.80,97,-4.90,,0.00,12.60,211
2026-01-24 08:00:00,-0.60,97,-4.80,,0.00,13.20,215
2026-01-24 09:00:00,-0.50,98,-4.60,,0.00,12.60,211
2026-01-24 10:00:00,-0.30,98,-4.50,,0.00,13.40,207
2026-01-24 11:00:00,-0.20,99,-4.60,,0.00,15.10,220
2026-01-24 12:00:00,0.00,99,-4.30,,0.00,15.00,215
2026-01-24 13:00:00,-0.00,99,-4.70,,0.00,17.10,224
2026-01-24 14:00:00,-0.00,99,-4.40,,0.00,14.90,212
2026-01-24 15:00:00,0.10,99,-4.20,,0.00,14.60,213
2026-01-24 16:00:00,0.00,98,-4.30,,0.00,14.90,195
2026-01-24 17:00:00,0.10,97,-4.40,,0.00,15.50,193
2026-01-24 18:00:00,0.20,97,-4.20,,0.00,14.80,186
2026-01-24 19:00:00,0.40,96,-4.10,,0.00,16.40,189
2026-01-24 20:00:00,0.30,96,-4.40,,0.00,17.70,185
2026-01-24 21:00:00,0.40,95,-4.50,,0.00,18.60,189
2026-01-24 22:00:00,0.50,93,-4.40,,0.20,18.40,186
2026-01-24 23:00:00,0.40,93,-4.70,,0.40,19.50,185
2026-01-25 00:00:00,0.40,93,-4.40,,0.80,17.70,186
2026-01-25 01:00:00,0.30,93,-4.70,,0.80,18.80,183
2026-01-25 02:00:00,0.30,94,-4.50,,0.90,17.70,192
2026-01-25 03:00:00,0.40,93,-4.20,,0.50,16.30,194
2026-01-25 04:00:00,0.40,93,-4.10,,0.20,15.90,198
2026-01-25 05:00:00,0.40,93,-4.00,,0.10,15.00,201
2026-01-25 06:00:00,0.40,94,-3.90,,0.10,14.30,198
2026-01-25 07:00:00,0.20,95,-3.80,,0.20,12.60,200
2026-01-25 08:00:00,0.30,96,-3.70,,0.10,13.00,199
2026-01-25 09:00:00,0.50,96,-3.30,,0.10,10.90,197
2026-01-25 10:00:00,0.40,97,-3.30,,0.20,10.50,196
2026-01-25 11:00:00,0.40,97,-3.20,,0.30,10.20,190
2026-01-25 12:00:00,0.80,98,-2.70,,0.10,9.90,190
2026-01-25 13:00:00,0.80,99,-2.60,,0.00,9.50,191
2026-01-25 14:00:00,1.00,98,-2.30,,0.40,8.80,189
2026-01-25 15:00:00,1.20,99,-1.90,,0.20,8.20,195
2026-01-25 16:00:00,1.30,98,-1.90,,0.30,7.90,196
2026-01-25 17:00:00,1.20,99,-1.90,,0.10,7.50,197
2026-01-25 18:00:00,1.30,100,-1.60,,0.10,6.80,198
2026-01-25 19:00:00,1.30,99,-1.60,,0.10,6.60,209
2026-01-25 20:00:00,1.40,99,-1.50,,0.10,6.50,214
2026-01-25 21:00:00,1.40,99,-1.50,,0.10,6.80,212
2026-01-25 22:00:00,1.30,99,-1.70,,0.20,6.60,221
2026-01-25 23:00:00,1.20,98,-1.70,,0.20,6.10,225
2026-01-26 00:00:00,1.20,99,-1.50,,0.20,5.10,231
2026-01-26 01:00:00,0.90,98,-1.90,,0.20,5.30,242
2026-01-26 02:00:00,0.80,99,-1.90,,0.20,4.70,247
2026-01-26 03:00:00,0.50,99,-2.20,,0.10,4.10,255
2026-01-26 04:00:00,0.20,99,-2.40,,0.10,3.60,264
2026-01-26 05:00:00,0.10,98,-2.60,,0.10,3.60,270
2026-01-26 06:00:00,0.30,98,-2.30,,0.10,2.90,277
2026-01-26 07:00:00,0.20,98,-2.30,,0.10,2.70,293
2026-01-26 08:00:00,0.10,98,-2.50,,0.10,3.10,306
2026-01-26 09:00:00,0.30,99,-2.20,,0.10,2.50,315
2026-01-26 10:00:00,0.40,98,-2.20,,0.10,3.20,333
2026-01-26 11:00:00,0.70,97,-2.00,,0.10,3.90,338
2026-01-26 12:00:00,1.20,94,-1.90,,0.10,7.10,345
2026-01-26 13:00:00,1.50,92,-1.60,,0.00,7.30,340
2026-01-26 14:00:00,1.80,89,-1.20,,0.00,6.30,329
2026-01-26 15:00:00,1.90,88,-1.20,,0.00,6.40,322
2026-01-26 16:00:00,1.90,86,-1.20,,0.00,6.40,322
2026-01-26 17:00:00,1.50,88,-1.40,,0.00,4.80,318
2026-01-26 18:00:00,1.30,91,-1.60,,0.00,4.90,324
2026-01-26 19:00:00,1.00,94,-1.90,,0.00,5.10,321
2026-01-26 20:00:00,0.80,95,-2.10,,0.00,4.90,324
2026-01-26 21:00:00,0.60,96,-2.20,,0.00,4.70,328
2026-01-26 22:00:00,0.60,96,-2.30,,0.00,5.00,330
2026-01-26 23:00:00,0.50,97,-2.30,,0.00,4.40,325
2026-01-27 00:00:00,0.50,99,-2.20,,0.00,4.60,321
2026-01-27 01:00:00,0.40,98,-2.40,,0.10,4.40,325
2026-01-27 02:00:00,0.20,98,-2.60,,0.10,4.30,336
2026-01-27 03:00:00,0.20,97,-2.60,,0.00,4.10,345
2026-01-27 04:00:00,0.10,98,-2.70,,0.00,4.10,345
2026-01-27 05:00:00,0.00,98,-2.70,,0.00,4.00,355
2026-01-27 06:00:00,0.30,97,-2.40,,0.10,3.60,354
2026-01-27 07:00:00,0.00,97,-2.80,,0.10,4.00,355
2026-01-27 08:00:00,-0.00,98,-2.80,,0.00,4.00,355
2026-01-27 09:00:00,0.20,97,-2.70,,0.10,4.70,360
2026-01-27 10:00:00,0.20,97,-2.70,,0.00,5.10,8
2026-01-27 11:00:00,0.40,95,-2.60,,0.00,5.60,15
2026-01-27 12:00:00,0.70,92,-2.50,,0.00,7.30,20
2026-01-27 13:00:00,1.10,86,-2.20,,0.00,6.80,18
2026-01-27 14:00:00,1.20,86,-2.00,,0.00,6.70,16
2026-01-27 15:00:00,1.20,86,-2.20,,0.00,7.50,17
2026-01-27 16:00:00,1.10,86,-2.30,,0.00,7.60,19
2026-01-27 17:00:00,0.90,87,-2.50,,0.00,7.60,19
2026-01-27 18:00:00,0.60,88,-2.60,,0.00,6.50,6
2026-01-27 19:00:00,0.30,91,-3.00,,0.00,6.80,360
2026-01-27 20:00:00,0.20,92,-3.20,,0.00,7.20,6
2026-01-27 21:00:00,0.40,92,-2.90,,0.00,6.70,16
2026-01-27 22:00:00,0.30,93,-3.00,,0.00,7.10,24
2026-01-27 23:00:00,0.20,93,-3.10,,0.00,7.10,24
2026-01-28 00:00:00,0.30,93,-3.00,,0.00,7.20,27
2026-01-28 01:00:00,0.10,93,-3.20,,0.00,7.10,24
2026-01-28 02:00:00,0.10,93,-3.30,,0.00,7.40,23
2026-01-28 03:00:00,-0.00,92,-3.50,,0.00,7.90,30
2026-01-28 04:00:00,-0.10,93,-3.60,,0.00,8.60,33
2026-01-28 05:00:00,-0.30,92,-4.00,,0.00,8.80,35
2026-01-28 06:00:00,-0.50,91,-4.20,,0.00,8.90,32
2026-01-28 07:00:00,-0.80,90,-4.70,,0.00,10.00,26
2026-01-28 08:00:00,-1.10,91,-5.00,,0.00,9.80,17
2026-01-28 09:00:00,-0.90,90,-5.00,,0.00,10.90,17
2026-01-28 10:00:00,-1.10,89,-5.20,,0.00,11.00,19
2026-01-28 11:00:00,-1.10,88,-5.30,,0.00,11.30,22
2026-01-28 12:00:00,-0.90,84,-4.80,,0.00,9.30,16
2026-01-28 13:00:00,-0.70,83,-4.60,,0.00,8.70,7
2026-01-28 14:00:00,-0.60,82,-4.50,,0.00,9.10,353
2026-01-28 15:00:00,-0.60,82,-4.70,,0.00,10.20,350
2026-01-28 16:00:00,-0.80,84,-4.80,,0.00,9.70,358
2026-01-28 17:00:00,-1.10,84,-5.10,,0.00,9.40,7
2026-01-28 18:00:00,-1.10,82,-4.90,,0.00,8.00,5
2026-01-28 19:00:00,-1.30,83,-5.30,,0.00,9.20,11
2026-01-28 20:00:00,-1.40,83,-5.50,,0.00,9.30,13
2026-01-28 21:00:00,-1.50,84,-5.60,,0.00,9.90,19
2026-01-28 22:00:00,-1.70,81,-5.50,,0.00,7.60,19
2026-01-28 23:00:00,-2.20,80,-5.70,,0.00,4.70,9
2026-01-29 00:00:00,-2.50,83,-6.00,,0.00,4.70,4
2026-01-29 01:00:00,-3.20,84,-6.80,,0.00,5.00,360
2026-01-29 02:00:00,-3.50,84,-7.20,,0.00,5.40,360
2026-01-29 03:00:00,-3.60,83,-7.20,,0.00,4.80,13
2026-01-29 04:00:00,-4.00,85,-7.60,,0.00,4.60,18
2026-01-29 05:00:00,-4.30,85,-7.80,,0.00,3.80,17
2026-01-29 06:00:00,-3.60,84,-7.10,,0.00,4.00,5
2026-01-29 07:00:00,-4.00,84,-7.40,,0.00,3.70,11
2026-01-29 08:00:00,-4.00,85,-7.40,,0.00,3.40,18
2026-01-29 09:00:00,-3.60,82,-7.10,,0.00,3.60,45
2026-01-29 10:00:00,-3.50,83,-6.90,,0.00,3.30,84
2026-01-29 11:00:00,-2.90,77,-6.40,,0.00,3.30,103
2026-01-29 12:00:00,-2.20,73,-5.40,,0.00,1.80,180
2026-01-29 13:00:00,-1.90,71,-5.50,,0.00,4.30,246
2026-01-29 14:00:00,-1.80,71,-5.70,,0.00,6.60,257
2026-01-29 15:00:00,-1.80,72,-5.80,,0.00,7.20,264
2026-01-29 16:00:00,-1.90,73,-5.90,,0.00,7.30,261
2026-01-29 17:00:00,-2.20,75,-6.00,,0.00,6.50,264
2026-01-29 18:00:00,-2.30,76,-6.20,,0.00,6.90,261
2026-01-29 19:00:00,-2.60,77,-6.50,,0.00,7.00,258
2026-01-29 20:00:00,-2.70,80,-6.60,,0.00,7.10,255
2026-01-29 21:00:00,-2.80,82,-6.80,,0.00,7.60,251
2026-01-29 22:00:00,-3.20,82,-7.20,,0.00,7.90,246
2026-01-29 23:00:00,-3.30,83,-7.50,,0.00,9.00,247
2026-01-30 00:00:00,-3.30,85,-7.50,,0.00,9.70,248
2026-01-30 01:00:00,-3.40,86,-7.70,,0.00,10.40,250
2026-01-30 02:00:00,-3.30,87,-7.60,,0.00,10.40,256
2026-01-30 03:00:00,-3.10,86,-7.50,,0.00,11.00,247
2026-01-30 04:00:00,-3.30,86,-7.80,,0.00,11.20,249
2026-01-30 05:00:00,-3.60,86,-7.90,,0.00,10.20,247
2026-01-30 06:00:00,-3.60,87,-7.90,,0.00,9.80,246
2026-01-30 07:00:00,-3.80,88,-8.20,,0.00,10.30,245
2026-01-30 08:00:00,-3.80,88,-8.30,,0.00,11.10,245
2026-01-30 09:00:00,-3.80,89,-8.10,,0.00,9.90,251
2026-01-30 10:00:00,-3.20,87,-7.50,,0.00,10.40,250
2026-01-30 11:00:00,-2.40,85,-6.80,,0.00,11.30,248
2026-01-30 12:00:00,-1.10,80,-5.40,,0.00,10.50,243
2026-01-30 13:00:00,-0.60,77,-4.90,,0.00,10.70,250
2026-01-30 14:00:00,-0.20,75,-4.40,,0.00,10.20,252
2026-01-30 15:00:00,0.80,73,-3.20,,0.00,9.40,252
2026-01-30 16:00:00,0.70,75,-3.20,,0.00,9.00,247
2026-01-30 17:00:00,0.30,80,-3.40,,0.00,8.20,241
2026-01-30 18:00:00,-0.10,81,-3.70,,0.00,7.10,240
2026-01-30 19:00:00,-0.40,81,-4.00,,0.00,7.10,240
2026-01-30 20:00:00,-0.60,81,-4.30,,0.00,7.50,235
2026-01-30 21:00:00,-0.80,82,-4.50,,0.00,7.20,233
2026-01-30 22:00:00,-1.00,82,-4.70,,0.00,7.20,233
2026-01-30 23:00:00,-0.90,81,-4.60,,0.00,7.20,233
2026-01-31 00:00:00,-0.80,81,-4.50,,0.00,7.00,235
2026-01-31 01:00:00,-0.90,80,-4.60,,0.00,6.70,234
2026-01-31 02:00:00,-1.00,80,-4.80,,0.00,7.20,233
2026-01-31 03:00:00,-1.50,81,-5.10,,0.00,5.90,232
2026-01-31 04:00:00,-1.70,81,-5.40,,0.00,6.50,236
2026-01-31 05:00:00,-1.90,82,-5.70,,0.00,7.00,235
2026-01-31 06:00:00,-2.20,83,-6.00,,0.00,7.20,233
2026-01-31 07:00:00,-2.40,83,-6.30,,0.00,7.40,231
2026-01-31 08:00:00,-2.60,83,-6.50,,0.00,7.70,229
2026-01-31 09:00:00,-2.60,85,-6.50,,0.00,7.60,225
2026-01-31 10:00:00,-2.00,84,-6.00,,0.00,8.90,223
2026-01-31 11:00:00,-1.10,82,-5.30,,0.00,10.20,222
2026-01-31 12:00:00,-0.00,77,-4.10,,0.00,9.70,231
2026-01-31 13:00:00,0.50,76,-3.70,,0.00,10.60,235
2026-01-31 14:00:00,1.00,74,-3.10,,0.00,10.70,237
2026-01-31 15:00:00,2.30,69,-1.80,,0.00,10.60,235
2026-01-31 16:00:00,2.10,72,-1.90,,0.00,10.00,229
2026-01-31 17:00:00,1.40,76,-2.50,,0.00,9.70,222
2026-01-31 18:00:00,1.00,76,-3.10,,0.00,10.20,219
2026-01-31 19:00:00,0.80,76,-3.40,,0.00,10.90,224
2026-01-31 20:00:00,0.60,77,-3.60,,0.00,11.20,230
2026-01-31 21:00:00,0.60,76,-3.70,,0.00,11.70,236
2026-01-31 22:00:00,0.40,77,-3.80,,0.00,10.80,240
2026-01-31 23:00:00,0.10,79,-4.00,,0.00,10.50,243
2026-02-01 00:00:00,0.20,80,-3.80,,0.00,9.70,248
2026-02-01 01:00:00,-0.10,82,-4.00,,0.00,9.40,252
2026-02-01 02:00:00,-0.10,85,-4.00,,0.00,9.60,257
2026-02-01 03:00:00,0.20,87,-3.60,,0.00,9.50,259
2026-02-01 04:00:00,0.40,90,-3.40,,0.00,9.80,253
2026-02-01 05:00:00,0.40,92,-3.30,,0.00,10.00,249
2026-02-01 06:00:00,0.60,94,-3.10,,0.00,10.60,246
2026-02-01 07:00:00,0.70,95,-3.00,,0.00,10.50,243
2026-02-01 08:00:00,0.70,96,-3.00,,0.00,10.80,244
2026-02-01 09:00:00,0.70,96,-3.10,,0.00,11.60,240
2026-02-01 10:00:00,0.90,96,-3.00,,0.00,12.70,241
2026-02-01 11:00:00,1.00,96,-2.80,,0.00,12.20,242
2026-02-01 12:00:00,1.40,95,-2.50,,0.10,12.60,239
2026-02-01 13:00:00,1.40,96,-2.70,,0.00,14.80,236
2026-02-01 14:00:00,1.60,94,-2.60,,0.00,15.20,234
2026-02-01 15:00:00,1.90,92,-2.10,,0.00,13.60,233
2026-02-01 16:00:00,2.00,91,-2.10,,0.00,14.10,238
2026-02-01 17:00:00,1.80,90,-2.40,,0.00,15.00,243
2026-02-01 18:00:00,2.20,81,-2.20,,0.00,14.70,245
2026-02-01 19:00:00,2.00,84,-2.20,,0.00,13.60,253
2026-02-01 20:00:00,1.80,89,-2.40,,0.00,14.30,242
2026-02-01 21:00:00,1.90,85,-2.60,,0.00,15.50,245
2026-02-01 22:00:00,1.50,87,-2.80,,0.10,14.20,249
2026-02-01 23:00:00,1.20,90,-3.20,,0.30,14.90,255
2026-02-02 00:00:00,1.30,91,-2.80,,0.10,12.90,257
2026-02-02 01:00:00,1.30,90,-2.90,,0.10,14.10,267
2026-02-02 02:00:00,1.00,89,-3.00,,0.00,12.30,267
2026-02-02 03:00:00,1.10,88,-2.80,,0.00,11.70,259
2026-02-02 04:00:00,0.90,89,-3.50,,0.00,14.70,259
2026-02-02 05:00:00,0.90,87,-3.50,,0.00,14.60,254
2026-02-02 06:00:00,0.90,88,-3.50,,0.00,14.80,257
2026-02-02 07:00:00,0.90,84,-3.70,,0.00,15.50,271
2026-02-02 08:00:00,0.70,85,-3.70,,0.00,14.00,271
2026-02-02 09:00:00,0.80,83,-4.00,,0.30,16.90,286
2026-02-02 10:00:00,0.80,82,-4.10,,0.00,16.90,286
2026-02-02 11:00:00,1.00,74,-4.00,,0.00,16.20,291
2026-02-02 12:00:00,1.70,69,-3.60,,0.00,18.90,301
2026-02-02 13:00:00,1.70,65,-3.70,,0.00,18.50,303
2026-02-02 14:00:00,1.80,58,-3.80,,0.00,18.80,302
2026-02-02 15:00:00,1.80,56,-3.60,,0.00,17.20,290
2026-02-02 16:00:00,1.70,57,-3.60,,0.00,16.90,282
2026-02-02 17:00:00,1.10,62,-4.00,,0.00,15.90,283
2026-02-02 18:00:00,0.90,58,-4.00,,0.00,13.30,270
2026-02-02 19:00:00,0.50,61,-4.30,,0.00,13.00,268
2026-02-02 20:00:00,0.20,65,-4.70,,0.00,14.40,271
2026-02-02 21:00:00,0.30,67,-4.60,,0.00,14.40,267
2026-02-02 22:00:00,-0.10,70,-4.90,,0.00,13.40,265
2026-02-02 23:00:00,-0.50,72,-5.00,,0.00,12.00,261
2026-02-03 00:00:00,-0.60,73,-5.10,,0.00,11.80,258
2026-02-03 01:00:00,-0.50,76,-5.00,,0.00,12.70,263
2026-02-03 02:00:00,-0.40,77,-4.90,,0.00,12.00,261
2026-02-03 03:00:00,-0.30,76,-4.50,,0.00,10.10,266
2026-02-03 04:00:00,-0.60,79,-4.60,,0.00,9.00,254
2026-02-03 05:00:00,-0.90,82,-4.80,,0.00,8.90,238
2026-02-03 06:00:00,-1.00,83,-5.10,,0.00,10.40,226
2026-02-03 07:00:00,-1.00,83,-5.40,,0.00,11.70,223
2026-02-03 08:00:00,-1.00,85,-5.40,,0.00,12.50,213
2026-02-03 09:00:00,-1.00,93,-5.20,,0.30,12.40,202
2026-02-03 10:00:00,-0.60,94,-4.90,,0.60,13.20,197
2026-02-03 11:00:00,-0.20,93,-4.80,,0.70,15.50,202
2026-02-03 12:00:00,0.50,92,-4.30,,0.60,17.30,216
2026-02-03 13:00:00,0.60,92,-4.10,,0.60,16.80,222
2026-02-03 14:00:00,0.70,92,-4.00,,0.40,17.10,228
2026-02-03 15:00:00,0.70,94,-3.70,,0.70,15.10,232
2026-02-03 16:00:00,0.70,95,-3.60,,0.60,14.40,238
2026-02-03 17:00:00,0.80,96,-3.30,,0.20,14.20,246
2026-02-03 18:00:00,1.30,97,-2.50,,0.20,12.50,252
2026-02-03 19:00:00,1.70,97,-2.00,,0.10,12.00,254
2026-02-03 20:00:00,2.10,97,-1.50,,0.20,11.50,256
2026-02-03 21:00:00,2.50,97,-0.90,,0.10,11.40,259
2026-02-03 22:00:00,2.70,97,-0.80,,0.10,11.70,261
2026-02-03 23:00:00,2.90,96,-0.90,,0.20,14.20,263
2026-02-04 00:00:00,3.20,95,-0.70,,0.00,14.40,269
2026-02-04 01:00:00,3.20,93,-0.90,,0.00,15.80,271
2026-02-04 02:00:00,3.10,91,-1.10,,0.00,16.60,270
2026-02-04 03:00:00,3.00,89,-1.20,,0.00,15.50,274
2026-02-04 04:00:00,2.90,89,-1.30,,0.00,15.50,267
2026-02-04 05:00:00,2.80,88,-1.50,,0.10,15.50,267
2026-02-04 06:00:00,2.80,88,-1.50,,0.10,15.50,269
2026-02-04 07:00:00,2.70,86,-1.70,,0.00,16.20,273
2026-02-04 08:00:00,2.50,86,-1.70,,0.00,14.80,270
2026-02-04 09:00:00,2.50,84,-2.00,,0.00,16.20,273
2026-02-04 10:00:00,2.50,82,-2.00,,0.00,15.50,275
2026-02-04 11:00:00,2.60,80,-1.80,,0.00,15.30,278
2026-02-04 12:00:00,3.00,77,-1.40,,0.00,14.80,276
2026-02-04 13:00:00,3.50,73,-1.20,,0.00,16.70,276
2026-02-04 14:00:00,3.50,69,-1.40,,0.00,17.70,287
2026-02-04 15:00:00,3.60,66,-1.50,,0.00,18.60,288
2026-02-04 16:00:00,3.40,67,-1.30,,0.00,15.40,281
2026-02-04 17:00:00,3.00,71,-1.60,,0.00,14.80,273
2026-02-04 18:00:00,2.60,70,-2.30,,0.00,16.20,258
2026-02-04 19:00:00,1.90,75,-2.80,,0.00,15.40,254
2026-02-04 20:00:00,1.80,77,-2.80,,0.00,15.50,258
2026-02-04 21:00:00,2.00,79,-2.50,,0.00,14.90,250
2026-02-04 22:00:00,1.80,83,-2.70,,0.00,15.40,249
2026-02-04 23:00:00,1.60,84,-2.60,,0.00,13.50,241
2026-02-05 00:00:00,1.40,85,-2.80,,0.10,13.40,234
2026-02-05 01:00:00,1.30,86,-3.10,,0.20,14.30,225
2026-02-05 02:00:00,1.00,90,-3.80,,1.70,17.80,227
2026-02-05 03:00:00,1.10,90,-3.70,,0.50,18.10,239
2026-02-05 04:00:00,1.10,92,-3.60,,0.50,17.40,240
2026-02-05 05:00:00,1.20,92,-3.50,,0.30,17.40,243
2026-02-05 06:00:00,1.40,93,-3.20,,0.20,17.20,244
2026-02-05 07:00:00,1.50,91,-3.30,,0.40,18.70,254
2026-02-05 08:00:00,1.40,91,-3.10,,0.40,16.40,261
2026-02-05 09:00:00,1.20,94,-3.00,,0.30,14.80,269
2026-02-05 10:00:00,1.50,86,-3.00,,0.10,15.60,285
2026-02-05 11:00:00,1.70,82,-3.10,,0.00,17.50,278
2026-02-05 12:00:00,2.40,74,-2.20,,0.00,15.60,296
2026-02-05 13:00:00,2.50,76,-1.90,,0.00,13.80,290
2026-02-05 14:00:00,2.10,85,-1.80,,0.50,11.80,282
2026-02-05 15:00:00,2.10,80,-1.90,,0.10,11.50,290
2026-02-05 16:00:00,2.10,75,-1.90,,0.00,10.90,297
2026-02-05 17:00:00,1.40,84,-2.30,,0.00,10.00,283
2026-02-05 18:00:00,1.10,87,-2.80,,0.10,11.10,283
2026-02-05 19:00:00,0.60,92,-3.00,,0.50,9.70,285
2026-02-05 20:00:00,0.30,94,-3.50,,1.00,11.20,315
2026-02-05 21:00:00,0.10,88,-3.70,,0.20,10.00,308
2026-02-05 22:00:00,-0.20,90,-4.40,,0.30,12.80,302
2026-02-05 23:00:00,-0.30,88,-4.50,,0.10,12.30,302
2026-02-06 00:00:00,-0.40,84,-4.60,,0.00,11.40,305
2026-02-06 01:00:00,-0.50,85,-4.70,,0.00,11.60,306
2026-02-06 02:00:00,-0.80,89,-5.00,,0.00,12.30,302
2026-02-06 03:00:00,-0.70,90,-4.80,,0.20,11.80,297
2026-02-06 04:00:00,-0.70,83,-5.00,,0.00,12.10,297
2026-02-06 05:00:00,-0.80,87,-4.80,,0.00,10.50,276
2026-02-06 06:00:00,-0.50,86,-4.90,,0.00,13.50,279
2026-02-06 07:00:00,-0.50,86,-4.90,,0.10,13.00,284
2026-02-06 08:00:00,-0.60,86,-4.90,,0.00,12.60,290
2026-02-06 09:00:00,-0.50,84,-4.50,,0.00,9.50,281
2026-02-06 10:00:00,-0.50,78,-5.10,,0.10,13.40,290
2026-02-06 11:00:00,-0.20,67,-4.70,,0.00,11.30,279
2026-02-06 12:00:00,0.30,65,-4.60,,0.00,13.80,290
2026-02-06 13:00:00,0.50,68,-4.20,,0.00,13.70,275
2026-02-06 14:00:00,0.70,67,-4.20,,0.00,14.70,281
2026-02-06 15:00:00,0.50,64,-4.30,,0.00,13.40,284
2026-02-06 16:00:00,0.60,60,-4.10,,0.00,12.10,280
2026-02-06 17:00:00,0.30,65,-3.80,,0.00,8.90,256
2026-02-06 18:00:00,-0.00,76,-3.70,,0.00,6.90,242
2026-02-06 19:00:00,-0.20,79,-3.70,,0.00,5.80,240
2026-02-06 20:00:00,-0.50,83,-4.00,,0.00,6.40,232
2026-02-06 21:00:00,-0.40,90,-3.60,,0.10,5.60,230
2026-02-06 22:00:00,-0.20,93,-3.40,,0.10,6.40,232
2026-02-06 23:00:00,-0.10,93,-3.30,,0.00,6.60,229
2026-02-07 00:00:00,-0.40,95,-3.50,,0.00,5.60,220
2026-02-07 01:00:00,-0.50,97,-3.40,,0.10,4.60,198
2026-02-07 02:00:00,-0.50,97,-3.60,,0.20,5.20,168
2026-02-07 03:00:00,-0.60,97,-3.80,,0.40,6.50,146
2026-02-07 04:00:00,-0.60,96,-4.20,,0.40,8.70,150
2026-02-07 05:00:00,-0.50,96,-4.20,,0.40,9.90,161
2026-02-07 06:00:00,0.50,98,-3.10,,0.50,10.20,190
2026-02-07 07:00:00,1.20,98,-2.50,,0.60,11.40,208
2026-02-07 08:00:00,2.70,96,-1.30,,0.80,15.30,225
2026-02-07 09:00:00,3.50,95,-0.50,,0.60,15.60,230
2026-02-07 10:00:00,3.70,94,-0.60,,0.40,18.10,229
2026-02-07 11:00:00,4.10,92,-0.30,,0.40,18.90,230
2026-02-07 12:00:00,4.60,89,-0.00,,0.20,20.10,234
2026-02-07 13:00:00,5.00,87,0.30,,0.20,21.20,238
2026-02-07 14:00:00,5.30,86,0.70,,0.40,20.20,239
2026-02-07 15:00:00,5.70,85,1.20,,0.30,19.80,237
2026-02-07 16:00:00,5.90,84,1.40,,0.10,19.90,238
2026-02-07 17:00:00,5.60,88,1.80,,0.60,16.00,262
2026-02-07 18:00:00,5.10,84,0.90,,0.70,17.70,266
2026-02-07 19:00:00,4.10,78,-0.80,,0.40,19.60,264
2026-02-07 20:00:00,3.50,80,-1.00,,0.20,16.70,256
2026-02-07 21:00:00,3.40,80,-1.30,,0.10,17.90,255
2026-02-07 22:00:00,2.90,81,-2.00,,0.10,18.90,252
2026-02-07 23:00:00,2.60,84,-2.20,,0.20,18.50,257
2026-02-08 00:00:00,2.40,83,-2.50,,0.00,18.90,261
2026-02-08 01:00:00,2.00,88,-2.50,,0.20,16.20,273
2026-02-08 02:00:00,1.60,89,-2.40,,0.20,13.10,278
2026-02-08 03:00:00,1.00,80,-3.60,,0.10,15.00,316
2026-02-08 04:00:00,-0.10,75,-4.70,,0.00,13.40,306
2026-02-08 05:00:00,-0.50,73,-5.10,,0.00,12.50,311
2026-02-08 06:00:00,-0.90,75,-5.50,,0.00,12.40,330
2026-02-08 07:00:00,-1.40,71,-5.90,,0.00,11.20,327
2026-02-08 08:00:00,-1.90,71,-6.50,,0.00,11.20,327
2026-02-08 09:00:00,-1.90,68,-6.50,,0.00,10.60,325
2026-02-08 10:00:00,-2.10,70,-6.40,,0.00,8.90,339
2026-02-08 11:00:00,-2.00,70,-6.20,,0.00,8.50,348
2026-02-08 12:00:00,-2.30,71,-6.30,,0.00,7.20,342
2026-02-08 13:00:00,-1.90,67,-6.00,,0.00,7.70,319
2026-02-08 14:00:00,-1.70,61,-6.20,,0.00,9.70,301
2026-02-08 15:00:00,-1.90,61,-6.50,,0.00,10.30,306
2026-02-08 16:00:00,-2.00,62,-6.60,,0.00,10.00,311
2026-02-08 17:00:00,-2.20,63,-6.70,,0.00,8.90,310
2026-02-08 18:00:00,-3.10,63,-7.20,,0.00,6.60,315
2026-02-08 19:00:00,-3.30,64,-7.20,,0.00,4.80,312
2026-02-08 20:00:00,-3.70,67,-7.50,,0.00,4.60,309
2026-02-08 21:00:00,-4.40,70,-8.20,,0.00,4.60,309
2026-02-08 22:00:00,-4.70,74,-8.30,,0.00,2.80,310
2026-02-08 23:00:00,-5.10,75,-8.60,,0.00,2.10,329
2026-02-09 00:00:00,-5.70,79,-9.00,,0.00,0.80,27
2026-02-09 01:00:00,-6.10,82,-9.50,,0.00,2.10,121
2026-02-09 02:00:00,-6.30,82,-9.90,,0.00,2.80,130
2026-02-09 03:00:00,-6.70,85,-10.40,,0.00,3.80,107
2026-02-09 04:00:00,-6.80,85,-10.60,,0.00,4.30,132
2026-02-09 05:00:00,-6.70,86,-10.80,,0.00,6.40,137
2026-02-09 06:00:00,-6.50,86,-10.50,,0.00,6.20,144
2026-02-09 07:00:00,-6.30,84,-10.30,,0.00,5.90,137
2026-02-09 08:00:00,-6.00,83,-10.10,,0.00,6.40,142
2026-02-09 09:00:00,-5.90,85,-9.80,,0.00,5.60,140
2026-02-09 10:00:00,-5.30,85,-9.20,,0.00,6.20,144
2026-02-09 11:00:00,-4.30,84,-8.20,,0.00,6.30,149
2026-02-09 12:00:00,-3.20,84,-6.80,,0.00,4.70,148
2026-02-09 13:00:00,-2.70,83,-6.10,,0.00,3.90,124
2026-02-09 14:00:00,-2.20,83,-5.60,,0.00,4.10,105
2026-02-09 15:00:00,-1.90,79,-5.40,,0.00,4.70,94
2026-02-09 16:00:00,-1.80,79,-5.30,,0.00,5.00,90
2026-02-09 17:00:00,-1.80,78,-5.50,,0.00,6.10,90
2026-02-09 18:00:00,-2.80,80,-6.40,,0.00,5.00,90
2026-02-09 19:00:00,-3.10,83,-6.60,,0.00,4.00,95
2026-02-09 20:00:00,-3.50,84,-7.00,,0.00,4.30,95
2026-02-09 21:00:00,-3.60,85,-7.20,,0.00,5.10,94
2026-02-09 22:00:00,-3.80,86,-7.60,,0.00,6.30,103
2026-02-09 23:00:00,-3.90,87,-7.70,,0.00,6.60,103
2026-02-10 00:00:00,-4.10,87,-7.90,,0.00,6.20,100
2026-02-10 01:00:00,-4.10,88,-8.00,,0.00,7.00,102
2026-02-10 02:00:00,-4.20,88,-8.10,,0.00,7.10,105
2026-02-10 03:00:00,-4.60,87,-8.70,,0.00,8.30,92
2026-02-10 04:00:00,-4.60,88,-8.90,,0.00,9.40,88
2026-02-10 05:00:00,-4.70,87,-9.20,,0.00,10.60,80
2026-02-10 06:00:00,-4.70,86,-9.20,,0.00,10.90,82
2026-02-10 07:00:00,-4.60,85,-9.20,,0.00,11.20,86
2026-02-10 08:00:00,-4.60,84,-9.30,,0.00,11.20,94
2026-02-10 09:00:00,-4.40,84,-9.10,,0.00,11.70,99
2026-02-10 10:00:00,-4.10,83,-8.80,,0.00,12.10,102
2026-02-10 11:00:00,-3.60,82,-8.50,,0.00,13.50,99
2026-02-10 12:00:00,-2.70,83,-7.40,,0.00,13.10,98
2026-02-10 13:00:00,-2.40,83,-7.20,,0.10,13.80,97
2026-02-10 14:00:00,-2.10,84,-6.80,,0.10,14.00,102
2026-02-10 15:00:00,-1.70,84,-6.40,,0.10,13.90,100
2026-02-10 16:00:00,-1.70,87,-6.30,,0.20,13.50,99
2026-02-10 17:00:00,-1.70,88,-6.40,,0.10,13.80,99
2026-02-10 18:00:00,-1.60,89,-6.20,,0.10,13.60,101
2026-02-10 19:00:00,-1.70,90,-6.30,,0.20,13.40,104
2026-02-10 20:00:00,-1.70,91,-6.30,,0.30,13.80,105
2026-02-10 21:00:00,-1.30,93,-5.70,,0.40,13.10,106
2026-02-10 22:00:00,-1.40,92,-5.90,,0.40,13.20,107
2026-02-10 23:00:00,-1.40,93,-5.70,,0.40,12.20,109
2026-02-11 00:00:00,-1.30,93,-5.50,,0.30,11.70,108
2026-02-11 01:00:00,-1.40,93,-5.70,,0.10,12.00,111
2026-02-11 02:00:00,-1.40,93,-5.50,,0.00,11.30,117
2026-02-11 03:00:00,-1.50,92,-5.70,,0.00,11.10,119
2026-02-11 04:00:00,-1.40,92,-5.50,,0.00,10.80,116
2026-02-11 05:00:00,-1.40,92,-5.30,,0.00,9.70,117
2026-02-11 06:00:00,-1.30,93,-5.30,,0.00,10.00,111
2026-02-11 07:00:00,-1.30,93,-5.20,,0.00,10.30,115
2026-02-11 08:00:00,-1.20,94,-5.30,,0.00,11.50,110
2026-02-11 09:00:00,-1.10,93,-5.30,,0.00,11.90,115
2026-02-11 10:00:00,-0.90,93,-5.00,,0.10,11.70,124
2026-02-11 11:00:00,-0.50,92,-4.50,,0.00,11.10,126
2026-02-11 12:00:00,-0.50,92,-4.50,,0.00,11.20,123
2026-02-11 13:00:00,-0.20,92,-4.20,,0.00,11.10,126
2026-02-11 14:00:00,-0.00,93,-3.90,,0.10,10.90,124
2026-02-11 15:00:00,-0.00,94,-3.80,,0.00,10.40,124
2026-02-11 16:00:00,0.10,95,-3.80,,0.40,11.00,113
2026-02-11 17:00:00,0.20,95,-3.70,,0.30,11.50,110
2026-02-11 18:00:00,0.20,96,-3.60,,0.20,11.40,108
2026-02-11 19:00:00,0.30,97,-3.60,,0.10,12.10,107
2026-02-11 20:00:00,0.40,97,-3.50,,0.00,12.10,113
2026-02-11 21:00:00,0.40,98,-3.40,,0.10,11.80,113
2026-02-11 22:00:00,0.50,98,-3.30,,0.10,11.60,116
2026-02-11 23:00:00,0.60,98,-3.20,,0.10,11.50,110
2026-02-12 00:00:00,0.50,99,-3.20,,0.10,10.80,111
2026-02-12 01:00:00,0.60,99,-3.10,,0.10,10.70,110
2026-02-12 02:00:00,0.70,100,-2.80,,0.00,10.20,113
2026-02-12 03:00:00,0.60,99,-2.60,,0.10,8.20,113
2026-02-12 04:00:00,0.80,100,-2.50,,0.10,8.70,114
2026-02-12 05:00:00,0.80,100,-2.30,,0.00,7.70,118
2026-02-12 06:00:00,1.10,100,-1.90,,0.00,7.10,120
2026-02-12 07:00:00,1.20,100,-1.80,,0.00,7.20,127
2026-02-12 08:00:00,1.40,100,-1.50,,0.00,7.20,127
2026-02-12 09:00:00,1.60,100,-1.30,,0.00,6.50,124
2026-02-12 10:00:00,1.80,100,-1.00,,0.00,6.40,128
2026-02-12 11:00:00,2.10,100,-0.70,,0.00,7.10,131
2026-02-12 12:00:00,2.50,100,-0.10,,0.00,5.90,128
2026-02-12 13:00:00,2.80,100,0.30,,0.00,5.60,130
2026-02-12 14:00:00,3.10,100,0.70,,0.00,5.10,129
2026-02-12 15:00:00,3.60,100,1.50,,0.00,3.70,119
2026-02-12 16:00:00,3.60,100,1.50,,0.00,3.90,124
2026-02-12 17:00:00,3.30,100,1.30,,0.00,3.40,122
2026-02-12 18:00:00,3.00,100,0.90,,0.00,3.40,122
2026-02-12 19:00:00,2.90,100,0.80,,0.00,3.40,122
2026-02-12 20:00:00,3.00,100,0.90,,0.00,3.20,117
2026-02-12 21:00:00,3.10,100,1.00,,0.00,3.10,126
2026-02-12 22:00:00,3.20,100,1.20,,0.00,2.90,120
2026-02-12 23:00:00,3.30,100,1.20,,0.00,3.40,108
2026-02-13 00:00:00,3.60,100,1.60,,0.00,2.90,120
2026-02-13 01:00:00,3.70,100,1.70,,0.20,3.20,117
2026-02-13 02:00:00,3.80,100,1.90,,0.40,3.20,117
2026-02-13 03:00:00,3.60,100,1.60,,0.30,3.50,114
2026-02-13 04:00:00,4.00,100,2.10,,0.60,3.60,127
2026-02-13 05:00:00,4.20,100,2.20,,0.60,3.90,124
2026-02-13 06:00:00,4.20,100,2.30,,0.00,3.60,127
2026-02-13 07:00:00,4.30,99,2.30,,0.00,4.10,128
2026-02-13 08:00:00,3.90,98,1.60,,0.00,5.60,140
2026-02-13 09:00:00,3.90,97,1.60,,0.00,5.10,141
2026-02-13 10:00:00,4.30,95,1.90,,0.00,6.40,153
2026-02-13 11:00:00,5.30,92,2.80,,0.00,7.20,162
2026-02-13 12:00:00,5.90,93,3.30,,0.00,8.70,175
2026-02-13 13:00:00,7.00,88,4.30,,0.00,9.70,184
2026-02-13 14:00:00,7.80,85,5.40,,0.00,9.10,173
2026-02-13 15:00:00,8.10,87,6.10,,0.00,7.00,159
2026-02-13 16:00:00,7.80,91,6.10,,0.00,5.60,135
2026-02-13 17:00:00,7.20,94,5.50,,0.00,4.80,132
2026-02-13 18:00:00,6.40,96,4.70,,0.10,4.80,132
2026-02-13 19:00:00,6.20,97,4.50,,0.20,4.30,132
2026-02-13 20:00:00,6.00,97,4.20,,0.40,4.60,129
2026-02-13 21:00:00,5.80,97,4.10,,0.40,3.60,127
2026-02-13 22:00:00,5.70,98,4.00,,0.40,3.70,119
2026-02-13 23:00:00,5.50,98,3.60,,0.90,4.80,117
2026-02-14 00:00:00,5.50,99,3.70,,0.80,4.80,117
2026-02-14 01:00:00,5.40,99,3.40,,0.60,5.30,118
2026-02-14 02:00:00,5.40,99,3.30,,0.50,6.50,109
2026-02-14 03:00:00,5.30,100,3.20,,0.10,6.20,100
2026-02-14 04:00:00,5.20,99,3.00,,0.10,6.50,96
2026-02-14 05:00:00,5.00,99,2.70,,0.00,6.80,93
2026-02-14 06:00:00,4.60,99,2.20,,0.00,7.20,87
2026-02-14 07:00:00,4.50,99,1.90,,0.20,8.30,88
2026-02-14 08:00:00,4.30,98,1.70,,0.10,8.30,85
2026-02-14 09:00:00,4.10,99,1.40,,0.10,8.70,85
2026-02-14 10:00:00,4.10,98,1.20,,0.10,9.80,82
2026-02-14 11:00:00,4.20,97,1.20,,0.10,10.20,80
2026-02-14 12:00:00,4.10,97,1.20,,0.10,9.50,79
2026-02-14 13:00:00,4.30,95,1.40,,0.00,9.30,74
2026-02-14 14:00:00,4.30,94,1.30,,0.00,9.70,75
2026-02-14 15:00:00,3.90,95,0.90,,0.10,9.80,73
2026-02-14 16:00:00,3.90,95,0.90,,0.00,9.70,75
2026-02-14 17:00:00,3.60,95,0.60,,0.00,9.30,77
2026-02-14 18:00:00,3.10,96,0.20,,0.00,8.50,78
2026-02-14 19:00:00,3.00,96,0.00,,0.00,8.40,80
2026-02-14 20:00:00,2.80,96,-0.10,,0.00,8.00,82
2026-02-14 21:00:00,2.50,97,-0.30,,0.20,6.90,81
2026-02-14 22:00:00,2.50,96,-0.30,,1.10,6.60,77
2026-02-14 23:00:00,2.30,96,-0.60,,0.80,7.30,79
2026-02-15 00:00:00,2.20,97,-0.60,,0.20,6.60,81
2026-02-15 01:00:00,2.10,97,-0.80,,0.00,6.60,81
2026-02-15 02:00:00,2.00,97,-0.80,,0.00,6.30,77
2026-02-15 03:00:00,1.80,97,-0.80,,0.00,5.00,69
2026-02-15 04:00:00,1.90,97,-0.60,,0.10,4.20,70
2026-02-15 05:00:00,1.80,97,-0.70,,0.10,3.90,68
2026-02-15 06:00:00,1.80,98,-0.70,,0.00,4.00,80
2026-02-15 07:00:00,1.80,98,-0.60,,0.00,3.40,72
2026-02-15 08:00:00,1.80,98,-0.60,,0.00,3.20,63
2026-02-15 09:00:00,1.70,98,-0.70,,0.00,3.50,66
2026-02-15 10:00:00,1.90,98,-0.60,,0.00,3.90,68
2026-02-15 11:00:00,2.10,97,-0.40,,0.10,4.10,75
2026-02-15 12:00:00,2.00,98,-0.50,,0.10,4.50,76
2026-02-15 13:00:00,2.20,97,-0.30,,0.10,4.30,85
2026-02-15 14:00:00,2.30,97,-0.10,,0.00,4.00,80
2026-02-15 15:00:00,2.30,96,-0.30,,0.00,4.70,67
2026-02-15 16:00:00,2.30,96,-0.30,,0.00,5.40,70
2026-02-15 17:00:00,2.30,95,-0.40,,0.00,5.30,62
2026-02-15 18:00:00,2.00,97,-0.60,,0.00,4.90,54
2026-02-15 19:00:00,2.00,97,-0.70,,0.00,5.10,51
2026-02-15 20:00:00,1.80,96,-0.90,,0.00,5.50,58
2026-02-15 21:00:00,1.70,97,-1.10,,0.00,6.00,73
2026-02-15 22:00:00,1.60,96,-1.20,,0.00,6.10,93
2026-02-15 23:00:00,1.40,95,-1.70,,0.00,7.10,114
2026-02-16 00:00:00,1.10,94,-2.00,,0.00,7.00,125
2026-02-16 01:00:00,0.90,94,-2.10,,0.00,6.40,128
2026-02-16 02:00:00,0.70,94,-2.30,,0.00,5.60,130
2026-02-16 03:00:00,0.50,94,-2.30,,0.00,4.60,135
2026-02-16 04:00:00,0.50,94,-2.40,,0.00,4.60,135
2026-02-16 05:00:00,0.40,94,-2.40,,0.00,4.10,135
2026-02-16 06:00:00,0.30,94,-2.60,,0.00,4.60,135
2026-02-16 07:00:00,0.20,94,-2.80,,0.00,5.40,132
2026-02-16 08:00:00,0.10,93,-3.10,,0.00,6.10,135
2026-02-16 09:00:00,0.10,94,-3.00,,0.00,5.40,138
2026-02-16 10:00:00,0.20,92,-3.10,,0.00,6.50,146
2026-02-16 11:00:00,0.30,91,-3.00,,0.00,6.80,148
2026-02-16 12:00:00,0.10,92,-3.10,,0.00,6.40,142
2026-02-16 13:00:00,0.40,89,-2.80,,0.00,5.90,137
2026-02-16 14:00:00,0.60,88,-2.60,,0.00,5.60,140
2026-02-16 15:00:00,0.70,87,-2.60,,0.00,6.40,133
2026-02-16 16:00:00,0.60,87,-2.70,,0.00,6.10,135
2026-02-16 17:00:00,0.40,87,-2.80,,0.00,5.60,130
2026-02-16 18:00:00,0.10,89,-2.90,,0.00,4.80,117
2026-02-16 19:00:00,-0.10,89,-3.20,,0.00,5.30,118
2026-02-16 20:00:00,-0.20,90,-3.40,,0.00,5.70,125
2026-02-16 21:00:00,-0.30,89,-3.70,,0.00,6.60,131
2026-02-16 22:00:00,-0.50,89,-3.90,,0.00,6.60,139
2026-02-16 23:00:00,-0.60,88,-3.90,,0.00,5.60,140
2026-02-17 00:00:00,-0.60,88,-3.90,,0.00,5.20,146
2026-02-17 01:00:00,-0.70,87,-3.90,,0.00,5.00,150
2026-02-17 02:00:00,-0.80,88,-4.00,,0.00,4.80,153
2026-02-17 03:00:00,-0.70,90,-3.90,,0.00,5.20,146
2026-02-17 04:00:00,-0.70,90,-4.00,,0.00,6.00,155
2026-02-17 05:00:00,-0.70,91,-4.00,,0.00,6.00,155
2026-02-17 06:00:00,-0.70,92,-3.90,,0.00,6.00,155
2026-02-17 07:00:00,-0.70,92,-4.10,,0.00,6.70,164
2026-02-17 08:00:00,-0.70,92,-4.20,,0.00,7.60,172
2026-02-17 09:00:00,-0.70,91,-4.20,,0.00,7.70,169
2026-02-17 10:00:00,-0.60,91,-4.20,,0.00,8.00,172
2026-02-17 11:00:00,-0.40,91,-3.90,,0.00,8.00,175
2026-02-17 12:00:00,-0.10,89,-3.80,,0.00,9.00,182
2026-02-17 13:00:00,0.40,87,-3.40,,0.00,9.70,182
2026-02-17 14:00:00,0.80,86,-3.10,,0.00,10.50,184
2026-02-17 15:00:00,1.20,84,-2.80,,0.00,11.70,189
2026-02-17 16:00:00,1.10,86,-2.90,,0.00,12.20,194
2026-02-17 17:00:00,0.90,88,-3.30,,0.00,12.80,196
2026-02-17 18:00:00,0.40,92,-3.90,,0.00,14.00,192
2026-02-17 19:00:00,0.40,92,-3.80,,0.00,13.80,195
2026-02-17 20:00:00,0.20,91,-4.50,,0.00,16.30,208
2026-02-17 21:00:00,-0.00,92,-4.40,,0.00,14.40,202
2026-02-17 22:00:00,-0.10,92,-4.70,,0.10,15.70,212
2026-02-17 23:00:00,-0.10,91,-4.60,,0.10,14.70,211
2026-02-18 00:00:00,-0.10,91,-4.30,,0.00,12.40,202
2026-02-18 01:00:00,-0.10,93,-4.50,,0.00,14.30,214
2026-02-18 02:00:00,-0.10,95,-4.10,,0.30,12.40,210
2026-02-18 03:00:00,0.10,95,-3.80,,0.60,11.90,209
2026-02-18 04:00:00,0.20,95,-3.70,,0.50,11.80,220
2026-02-18 05:00:00,0.30,96,-3.60,,0.20,11.20,230
2026-02-18 06:00:00,0.40,98,-3.10,,0.00,9.40,238
2026-02-18 07:00:00,0.60,99,-2.70,,0.00,8.10,249
2026-02-18 08:00:00,0.80,99,-2.30,,0.00,7.40,256
2026-02-18 09:00:00,1.10,99,-1.90,,0.00,7.20,288
2026-02-18 10:00:00,1.50,91,-2.50,,0.10,12.80,328
2026-02-18 11:00:00,1.30,84,-3.00,,0.00,14.10,328
2026-02-18 12:00:00,1.50,80,-2.90,,0.00,14.00,325
2026-02-18 13:00:00,1.20,73,-3.50,,0.00,14.60,327
2026-02-18 14:00:00,1.40,70,-3.40,,0.00,15.00,325
2026-02-18 15:00:00,1.30,67,-3.70,,0.00,15.60,334
2026-02-18 16:00:00,1.20,63,-3.60,,0.00,13.70,330
2026-02-18 17:00:00,0.40,62,-4.60,,0.00,14.50,330
2026-02-18 18:00:00,0.00,61,-4.90,,0.00,13.20,331
2026-02-18 19:00:00,-0.40,65,-5.40,,0.00,14.20,333
2026-02-18 20:00:00,-0.90,64,-5.70,,0.00,12.70,331
2026-02-18 21:00:00,-0.80,60,-5.30,,0.00,10.00,334
2026-02-18 22:00:00,-1.20,62,-5.80,,0.00,10.50,338
2026-02-18 23:00:00,-1.60,63,-5.70,,0.00,7.00,339
2026-02-19 00:00:00,-1.90,67,-5.90,,0.00,6.80,335
2026-02-19 01:00:00,-2.30,69,-6.40,,0.00,7.20,342
2026-02-19 02:00:00,-2.90,70,-6.90,,0.00,6.50,341
2026-02-19 03:00:00,-3.50,73,-7.40,,0.00,6.20,339
2026-02-19 04:00:00,-3.80,72,-7.80,,0.00,5.90,346
2026-02-19 05:00:00,-4.10,72,-8.10,,0.00,5.90,349
2026-02-19 06:00:00,-4.60,76,-8.40,,0.00,5.10,352
2026-02-19 07:00:00,-4.90,76,-8.70,,0.00,4.40,351
2026-02-19 08:00:00,-5.30,77,-9.10,,0.00,4.30,360
2026-02-19 09:00:00,-5.30,79,-9.00,,0.00,4.00,350
2026-02-19 10:00:00,-4.20,73,-8.20,,0.00,5.40,8
2026-02-19 11:00:00,-3.10,68,-7.00,,0.00,5.40,20
2026-02-19 12:00:00,-1.60,58,-5.30,,0.00,3.60,45
2026-02-19 13:00:00,-1.00,58,-4.50,,0.00,2.50,45
2026-02-19 14:00:00,-0.60,46,-4.30,,0.00,2.80,50
2026-02-19 15:00:00,-0.40,43,-4.40,,0.00,4.30,48
2026-02-19 16:00:00,-0.50,42,-4.40,,0.00,3.40,72
2026-02-19 17:00:00,-0.80,44,-4.70,,0.00,3.30,77
2026-02-19 18:00:00,-1.60,50,-5.60,,0.00,4.70,86
2026-02-19 19:00:00,-2.20,58,-6.00,,0.00,4.40,99
2026-02-19 20:00:00,-2.70,60,-6.50,,0.00,4.20,110
2026-02-19 21:00:00,-3.40,65,-7.00,,0.00,3.20,117
2026-02-19 22:00:00,-3.70,63,-7.50,,0.00,3.70,119
2026-02-19 23:00:00,-3.90,66,-7.80,,0.00,4.70,122
2026-02-20 00:00:00,-4.00,71,-7.80,,0.00,4.80,132
2026-02-20 01:00:00,-4.30,73,-8.20,,0.00,5.60,135
2026-02-20 02:00:00,-4.50,75,-8.50,,0.00,6.40,137
2026-02-20 03:00:00,-4.40,77,-8.40,,0.00,6.10,140
2026-02-20 04:00:00,-4.80,80,-8.80,,0.00,6.60,139
2026-02-20 05:00:00,-4.80,81,-8.90,,0.00,6.90,141
2026-02-20 06:00:00,-4.60,84,-8.70,,0.00,7.40,141
2026-02-20 07:00:00,-4.50,84,-8.70,,0.00,7.80,146
2026-02-20 08:00:00,-4.40,85,-8.60,,0.00,8.40,149
2026-02-20 09:00:00,-4.00,84,-8.30,,0.00,9.40,148
2026-02-20 10:00:00,-3.10,81,-7.60,,0.00,10.90,153
2026-02-20 11:00:00,-2.10,75,-6.90,,0.00,13.10,159
2026-02-20 12:00:00,-1.10,69,-6.10,,0.00,14.10,165
2026-02-20 13:00:00,-0.70,63,-6.00,,0.00,16.00,171
2026-02-20 14:00:00,-0.60,62,-6.00,,0.00,16.30,172
2026-02-20 15:00:00,-0.60,61,-6.00,,0.00,16.50,169
2026-02-20 16:00:00,-0.70,61,-6.10,,0.00,16.80,171
2026-02-20 17:00:00,-0.80,63,-6.20,,0.00,16.70,173
2026-02-20 18:00:00,-1.60,69,-6.90,,0.00,15.60,172
2026-02-20 19:00:00,-2.20,79,-7.10,,0.10,14.30,170
2026-02-20 20:00:00,-2.50,85,-7.40,,0.20,14.40,167
2026-02-20 21:00:00,-2.50,89,-7.30,,0.30,14.40,167
2026-02-20 22:00:00,-2.60,89,-7.50,,0.20,14.70,169
2026-02-20 23:00:00,-2.60,89,-7.50,,0.20,15.00,170
2026-02-21 00:00:00,-2.40,89,-7.30,,0.10,15.00,169
2026-02-21 01:00:00,-2.40,90,-7.20,,0.20,14.80,167
2026-02-21 02:00:00,-2.40,92,-7.10,,0.40,14.10,165
2026-02-21 03:00:00,-2.20,92,-6.80,,0.50,13.60,163
2026-02-21 04:00:00,-2.20,93,-6.70,,0.40,13.20,163
2026-02-21 05:00:00,-2.10,93,-6.60,,0.40,13.20,163
2026-02-21 06:00:00,-1.80,94,-6.20,,0.40,12.40,163
2026-02-21 07:00:00,-1.80,94,-6.00,,0.40,11.90,166
2026-02-21 08:00:00,-1.60,94,-5.80,,0.40,12.10,168
2026-02-21 09:00:00,-1.30,94,-5.40,,0.40,11.30,171
2026-02-21 10:00:00,-0.80,93,-4.90,,0.30,11.60,175
2026-02-21 11:00:00,-0.40,93,-4.30,,0.30,11.20,180
2026-02-21 12:00:00,0.00,93,-3.60,,0.40,9.40,187
2026-02-21 13:00:00,0.40,94,-3.10,,0.30,8.80,199
2026-02-21 14:00:00,0.60,95,-2.70,,0.20,7.60,211
2026-02-21 15:00:00,0.50,96,-2.70,,0.10,7.70,221
2026-02-21 16:00:00,0.60,97,-2.30,,0.10,5.90,218
2026-02-21 17:00:00,0.60,96,-2.20,,0.00,4.60,198
2026-02-21 18:00:00,0.40,98,-2.30,,0.00,4.20,200
2026-02-21 19:00:00,0.50,98,-2.30,,0.00,4.80,207
2026-02-21 20:00:00,0.50,98,-2.30,,0.10,5.20,205
2026-02-21 21:00:00,0.70,98,-2.00,,0.00,4.20,211
2026-02-21 22:00:00,0.60,98,-2.10,,0.00,3.70,209
2026-02-21 23:00:00,0.50,98,-2.10,,0.00,2.90,180
2026-02-22 00:00:00,0.70,99,-1.90,,0.00,3.60,180
2026-02-22 01:00:00,0.60,99,-2.20,,0.00,5.40,180
2026-02-22 02:00:00,0.40,100,-2.50,,0.00,5.80,187
2026-02-22 03:00:00,0.50,100,-2.40,,0.00,5.50,169
2026-02-22 04:00:00,0.30,100,-2.60,,0.00,5.80,173
2026-02-22 05:00:00,0.30,100,-2.70,,0.00,6.20,170
2026-02-22 06:00:00,0.50,100,-2.40,,0.20,6.20,159
2026-02-22 07:00:00,0.60,100,-2.40,,0.00,7.00,159
2026-02-22 08:00:00,0.70,100,-2.40,,0.00,7.40,166
2026-02-22 09:00:00,0.90,100,-2.10,,0.00,7.30,160
2026-02-22 10:00:00,1.20,100,-1.90,,0.00,7.90,164
2026-02-22 11:00:00,1.60,100,-1.50,,0.00,7.90,164
2026-02-22 12:00:00,2.10,98,-1.00,,0.10,8.40,160
2026-02-22 13:00:00,3.10,92,-0.30,,0.00,11.10,167
2026-02-22 14:00:00,3.60,94,0.70,,0.00,8.50,168
2026-02-22 15:00:00,3.90,94,1.00,,0.10,8.40,160
2026-02-22 16:00:00,4.00,93,1.00,,0.10,9.30,167
2026-02-22 17:00:00,3.60,95,0.50,,0.10,10.00,159
2026-02-22 18:00:00,3.10,96,-0.10,,0.00,9.80,152
2026-02-22 19:00:00,3.00,96,-0.30,,0.00,11.20,159
2026-02-22 20:00:00,2.80,97,-0.40,,0.00,9.80,152
2026-02-22 21:00:00,2.80,97,-0.60,,0.00,10.80,154
2026-02-22 22:00:00,2.60,97,-0.60,,0.00,9.70,153
2026-02-22 23:00:00,2.40,98,-0.60,,0.00,8.40,149
2026-02-23 00:00:00,2.30,97,-0.90,,0.00,9.50,151
2026-02-23 01:00:00,2.40,96,-0.80,,0.20,9.50,155
2026-02-23 02:00:00,2.70,95,-0.70,,0.00,10.70,166
2026-02-23 03:00:00,3.00,92,-0.50,,0.00,11.40,167
2026-02-23 04:00:00,3.00,90,-0.60,,0.00,12.20,166
2026-02-23 05:00:00,3.00,89,-0.80,,0.10,12.90,167
2026-02-23 06:00:00,3.20,88,-0.70,,0.10,13.70,166
2026-02-23 07:00:00,2.90,89,-1.20,,0.10,14.70,163
2026-02-23 08:00:00,2.70,91,-1.60,,0.00,16.10,160
2026-02-23 09:00:00,2.80,91,-1.60,,0.00,17.30,159
2026-02-23 10:00:00,3.10,89,-1.50,,0.00,18.70,161
2026-02-23 11:00:00,3.20,87,-1.40,,0.00,18.70,157
2026-02-23 12:00:00,3.10,88,-1.70,,0.00,19.20,157
2026-02-23 13:00:00,3.30,87,-1.50,,0.00,19.20,157
2026-02-23 14:00:00,3.60,84,-1.30,,0.00,20.50,158
2026-02-23 15:00:00,3.50,85,-1.20,,0.00,19.00,161
2026-02-23 16:00:00,3.80,84,-0.80,,0.00,18.10,159
2026-02-23 17:00:00,3.70,85,-0.70,,0.00,17.10,158
2026-02-23 18:00:00,3.90,86,-0.50,,0.00,17.30,159
2026-02-23 19:00:00,3.80,87,-0.60,,0.00,17.40,162
2026-02-23 20:00:00,3.80,88,-0.40,,0.10,15.90,155
2026-02-23 21:00:00,3.90,87,-0.30,,0.00,16.10,151
2026-02-23 22:00:00,3.50,88,-0.70,,0.00,16.20,148
2026-02-23 23:00:00,3.00,89,-1.30,,0.00,16.40,147
2026-02-24 00:00:00,3.10,88,-1.10,,0.00,15.60,146
2026-02-24 01:00:00,2.90,89,-1.40,,0.30,16.40,147
2026-02-24 02:00:00,3.00,90,-1.20,,0.30,15.90,147
2026-02-24 03:00:00,3.20,90,-0.80,,0.30,14.50,145
2026-02-24 04:00:00,3.00,90,-1.00,,0.30,14.50,145
2026-02-24 05:00:00,3.00,90,-0.90,,0.10,14.30,146
2026-02-24 06:00:00,3.10,90,-0.90,,0.10,14.60,147
2026-02-24 07:00:00,3.10,90,-1.00,,0.10,15.50,149
2026-02-24 08:00:00,3.10,88,-1.40,,0.10,17.10,152
2026-02-24 09:00:00,3.40,86,-1.10,,0.00,17.40,153
2026-02-24 10:00:00,3.50,84,-1.10,,0.00,17.90,152
2026-02-24 11:00:00,3.70,84,-0.90,,0.00,18.00,151
2026-02-24 12:00:00,4.20,82,-0.30,,0.00,17.70,151
2026-02-24 13:00:00,4.80,81,0.20,,0.00,18.40,149
2026-02-24 14:00:00,5.20,80,0.70,,0.00,18.10,149
2026-02-24 15:00:00,5.70,79,1.20,,0.00,18.40,145
2026-02-24 16:00:00,6.00,78,1.60,,0.00,18.40,149
2026-02-24 17:00:00,5.80,80,1.50,,0.10,17.80,144
2026-02-24 18:00:00,5.80,80,1.60,,0.20,17.50,143
2026-02-24 19:00:00,5.40,82,1.10,,0.20,18.20,146
2026-02-24 20:00:00,5.10,83,0.80,,0.10,18.10,149
2026-02-24 21:00:00,5.30,82,0.90,,0.00,18.10,149
2026-02-24 22:00:00,5.00,81,0.60,,0.10,18.20,150
2026-02-24 23:00:00,5.00,79,0.50,,0.20,17.90,152
2026-02-25 00:00:00,4.90,82,0.70,,0.40,16.30,152
2026-02-25 01:00:00,4.60,81,0.40,,0.60,16.40,151
2026-02-25 02:00:00,4.40,81,0.10,,0.40,16.80,152
2026-02-25 03:00:00,4.40,82,0.20,,0.20,15.90,155
2026-02-25 04:00:00,4.00,80,-0.30,,0.10,16.10,153
2026-02-25 05:00:00,3.70,80,-0.70,,0.10,15.90,155
2026-02-25 06:00:00,3.40,82,-0.90,,0.10,15.90,152
2026-02-25 07:00:00,2.90,81,-1.60,,0.10,16.50,148
2026-02-25 08:00:00,2.60,80,-2.20,,0.00,17.20,147
2026-02-25 09:00:00,2.40,80,-2.40,,0.00,17.00,148
2026-02-25 10:00:00,2.30,79,-2.40,,0.00,16.90,151
2026-02-25 11:00:00,2.40,77,-2.40,,0.00,17.10,150
2026-02-25 12:00:00,2.60,73,-2.40,,0.00,17.60,149
2026-02-25 13:00:00,2.60,73,-2.30,,0.00,17.10,150
2026-02-25 14:00:00,3.00,70,-1.80,,0.00,16.50,148
2026-02-25 15:00:00,3.10,69,-1.70,,0.00,16.20,148
2026-02-25 16:00:00,3.30,68,-1.50,,0.00,15.80,145
2026-02-25 17:00:00,3.50,69,-1.20,,0.00,15.40,143
2026-02-25 18:00:00,3.40,68,-1.30,,0.00,15.10,142
2026-02-25 19:00:00,3.30,70,-1.30,,0.00,15.50,144
2026-02-25 20:00:00,3.10,71,-1.50,,0.00,15.10,147
2026-02-25 21:00:00,3.20,71,-1.30,,0.00,15.00,150
2026-02-25 22:00:00,2.90,70,-1.80,,0.00,15.50,152
2026-02-25 23:00:00,2.70,69,-2.00,,0.00,15.30,150
2026-02-26 00:00:00,2.50,72,-2.20,,0.00,15.50,149
2026-02-26 01:00:00,2.20,71,-2.60,,0.00,15.60,151
2026-02-26 02:00:00,1.90,72,-2.80,,0.00,15.50,152
2026-02-26 03:00:00,1.70,73,-2.90,,0.00,14.30,152
2026-02-26 04:00:00,1.30,74,-3.30,,0.00,14.00,151
2026-02-26 05:00:00,0.70,74,-3.90,,0.00,13.90,149
2026-02-26 06:00:00,0.30,75,-4.40,,0.00,13.80,147
2026-02-26 07:00:00,-0.20,77,-4.90,,0.00,14.30,141
2026-02-26 08:00:00,-0.50,78,-5.30,,0.00,14.60,140
2026-02-26 09:00:00,-0.30,77,-5.10,,0.00,14.60,142
2026-02-26 10:00:00,0.10,76,-4.70,,0.00,14.70,144
2026-02-26 11:00:00,1.00,73,-3.70,,0.00,14.60,147
2026-02-26 12:00:00,2.00,70,-2.70,,0.00,15.20,149
2026-02-26 13:00:00,3.10,68,-1.50,,0.00,14.80,146
2026-02-26 14:00:00,3.90,67,-0.70,,0.00,14.90,143
2026-02-26 15:00:00,4.60,67,0.10,,0.00,15.10,142
2026-02-26 16:00:00,4.60,68,0.20,,0.00,14.60,142
2026-02-26 17:00:00,4.20,70,-0.10,,0.00,13.60,143
2026-02-26 18:00:00,3.40,71,-0.60,,0.00,11.80,140
2026-02-26 19:00:00,2.30,74,-1.80,,0.00,11.70,135
2026-02-26 20:00:00,1.50,76,-2.80,,0.00,12.20,135
2026-02-26 21:00:00,1.10,75,-3.20,,0.00,12.30,140
2026-02-26 22:00:00,0.60,75,-3.80,,0.00,12.10,143
2026-02-26 23:00:00,0.30,75,-4.10,,0.00,12.20,146
2026-02-27 00:00:00,0.30,75,-4.00,,0.00,11.30,149
2026-02-27 01:00:00,0.10,75,-4.00,,0.00,10.00,150
2026-02-27 02:00:00,-0.00,75,-4.10,,0.00,9.80,152
2026-02-27 03:00:00,-0.00,75,-4.00,,0.00,8.90,148
2026-02-27 04:00:00,-0.20,76,-4.20,,0.00,9.20,149
2026-02-27 05:00:00,-0.50,77,-4.50,,0.00,8.90,148
2026-02-27 06:00:00,-0.70,78,-4.70,,0.00,9.30,144
2026-02-27 07:00:00,-1.00,80,-5.00,,0.00,9.50,143
2026-02-27 08:00:00,-1.30,81,-5.40,,0.00,10.00,139
2026-02-27 09:00:00,-1.00,80,-5.10,,0.00,9.70,138
2026-02-27 10:00:00,-0.20,77,-4.40,,0.00,10.70,140
2026-02-27 11:00:00,0.90,72,-3.20,,0.00,10.50,139
2026-02-27 12:00:00,2.70,70,-1.30,,0.00,10.40,136
2026-02-27 13:00:00,3.60,66,-0.40,,0.00,10.70,138
2026-02-27 14:00:00,4.50,65,0.60,,0.00,10.40,136
2026-02-27 15:00:00,5.20,62,1.10,,0.00,11.80,140
2026-02-27 16:00:00,5.10,64,1.00,,0.00,11.80,142
2026-02-27 17:00:00,4.60,67,0.70,,0.00,11.30,143
2026-02-27 18:00:00,3.60,71,-0.10,,0.00,9.40,140
2026-02-27 19:00:00,2.30,77,-1.30,,0.00,8.70,135
2026-02-27 20:00:00,1.50,80,-2.30,,0.00,9.40,137
2026-02-27 21:00:00,1.00,80,-2.80,,0.00,9.40,140
2026-02-27 22:00:00,0.60,80,-3.30,,0.00,9.80,144
2026-02-27 23:00:00,0.30,79,-3.60,,0.00,9.20,149
2026-02-28 00:00:00,-0.00,82,-3.70,,0.00,8.00,153
2026-02-28 01:00:00,-0.10,80,-3.90,,0.00,8.10,159
2026-02-28 02:00:00,-0.20,80,-4.00,,0.00,8.40,160
2026-02-28 03:00:00,-0.50,82,-4.30,,0.00,8.40,160
2026-02-28 04:00:00,-0.70,81,-4.50,,0.00,8.40,160
2026-02-28 05:00:00,-0.90,81,-4.80,,0.00,8.80,161
2026-02-28 06:00:00,-1.10,81,-5.00,,0.00,8.40,160
2026-02-28 07:00:00,-1.20,81,-5.20,,0.00,8.60,158
2026-02-28 08:00:00,-1.20,79,-5.20,,0.00,9.20,154
2026-02-28 09:00:00,-0.50,77,-4.70,,0.00,10.20,157
2026-02-28 10:00:00,0.10,73,-4.30,,0.00,11.60,158
2026-02-28 11:00:00,0.90,70,-3.60,,0.00,12.40,158
2026-02-28 12:00:00,3.20,66,-1.30,,0.00,13.20,163
2026-02-28 13:00:00,4.30,63,0.00,,0.00,12.90,162
2026-02-28 14:00:00,5.10,62,0.80,,0.00,13.10,164
2026-02-28 15:00:00,6.00,59,1.80,,0.00,12.90,162
2026-02-28 16:00:00,5.80,60,1.70,,0.00,12.40,163
2026-02-28 17:00:00,5.30,63,1.40,,0.00,11.40,162
2026-02-28 18:00:00,4.80,63,0.90,,0.00,10.50,158
2026-02-28 19:00:00,3.70,69,-0.10,,0.00,9.80,156
2026-02-28 20:00:00,3.00,71,-0.90,,0.00,10.50,158
2026-02-28 21:00:00,2.60,72,-1.40,,0.00,10.90,163
2026-02-28 22:00:00,1.90,73,-2.10,,0.00,10.80,165
2026-02-28 23:00:00,1.60,72,-2.60,,0.00,11.10,167
2026-02-28 00:00:00,1.30,71,-2.80,,0.00,10.30,168
2026-02-28 01:00:00,1.00,69,-3.20,,0.00,10.70,168
2026-02-28 02:00:00,0.80,67,-3.50,,0.00,10.60,170
2026-02-28 03:00:00,0.70,68,-3.50,,0.00,9.60,167
2026-02-28 04:00:00,0.50,67,-3.70,,0.00,9.90,170
2026-02-28 05:00:00,0.40,67,-3.90,,0.00,10.50,172
2026-02-28 06:00:00,0.10,69,-4.30,,0.00,10.90,172
2026-02-28 07:00:00,-0.20,69,-4.70,,0.00,11.30,173
2026-02-28 08:00:00,-0.60,71,-5.00,,0.00,11.30,173
2026-02-28 09:00:00,0.00,70,-4.40,,0.00,11.60,173
2026-02-28 10:00:00,1.10,68,-3.50,,0.00,13.00,177
2026-02-28 11:00:00,2.50,65,-1.90,,0.00,12.20,178
2026-02-28 12:00:00,4.60,61,0.40,,0.00,12.30,183
2026-02-28 13:00:00,5.80,57,1.40,,0.00,13.10,188
2026-02-28 14:00:00,6.50,56,2.30,,0.00,12.30,185
2026-02-28 15:00:00,7.20,51,3.00,,0.00,11.90,185
2026-02-28 16:00:00,7.00,51,3.00,,0.00,10.90,186
2026-02-28 17:00:00,6.70,54,2.90,,0.00,9.40,182
2026-02-28 18:00:00,6.30,57,3.00,,0.00,6.50,183
2026-02-28 19:00:00,5.60,62,2.40,,0.10,6.50,174
2026-02-28 20:00:00,5.30,63,2.10,,0.00,6.50,177
2026-02-28 21:00:00,5.00,67,1.80,,0.00,6.50,180
2026-02-28 22:00:00,4.70,68,1.50,,0.00,6.50,186
2026-02-28 23:00:00,4.40,68,1.20,,0.00,6.50,183
2026-03-01 00:00:00,4.30,71,1.20,,0.00,6.20,187
2026-03-01 01:00:00,4.10,72,1.00,,0.00,5.80,184
2026-03-01 02:00:00,3.80,73,0.80,,0.00,5.40,184
2026-03-01 03:00:00,3.50,75,0.80,,0.00,2.90,173
2026-03-01 04:00:00,3.20,76,0.60,,0.00,2.60,164
2026-03-01 05:00:00,2.90,77,0.30,,0.00,2.60,146
2026-03-01 06:00:00,2.90,78,0.30,,0.00,2.90,150
2026-03-01 07:00:00,2.80,77,0.00,,0.00,3.40,148
2026-03-01 08:00:00,2.80,76,-0.10,,0.00,4.20,149
2026-03-01 09:00:00,3.20,75,0.30,,0.00,4.80,153
2026-03-01 10:00:00,4.00,71,0.90,,0.00,5.80,158
2026-03-01 11:00:00,5.10,67,2.00,,0.00,6.20,159
2026-03-01 12:00:00,6.50,64,3.80,,0.00,4.60,162
2026-03-01 13:00:00,7.60,59,4.70,,0.00,4.90,163
2026-03-01 14:00:00,8.40,56,5.50,,0.00,5.10,141
2026-03-01 15:00:00,8.10,56,5.20,,0.00,4.80,103
2026-03-01 16:00:00,8.20,55,5.00,,0.00,6.50,96
2026-03-01 17:00:00,7.60,60,4.50,,0.00,7.20,87
2026-03-01 18:00:00,6.50,68,3.60,,0.00,6.50,71
2026-03-01 19:00:00,5.10,76,2.30,,0.00,6.00,65
2026-03-01 20:00:00,4.60,78,1.70,,0.00,6.10,90
2026-03-01 21:00:00,4.40,77,1.70,,0.00,4.80,103
2026-03-01 22:00:00,4.10,79,1.30,,0.00,5.40,98
2026-03-01 23:00:00,3.70,81,0.80,,0.00,5.90,101
2026-03-02 00:00:00,3.00,83,0.00,,0.00,6.20,100
2026-03-02 01:00:00,2.70,83,-0.30,,0.00,5.90,101
2026-03-02 02:00:00,2.30,84,-0.80,,0.00,6.10,93
2026-03-02 03:00:00,2.30,84,-0.90,,0.00,6.80,87
2026-03-02 04:00:00,1.90,84,-1.30,,0.00,6.90,84
2026-03-02 05:00:00,1.80,84,-1.40,,0.00,6.50,90
2026-03-02 06:00:00,1.80,84,-1.40,,0.00,6.90,84
2026-03-02 07:00:00,1.30,85,-2.10,,0.00,7.70,79
2026-03-02 08:00:00,0.80,87,-2.80,,0.00,8.40,80
2026-03-02 09:00:00,1.20,86,-2.50,,0.00,9.50,81
2026-03-02 10:00:00,2.20,80,-1.70,,0.00,10.80,86
2026-03-02 11:00:00,3.40,74,-0.50,,0.00,11.50,88
2026-03-02 12:00:00,5.40,63,1.20,,0.00,12.60,90
2026-03-02 13:00:00,5.90,59,1.60,,0.00,13.30,88
2026-03-02 14:00:00,6.40,57,2.20,,0.00,12.70,82
2026-03-02 15:00:00,6.40,56,2.10,,0.00,13.00,76
2026-03-02 16:00:00,6.00,59,1.70,,0.00,13.50,74
2026-03-02 17:00:00,5.30,63,1.10,,0.00,13.10,74
2026-03-02 18:00:00,4.60,68,0.70,,0.00,11.10,77
2026-03-02 19:00:00,3.50,75,-0.20,,0.00,10.10,73
2026-03-02 20:00:00,2.50,77,-1.40,,0.00,10.70,76
2026-03-02 21:00:00,1.80,77,-2.20,,0.00,10.90,81
2026-03-02 22:00:00,1.10,79,-2.80,,0.00,10.20,82
2026-03-02 23:00:00,0.50,81,-3.40,,0.00,9.30,74
2026-03-03 00:00:00,0.10,81,-3.70,,0.00,8.70,66
2026-03-03 01:00:00,-0.20,82,-4.20,,0.00,10.20,72
2026-03-03 02:00:00,-0.30,81,-4.40,,0.00,10.20,80
2026-03-03 03:00:00,-0.80,80,-4.80,,0.00,9.40,83
2026-03-03 04:00:00,-0.90,78,-5.00,,0.00,9.40,86
2026-03-03 05:00:00,-1.00,77,-5.20,,0.00,10.10,84
2026-03-03 06:00:00,-1.10,77,-5.50,,0.00,11.60,85
2026-03-03 07:00:00,-1.30,79,-5.80,,0.00,11.90,87
2026-03-03 08:00:00,-1.40,79,-5.90,,0.00,12.30,87
2026-03-03 09:00:00,-0.20,75,-4.90,,0.00,13.70,90
2026-03-03 10:00:00,1.20,67,-3.70,,0.00,14.80,93
2026-03-03 11:00:00,2.60,60,-2.40,,0.00,15.90,95
2026-03-03 12:00:00,4.10,54,-0.90,,0.00,15.30,98
2026-03-03 13:00:00,4.90,50,-0.20,,0.00,15.90,103
2026-03-03 14:00:00,5.30,49,0.20,,0.00,15.70,101
2026-03-03 15:00:00,4.60,50,-0.50,,0.00,16.30,95
2026-03-03 16:00:00,4.60,51,-0.60,,0.00,16.60,91
2026-03-03 17:00:00,3.70,56,-1.30,,0.00,15.50,91
2026-03-03 18:00:00,2.70,60,-2.00,,0.00,13.70,88
2026-03-03 19:00:00,2.00,63,-2.60,,0.00,13.00,88
2026-03-03 20:00:00,1.60,63,-3.10,,0.00,13.50,99
2026-03-03 21:00:00,1.20,68,-3.60,,0.00,14.00,108
2026-03-03 22:00:00,0.90,68,-3.30,,0.00,10.60,114
2026-03-03 23:00:00,0.90,67,-3.10,,0.00,8.50,102
2026-03-04 00:00:00,0.80,70,-3.10,,0.00,8.70,85
2026-03-04 01:00:00,0.60,70,-3.60,,0.00,10.10,86
2026-03-04 02:00:00,0.20,71,-3.90,,0.00,9.70,88
2026-03-04 03:00:00,-0.10,76,-3.90,,0.00,8.30,92
2026-03-04 04:00:00,-0.10,76,-4.10,,0.00,9.00,95
2026-03-04 05:00:00,-0.10,77,-4.20,,0.00,9.50,99
2026-03-04 06:00:00,-0.20,79,-4.20,,0.00,9.20,101
2026-03-04 07:00:00,-0.60,81,-4.50,,0.00,8.70,107
2026-03-04 08:00:00,-0.70,82,-4.60,,0.00,8.40,110
2026-03-04 09:00:00,0.10,80,-3.80,,0.00,9.00,119
2026-03-04 10:00:00,1.20,76,-2.70,,0.00,9.30,126
2026-03-04 11:00:00,2.60,72,-1.20,,0.00,9.40,122
2026-03-04 12:00:00,3.50,71,-0.20,,0.00,9.40,108
2026-03-04 13:00:00,4.70,68,0.90,,0.00,10.40,104
2026-03-04 14:00:00,5.40,66,1.60,,0.00,10.80,105
2026-03-04 15:00:00,5.50,65,1.70,,0.00,11.20,105
2026-03-04 16:00:00,5.50,65,1.70,,0.00,10.70,110
2026-03-04 17:00:00,5.20,67,1.60,,0.00,9.60,110
2026-03-04 18:00:00,4.40,71,0.90,,0.00,8.60,105
2026-03-04 19:00:00,3.20,78,-0.10,,0.00,7.20,96
2026-03-04 20:00:00,2.20,83,-1.20,,0.00,8.30,90
2026-03-04 21:00:00,1.70,83,-1.80,,0.00,7.90,90
2026-03-04 22:00:00,1.10,85,-2.40,,0.00,8.30,92
2026-03-04 23:00:00,0.70,87,-2.80,,0.00,7.60,93
2026-03-05 00:00:00,0.50,87,-2.80,,0.00,6.80,90
2026-03-05 01:00:00,0.30,88,-3.00,,0.00,6.50,90
2026-03-05 02:00:00,0.10,88,-3.30,,0.00,6.50,84
2026-03-05 03:00:00,0.00,87,-3.30,,0.00,6.10,87
2026-03-05 04:00:00,-0.20,87,-3.60,,0.00,6.60,81
2026-03-05 05:00:00,-0.30,87,-3.80,,0.00,6.60,77
2026-03-05 06:00:00,-0.40,86,-3.80,,0.00,6.50,84
2026-03-05 07:00:00,-0.60,87,-4.00,,0.00,6.60,81
2026-03-05 08:00:00,-0.60,87,-4.00,,0.00,6.60,77
2026-03-05 09:00:00,0.30,85,-3.10,,0.00,6.30,77
2026-03-05 10:00:00,1.50,79,-2.00,,0.00,7.30,79
2026-03-05 11:00:00,3.00,73,-0.40,,0.00,7.70,79
2026-03-05 12:00:00,4.30,69,0.90,,0.00,7.90,74
2026-03-05 13:00:00,5.30,66,1.70,,0.00,9.00,61
2026-03-05 14:00:00,5.60,66,2.00,,0.00,10.00,52
2026-03-05 15:00:00,5.10,68,1.50,,0.00,10.00,41
2026-03-05 16:00:00,5.10,68,1.50,,0.00,9.40,47
2026-03-05 17:00:00,4.70,70,1.20,,0.00,9.20,42
2026-03-05 18:00:00,4.10,72,0.60,,0.00,9.30,36
2026-03-05 19:00:00,3.30,78,-0.20,,0.00,9.00,37
2026-03-05 20:00:00,2.60,81,-0.90,,0.00,9.00,37
2026-03-05 21:00:00,2.60,76,-1.30,,0.00,10.90,44
2026-03-05 22:00:00,1.90,76,-2.30,,0.00,11.80,52
2026-03-05 23:00:00,1.10,75,-3.00,,0.00,10.80,60
2026-03-06 00:00:00,0.80,75,-3.20,,0.00,10.00,60
2026-03-06 01:00:00,0.30,77,-3.80,,0.00,10.70,57
2026-03-06 02:00:00,-0.10,80,-4.30,,0.00,11.60,54
2026-03-06 03:00:00,-0.30,80,-4.80,,0.00,12.90,54
2026-03-06 04:00:00,-0.70,80,-5.40,,0.00,13.60,53
2026-03-06 05:00:00,-1.10,82,-5.90,,0.00,14.20,54
2026-03-06 06:00:00,-1.20,79,-5.80,,0.00,12.80,50
2026-03-06 07:00:00,-1.40,77,-6.20,,0.00,14.10,50
2026-03-06 08:00:00,-1.60,76,-6.50,,0.00,14.10,52
2026-03-06 09:00:00,-1.50,74,-6.40,,0.00,14.40,53
2026-03-06 10:00:00,-1.00,71,-6.00,,0.00,14.70,54
2026-03-06 11:00:00,-0.00,66,-5.10,,0.00,15.40,53
2026-03-06 12:00:00,0.20,65,-5.10,,0.00,16.70,53
2026-03-06 13:00:00,1.30,61,-4.10,,0.00,18.00,53
2026-03-06 14:00:00,1.80,60,-3.70,,0.00,18.90,55
2026-03-06 15:00:00,1.00,64,-4.50,,0.00,18.40,51
2026-03-06 16:00:00,0.90,63,-4.50,,0.00,18.00,53
2026-03-06 17:00:00,0.20,64,-5.00,,0.00,16.10,51
2026-03-06 18:00:00,-0.80,68,-5.80,,0.00,14.30,51
2026-03-06 19:00:00,-1.10,68,-6.00,,0.00,13.10,53
2026-03-06 20:00:00,-1.40,68,-6.20,,0.00,12.60,53
2026-03-06 21:00:00,-2.00,72,-6.40,,0.00,10.00,52
2026-03-06 22:00:00,-2.20,74,-6.50,,0.00,9.80,54
2026-03-06 23:00:00,-2.20,72,-6.70,,0.00,10.60,62
2026-03-07 00:00:00,-2.60,71,-7.10,,0.00,10.50,59
2026-03-07 01:00:00,-3.10,76,-7.40,,0.00,9.00,53
2026-03-07 02:00:00,-3.50,78,-7.80,,0.00,8.90,50
2026-03-07 03:00:00,-3.80,84,-7.80,,0.00,7.60,45
2026-03-07 04:00:00,-4.10,85,-8.10,,0.00,7.10,49
2026-03-07 05:00:00,-4.40,86,-8.20,,0.00,6.10,50
2026-03-07 06:00:00,-5.00,86,-8.90,,0.00,6.10,45
2026-03-07 07:00:00,-5.20,87,-9.00,,0.00,5.90,38
2026-03-07 08:00:00,-5.30,86,-9.20,,0.00,5.90,38
2026-03-07 09:00:00,-4.00,83,-7.90,,0.00,6.60,41
2026-03-07 10:00:00,-2.90,77,-6.90,,0.00,7.10,49
2026-03-07 11:00:00,-1.40,73,-5.20,,0.00,6.40,43
2026-03-07 12:00:00,0.30,62,-3.60,,0.00,6.20,54
2026-03-07 13:00:00,1.00,59,-2.70,,0.00,5.90,47
2026-03-07 14:00:00,1.70,57,-2.00,,0.00,5.60,40
2026-03-07 15:00:00,1.80,55,-1.70,,0.00,4.30,24
2026-03-07 16:00:00,2.00,56,-1.50,,0.00,3.90,22
2026-03-07 17:00:00,1.70,56,-1.80,,0.00,4.00,5
2026-03-07 18:00:00,1.20,57,-2.20,,0.00,3.00,14
2026-03-07 19:00:00,0.40,63,-2.70,,0.00,1.50,346
2026-03-07 20:00:00,0.00,61,-3.10,,0.00,1.00,315
2026-03-07 21:00:00,-1.60,68,-4.80,,0.00,1.50,256
2026-03-07 22:00:00,-2.00,68,-5.30,,0.00,1.90,248
2026-03-07 23:00:00,-2.40,70,-5.70,,0.00,2.30,252
2026-03-08 00:00:00,-3.10,74,-6.60,,0.00,2.90,240
2026-03-08 01:00:00,-3.40,75,-6.90,,0.00,3.20,243
2026-03-08 02:00:00,-3.60,77,-7.10,,0.00,3.20,243
2026-03-08 03:00:00,-4.00,81,-7.60,,0.00,3.70,241
2026-03-08 04:00:00,-4.30,81,-7.90,,0.00,3.70,241
2026-03-08 05:00:00,-4.50,81,-8.20,,0.00,4.50,241
2026-03-08 06:00:00,-5.10,82,-8.80,,0.00,4.70,238
2026-03-08 07:00:00,-5.30,82,-9.10,,0.00,5.00,240
2026-03-08 08:00:00,-5.20,83,-9.10,,0.00,5.50,247
2026-03-08 09:00:00,-3.40,78,-7.40,,0.00,7.20,252
2026-03-08 10:00:00,-1.40,72,-5.60,,0.00,9.10,261
2026-03-08 11:00:00,0.80,66,-3.40,,0.00,9.80,262
2026-03-08 12:00:00,3.80,54,-0.60,,0.00,11.30,261
2026-03-08 13:00:00,5.10,51,0.50,,0.00,13.00,268
2026-03-08 14:00:00,6.20,45,1.40,,0.00,13.40,278
2026-03-08 15:00:00,6.80,39,2.00,,0.00,13.10,286
2026-03-08 16:00:00,6.80,40,2.10,,0.00,12.40,287
2026-03-08 17:00:00,6.40,41,1.90,,0.00,10.70,290
2026-03-08 18:00:00,5.50,44,1.50,,0.00,7.80,292
2026-03-08 19:00:00,3.20,53,-0.30,,0.00,4.90,287
2026-03-08 20:00:00,2.30,55,-1.20,,0.00,4.70,293
2026-03-08 21:00:00,1.80,55,-1.80,,0.00,4.60,288
2026-03-08 22:00:00,1.40,57,-2.20,,0.00,4.50,299
2026-03-08 23:00:00,0.90,60,-2.60,,0.00,4.60,342
2026-03-09 00:00:00,0.40,65,-3.10,,0.00,4.70,23
2026-03-09 01:00:00,-0.30,71,-4.10,,0.00,6.60,41
2026-03-09 02:00:00,-0.70,73,-4.60,,0.00,7.40,43
2026-03-09 03:00:00,-1.10,75,-5.00,,0.00,7.40,43
2026-03-09 04:00:00,-1.50,76,-5.40,,0.00,7.10,45
2026-03-09 05:00:00,-1.90,79,-5.80,,0.00,7.10,45
2026-03-09 06:00:00,-2.30,83,-6.10,,0.00,6.90,43
2026-03-09 07:00:00,-2.70,85,-6.50,,0.00,6.90,47
2026-03-09 08:00:00,-2.80,85,-6.60,,0.00,6.90,47
2026-03-09 09:00:00,-1.40,79,-5.20,,0.00,7.40,43
2026-03-09 10:00:00,0.00,71,-4.20,,0.00,10.20,51
2026-03-09 11:00:00,1.40,62,-2.90,,0.00,10.10,55
2026-03-09 12:00:00,2.60,55,-1.70,,0.00,9.40,43
2026-03-09 13:00:00,3.20,53,-0.80,,0.00,8.10,45
2026-03-09 14:00:00,3.50,51,-0.40,,0.00,6.70,36
2026-03-09 15:00:00,3.60,49,-0.10,,0.00,5.40,20
2026-03-09 16:00:00,3.50,51,-0.20,,0.00,5.20,16
2026-03-09 17:00:00,3.10,52,-0.50,,0.00,4.70,9
2026-03-09 18:00:00,2.50,52,-1.10,,0.00,4.00,5
2026-03-09 19:00:00,1.60,60,-1.60,,0.00,2.10,31
2026-03-09 20:00:00,0.90,63,-2.20,,0.00,2.10,59
2026-03-09 21:00:00,0.10,66,-3.10,,0.00,1.90,68
2026-03-09 22:00:00,-0.30,66,-3.50,,0.00,2.20,99
2026-03-09 23:00:00,-0.60,66,-3.80,,0.00,1.90,112
2026-03-10 00:00:00,-1.00,69,-4.20,,0.00,1.80,127
2026-03-10 01:00:00,-1.20,69,-4.40,,0.00,1.80,143
2026-03-10 02:00:00,-1.40,71,-4.70,,0.00,2.40,153
2026-03-10 03:00:00,-1.50,75,-4.70,,0.00,2.90,180
2026-03-10 04:00:00,-1.60,76,-4.80,,0.00,3.00,194
2026-03-10 05:00:00,-1.50,78,-4.80,,0.00,3.30,186
2026-03-10 06:00:00,-1.20,79,-4.60,,0.00,4.50,209
2026-03-10 07:00:00,-1.20,77,-4.60,,0.00,4.80,193
2026-03-10 08:00:00,-1.00,79,-4.40,,0.00,4.80,243
2026-03-10 09:00:00,-0.30,79,-3.30,,0.00,3.00,256
2026-03-10 10:00:00,0.10,78,-3.20,,0.10,4.70,302
2026-03-10 11:00:00,0.70,80,-2.70,,0.00,6.50,341
2026-03-10 12:00:00,1.60,74,-2.40,,0.00,10.20,10
2026-03-10 13:00:00,2.20,69,-2.20,,0.10,12.70,8
2026-03-10 14:00:00,1.80,66,-2.90,,0.10,13.90,10
2026-03-10 15:00:00,2.00,62,-2.80,,0.00,14.10,3
2026-03-10 16:00:00,1.80,50,-3.20,,0.00,13.60,11
2026-03-10 17:00:00,1.20,56,-3.80,,0.00,13.90,17
2026-03-10 18:00:00,0.30,52,-4.60,,0.00,12.10,23
2026-03-10 19:00:00,-0.40,57,-5.00,,0.00,10.60,24
2026-03-10 20:00:00,-1.00,56,-5.60,,0.00,10.20,32
2026-03-10 21:00:00,-2.20,64,-6.40,,0.00,7.60,25
2026-03-10 22:00:00,-2.80,69,-6.90,,0.00,6.90,28
2026-03-10 23:00:00,-3.20,69,-7.40,,0.00,7.20,37
2026-03-11 00:00:00,-4.20,73,-8.30,,0.00,6.10,50
2026-03-11 01:00:00,-4.80,79,-8.60,,0.00,5.00,60
2026-03-11 02:00:00,-5.10,84,-8.90,,0.00,5.00,60
2026-03-11 03:00:00,-5.50,88,-9.30,,0.00,5.20,56
2026-03-11 04:00:00,-5.80,89,-9.60,,0.00,5.20,65
2026-03-11 05:00:00,-6.10,88,-9.80,,0.00,4.00,63
2026-03-11 06:00:00,-6.80,89,-10.40,,0.00,3.20,63
2026-03-11 07:00:00,-7.10,89,-10.80,,0.00,3.50,66
2026-03-11 08:00:00,-7.20,88,-10.90,,0.00,3.80,73
2026-03-11 09:00:00,-4.80,79,-8.70,,0.00,5.80,90
2026-03-11 10:00:00,-3.50,69,-7.80,,0.00,8.10,103
2026-03-11 11:00:00,-2.00,60,-6.30,,0.00,8.10,111
2026-03-11 12:00:00,-0.40,48,-5.00,,0.00,8.90,111
2026-03-11 13:00:00,0.60,45,-3.80,,0.00,8.90,117
2026-03-11 14:00:00,1.40,43,-2.90,,0.00,8.30,124
2026-03-11 15:00:00,1.90,40,-2.60,,0.00,8.50,144
2026-03-11 16:00:00,1.90,41,-2.50,,0.00,7.70,152
2026-03-11 17:00:00,1.50,43,-2.80,,0.00,7.60,161
2026-03-11 18:00:00,0.80,44,-3.40,,0.00,6.50,161
2026-03-11 19:00:00,-0.50,53,-4.30,,0.00,4.20,149
2026-03-11 20:00:00,-1.40,56,-5.10,,0.00,3.60,135
2026-03-11 21:00:00,-2.40,61,-6.10,,0.00,3.80,131
2026-03-11 22:00:00,-3.00,63,-6.70,,0.00,3.80,131
2026-03-11 23:00:00,-3.50,64,-7.30,,0.00,4.10,135
2026-03-12 00:00:00,-3.90,68,-7.60,,0.00,3.60,143
2026-03-12 01:00:00,-4.20,68,-8.00,,0.00,4.10,142
2026-03-12 02:00:00,-4.50,69,-8.30,,0.00,4.10,142
2026-03-12 03:00:00,-4.80,74,-8.50,,0.00,4.10,135
2026-03-12 04:00:00,-5.10,74,-8.90,,0.00,3.80,131
2026-03-12 05:00:00,-5.40,74,-9.20,,0.00,4.10,135
2026-03-12 06:00:00,-6.00,78,-9.80,,0.00,4.20,121
2026-03-12 07:00:00,-6.40,76,-10.30,,0.00,4.70,113
2026-03-12 08:00:00,-6.20,75,-10.20,,0.00,5.40,110
2026-03-12 09:00:00,-3.80,66,-8.00,,0.00,6.80,115
2026-03-12 10:00:00,-2.00,60,-6.40,,0.00,8.10,122
2026-03-12 11:00:00,-0.00,52,-4.50,,0.00,9.20,129
2026-03-12 12:00:00,2.20,43,-2.50,,0.00,10.20,129
2026-03-12 13:00:00,3.10,38,-1.80,,0.00,11.50,131
2026-03-12 14:00:00,3.60,37,-1.20,,0.00,11.00,122
2026-03-12 15:00:00,3.70,37,-0.90,,0.00,9.40,122
2026-03-12 16:00:00,3.60,38,-1.00,,0.00,9.60,124
2026-03-12 17:00:00,3.00,41,-1.50,,0.00,9.20,121
2026-03-12 18:00:00,2.40,43,-1.80,,0.00,6.90,118
2026-03-12 19:00:00,1.10,52,-2.90,,0.00,6.20,111
2026-03-12 20:00:00,0.30,57,-3.70,,0.00,6.60,103
2026-03-12 21:00:00,-0.40,57,-4.70,,0.00,8.00,100
2026-03-12 22:00:00,-0.90,56,-5.30,,0.00,8.10,103
2026-03-12 23:00:00,-1.30,56,-5.70,,0.00,8.60,105
2026-03-13 00:00:00,-1.10,58,-5.40,,0.00,8.10,111
2026-03-13 01:00:00,-1.20,59,-5.60,,0.00,8.90,111
2026-03-13 02:00:00,-1.20,60,-5.60,,0.00,8.90,111
2026-03-13 03:00:00,-1.10,61,-5.30,,0.00,8.00,108
2026-03-13 04:00:00,-1.20,61,-5.60,,0.00,8.70,107
2026-03-13 05:00:00,-1.30,60,-5.80,,0.00,9.70,105
2026-03-13 06:00:00,-1.30,60,-5.90,,0.00,10.00,105
2026-03-13 07:00:00,-1.50,60,-6.10,,0.00,9.80,107
2026-03-13 08:00:00,-1.40,60,-5.90,,0.00,9.60,110
2026-03-13 09:00:00,-0.70,59,-5.30,,0.00,10.70,110
2026-03-13 10:00:00,0.40,55,-4.30,,0.00,11.50,110
2026-03-13 11:00:00,1.80,50,-3.10,,0.00,12.80,112
2026-03-13 12:00:00,2.50,51,-2.30,,0.00,12.60,114
2026-03-13 13:00:00,3.90,46,-0.90,,0.00,12.70,105
2026-03-13 14:00:00,4.90,45,-0.00,,0.00,13.50,99
2026-03-13 15:00:00,4.80,45,-0.10,,0.00,13.40,104
2026-03-13 16:00:00,5.00,45,0.10,,0.00,13.80,96
2026-03-13 17:00:00,4.20,48,-0.60,,0.00,13.10,98
2026-03-13 18:00:00,3.40,49,-1.30,,0.00,11.80,102
2026-03-13 19:00:00,2.20,57,-2.20,,0.00,10.80,94
2026-03-13 20:00:00,1.50,61,-2.80,,0.00,10.10,96
2026-03-13 21:00:00,1.50,59,-2.90,,0.00,10.10,90
2026-03-13 22:00:00,0.90,62,-3.40,,0.00,9.70,90
2026-03-13 23:00:00,0.60,65,-3.60,,0.00,9.80,84
2026-03-14 00:00:00,0.40,66,-3.70,,0.00,8.70,83
2026-03-14 01:00:00,-0.00,68,-4.10,,0.00,8.70,83
2026-03-14 02:00:00,-0.40,70,-4.40,,0.00,8.40,80
2026-03-14 03:00:00,-0.40,71,-4.20,,0.00,6.90,84
2026-03-14 04:00:00,-0.40,72,-4.20,,0.00,6.80,90
2026-03-14 05:00:00,-0.40,73,-4.20,,0.00,7.20,72
2026-03-14 06:00:00,-1.00,76,-4.80,,0.00,7.30,70
2026-03-14 07:00:00,-1.20,78,-5.20,,0.00,8.10,69
2026-03-14 08:00:00,-1.00,77,-5.00,,0.00,8.10,77
2026-03-14 09:00:00,0.00,73,-3.90,,0.00,8.40,83
2026-03-14 10:00:00,1.20,68,-2.80,,0.00,8.60,88
2026-03-14 11:00:00,2.70,63,-1.30,,0.00,9.00,92
2026-03-14 12:00:00,3.90,59,0.20,,0.00,7.90,90
2026-03-14 13:00:00,4.60,57,0.80,,0.00,8.30,92
2026-03-14 14:00:00,5.00,56,1.20,,0.00,8.30,92
2026-03-14 15:00:00,4.40,59,0.80,,0.00,7.20,90
2026-03-14 16:00:00,4.60,59,0.90,,0.00,8.00,100
2026-03-14 17:00:00,4.00,62,0.30,,0.00,8.40,110
2026-03-14 18:00:00,3.10,65,-0.70,,0.00,8.60,112
2026-03-14 19:00:00,2.60,69,-0.80,,0.00,6.20,111
2026-03-14 20:00:00,2.00,74,-1.10,,0.00,4.30,114
2026-03-14 21:00:00,1.30,75,-1.60,,0.00,2.90,97
2026-03-14 22:00:00,1.00,77,-2.00,,0.00,2.90,97
2026-03-14 23:00:00,0.70,78,-2.30,,0.00,3.30,96
2026-03-15 00:00:00,0.40,79,-2.60,,0.00,3.30,96
2026-03-15 01:00:00,0.10,81,-2.90,,0.00,3.60,96
2026-03-15 02:00:00,-0.00,82,-3.00,,0.00,3.30,103
2026-03-15 03:00:00,-0.00,83,-3.00,,0.00,2.90,83
2026-03-15 04:00:00,0.00,83,-2.90,,0.00,2.90,90
2026-03-15 05:00:00,0.10,83,-2.80,,0.00,3.20,90
2026-03-15 06:00:00,0.00,85,-2.90,,0.00,2.90,97
2026-03-15 07:00:00,-0.20,87,-3.00,,0.00,2.90,90
2026-03-15 08:00:00,-0.20,88,-3.00,,0.00,2.90,83
2026-03-15 09:00:00,1.40,84,-1.50,,0.00,4.30,90
2026-03-15 10:00:00,2.20,82,-0.80,,0.00,5.10,98
2026-03-15 11:00:00,2.90,81,0.00,,0.00,5.20,102
2026-03-15 12:00:00,3.70,79,0.80,,0.00,6.20,111
2026-03-15 13:00:00,4.50,77,1.60,,0.00,6.00,107
2026-03-15 14:00:00,5.00,76,2.20,,0.00,5.90,101
2026-03-15 15:00:00,5.60,73,2.80,,0.00,5.40,90
2026-03-15 16:00:00,6.10,71,3.30,,0.00,5.80,97
2026-03-15 17:00:00,6.30,71,3.60,,0.00,5.70,108
2026-03-15 18:00:00,6.30,74,3.80,,0.00,4.30,95
2026-03-15 19:00:00,5.70,78,3.50,,0.00,2.50,90
2026-03-15 20:00:00,5.10,80,2.70,,0.00,3.90,112
2026-03-15 21:00:00,4.70,79,2.20,,0.00,4.40,125
2026-03-15 22:00:00,4.30,80,1.60,,0.00,4.80,132
2026-03-15 23:00:00,3.80,81,1.10,,0.00,4.80,138
2026-03-16 00:00:00,3.40,81,0.80,,0.00,3.60,127
2026-03-16 01:00:00,3.00,81,0.40,,0.00,2.90,120
2026-03-16 02:00:00,2.70,81,0.20,,0.00,2.70,113
2026-03-16 03:00:00,2.50,82,-0.10,,0.00,2.70,113
2026-03-16 04:00:00,2.20,83,-0.40,,0.00,3.10,111
2026-03-16 05:00:00,2.00,83,-0.60,,0.00,2.90,97
2026-03-16 06:00:00,1.70,84,-0.90,,0.00,2.90,83
2026-03-16 07:00:00,1.60,84,-1.10,,0.00,2.50,90
2026-03-16 08:00:00,1.70,84,-0.90,,0.00,2.60,106
2026-03-16 09:00:00,2.70,81,0.00,,0.00,3.20,117
2026-03-16 10:00:00,4.00,76,1.20,,0.00,4.60,135
2026-03-16 11:00:00,5.30,72,2.50,,0.00,5.30,152
2026-03-16 12:00:00,5.80,70,3.00,,0.00,5.80,158
2026-03-16 13:00:00,6.50,68,3.70,,0.00,5.60,165
2026-03-16 14:00:00,6.80,67,4.00,,0.00,5.20,164
2026-03-16 15:00:00,6.70,69,4.00,,0.00,5.00,159
2026-03-16 16:00:00,6.70,69,4.00,,0.00,5.70,162
2026-03-16 17:00:00,6.40,69,3.50,,0.00,5.90,166
2026-03-16 18:00:00,5.60,74,3.00,,0.00,5.10,172
2026-03-16 19:00:00,5.20,79,2.70,,0.00,4.00,170
2026-03-16 20:00:00,4.60,83,2.20,,0.00,3.90,158
2026-03-16 21:00:00,4.60,83,2.20,,0.00,3.90,158
2026-03-16 22:00:00,4.20,85,1.80,,0.00,4.40,171
2026-03-16 23:00:00,4.10,86,1.70,,0.00,4.00,180
2026-03-17 00:00:00,4.10,86,1.80,,0.00,3.60,186
2026-03-17 01:00:00,4.00,88,1.60,,0.00,4.00,190
2026-03-17 02:00:00,4.00,89,1.60,,0.00,4.60,198
2026-03-17 03:00:00,4.40,89,2.10,,0.00,3.80,197
2026-03-17 04:00:00,4.30,90,2.10,,0.00,3.80,197
2026-03-17 05:00:00,4.30,90,1.90,,0.00,4.70,184
2026-03-17 06:00:00,4.30,89,1.80,,0.00,5.40,176
2026-03-17 07:00:00,3.90,91,1.30,,0.00,6.20,170
2026-03-17 08:00:00,3.80,91,1.20,,0.00,6.50,177
2026-03-17 09:00:00,4.40,87,1.60,,0.00,7.30,189
2026-03-17 10:00:00,5.60,82,2.70,,0.00,7.90,180
2026-03-17 11:00:00,6.70,77,3.70,,0.00,9.70,184
2026-03-17 12:00:00,7.20,74,4.10,,0.00,10.40,178
2026-03-17 13:00:00,8.50,71,5.30,,0.00,11.20,176
2026-03-17 14:00:00,9.00,66,5.50,,0.00,12.80,196
2026-03-17 15:00:00,9.80,59,6.30,,0.00,12.10,203
2026-03-17 16:00:00,10.10,61,7.00,,0.00,9.70,195
2026-03-17 17:00:00,10.20,60,7.00,,0.00,10.60,198
2026-03-17 18:00:00,9.90,64,7.10,,0.00,8.70,185
2026-03-17 19:00:00,9.00,68,6.20,,0.00,8.30,178
2026-03-17 20:00:00,8.10,74,5.40,,0.00,7.80,167
2026-03-17 21:00:00,7.90,77,5.40,,0.00,7.50,163
2026-03-17 22:00:00,7.50,79,4.90,,0.00,7.90,164
2026-03-17 23:00:00,7.10,81,4.50,,0.00,8.00,170
2026-03-18 00:00:00,6.70,85,4.20,,0.00,7.90,177
2026-03-18 01:00:00,6.50,87,4.00,,0.00,7.80,193
2026-03-18 02:00:00,6.10,91,3.80,,0.00,6.50,186
2026-03-18 03:00:00,5.80,93,3.70,,0.00,5.40,188
2026-03-18 04:00:00,5.80,95,4.20,,0.00,2.60,196
2026-03-18 05:00:00,5.70,96,4.30,,0.00,1.30,214
2026-03-18 06:00:00,5.60,98,4.20,,0.00,1.50,346
2026-03-18 07:00:00,5.50,97,3.90,,0.00,2.20,351
2026-03-18 08:00:00,5.40,95,3.70,,0.00,2.50,352
2026-03-18 09:00:00,5.30,95,3.90,,0.00,0.70,360
2026-03-18 10:00:00,6.20,90,4.10,,0.00,5.40,160
2026-03-18 11:00:00,7.10,85,4.60,,0.00,8.70,173
2026-03-18 12:00:00,6.80,89,4.80,,0.00,5.90,166
2026-03-18 13:00:00,7.80,80,5.40,,0.00,7.00,168
2026-03-18 14:00:00,8.50,75,6.30,,0.00,5.80,150
2026-03-18 15:00:00,9.10,75,7.00,,0.00,5.50,122
2026-03-18 16:00:00,9.30,74,6.70,,0.00,8.80,102
2026-03-18 17:00:00,8.80,80,6.40,,0.30,9.00,95
2026-03-18 18:00:00,8.10,83,5.50,,0.10,10.30,102
2026-03-18 19:00:00,7.40,87,5.00,,0.20,8.40,100
2026-03-18 20:00:00,6.70,90,4.20,,0.10,9.00,90
2026-03-18 21:00:00,6.70,91,4.10,,0.10,9.70,88
2026-03-18 22:00:00,6.40,91,3.70,,0.00,10.50,82
2026-03-18 23:00:00,6.00,92,3.10,,0.00,11.40,77
2026-03-19 00:00:00,5.90,93,2.90,,0.00,11.90,76
2026-03-19 01:00:00,5.60,94,2.30,,0.20,13.20,73
2026-03-19 02:00:00,5.30,94,2.00,,0.00,13.70,76
2026-03-19 03:00:00,5.10,92,1.50,,0.00,14.60,80
2026-03-19 04:00:00,4.90,92,1.20,,0.00,15.40,79
2026-03-19 05:00:00,4.70,92,1.00,,0.10,14.80,84
2026-03-19 06:00:00,4.60,93,1.10,,0.50,13.70,76
2026-03-19 07:00:00,4.50,93,1.00,,1.10,13.40,82
2026-03-19 08:00:00,4.40,92,1.00,,1.40,12.00,81
2026-03-19 09:00:00,4.20,89,0.30,,1.80,14.80,87
2026-03-19 10:00:00,4.20,88,0.40,,1.10,14.10,87
2026-03-19 11:00:00,3.90,88,0.10,,0.60,13.60,79
2026-03-19 12:00:00,3.60,92,0.40,,0.10,10.10,73
2026-03-19 13:00:00,4.60,85,1.50,,0.70,9.00,106
2026-03-19 14:00:00,5.00,79,1.90,,1.00,8.40,100
2026-03-19 15:00:00,4.20,87,1.20,,0.60,8.60,75
2026-03-19 16:00:00,4.40,90,1.40,,0.20,8.80,71
2026-03-19 17:00:00,4.40,87,1.40,,0.10,8.20,67
2026-03-19 18:00:00,4.40,89,1.80,,0.00,6.00,57
2026-03-19 19:00:00,4.20,92,1.70,,0.10,6.10,45
2026-03-19 20:00:00,4.00,94,1.20,,0.00,8.20,52
2026-03-19 21:00:00,3.40,94,0.80,,0.00,6.10,50
2026-03-19 22:00:00,3.20,95,0.70,,0.00,5.70,55
2026-03-19 23:00:00,3.00,97,0.40,,0.00,5.80,60
2026-03-20 00:00:00,2.90,98,0.50,,0.00,5.00,60
2026-03-20 01:00:00,2.90,98,0.60,,0.00,4.60,51
2026-03-20 02:00:00,2.80,98,0.30,,0.00,5.40,37
2026-03-20 03:00:00,2.70,99,0.20,,0.00,5.60,50
2026-03-20 04:00:00,2.80,97,0.20,,0.00,6.30,24
2026-03-20 05:00:00,2.80,97,-0.00,,0.00,7.20,27
2026-03-20 06:00:00,2.70,96,-0.40,,0.00,9.20,31
2026-03-20 07:00:00,2.70,96,-0.40,,0.30,9.20,42
2026-03-20 08:00:00,2.80,94,-0.50,,0.60,10.30,61
2026-03-20 09:00:00,2.70,93,-0.50,,0.30,8.90,58
2026-03-20 10:00:00,3.20,92,0.10,,0.40,8.90,50
2026-03-20 11:00:00,4.10,91,0.90,,0.30,10.40,70
2026-03-20 12:00:00,5.00,88,1.70,,0.50,11.20,86
2026-03-20 13:00:00,6.80,77,3.40,,0.10,12.00,97
2026-03-20 14:00:00,7.60,73,4.40,,0.00,11.20,92
2026-03-20 15:00:00,8.00,71,4.70,,0.00,11.90,85
2026-03-20 16:00:00,8.30,67,5.00,,0.00,10.90,82
2026-03-20 17:00:00,7.90,70,4.80,,0.00,10.10,73
2026-03-20 18:00:00,7.40,69,4.10,,0.00,10.50,74
2026-03-20 19:00:00,6.40,75,3.40,,0.00,8.60,68
2026-03-20 20:00:00,5.50,79,2.50,,0.00,8.80,71
2026-03-20 21:00:00,5.00,81,1.80,,0.00,9.50,65
2026-03-20 22:00:00,4.30,85,1.00,,0.00,10.00,64
2026-03-20 23:00:00,3.70,85,0.40,,0.00,10.00,64
2026-03-21 00:00:00,2.90,86,-0.40,,0.00,8.90,63
2026-03-21 01:00:00,2.50,86,-0.90,,0.00,8.90,69
2026-03-21 02:00:00,2.10,87,-1.30,,0.00,8.30,72
2026-03-21 03:00:00,1.60,88,-1.60,,0.00,7.10,66
2026-03-21 04:00:00,1.30,87,-1.90,,0.00,7.10,66
2026-03-21 05:00:00,1.00,87,-2.30,,0.00,7.40,67
2026-03-21 06:00:00,0.30,89,-3.20,,0.00,8.10,69
2026-03-21 07:00:00,-0.10,89,-3.60,,0.00,8.00,72
2026-03-21 08:00:00,0.20,87,-3.40,,0.00,8.20,75
2026-03-21 09:00:00,1.60,82,-2.00,,0.00,8.60,75
2026-03-21 10:00:00,3.10,76,-0.30,,0.00,8.40,83
2026-03-21 11:00:00,4.80,71,1.50,,0.00,8.00,82
2026-03-21 12:00:00,7.20,59,4.00,,0.00,6.90,81
2026-03-21 13:00:00,8.50,54,5.50,,0.00,7.20,87
2026-03-21 14:00:00,9.20,49,6.10,,0.00,6.50,90
2026-03-21 15:00:00,10.30,40,7.00,,0.00,5.10,82
2026-03-21 16:00:00,10.20,42,7.10,,0.00,4.90,73
2026-03-21 17:00:00,10.00,42,6.80,,0.00,4.90,73
2026-03-21 18:00:00,9.40,42,6.20,,0.00,4.80,77
2026-03-21 19:00:00,7.90,52,5.10,,0.00,3.10,69
2026-03-21 20:00:00,6.80,55,4.00,,0.00,2.70,67
2026-03-21 21:00:00,4.90,64,2.10,,0.00,3.40,72
2026-03-21 22:00:00,4.20,67,1.30,,0.00,3.70,79
2026-03-21 23:00:00,3.40,72,0.50,,0.00,4.30,85
2026-03-22 00:00:00,2.40,80,-0.30,,0.00,3.60,90
2026-03-22 01:00:00,1.90,83,-0.90,,0.00,3.70,101
2026-03-22 02:00:00,1.40,86,-1.40,,0.00,4.00,117
2026-03-22 03:00:00,1.50,86,-1.20,,0.00,3.10,126
2026-03-22 04:00:00,0.90,90,-1.80,,0.00,3.60,135
2026-03-22 05:00:00,0.50,94,-2.20,,0.00,3.60,143
2026-03-22 06:00:00,-0.50,98,-3.30,,0.00,4.10,142
2026-03-22 07:00:00,-0.80,100,-3.80,,0.00,5.30,152
2026-03-22 08:00:00,-0.70,100,-3.90,,0.00,6.30,156
2026-03-22 09:00:00,0.10,97,-3.10,,0.00,7.10,150
2026-03-22 10:00:00,1.60,89,-1.40,,0.00,6.10,152
2026-03-22 11:00:00,3.60,80,0.60,,0.00,6.20,159
2026-03-22 12:00:00,5.90,75,3.00,,0.00,6.80,148
2026-03-22 13:00:00,7.90,67,5.70,,0.00,6.30,167
2026-03-22 14:00:00,9.30,59,7.00,,0.00,6.50,177
2026-03-22 15:00:00,9.40,56,6.50,,0.00,6.60,193
2026-03-22 16:00:00,9.60,54,6.50,,0.00,7.40,209
2026-03-22 17:00:00,9.30,54,6.20,,0.00,7.60,211
2026-03-22 18:00:00,9.00,53,5.90,,0.00,6.60,189
2026-03-22 19:00:00,7.40,63,4.50,,0.00,5.80,176
2026-03-22 20:00:00,5.90,69,2.90,,0.00,6.60,171
2026-03-22 21:00:00,5.10,72,1.80,,0.00,8.50,168
2026-03-22 22:00:00,4.50,76,1.10,,0.00,9.50,169
2026-03-22 23:00:00,4.20,80,0.70,,0.00,10.10,174
2026-03-23 00:00:00,4.10,79,0.70,,0.00,9.70,180
2026-03-23 01:00:00,3.70,82,0.20,,0.00,10.40,182
2026-03-23 02:00:00,3.60,83,0.00,,0.00,11.20,186
2026-03-23 03:00:00,3.70,83,0.10,,0.00,11.30,187
2026-03-23 04:00:00,3.60,83,-0.20,,0.00,12.00,189
2026-03-23 05:00:00,3.60,83,-0.30,,0.00,12.80,191
2026-03-23 06:00:00,3.70,84,-0.20,,0.00,13.00,194
2026-03-23 07:00:00,3.70,83,-0.20,,0.00,12.90,198
2026-03-23 08:00:00,3.80,82,-0.00,,0.00,12.80,196
2026-03-23 09:00:00,4.40,82,0.70,,0.00,12.30,201
2026-03-23 10:00:00,5.10,81,1.30,,0.00,13.60,192
2026-03-23 11:00:00,5.90,80,2.20,,0.00,13.50,196
2026-03-23 12:00:00,7.40,77,3.80,,0.00,14.10,199
2026-03-23 13:00:00,8.50,75,5.00,,0.00,14.70,202
2026-03-23 14:00:00,8.90,77,5.60,,0.10,14.20,207
2026-03-23 15:00:00,9.40,79,6.70,,0.40,11.70,225
2026-03-23 16:00:00,9.50,82,7.00,,0.30,10.60,215
2026-03-23 17:00:00,9.70,82,7.40,,0.00,10.10,215
2026-03-23 18:00:00,9.40,85,7.10,,0.40,10.00,218
2026-03-23 19:00:00,8.90,88,7.00,,0.40,7.30,213
2026-03-23 20:00:00,8.50,91,6.60,,0.50,7.40,194
2026-03-23 21:00:00,8.40,94,6.50,,0.60,8.30,198
2026-03-23 22:00:00,8.40,93,6.20,,0.60,10.10,207
2026-03-23 23:00:00,8.40,94,6.40,,0.60,9.00,209
2026-03-24 00:00:00,8.10,96,6.30,,0.10,8.20,203
2026-03-24 01:00:00,8.30,93,6.20,,0.00,9.00,203
2026-03-24 02:00:00,8.10,93,6.30,,0.10,7.50,197
2026-03-24 03:00:00,8.10,93,6.10,,0.00,8.40,173
2026-03-24 04:00:00,8.00,92,5.60,,0.00,10.40,178
2026-03-24 05:00:00,7.90,90,5.20,,0.00,12.30,183
2026-03-24 06:00:00,7.90,90,5.00,,0.10,13.40,186
2026-03-24 07:00:00,7.70,90,4.80,,0.40,13.40,186
2026-03-24 08:00:00,7.70,90,4.80,,0.20,13.30,183
2026-03-24 09:00:00,7.80,91,5.00,,0.30,12.60,183
2026-03-24 10:00:00,7.80,90,4.90,,0.70,13.80,186
2026-03-24 11:00:00,7.90,88,5.00,,0.80,13.30,182
2026-03-24 12:00:00,8.10,86,4.90,,0.60,14.40,181
2026-03-24 13:00:00,8.10,84,4.90,,0.70,14.40,177
2026-03-24 14:00:00,8.30,82,4.80,,0.50,16.50,190
2026-03-24 15:00:00,8.50,83,5.30,,0.30,14.80,194
2026-03-24 16:00:00,8.60,84,5.50,,0.20,14.80,194
2026-03-24 17:00:00,8.60,86,5.20,,0.40,16.40,195
2026-03-24 18:00:00,8.30,91,5.60,,0.30,12.60,207
2026-03-24 19:00:00,8.10,92,5.60,,0.40,11.70,223
2026-03-24 20:00:00,6.70,86,3.50,,0.40,12.70,299
2026-03-24 21:00:00,5.60,87,2.20,,0.00,12.60,301
2026-03-24 22:00:00,4.80,86,1.70,,0.10,10.00,291
2026-03-24 23:00:00,4.60,91,1.80,,0.40,8.40,280
2026-03-25 00:00:00,4.50,94,1.90,,0.50,7.60,295
2026-03-25 01:00:00,4.30,89,1.90,,0.20,5.10,309
2026-03-25 02:00:00,4.10,92,1.70,,0.00,4.70,302
2026-03-25 03:00:00,3.70,92,1.50,,0.00,3.60,307
2026-03-25 04:00:00,3.70,93,1.30,,0.00,4.80,312
2026-03-25 05:00:00,3.40,92,1.00,,0.00,4.60,342
2026-03-25 06:00:00,2.60,94,0.10,,0.00,4.40,9
2026-03-25 07:00:00,2.30,92,-0.10,,0.00,3.50,24
2026-03-25 08:00:00,2.60,91,0.10,,0.00,3.60,37
2026-03-25 09:00:00,3.50,88,0.70,,0.00,6.10,45
2026-03-25 10:00:00,4.30,85,1.50,,0.00,6.60,45
2026-03-25 11:00:00,4.90,81,1.80,,0.00,8.70,48
2026-03-25 12:00:00,5.60,77,2.70,,0.00,7.80,56
2026-03-25 13:00:00,6.00,75,2.80,,0.00,9.30,62
2026-03-25 14:00:00,6.30,73,3.10,,0.00,9.00,53
2026-03-25 15:00:00,6.60,69,3.00,,0.00,11.00,41
2026-03-25 16:00:00,6.40,71,3.00,,0.10,9.90,46
2026-03-25 17:00:00,6.20,74,2.90,,0.10,9.90,46
2026-03-25 18:00:00,5.40,84,2.30,,0.30,9.80,66
2026-03-25 19:00:00,4.50,85,1.20,,0.20,10.50,82
2026-03-25 20:00:00,3.90,86,0.70,,0.30,9.30,62
2026-03-25 21:00:00,3.60,86,0.20,,0.50,10.70,50
2026-03-25 22:00:00,3.20,89,-0.30,,0.60,11.20,48
2026-03-25 23:00:00,2.90,91,-0.80,,0.50,12.10,37
2026-03-26 00:00:00,2.40,92,-1.20,,0.50,11.60,36
2026-03-26 01:00:00,2.20,93,-1.30,,0.40,10.90,34
2026-03-26 02:00:00,1.80,95,-1.60,,0.70,9.80,36
2026-03-26 03:00:00,1.90,95,-1.40,,0.50,9.70,27
2026-03-26 04:00:00,2.00,95,-1.40,,0.60,9.70,15
2026-03-26 05:00:00,2.10,94,-1.60,,0.70,11.50,360
2026-03-26 06:00:00,1.70,94,-1.90,,0.30,11.30,7
2026-03-26 07:00:00,1.60,94,-2.00,,0.20,11.00,11
2026-03-26 08:00:00,1.90,93,-1.90,,0.10,12.20,14
2026-03-26 09:00:00,2.30,93,-1.30,,0.00,10.90,8
2026-03-26 10:00:00,3.10,89,-0.50,,0.00,11.40,11
2026-03-26 11:00:00,3.70,88,0.10,,0.00,12.20,360
2026-03-26 12:00:00,4.10,88,0.70,,0.00,11.20,358
2026-03-26 13:00:00,4.60,85,1.10,,0.00,11.50,358
2026-03-26 14:00:00,5.00,84,1.50,,0.00,12.30,355
2026-03-26 15:00:00,5.50,82,2.10,,0.00,11.50,356
2026-03-26 16:00:00,5.70,80,2.30,,0.00,11.90,358
2026-03-26 17:00:00,5.90,78,2.50,,0.00,10.80,356
2026-03-26 18:00:00,5.80,78,2.70,,0.00,9.00,5
2026-03-26 19:00:00,5.00,83,2.30,,0.00,6.50,6
2026-03-26 20:00:00,4.10,87,1.50,,0.00,5.40,8
2026-03-26 21:00:00,3.30,89,0.70,,0.00,5.00,360
2026-03-26 22:00:00,2.90,89,0.20,,0.00,4.70,4
2026-03-26 23:00:00,2.40,88,-0.30,,0.00,4.00,10
2026-03-27 00:00:00,1.70,93,-1.00,,0.00,4.70,360
2026-03-27 01:00:00,1.20,95,-1.50,,0.00,4.00,355
2026-03-27 02:00:00,0.70,97,-2.00,,0.00,4.10,345
2026-03-27 03:00:00,0.70,98,-2.00,,0.00,4.00,350
2026-03-27 04:00:00,0.20,99,-2.50,,0.00,4.30,360
2026-03-27 05:00:00,-0.10,100,-2.80,,0.00,4.00,5
2026-03-27 06:00:00,-0.20,100,-3.10,,0.00,5.40,8
2026-03-27 07:00:00,-0.30,100,-3.10,,0.00,4.70,4
2026-03-27 08:00:00,0.10,99,-2.90,,0.00,5.80,7
2026-03-27 09:00:00,1.50,95,-1.40,,0.00,6.00,17
2026-03-27 10:00:00,3.10,89,0.30,,0.00,6.40,27
2026-03-27 11:00:00,4.80,84,2.00,,0.00,7.10,45
2026-03-27 12:00:00,5.90,77,2.90,,0.00,8.80,71
2026-03-27 13:00:00,6.90,70,3.60,,0.00,9.70,86
2026-03-27 14:00:00,7.50,68,4.30,,0.00,10.00,103
2026-03-27 15:00:00,7.70,68,4.50,,0.00,9.20,116
2026-03-27 16:00:00,8.00,65,4.70,,0.00,9.60,124
2026-03-27 17:00:00,7.80,67,4.60,,0.00,9.70,132
2026-03-27 18:00:00,7.70,67,4.60,,0.00,8.70,138
2026-03-27 19:00:00,6.60,72,3.80,,0.00,6.90,152
2026-03-27 20:00:00,5.40,78,2.50,,0.00,7.00,159
2026-03-27 21:00:00,4.10,79,0.90,,0.00,7.70,152
2026-03-27 22:00:00,3.50,82,0.30,,0.00,8.10,148
2026-03-27 23:00:00,2.90,85,-0.40,,0.00,8.40,149
2026-03-28 00:00:00,2.00,88,-1.30,,0.00,7.80,146
2026-03-28 01:00:00,1.70,89,-1.70,,0.00,8.20,142
2026-03-28 02:00:00,1.40,90,-2.00,,0.00,8.50,144
2026-03-28 03:00:00,1.20,91,-2.10,,0.00,7.70,152
2026-03-28 04:00:00,1.00,93,-2.30,,0.00,8.40,149
2026-03-28 05:00:00,1.00,94,-2.40,,0.00,8.70,150
2026-03-28 06:00:00,0.90,95,-2.50,,0.00,8.50,144
2026-03-28 07:00:00,1.00,96,-2.40,,0.00,9.20,141
2026-03-28 08:00:00,2.00,91,-1.60,,0.00,10.80,143
2026-03-28 09:00:00,3.80,88,0.60,,0.00,9.70,141
2026-03-28 10:00:00,6.10,82,2.80,,0.00,11.80,142
2026-03-28 11:00:00,7.50,80,4.20,,0.00,13.20,145
2026-03-28 12:00:00,8.70,75,5.40,,0.00,13.60,148
2026-03-28 13:00:00,9.40,71,6.00,,0.00,13.70,145
2026-03-28 14:00:00,10.40,66,6.90,,0.00,14.70,144
2026-03-28 15:00:00,11.10,56,7.10,,0.00,15.60,140
2026-03-28 16:00:00,11.20,59,7.40,,0.00,15.50,138
2026-03-28 17:00:00,11.50,58,7.80,,0.00,15.00,138
2026-03-28 18:00:00,11.90,56,8.20,,0.00,14.80,139
2026-03-28 19:00:00,11.40,56,7.80,,0.00,13.60,140
2026-03-28 20:00:00,11.10,57,7.50,,0.00,13.80,139
2026-03-28 21:00:00,11.10,56,7.40,,0.00,14.20,144
2026-03-28 22:00:00,10.80,56,6.80,,0.00,15.00,153
2026-03-28 23:00:00,10.50,55,6.40,,0.00,15.00,156
2026-03-29 00:00:00,10.10,56,6.20,,0.00,13.80,152
2026-03-29 01:00:00,9.50,59,5.70,,0.00,13.80,160
2026-03-29 02:00:00,9.00,64,5.40,,0.00,13.10,172
2026-03-29 03:00:00,9.20,66,5.80,,0.00,12.20,178
2026-03-29 04:00:00,9.00,74,5.90,,0.00,11.70,198
2026-03-29 05:00:00,8.10,83,5.50,,0.00,10.10,207
2026-03-29 06:00:00,7.20,91,4.70,,0.00,9.40,203
2026-03-29 07:00:00,6.80,94,4.30,,0.00,9.60,200
2026-03-29 08:00:00,7.50,91,5.10,,0.00,9.70,195
2026-03-29 09:00:00,9.30,84,6.80,,0.00,11.20,201
2026-03-29 10:00:00,11.30,75,8.50,,0.00,13.40,211
2026-03-29 11:00:00,13.00,66,10.30,,0.00,13.00,214
2026-03-29 12:00:00,14.30,58,11.40,,0.00,13.40,216
2026-03-29 13:00:00,13.00,69,10.40,,0.30,12.70,215
2026-03-29 14:00:00,12.30,75,10.10,,0.30,11.30,207
2026-03-29 15:00:00,12.00,75,10.30,,0.20,7.50,197
2026-03-29 16:00:00,11.80,77,10.30,,0.40,6.60,209
2026-03-29 17:00:00,10.90,84,9.70,,1.30,5.00,240
2026-03-29 18:00:00,10.10,91,8.80,,1.90,7.00,291
2026-03-29 19:00:00,9.60,91,7.90,,1.20,8.10,302
2026-03-29 20:00:00,8.90,92,7.20,,0.20,7.60,278
2026-03-29 21:00:00,8.20,94,6.30,,0.00,8.70,275
2026-03-29 22:00:00,8.20,95,6.10,,0.00,10.20,278
2026-03-29 23:00:00,8.10,94,5.70,,0.00,10.90,287
2026-03-30 00:00:00,7.80,94,5.50,,0.00,9.70,292
2026-03-30 01:00:00,7.20,96,5.20,,0.00,7.60,278
2026-03-30 02:00:00,6.70,96,4.70,,0.00,6.50,267
2026-03-30 03:00:00,6.00,97,4.10,,0.00,5.40,262
2026-03-30 04:00:00,5.40,95,3.40,,0.00,4.60,252
2026-03-30 05:00:00,4.90,94,2.80,,0.00,4.50,241
2026-03-30 06:00:00,4.30,94,2.20,,0.00,4.10,225
2026-03-30 07:00:00,4.30,92,2.10,,0.00,4.20,211
2026-03-30 08:00:00,5.40,90,3.20,,0.00,4.70,203
2026-03-30 09:00:00,7.60,86,5.40,,0.00,6.80,198
2026-03-30 10:00:00,9.70,77,7.30,,0.00,9.60,214
2026-03-30 11:00:00,11.90,71,9.60,,0.00,10.20,203
2026-03-30 12:00:00,15.00,54,12.40,,0.00,12.60,207
2026-03-30 13:00:00,16.30,48,13.50,,0.00,14.80,206
2026-03-30 14:00:00,17.20,44,14.10,,0.00,16.40,206
2026-03-30 15:00:00,17.60,40,13.80,,0.00,16.10,209
2026-03-30 16:00:00,17.40,42,13.90,,0.00,15.10,208
2026-03-30 17:00:00,17.20,43,13.90,,0.00,13.60,202
2026-03-30 18:00:00,17.00,44,14.00,,0.00,11.60,196
2026-03-30 19:00:00,15.80,49,13.10,,0.00,10.10,186
2026-03-30 20:00:00,14.50,56,11.90,,0.00,10.50,184
2026-03-30 21:00:00,13.70,58,11.10,,0.00,10.10,182
2026-03-30 22:00:00,12.70,63,10.30,,0.00,9.10,187
2026-03-30 23:00:00,11.90,64,9.40,,0.00,9.00,182
2026-03-31 00:00:00,11.80,64,9.50,,0.00,7.60,183
2026-03-31 01:00:00,11.40,65,9.00,,0.00,7.90,183
2026-03-31 02:00:00,11.20,66,8.80,,0.00,7.90,183
2026-03-31 03:00:00,10.80,68,8.80,,0.00,5.40,176
2026-03-31 04:00:00,10.40,69,8.30,,0.00,5.80,176
2026-03-31 05:00:00,10.10,71,8.10,,0.00,5.40,176
2026-03-31 06:00:00,9.40,75,7.40,,0.00,5.10,172
2026-03-31 07:00:00,9.40,77,7.40,,0.00,6.20,173
2026-03-31 08:00:00,10.50,74,8.30,,0.00,8.40,173
2026-03-31 09:00:00,12.20,70,10.00,,0.00,9.40,176
2026-03-31 10:00:00,14.50,64,12.40,,0.00,10.90,174
2026-03-31 11:00:00,16.90,59,15.10,,0.00,10.20,170
2026-03-31 12:00:00,19.40,52,17.90,,0.00,11.80,168
2026-03-31 13:00:00,21.40,47,19.90,,0.00,13.40,175
2026-03-31 14:00:00,22.70,43,21.10,,0.00,14.00,180
2026-03-31 15:00:00,23.30,41,21.50,,0.00,13.10,172
2026-03-31 16:00:00,23.30,41,21.20,,0.00,13.30,177
2026-03-31 17:00:00,22.90,42,20.80,,0.00,13.00,177
2026-03-31 18:00:00,22.10,46,20.30,,0.00,11.70,171
2026-03-31 19:00:00,20.00,53,18.70,,0.00,9.30,164
2026-03-31 20:00:00,18.00,58,16.50,,0.00,9.10,162
2026-03-31 21:00:00,17.30,57,15.60,,0.00,9.30,164
2026-03-31 22:00:00,16.50,55,14.20,,0.00,10.60,162
2026-03-31 23:00:00,15.80,53,13.10,,0.00,11.40,167
2026-04-01 00:00:00,15.30,51,12.60,,0.00,10.90,172
2026-04-01 01:00:00,14.70,52,11.80,,0.00,11.20,174
2026-04-01 02:00:00,14.00,55,11.20,,0.00,11.00,169
2026-04-01 03:00:00,13.00,55,10.10,,0.00,10.00,167
2026-04-01 04:00:00,12.10,56,9.00,,0.00,11.00,169
2026-04-01 05:00:00,11.30,59,8.10,,0.00,12.00,171
2026-04-01 06:00:00,10.80,62,7.60,,0.00,11.30,171
2026-04-01 07:00:00,10.40,66,7.20,,0.00,12.10,170
2026-04-01 08:00:00,11.00,65,7.80,,0.00,12.60,175
2026-04-01 09:00:00,12.10,64,9.00,,0.00,13.00,177
2026-04-01 10:00:00,13.50,60,10.30,,0.00,14.40,176
2026-04-01 11:00:00,15.10,58,12.30,,0.00,13.70,177
2026-04-01 12:00:00,17.50,54,14.80,,0.00,14.40,176
2026-04-01 13:00:00,18.40,53,15.90,,0.00,15.10,179
2026-04-01 14:00:00,19.60,52,17.10,,0.00,16.00,188
2026-04-01 15:00:00,20.90,48,18.60,,0.00,14.80,194
2026-04-01 16:00:00,21.40,49,19.50,,0.00,14.00,192
2026-04-01 17:00:00,21.30,50,19.50,,0.00,13.60,191
2026-04-01 18:00:00,21.00,49,19.20,,0.00,11.60,185
2026-04-01 19:00:00,19.30,56,17.90,,0.00,10.10,180
2026-04-01 20:00:00,17.60,63,16.20,,0.00,10.10,176
2026-04-01 21:00:00,16.70,64,15.20,,0.00,10.10,178
2026-04-01 22:00:00,15.70,69,14.40,,0.00,9.40,182
2026-04-01 23:00:00,14.90,72,13.60,,0.00,9.00,180
2026-04-02 00:00:00,14.50,71,13.00,,0.00,8.60,180
2026-04-02 01:00:00,14.10,74,12.70,,0.00,8.30,178
2026-04-02 02:00:00,13.80,75,12.50,,0.00,8.30,180
2026-04-02 03:00:00,13.40,75,12.10,,0.00,7.00,168
2026-04-02 04:00:00,13.10,77,11.80,,0.00,7.70,169
2026-04-02 05:00:00,12.70,79,11.20,,0.00,8.60,165
2026-04-02 06:00:00,12.10,81,10.50,,0.00,9.10,162
2026-04-02 07:00:00,12.10,81,10.40,,0.00,9.60,160
2026-04-02 08:00:00,12.90,76,11.00,,0.00,10.80,159
2026-04-02 09:00:00,14.10,72,12.30,,0.00,10.50,158
2026-04-02 10:00:00,15.90,63,13.90,,0.00,11.80,157
2026-04-02 11:00:00,17.40,58,15.30,,0.00,12.10,153
2026-04-02 12:00:00,19.70,50,17.50,,0.00,12.90,150
2026-04-02 13:00:00,20.80,47,18.40,,0.00,14.20,150
2026-04-02 14:00:00,22.10,45,20.10,,0.00,15.80,150
2026-04-02 15:00:00,23.20,40,20.50,,0.00,17.10,145
2026-04-02 16:00:00,23.50,40,20.60,,0.00,17.80,148
2026-04-02 17:00:00,23.40,39,20.30,,0.00,18.50,151
2026-04-02 18:00:00,23.20,41,20.20,,0.00,18.60,158
2026-04-02 19:00:00,21.80,45,19.00,,0.00,17.40,156
2026-04-02 20:00:00,20.50,48,17.80,,0.00,17.30,157
2026-04-02 21:00:00,19.90,44,16.90,,0.00,15.30,172
2026-04-02 22:00:00,19.10,46,16.20,,0.00,14.80,193
2026-04-02 23:00:00,17.20,69,15.20,,0.00,16.30,229
2026-04-03 00:00:00,14.10,64,10.50,,0.00,19.80,233
2026-04-03 01:00:00,12.20,63,8.60,,0.00,16.30,223
2026-04-03 02:00:00,11.20,71,8.20,,0.00,13.90,205
2026-04-03 03:00:00,10.70,76,7.80,,0.00,14.30,198
2026-04-03 04:00:00,10.30,73,6.20,,0.00,20.80,214
2026-04-03 05:00:00,9.60,73,5.20,,0.00,21.20,215
2026-04-03 06:00:00,8.80,74,4.20,,0.00,22.20,220
2026-04-03 07:00:00,8.30,72,3.60,,0.00,21.40,226
2026-04-03 08:00:00,8.30,75,3.00,,0.10,27.20,235
2026-04-03 09:00:00,9.00,75,4.30,,0.00,23.80,231
2026-04-03 10:00:00,10.20,67,4.90,,0.00,27.10,234
2026-04-03 11:00:00,10.40,68,5.20,,0.40,26.90,240
2026-04-03 12:00:00,10.80,70,6.10,,0.80,24.80,244
2026-04-03 13:00:00,12.10,61,7.40,,0.50,24.00,246
2026-04-03 14:00:00,11.80,65,7.10,,0.30,24.10,243
2026-04-03 15:00:00,12.20,63,7.80,,0.10,21.80,248
2026-04-03 16:00:00,12.70,58,8.50,,0.20,19.80,245
2026-04-03 17:00:00,12.70,55,8.30,,0.10,19.90,253
2026-04-03 18:00:00,12.00,59,7.60,,0.20,20.60,254
2026-04-03 19:00:00,10.90,66,7.30,,0.10,16.30,245
2026-04-03 20:00:00,10.40,70,7.40,,0.00,12.20,225
2026-04-03 21:00:00,10.10,69,6.50,,0.20,15.80,240
2026-04-03 22:00:00,9.80,72,6.60,,0.00,13.00,228
2026-04-03 23:00:00,9.80,71,6.40,,0.00,14.50,235
2026-04-04 00:00:00,9.40,72,6.20,,0.00,13.00,236
2026-04-04 01:00:00,9.20,74,6.30,,0.10,10.60,242
2026-04-04 02:00:00,8.90,77,6.30,,0.00,9.90,226
2026-04-04 03:00:00,8.60,78,6.00,,0.00,9.40,230
2026-04-04 04:00:00,8.20,81,5.50,,0.00,10.30,216
2026-04-04 05:00:00,7.80,81,4.50,,0.00,14.00,228
2026-04-04 06:00:00,7.00,68,3.00,,0.00,14.40,274
2026-04-04 07:00:00,5.80,71,1.70,,0.00,14.50,276
2026-04-04 08:00:00,5.20,77,1.50,,0.00,12.50,303
2026-04-04 09:00:00,5.30,77,1.80,,0.00,11.00,281
2026-04-04 10:00:00,5.80,64,1.80,,0.00,12.50,282
2026-04-04 11:00:00,6.10,66,2.20,,0.00,12.20,284
2026-04-04 12:00:00,5.60,73,1.80,,0.10,12.50,282
2026-04-04 13:00:00,5.30,72,1.50,,0.10,12.00,291
2026-04-04 14:00:00,5.10,75,1.00,,0.20,14.30,298
2026-04-04 15:00:00,5.70,68,1.90,,0.00,11.50,290
2026-04-04 16:00:00,4.80,66,0.70,,0.20,12.60,307
2026-04-04 17:00:00,5.10,67,1.30,,0.00,11.20,312
2026-04-04 18:00:00,4.40,77,0.80,,0.10,10.70,310
2026-04-04 19:00:00,3.70,72,-0.30,,0.00,11.90,325
2026-04-04 20:00:00,3.30,74,0.10,,0.00,6.50,341
2026-04-04 21:00:00,3.70,78,0.70,,0.00,5.60,315
2026-04-04 22:00:00,3.70,79,0.80,,0.00,5.40,312
2026-04-04 23:00:00,3.60,79,0.60,,0.00,5.90,313
2026-04-05 00:00:00,3.20,78,-0.00,,0.00,7.50,325
2026-04-05 01:00:00,2.90,78,0.00,,0.00,4.40,325
2026-04-05 02:00:00,2.60,80,-0.30,,0.00,5.00,330
2026-04-05 03:00:00,2.60,80,-0.40,,0.00,5.50,337
2026-04-05 04:00:00,1.80,84,-1.00,,0.00,4.10,345
2026-04-05 05:00:00,1.50,85,-1.30,,0.00,3.30,6
2026-04-05 06:00:00,1.60,85,-1.40,,0.00,4.70,32
2026-04-05 07:00:00,1.50,83,-1.50,,0.00,4.60,51
2026-04-05 08:00:00,2.20,75,-1.00,,0.00,5.20,56
2026-04-05 09:00:00,2.90,72,-0.30,,0.00,5.20,65
2026-04-05 10:00:00,4.20,66,1.40,,0.00,2.50,82
2026-04-05 11:00:00,5.00,62,2.50,,0.00,1.00,135
2026-04-05 12:00:00,5.40,62,2.80,,0.00,2.10,121
2026-04-05 13:00:00,6.50,59,4.10,,0.00,2.50,135
2026-04-05 14:00:00,7.40,54,5.00,,0.00,2.90,150
2026-04-05 15:00:00,8.60,49,5.80,,0.00,3.20,153
2026-04-05 16:00:00,9.00,51,6.00,,0.00,4.80,153
2026-04-05 17:00:00,9.10,52,6.00,,0.00,6.30,156
2026-04-05 18:00:00,9.50,47,6.20,,0.00,6.30,156
2026-04-05 19:00:00,8.50,53,5.50,,0.00,5.00,150
2026-04-05 20:00:00,7.30,59,4.50,,0.00,3.80,139
2026-04-05 21:00:00,7.00,60,4.00,,0.00,5.60,135
2026-04-05 22:00:00,6.90,61,3.60,,0.00,7.50,145
2026-04-05 23:00:00,6.80,64,3.50,,0.00,8.40,149
2026-04-06 00:00:00,6.50,66,3.20,,0.10,8.70,150
2026-04-06 01:00:00,6.30,71,3.10,,0.10,8.90,159
2026-04-06 02:00:00,6.10,74,2.70,,0.20,10.10,163
2026-04-06 03:00:00,6.20,73,2.90,,0.10,9.40,173
2026-04-06 04:00:00,6.20,74,2.90,,0.10,9.70,182
2026-04-06 05:00:00,6.00,75,2.90,,0.00,8.70,185
2026-04-06 06:00:00,5.90,76,3.10,,0.00,7.10,195
2026-04-06 07:00:00,6.00,78,3.40,,0.00,6.20,190
2026-04-06 08:00:00,6.90,77,4.40,,0.00,6.50,183
2026-04-06 09:00:00,8.20,78,5.80,,0.00,7.10,195
2026-04-06 10:00:00,10.10,76,7.90,,0.00,7.70,208
2026-04-06 11:00:00,11.80,76,10.00,,0.00,8.10,212
2026-04-06 12:00:00,14.10,68,12.30,,0.00,9.70,243
2026-04-06 13:00:00,15.10,64,13.60,,0.00,7.10,225
2026-04-06 14:00:00,15.90,59,14.10,,0.00,8.80,215
2026-04-06 15:00:00,16.30,53,13.90,,0.10,10.50,229
2026-04-06 16:00:00,16.20,54,14.20,,0.00,8.10,225
2026-04-06 17:00:00,16.40,52,14.30,,0.00,7.90,223
2026-04-06 18:00:00,16.10,55,14.60,,0.00,4.70,212
2026-04-06 19:00:00,15.30,61,14.40,,0.00,1.90,158
2026-04-06 20:00:00,13.80,68,12.50,,0.10,5.60,255
2026-04-06 21:00:00,12.80,72,11.50,,0.00,5.10,278
2026-04-06 22:00:00,11.80,79,10.70,,0.10,4.30,294
2026-04-06 23:00:00,11.40,82,10.60,,0.10,2.60,286
2026-04-07 00:00:00,11.30,83,10.60,,0.00,1.90,248
2026-04-07 01:00:00,11.00,84,10.40,,0.00,1.10,162
2026-04-07 02:00:00,10.70,85,9.70,,0.00,3.30,257
2026-04-07 03:00:00,10.20,88,9.30,,0.00,3.10,291
2026-04-07 04:00:00,10.00,89,9.20,,0.00,2.30,288
2026-04-07 05:00:00,9.40,91,8.50,,0.00,2.50,278
2026-04-07 06:00:00,8.90,93,7.90,,0.00,3.10,306
2026-04-07 07:00:00,8.70,94,7.70,,0.00,3.30,311
2026-04-07 08:00:00,9.90,93,8.90,,0.00,4.80,318
2026-04-07 09:00:00,11.30,88,10.10,,0.00,7.00,325
2026-04-07 10:00:00,12.70,81,11.70,,0.00,6.00,335
2026-04-07 11:00:00,13.90,77,13.20,,0.00,4.80,333
2026-04-07 12:00:00,14.10,76,13.10,,0.00,6.40,308
2026-04-07 13:00:00,14.60,73,13.50,,0.00,7.30,303
2026-04-07 14:00:00,16.00,61,14.90,,0.00,6.20,280
2026-04-07 15:00:00,16.00,60,14.50,,0.00,6.90,276
2026-04-07 16:00:00,16.10,60,14.50,,0.00,8.40,277
2026-04-07 17:00:00,15.70,60,14.00,,0.00,8.40,277
2026-04-07 18:00:00,16.00,61,14.50,,0.00,7.30,281
2026-04-07 19:00:00,14.80,68,13.60,,0.00,6.00,295
2026-04-07 20:00:00,13.60,75,13.00,,0.00,3.20,297
2026-04-07 21:00:00,12.60,75,11.80,,0.00,2.60,304
2026-04-07 22:00:00,11.80,78,10.80,,0.00,3.10,306
2026-04-07 23:00:00,10.80,82,9.80,,0.00,3.30,311
2026-04-08 00:00:00,9.60,87,8.70,,0.00,1.80,323
2026-04-08 01:00:00,9.40,88,8.60,,0.00,0.80,333
2026-04-08 02:00:00,8.70,91,8.00,,0.00,0.40,180
2026-04-08 03:00:00,8.10,95,7.20,,0.00,1.50,256
2026-04-08 04:00:00,7.70,97,6.70,,0.00,2.00,225
2026-04-08 05:00:00,7.50,97,6.20,,0.00,3.10,216
2026-04-08 06:00:00,6.80,99,5.50,,0.00,3.30,229
2026-04-08 07:00:00,6.80,100,5.50,,0.00,3.30,229
2026-04-08 08:00:00,7.30,100,6.00,,0.00,4.30,228
2026-04-08 09:00:00,9.50,96,8.30,,0.00,5.90,218
2026-04-08 10:00:00,12.10,83,10.80,,0.00,7.90,223
2026-04-08 11:00:00,14.40,74,13.00,,0.00,9.40,230
2026-04-08 12:00:00,17.00,60,15.70,,0.00,11.10,241
2026-04-08 13:00:00,18.10,55,17.10,,0.00,10.70,237
2026-04-08 14:00:00,19.20,53,18.20,,0.00,10.60,235
2026-04-08 15:00:00,20.10,47,18.90,,0.00,9.00,233
2026-04-08 16:00:00,20.40,43,18.40,,0.00,8.80,235
2026-04-08 17:00:00,20.20,44,18.30,,0.00,8.20,232
2026-04-08 18:00:00,20.10,46,18.70,,0.00,5.70,235
2026-04-08 19:00:00,18.50,56,17.90,,0.00,3.10,225
2026-04-08 20:00:00,17.40,57,16.80,,0.00,2.30,198
2026-04-08 21:00:00,16.80,55,15.70,,0.00,2.90,180
2026-04-08 22:00:00,16.10,54,14.80,,0.00,3.30,186
2026-04-08 23:00:00,15.50,54,14.00,,0.00,3.60,186
2026-04-09 00:00:00,14.60,57,13.10,,0.00,3.60,186
2026-04-09 01:00:00,14.20,61,12.80,,0.00,4.00,180
2026-04-09 02:00:00,13.70,64,12.30,,0.00,4.00,180
2026-04-09 03:00:00,13.10,66,11.70,,0.00,3.60,180
2026-04-09 04:00:00,12.60,67,11.10,,0.00,4.00,185
2026-04-09 05:00:00,12.20,69,10.70,,0.00,4.00,185
2026-04-09 06:00:00,11.50,73,10.10,,0.00,4.00,180
2026-04-09 07:00:00,11.40,74,10.00,,0.00,4.00,185
2026-04-09 08:00:00,12.70,72,11.50,,0.00,3.60,186
2026-04-09 09:00:00,15.20,61,13.80,,0.00,5.50,191
2026-04-09 10:00:00,17.70,53,16.10,,0.00,7.80,202
2026-04-09 11:00:00,20.00,46,18.50,,0.00,8.40,205
2026-04-09 12:00:00,22.50,39,21.30,,0.00,9.50,205
2026-04-09 13:00:00,23.50,34,21.80,,0.00,12.20,223
2026-04-09 14:00:00,23.90,33,22.20,,0.00,12.00,229
2026-04-09 15:00:00,24.20,31,22.20,,0.00,10.80,233
2026-04-09 16:00:00,24.10,30,21.50,,0.00,9.80,234
2026-04-09 17:00:00,23.60,33,21.40,,0.00,8.70,232
2026-04-09 18:00:00,23.50,34,21.60,,0.00,6.90,227
2026-04-09 19:00:00,21.40,44,20.50,,0.00,3.40,212
2026-04-09 20:00:00,19.80,47,18.80,,0.00,3.30,186
2026-04-09 21:00:00,18.60,48,17.40,,0.00,3.30,186
2026-04-09 22:00:00,17.60,49,16.30,,0.00,3.60,186
2026-04-09 23:00:00,16.90,50,15.40,,0.00,3.60,186
2026-04-10 00:00:00,15.60,54,14.20,,0.00,3.70,191
2026-04-10 01:00:00,14.90,57,13.50,,0.00,3.60,186
2026-04-10 02:00:00,14.40,59,12.90,,0.00,3.60,186
2026-04-10 03:00:00,13.40,63,11.90,,0.00,3.70,191
2026-04-10 04:00:00,13.10,63,11.60,,0.00,3.70,191
2026-04-10 05:00:00,12.70,64,11.10,,0.00,3.60,186
2026-04-10 06:00:00,11.90,68,10.40,,0.00,3.20,180
2026-04-10 07:00:00,11.90,68,10.40,,0.00,3.30,174
2026-04-10 08:00:00,13.50,68,12.40,,0.00,3.20,180
2026-04-10 09:00:00,16.90,58,15.90,,0.00,4.10,195
2026-04-10 10:00:00,19.40,50,18.20,,0.00,5.80,210
2026-04-10 11:00:00,21.70,45,20.90,,0.00,6.00,213
2026-04-10 12:00:00,24.00,36,23.20,,0.00,7.30,213
2026-04-10 13:00:00,25.00,32,23.80,,0.00,9.70,222
2026-04-10 14:00:00,25.40,31,24.00,,0.00,10.20,231
2026-04-10 15:00:00,25.30,31,23.80,,0.00,9.10,236
2026-04-10 16:00:00,25.20,32,23.20,,0.00,8.50,242
2026-04-10 17:00:00,24.70,33,22.90,,0.00,7.30,250
2026-04-10 18:00:00,24.40,32,22.80,,0.00,5.30,242
2026-04-10 19:00:00,22.40,42,21.70,,0.00,2.60,236
2026-04-10 20:00:00,20.80,43,19.90,,0.00,2.30,231
2026-04-10 21:00:00,19.20,44,18.00,,0.00,2.20,189
2026-04-10 22:00:00,18.20,45,16.80,,0.00,2.60,196
2026-04-10 23:00:00,17.50,46,15.90,,0.00,3.10,201
2026-04-11 00:00:00,16.90,52,15.50,,0.00,3.70,209
2026-04-11 01:00:00,16.50,53,15.20,,0.00,3.40,212
2026-04-11 02:00:00,15.90,55,14.50,,0.00,3.60,217
2026-04-11 03:00:00,15.10,58,13.80,,0.00,3.60,217
2026-04-11 04:00:00,14.60,59,13.20,,0.00,3.90,214
2026-04-11 05:00:00,14.20,60,12.60,,0.00,4.40,215
2026-04-11 06:00:00,13.50,64,12.10,,0.00,4.20,211
2026-04-11 07:00:00,13.60,66,12.40,,0.00,3.90,202
2026-04-11 08:00:00,15.20,65,14.20,,0.00,4.20,211
2026-04-11 09:00:00,17.50,57,16.20,,0.00,7.10,246
2026-04-11 10:00:00,19.60,50,18.30,,0.00,7.20,252
2026-04-11 11:00:00,21.50,46,20.20,,0.00,7.80,248
2026-04-11 12:00:00,23.20,42,21.90,,0.00,10.50,262
2026-04-11 13:00:00,23.40,42,22.00,,0.00,12.60,283
2026-04-11 14:00:00,23.10,46,21.50,,0.00,13.10,307
2026-04-11 15:00:00,23.20,45,21.40,,0.00,14.00,314
2026-04-11 16:00:00,22.10,48,20.30,,0.00,13.50,316
2026-04-11 17:00:00,21.20,49,19.30,,0.00,13.50,318
2026-04-11 18:00:00,20.80,46,18.80,,0.00,11.20,318
2026-04-11 19:00:00,19.20,48,17.40,,0.00,8.40,310
2026-04-11 20:00:00,16.80,55,15.10,,0.00,7.40,317
2026-04-11 21:00:00,15.40,58,13.70,,0.00,6.70,324
2026-04-11 22:00:00,14.00,61,12.10,,0.00,7.50,325
2026-04-11 23:00:00,12.90,58,10.50,,0.00,7.30,327
2026-04-12 00:00:00,11.70,54,9.00,,0.00,6.60,331
2026-04-12 01:00:00,10.70,54,8.00,,0.00,5.30,332
2026-04-12 02:00:00,10.10,53,7.60,,0.00,3.80,319
2026-04-12 03:00:00,9.70,54,7.10,,0.00,3.60,307
2026-04-12 04:00:00,9.00,56,6.30,,0.00,4.20,301
2026-04-12 05:00:00,8.30,62,5.70,,0.00,4.70,302
2026-04-12 06:00:00,7.60,67,5.10,,0.00,4.80,297
2026-04-12 07:00:00,7.60,67,5.00,,0.00,5.60,297
2026-04-12 08:00:00,9.30,61,6.30,,0.00,8.10,302
2026-04-12 09:00:00,11.60,55,8.50,,0.00,9.90,303
2026-04-12 10:00:00,13.70,48,10.40,,0.00,11.00,302
2026-04-12 11:00:00,15.30,34,11.50,,0.00,13.20,305
2026-04-12 12:00:00,16.50,34,13.20,,0.00,13.40,301
2026-04-12 13:00:00,16.70,38,13.20,,0.00,13.90,295
2026-04-12 14:00:00,17.80,40,14.80,,0.00,14.90,285
2026-04-12 15:00:00,18.30,40,15.00,,0.00,16.40,289
2026-04-12 16:00:00,18.00,44,14.40,,0.00,17.20,299
2026-04-12 17:00:00,18.00,44,14.60,,0.00,15.70,302
2026-04-12 18:00:00,17.90,45,14.70,,0.00,15.10,308
2026-04-12 19:00:00,16.90,46,13.90,,0.00,12.30,310
2026-04-12 20:00:00,15.00,56,12.70,,0.00,9.40,310
2026-04-12 21:00:00,13.60,60,11.50,,0.00,7.30,290
2026-04-12 22:00:00,12.50,65,10.30,,0.00,7.90,300
2026-04-12 23:00:00,11.50,69,9.40,,0.00,7.60,295
2026-04-13 00:00:00,10.90,70,8.80,,0.00,6.60,292
2026-04-13 01:00:00,10.20,74,8.30,,0.00,6.20,280
2026-04-13 02:00:00,9.70,77,7.80,,0.00,5.80,277
2026-04-13 03:00:00,9.40,78,7.50,,0.00,5.40,274
2026-04-13 04:00:00,8.90,79,7.00,,0.00,5.80,274
2026-04-13 05:00:00,8.50,81,6.50,,0.00,5.80,274
2026-04-13 06:00:00,8.10,81,6.10,,0.00,5.10,278
2026-04-13 07:00:00,8.50,80,6.60,,0.00,5.10,274
2026-04-13 08:00:00,10.00,74,8.00,,0.00,5.80,270
2026-04-13 09:00:00,11.20,71,9.00,,0.00,8.30,265
2026-04-13 10:00:00,13.00,63,10.60,,0.00,9.40,272
2026-04-13 11:00:00,14.00,57,11.30,,0.10,10.90,278
2026-04-13 12:00:00,14.50,50,11.20,,0.00,12.90,288
2026-04-13 13:00:00,14.40,52,11.20,,0.00,12.60,290
2026-04-13 14:00:00,15.10,48,11.80,,0.00,12.90,300
2026-04-13 15:00:00,15.20,48,12.00,,0.00,12.40,300
2026-04-13 16:00:00,14.60,55,12.00,,0.00,10.00,296
2026-04-13 17:00:00,14.90,54,12.60,,0.00,7.90,286
2026-04-13 18:00:00,15.50,52,13.40,,0.00,6.50,267
2026-04-13 19:00:00,14.40,55,12.10,,0.00,7.50,253
2026-04-13 20:00:00,12.80,69,11.20,,0.20,6.10,242
2026-04-13 21:00:00,12.00,74,10.60,,0.10,5.10,262
2026-04-13 22:00:00,11.20,84,10.10,,0.00,5.40,274
2026-04-13 23:00:00,10.70,90,9.60,,0.00,5.90,281
2026-04-14 00:00:00,10.40,92,9.20,,0.00,6.40,286
2026-04-14 01:00:00,10.20,93,9.10,,0.00,5.60,285
2026-04-14 02:00:00,10.30,93,9.10,,0.00,6.30,283
2026-04-14 03:00:00,10.30,91,9.00,,0.00,6.80,295
2026-04-14 04:00:00,10.00,92,8.80,,0.00,6.00,295
2026-04-14 05:00:00,9.50,92,8.10,,0.00,6.40,297
2026-04-14 06:00:00,9.20,92,7.80,,0.00,6.30,283
2026-04-14 07:00:00,9.30,93,7.90,,0.00,6.30,283
2026-04-14 08:00:00,10.50,88,9.10,,0.00,7.20,276
2026-04-14 09:00:00,12.30,80,10.90,,0.00,7.20,276
2026-04-14 10:00:00,13.70,70,11.80,,0.00,9.80,262
2026-04-14 11:00:00,14.90,59,12.10,,0.00,13.20,259
2026-04-14 12:00:00,15.60,56,12.70,,0.00,13.90,253
2026-04-14 13:00:00,16.40,51,13.30,,0.00,14.80,252
2026-04-14 14:00:00,16.70,51,13.50,,0.00,16.00,247
2026-04-14 15:00:00,17.40,48,14.20,,0.00,15.30,243
2026-04-14 16:00:00,17.50,49,14.50,,0.00,14.80,244
2026-04-14 17:00:00,17.70,49,15.10,,0.00,11.90,241
2026-04-14 18:00:00,17.20,51,14.90,,0.00,10.00,232
2026-04-14 19:00:00,16.40,57,14.80,,0.00,6.90,208
2026-04-14 20:00:00,15.70,59,13.80,,0.00,8.80,192
2026-04-14 21:00:00,14.90,63,13.10,,0.30,8.60,213
2026-04-14 22:00:00,13.40,79,11.60,,2.50,12.40,240
2026-04-14 23:00:00,13.10,82,11.20,,0.00,13.60,258
2026-04-15 00:00:00,12.80,91,11.30,,0.00,13.00,276
2026-04-15 01:00:00,12.50,87,11.00,,0.60,11.60,277
2026-04-15 02:00:00,12.10,85,10.10,,0.00,13.50,279
2026-04-15 03:00:00,11.20,66,7.90,,0.00,14.00,312
2026-04-15 04:00:00,9.30,51,5.00,,0.00,14.10,302
2026-04-15 05:00:00,7.40,46,3.30,,0.00,10.60,298
2026-04-15 06:00:00,5.80,59,2.60,,0.00,6.10,267
2026-04-15 07:00:00,6.00,67,2.70,,0.00,7.90,246
2026-04-15 08:00:00,7.70,69,4.00,,0.00,13.10,261
2026-04-15 09:00:00,9.40,52,5.20,,0.00,14.40,270
2026-04-15 10:00:00,11.00,45,6.50,,0.00,15.30,261
2026-04-15 11:00:00,12.50,43,8.20,,0.00,17.90,261
2026-04-15 12:00:00,12.70,44,7.60,,0.00,21.00,265
2026-04-15 13:00:00,12.80,44,7.80,,0.00,21.00,258
2026-04-15 14:00:00,13.60,41,8.70,,0.00,19.60,253
2026-04-15 15:00:00,13.60,39,8.50,,0.00,20.20,259
2026-04-15 16:00:00,13.30,40,8.50,,0.00,18.70,254
2026-04-15 17:00:00,12.80,41,8.20,,0.00,16.80,260
2026-04-15 18:00:00,12.10,50,7.50,,0.00,18.60,248
2026-04-15 19:00:00,10.90,57,7.10,,0.00,14.10,255
2026-04-15 20:00:00,9.90,61,6.50,,0.00,11.60,254
2026-04-15 21:00:00,9.10,63,5.70,,0.00,11.00,259
2026-04-15 22:00:00,8.20,65,5.20,,0.00,8.10,257
2026-04-15 23:00:00,7.10,70,4.20,,0.00,6.90,242
2026-04-16 00:00:00,5.90,75,3.20,,0.00,5.50,247
2026-04-16 01:00:00,5.70,77,3.20,,0.00,5.00,249
2026-04-16 02:00:00,5.60,78,3.20,,0.00,4.30,228
2026-04-16 03:00:00,5.20,81,3.10,,0.00,2.40,243
2026-04-16 04:00:00,5.10,82,3.00,,0.00,2.60,214
2026-04-16 05:00:00,5.10,82,2.90,,0.00,2.70,203
2026-04-16 06:00:00,4.50,85,2.30,,0.00,2.90,180
2026-04-16 07:00:00,4.90,85,2.90,,0.00,2.50,180
2026-04-16 08:00:00,5.80,83,3.60,,0.00,4.00,207
2026-04-16 09:00:00,7.40,81,5.40,,0.00,4.00,175
2026-04-16 10:00:00,9.20,71,6.90,,0.00,6.10,177
2026-04-16 11:00:00,10.60,64,7.90,,0.00,8.70,187
2026-04-16 12:00:00,11.50,58,8.50,,0.00,9.70,195
2026-04-16 13:00:00,11.90,61,9.20,,0.00,9.40,180
2026-04-16 14:00:00,12.20,63,9.60,,0.00,10.10,184
2026-04-16 15:00:00,13.30,60,10.80,,0.00,9.70,195
2026-04-16 16:00:00,13.70,64,11.30,,0.00,11.00,212
2026-04-16 17:00:00,14.20,66,12.30,,0.00,8.90,207
2026-04-16 18:00:00,14.80,65,13.10,,0.00,8.70,204
2026-04-16 19:00:00,14.30,68,12.90,,0.00,6.80,198
2026-04-16 20:00:00,13.60,72,12.40,,0.00,5.40,184
2026-04-16 21:00:00,13.30,74,12.40,,0.00,3.30,167
2026-04-16 22:00:00,12.90,76,11.80,,0.00,5.00,180
2026-04-16 23:00:00,12.60,79,11.50,,0.10,5.40,172
2026-04-17 00:00:00,12.30,84,11.30,,0.10,6.10,180
2026-04-17 01:00:00,11.80,88,11.00,,0.10,5.50,203
2026-04-17 02:00:00,11.50,91,11.00,,0.30,3.90,248
2026-04-17 03:00:00,11.20,95,10.90,,0.00,2.90,330
2026-04-17 04:00:00,10.90,97,10.40,,0.30,4.70,4
2026-04-17 05:00:00,10.50,94,8.70,,3.20,11.40,336
2026-04-17 06:00:00,9.20,92,6.90,,1.70,12.10,348
2026-04-17 07:00:00,8.90,90,6.30,,2.80,13.00,360
2026-04-17 08:00:00,8.10,87,5.60,,0.60,10.80,30
2026-04-17 09:00:00,7.40,91,5.10,,2.00,9.40,358
2026-04-17 10:00:00,7.50,89,5.00,,0.90,9.40,360
2026-04-17 11:00:00,7.60,88,5.10,,1.60,9.70,360
2026-04-17 12:00:00,7.60,88,5.40,,2.00,7.60,355
2026-04-17 13:00:00,7.50,88,4.90,,2.40,10.20,350
2026-04-17 14:00:00,7.20,80,3.70,,1.90,13.80,351
2026-04-17 15:00:00,8.10,82,5.40,,0.80,10.00,345
2026-04-17 16:00:00,8.10,79,5.70,,0.90,8.00,350
2026-04-17 17:00:00,8.30,79,6.00,,0.50,6.90,354
2026-04-17 18:00:00,8.60,78,6.40,,0.10,6.60,351
2026-04-17 19:00:00,8.40,79,6.30,,0.00,5.40,356
2026-04-17 20:00:00,8.00,83,6.30,,0.00,3.60,6
2026-04-17 21:00:00,7.60,85,6.00,,0.00,2.60,16
2026-04-17 22:00:00,7.50,86,5.90,,0.00,2.60,34
2026-04-17 23:00:00,7.30,87,5.80,,0.00,2.60,34
2026-04-18 00:00:00,7.40,87,5.60,,0.00,4.60,18
2026-04-18 01:00:00,7.40,86,5.50,,0.10,4.90,17
2026-04-18 02:00:00,7.30,88,5.60,,0.50,3.90,56
2026-04-18 03:00:00,7.10,90,5.00,,0.90,7.20,27
2026-04-18 04:00:00,7.00,89,4.90,,0.10,6.80,25
2026-04-18 05:00:00,7.10,88,4.80,,0.00,7.60,25
2026-04-18 06:00:00,7.20,88,5.00,,0.00,7.30,20
2026-04-18 07:00:00,7.30,88,5.00,,0.00,8.00,27
2026-04-18 08:00:00,7.40,88,5.00,,0.10,9.00,23
2026-04-18 09:00:00,7.60,89,5.10,,0.20,10.00,21
2026-04-18 10:00:00,7.70,90,5.20,,1.20,10.30,25
2026-04-18 11:00:00,8.10,89,5.70,,0.40,9.80,28
2026-04-18 12:00:00,8.10,90,5.70,,0.70,10.80,26
2026-04-18 13:00:00,8.30,90,5.80,,0.50,11.30,37
2026-04-18 14:00:00,8.40,91,5.90,,1.40,11.70,47
2026-04-18 15:00:00,8.40,92,6.20,,0.40,10.50,52
2026-04-18 16:00:00,8.60,93,6.20,,0.10,11.60,60
2026-04-18 17:00:00,8.60,95,6.10,,0.20,13.40,63
2026-04-18 18:00:00,9.00,95,6.40,,0.00,14.30,65
2026-04-18 19:00:00,9.40,97,8.40,,0.50,4.90,36
2026-04-18 20:00:00,9.00,97,7.50,,4.00,7.60,329
2026-04-18 21:00:00,9.20,99,8.70,,7.80,1.60,297
2026-04-18 22:00:00,9.20,99,8.40,,1.00,3.80,131
2026-04-18 23:00:00,9.90,97,8.60,,0.00,7.80,193
2026-04-19 00:00:00,9.50,100,7.80,,0.00,10.90,207
2026-04-19 01:00:00,8.70,98,6.50,,0.00,11.60,210
2026-04-19 02:00:00,8.30,97,5.80,,0.00,12.90,207
2026-04-19 03:00:00,7.90,96,4.90,,0.00,16.00,211
2026-04-19 04:00:00,7.80,94,4.70,,0.10,15.60,214
2026-04-19 05:00:00,7.30,92,3.90,,0.10,16.60,214
2026-04-19 06:00:00,6.60,92,2.70,,0.30,18.30,223
2026-04-19 07:00:00,6.10,91,2.30,,0.30,17.30,225
2026-04-19 08:00:00,6.00,89,2.00,,0.30,18.10,227
2026-04-19 09:00:00,6.10,87,1.80,,0.20,19.30,233
2026-04-19 10:00:00,6.30,84,1.90,,0.20,19.90,235
2026-04-19 11:00:00,6.40,83,1.80,,0.20,21.00,239
2026-04-19 12:00:00,6.30,84,1.90,,0.10,20.20,239
2026-04-19 13:00:00,6.90,82,2.10,,0.20,22.60,245
2026-04-19 14:00:00,7.10,79,2.30,,0.20,22.80,249
2026-04-19 15:00:00,8.70,69,3.80,,0.00,23.10,256
2026-04-19 16:00:00,8.70,71,4.00,,0.00,22.40,246
2026-04-19 17:00:00,8.30,80,4.40,,0.40,18.40,244
2026-04-19 18:00:00,7.90,79,4.20,,0.30,15.80,246
2026-04-19 19:00:00,7.10,83,3.80,,0.30,13.40,234
2026-04-19 20:00:00,6.40,85,3.50,,0.00,10.50,229
2026-04-19 21:00:00,5.70,87,3.10,,0.00,7.70,229
2026-04-19 22:00:00,5.30,90,2.70,,0.00,7.40,223
2026-04-19 23:00:00,4.70,91,2.10,,0.00,7.00,215
2026-04-20 00:00:00,4.10,91,1.30,,0.00,7.60,211
2026-04-20 01:00:00,4.10,90,1.20,,0.00,7.90,210
2026-04-20 02:00:00,3.90,88,1.00,,0.00,7.90,204
2026-04-20 03:00:00,3.20,90,0.30,,0.00,7.30,200
2026-04-20 04:00:00,2.70,91,-0.20,,0.00,6.80,198
2026-04-20 05:00:00,2.30,92,-0.60,,0.00,6.40,196
2026-04-20 06:00:00,1.80,93,-1.10,,0.00,5.90,194
2026-04-20 07:00:00,2.50,90,-0.40,,0.00,6.20,190
2026-04-20 08:00:00,4.20,84,1.20,,0.00,8.00,190
2026-04-20 09:00:00,6.40,78,3.70,,0.00,7.30,191
2026-04-20 10:00:00,8.30,71,5.80,,0.00,6.90,189
2026-04-20 11:00:00,9.90,60,7.70,,0.00,7.50,197
2026-04-20 12:00:00,11.40,48,8.90,,0.00,8.00,188
2026-04-20 13:00:00,11.80,44,8.90,,0.00,7.70,169
2026-04-20 14:00:00,12.30,43,9.40,,0.00,7.90,156
2026-04-20 15:00:00,13.00,36,9.80,,0.00,7.20,143
2026-04-20 16:00:00,13.10,38,9.70,,0.00,7.90,137
2026-04-20 17:00:00,12.70,39,9.30,,0.00,7.90,133
2026-04-20 18:00:00,12.40,41,9.20,,0.00,7.20,127
2026-04-20 19:00:00,11.40,50,8.80,,0.00,4.30,90
2026-04-20 20:00:00,10.10,54,7.50,,0.00,4.40,55
2026-04-20 21:00:00,9.40,57,6.80,,0.00,4.60,45
2026-04-20 22:00:00,8.90,58,6.00,,0.00,6.30,31
2026-04-20 23:00:00,8.70,56,5.30,,0.00,9.00,37
2026-04-21 00:00:00,8.70,58,5.40,,0.00,9.20,51
2026-04-21 01:00:00,8.00,71,5.10,,0.60,9.20,69
2026-04-21 02:00:00,7.40,81,4.50,,0.80,10.50,52
2026-04-21 03:00:00,7.20,89,4.10,,1.70,13.20,55
2026-04-21 04:00:00,7.40,86,3.60,,1.00,17.80,43
2026-04-21 05:00:00,7.50,86,3.50,,0.30,19.20,40
2026-04-21 06:00:00,7.90,85,3.00,,1.10,26.00,44
2026-04-21 07:00:00,7.90,85,3.20,,2.20,24.00,50
2026-04-21 08:00:00,8.10,84,3.80,,3.30,22.20,63
2026-04-21 09:00:00,8.60,84,4.70,,0.70,19.90,70
2026-04-21 10:00:00,9.20,83,5.70,,0.80,17.20,79
2026-04-21 11:00:00,9.40,85,6.40,,1.10,15.20,85
2026-04-21 12:00:00,11.10,80,8.40,,0.60,14.80,84
2026-04-21 13:00:00,12.70,76,9.80,,0.00,17.20,116
2026-04-21 14:00:00,14.70,73,12.10,,0.00,17.80,138
2026-04-21 15:00:00,16.10,72,14.80,,0.00,11.20,90
2026-04-21 16:00:00,17.30,68,16.00,,0.00,11.90,92
2026-04-21 17:00:00,17.40,69,16.20,,0.00,11.90,95
2026-04-21 18:00:00,16.70,72,15.50,,1.30,11.80,117
2026-04-21 19:00:00,15.80,79,15.00,,0.10,9.70,88
2026-04-21 20:00:00,14.70,79,13.30,,0.00,11.30,83
2026-04-21 21:00:00,13.40,85,12.40,,0.30,8.20,139
2026-04-21 22:00:00,13.10,83,11.70,,0.10,10.10,145
2026-04-21 23:00:00,12.60,82,10.80,,0.00,12.10,143
2026-04-22 00:00:00,11.90,77,9.10,,0.00,15.80,135
2026-04-22 01:00:00,10.70,77,7.50,,0.00,16.30,137
2026-04-22 02:00:00,9.70,81,6.80,,0.20,14.00,136
2026-04-22 03:00:00,9.10,86,6.30,,0.40,13.20,137
2026-04-22 04:00:00,8.50,86,6.00,,0.20,10.90,136
2026-04-22 05:00:00,8.40,87,6.10,,0.00,8.90,148
2026-04-22 06:00:00,8.30,91,6.20,,0.00,9.00,180
2026-04-22 07:00:00,6.50,88,2.00,,0.60,21.40,243
2026-04-22 08:00:00,6.10,86,1.60,,0.20,20.80,236
2026-04-22 09:00:00,5.80,86,1.30,,0.10,20.00,236
2026-04-22 10:00:00,6.30,85,2.10,,0.10,18.70,232
2026-04-22 11:00:00,6.80,83,2.40,,0.10,20.20,229
2026-04-22 12:00:00,6.80,82,2.50,,0.10,19.90,228
2026-04-22 13:00:00,7.40,81,3.10,,0.20,20.60,226
2026-04-22 14:00:00,7.90,78,3.70,,0.00,19.80,233
2026-04-22 15:00:00,8.80,73,4.60,,0.00,18.80,238
2026-04-22 16:00:00,9.10,74,5.50,,0.00,15.40,237
2026-04-22 17:00:00,9.40,69,5.60,,0.00,16.40,241
2026-04-22 18:00:00,9.50,68,6.20,,0.00,12.70,241
2026-04-22 19:00:00,9.00,73,6.40,,0.00,8.00,234
2026-04-22 20:00:00,7.80,80,5.70,,0.00,5.10,225
2026-04-22 21:00:00,7.20,79,5.20,,0.00,3.70,209
2026-04-22 22:00:00,6.50,80,4.50,,0.00,3.20,207
2026-04-22 23:00:00,6.30,78,4.20,,0.00,2.70,203
2026-04-23 00:00:00,6.30,78,4.30,,0.00,2.60,196
2026-04-23 01:00:00,6.10,79,4.10,,0.00,2.50,180
2026-04-23 02:00:00,5.90,80,3.80,,0.00,3.00,166
2026-04-23 03:00:00,5.70,84,3.70,,0.00,2.50,172
2026-04-23 04:00:00,5.70,84,3.70,,0.00,2.50,172
2026-04-23 05:00:00,5.60,85,3.60,,0.00,3.00,166
2026-04-23 06:00:00,5.70,88,3.90,,0.00,2.50,188
2026-04-23 07:00:00,6.20,88,4.30,,0.00,3.30,186
2026-04-23 08:00:00,7.60,85,5.80,,0.00,4.30,185
2026-04-23 09:00:00,9.20,78,7.30,,0.00,5.80,187
2026-04-23 10:00:00,10.80,72,8.60,,0.00,7.80,202
2026-04-23 11:00:00,11.10,63,8.40,,0.00,9.30,216
2026-04-23 12:00:00,11.40,60,8.40,,0.00,10.50,229
2026-04-23 13:00:00,12.00,60,9.00,,0.00,11.50,221
2026-04-23 14:00:00,13.10,54,9.70,,0.00,13.80,229
2026-04-23 15:00:00,13.80,52,10.60,,0.00,12.50,229
2026-04-23 16:00:00,13.40,56,10.40,,0.00,11.90,235
2026-04-23 17:00:00,12.60,66,10.20,,0.00,9.90,251
2026-04-23 18:00:00,12.70,63,10.80,,0.00,5.80,270
2026-04-23 19:00:00,11.80,69,10.40,,0.00,3.30,319
2026-04-23 20:00:00,10.50,74,9.10,,0.00,2.90,7
2026-04-23 21:00:00,9.20,81,7.70,,0.00,3.30,41
2026-04-23 22:00:00,8.50,82,6.70,,0.00,4.40,55
2026-04-23 23:00:00,8.00,84,6.10,,0.00,5.30,62
2026-04-24 00:00:00,7.10,91,5.10,,0.00,6.20,69
2026-04-24 01:00:00,6.80,90,4.50,,0.00,7.40,76
2026-04-24 02:00:00,6.60,89,4.10,,0.00,8.40,83
2026-04-24 03:00:00,6.70,89,4.40,,0.00,6.80,90
2026-04-24 04:00:00,6.80,87,4.50,,0.00,6.90,99
2026-04-24 05:00:00,7.10,83,4.30,,0.00,9.50,99
2026-04-24 06:00:00,7.40,81,4.70,,0.00,8.90,104
2026-04-24 07:00:00,7.90,79,5.10,,0.00,9.70,105
2026-04-24 08:00:00,8.70,76,5.70,,0.00,11.90,104
2026-04-24 09:00:00,9.80,71,6.70,,0.00,12.40,98
2026-04-24 10:00:00,10.50,69,7.20,,0.00,14.00,102
2026-04-24 11:00:00,11.10,68,7.50,,0.10,16.80,113
2026-04-24 12:00:00,9.80,74,6.40,,1.20,15.10,108
2026-04-24 13:00:00,10.20,75,6.50,,0.30,18.60,108
2026-04-24 14:00:00,10.30,76,6.60,,0.00,19.00,105
2026-04-24 15:00:00,10.90,76,7.10,,0.00,20.40,104
2026-04-24 16:00:00,10.20,79,6.50,,0.20,19.80,102
2026-04-24 17:00:00,9.60,85,6.10,,2.00,18.70,113
2026-04-24 18:00:00,9.20,88,5.50,,1.00,20.60,102
2026-04-24 19:00:00,9.20,88,5.70,,0.30,19.00,115
2026-04-24 20:00:00,9.40,87,6.10,,0.00,17.90,124
2026-04-24 21:00:00,9.90,89,7.00,,0.10,16.50,113
2026-04-24 22:00:00,9.90,90,7.40,,0.80,14.30,124
2026-04-24 23:00:00,10.30,90,8.00,,0.00,13.30,131
2026-04-25 00:00:00,10.70,88,8.90,,0.00,10.20,141
2026-04-25 01:00:00,10.50,90,8.90,,0.00,9.00,151
2026-04-25 02:00:00,10.30,92,9.00,,0.00,7.20,162
2026-04-25 03:00:00,10.40,91,9.30,,0.00,5.50,169
2026-04-25 04:00:00,9.80,94,8.80,,0.00,4.80,207
2026-04-25 05:00:00,9.40,95,8.50,,0.00,3.60,225
2026-04-25 06:00:00,8.90,95,7.90,,0.00,3.30,229
2026-04-25 07:00:00,9.40,95,8.50,,0.00,3.30,221
2026-04-25 08:00:00,11.20,92,10.50,,0.00,4.30,228
2026-04-25 09:00:00,12.50,88,11.90,,0.00,4.70,212
2026-04-25 10:00:00,14.30,81,14.00,,0.00,4.50,209
2026-04-25 11:00:00,15.80,75,16.00,,0.00,4.80,222
2026-04-25 12:00:00,16.60,69,16.90,,0.00,4.70,247
2026-04-25 13:00:00,17.40,63,17.30,,0.00,4.60,252
2026-04-25 14:00:00,18.10,60,18.40,,0.00,3.30,257
2026-04-25 15:00:00,18.40,57,18.20,,0.00,1.90,248
2026-04-25 16:00:00,18.50,56,18.00,,0.00,2.10,301
2026-04-25 17:00:00,18.40,55,17.70,,0.00,2.90,330
2026-04-25 18:00:00,18.50,55,17.90,,0.00,2.80,40
2026-04-25 19:00:00,17.40,65,17.20,,0.00,3.30,41
2026-04-25 20:00:00,15.80,68,15.20,,0.00,4.30,66
2026-04-25 21:00:00,14.10,75,13.30,,0.00,4.80,42
2026-04-25 22:00:00,13.40,78,12.50,,0.00,5.10,51
2026-04-25 23:00:00,12.90,78,12.00,,0.00,4.70,58
2026-04-26 00:00:00,12.60,78,11.60,,0.00,4.60,51
2026-04-26 01:00:00,12.10,81,11.00,,0.00,5.50,58
2026-04-26 02:00:00,11.60,83,10.40,,0.00,5.50,58
2026-04-26 03:00:00,11.20,83,10.10,,0.00,4.70,58
2026-04-26 04:00:00,11.10,84,10.10,,0.00,4.10,75
2026-04-26 05:00:00,11.00,84,10.00,,0.00,4.00,90
2026-04-26 06:00:00,10.80,84,9.80,,0.00,3.50,114
2026-04-26 07:00:00,11.80,82,11.20,,0.00,2.30,141
2026-04-26 08:00:00,13.40,81,12.90,,0.00,3.90,158
2026-04-26 09:00:00,15.10,78,14.80,,0.00,4.70,176
2026-04-26 10:00:00,16.00,75,15.50,,0.00,6.80,177
2026-04-26 11:00:00,16.40,76,15.70,,0.00,9.40,180
2026-04-26 12:00:00,17.40,72,16.70,,0.00,9.10,198
2026-04-26 13:00:00,18.00,72,17.60,,0.00,8.30,198
2026-04-26 14:00:00,18.70,67,18.20,,0.00,8.90,212
2026-04-26 15:00:00,18.80,65,18.10,,0.00,9.40,227
2026-04-26 16:00:00,18.90,63,17.80,,0.10,10.50,229
2026-04-26 17:00:00,17.30,79,17.10,,0.40,9.70,266
2026-04-26 18:00:00,16.40,80,15.70,,0.50,10.90,297
2026-04-26 19:00:00,15.40,79,14.30,,0.00,11.20,310
2026-04-26 20:00:00,13.80,82,12.50,,0.00,10.40,314
2026-04-26 21:00:00,12.30,82,10.70,,0.00,9.20,321
2026-04-26 22:00:00,11.40,85,9.90,,0.00,8.40,317
2026-04-26 23:00:00,10.70,87,9.10,,0.00,8.70,315
2026-04-27 00:00:00,10.10,89,8.60,,0.00,7.70,323
2026-04-27 01:00:00,9.90,89,8.30,,0.00,7.70,319
2026-04-27 02:00:00,9.50,89,7.70,,0.00,8.70,312
2026-04-27 03:00:00,9.40,88,7.40,,0.00,8.90,310
2026-04-27 04:00:00,9.10,88,7.10,,0.00,8.90,310
2026-04-27 05:00:00,8.80,88,6.50,,0.00,9.90,303
2026-04-27 06:00:00,8.50,88,6.20,,0.00,10.30,306
2026-04-27 07:00:00,8.60,86,6.20,,0.00,10.40,314
2026-04-27 08:00:00,9.40,82,6.80,,0.00,11.70,315
2026-04-27 09:00:00,10.30,78,7.60,,0.00,12.50,314
2026-04-27 10:00:00,11.80,73,9.10,,0.00,13.20,313
2026-04-27 11:00:00,13.50,65,11.10,,0.00,14.00,314
2026-04-27 12:00:00,14.10,62,12.40,,0.00,12.20,315
2026-04-27 13:00:00,14.90,57,13.20,,0.00,12.80,310
2026-04-27 14:00:00,15.50,53,13.60,,0.00,12.30,310
2026-04-27 15:00:00,15.80,51,13.80,,0.00,10.50,319
2026-04-27 16:00:00,16.00,49,13.50,,0.00,10.10,325
2026-04-27 17:00:00,15.80,48,13.10,,0.00,9.70,329
2026-04-27 18:00:00,15.40,48,12.90,,0.00,7.60,335
2026-04-27 19:00:00,14.40,48,12.10,,0.00,5.40,340
2026-04-27 20:00:00,12.70,53,10.60,,0.00,3.40,342
2026-04-27 21:00:00,11.20,61,9.40,,0.00,2.60,344
2026-04-27 22:00:00,10.70,59,8.80,,0.00,1.90,338
2026-04-27 23:00:00,10.10,59,8.00,,0.00,2.10,329
2026-04-28 00:00:00,8.80,66,6.80,,0.00,2.60,344
2026-04-28 01:00:00,8.40,66,6.40,,0.00,2.30,342
2026-04-28 02:00:00,8.00,67,5.90,,0.00,2.30,342
2026-04-28 03:00:00,6.70,76,4.70,,0.00,2.50,352
2026-04-28 04:00:00,6.50,76,4.40,,0.00,2.90,353
2026-04-28 05:00:00,6.20,79,4.10,,0.00,3.30,347
2026-04-28 06:00:00,6.30,82,4.30,,0.00,3.20,360
2026-04-28 07:00:00,7.80,80,6.00,,0.00,3.20,360
2026-04-28 08:00:00,10.00,79,8.40,,0.00,4.40,9
2026-04-28 09:00:00,12.10,69,10.30,,0.00,5.80,22
2026-04-28 10:00:00,13.60,70,12.10,,0.00,6.40,27
2026-04-28 11:00:00,14.50,64,13.10,,0.00,8.40,25
2026-04-28 12:00:00,15.70,53,13.40,,0.00,8.60,22
2026-04-28 13:00:00,15.90,48,13.30,,0.00,9.20,11
2026-04-28 14:00:00,16.00,48,13.30,,0.00,9.70,4
2026-04-28 15:00:00,16.70,46,14.10,,0.00,9.00,2
2026-04-28 16:00:00,16.70,45,13.90,,0.00,10.40,2
2026-04-28 17:00:00,16.60,44,13.90,,0.00,9.50,9
2026-04-28 18:00:00,16.40,43,13.50,,0.00,9.70,15
2026-04-28 19:00:00,15.10,49,12.90,,0.00,5.90,14
2026-04-28 20:00:00,13.10,58,11.30,,0.00,4.00,27
2026-04-28 21:00:00,12.20,59,10.20,,0.00,4.30,24
2026-04-28 22:00:00,11.20,60,9.10,,0.00,4.20,20
2026-04-28 23:00:00,10.80,61,8.80,,0.00,3.70,11
2026-04-29 00:00:00,9.90,70,8.00,,0.00,4.00,10
2026-04-29 01:00:00,9.30,71,7.40,,0.00,4.00,360
2026-04-29 02:00:00,8.80,74,6.80,,0.00,4.30,360
2026-04-29 03:00:00,8.30,80,6.50,,0.00,4.00,350
2026-04-29 04:00:00,7.90,81,6.00,,0.00,4.30,355
2026-04-29 05:00:00,7.70,82,5.70,,0.00,4.70,356
2026-04-29 06:00:00,7.90,79,5.80,,0.00,4.70,360
2026-04-29 07:00:00,9.20,77,7.20,,0.00,5.80,4
2026-04-29 08:00:00,11.30,74,9.40,,0.00,7.30,11
2026-04-29 09:00:00,14.30,54,11.70,,0.00,9.70,27
2026-04-29 10:00:00,16.20,49,13.40,,0.00,12.30,32
2026-04-29 11:00:00,17.20,37,13.80,,0.00,16.60,41
2026-04-29 12:00:00,17.90,34,14.80,,0.00,16.40,38
2026-04-29 13:00:00,18.50,33,15.90,,0.00,15.20,36
2026-04-29 14:00:00,18.90,32,16.30,,0.00,14.70,36
2026-04-29 15:00:00,19.30,31,16.50,,0.00,13.40,36
2026-04-29 16:00:00,19.20,32,16.10,,0.00,12.50,33
2026-04-29 17:00:00,18.90,33,15.50,,0.00,11.60,30
2026-04-29 18:00:00,18.90,32,15.60,,0.00,10.30,29
2026-04-29 19:00:00,17.60,37,14.80,,0.00,7.60,31
2026-04-29 20:00:00,15.10,46,12.90,,0.00,4.90,36
2026-04-29 21:00:00,13.70,52,11.60,,0.00,4.70,32
2026-04-29 22:00:00,12.70,54,10.50,,0.00,4.30,42
2026-04-29 23:00:00,12.10,56,10.10,,0.00,3.80,41
2026-04-30 00:00:00,10.80,65,8.90,,0.00,3.60,45
2026-04-30 01:00:00,10.30,64,8.20,,0.00,3.80,73
2026-04-30 02:00:00,9.60,65,7.50,,0.00,3.60,90
2026-04-30 03:00:00,8.80,70,6.80,,0.00,3.40,72
2026-04-30 04:00:00,8.40,70,6.30,,0.00,3.40,58
2026-04-30 05:00:00,7.60,73,5.50,,0.00,3.60,53
2026-04-30 06:00:00,7.00,79,5.00,,0.00,3.40,58
2026-04-30 07:00:00,8.20,80,6.50,,0.00,3.20,63
2026-04-30 08:00:00,11.40,73,10.00,,0.00,3.40,72
2026-04-30 09:00:00,15.40,49,13.60,,0.00,3.30,103
2026-04-30 10:00:00,17.10,41,15.40,,0.00,2.90,120
2026-04-30 11:00:00,18.60,33,17.30,,0.00,2.70,113
2026-04-30 12:00:00,19.30,31,18.40,,0.00,3.70,119
2026-04-30 13:00:00,20.10,28,19.50,,0.00,3.10,126
2026-04-30 14:00:00,20.70,28,20.20,,0.00,2.30,141
2026-04-30 15:00:00,21.40,27,20.30,,0.00,3.10,159
2026-04-30 16:00:00,21.50,28,19.90,,0.00,2.90,180
2026-04-30 17:00:00,21.30,29,19.10,,0.00,3.70,191
2026-04-30 18:00:00,21.40,29,19.10,,0.00,3.90,202
2026-04-30 19:00:00,19.60,42,18.20,,0.00,2.60,196
2026-04-30 20:00:00,17.50,46,16.00,,0.00,3.00,194
2026-04-30 21:00:00,16.00,46,14.20,,0.00,2.50,188
2026-04-30 22:00:00,14.90,45,13.00,,0.00,2.30,198
2026-04-30 23:00:00,14.20,46,12.10,,0.00,2.60,196
2026-05-01 00:00:00,13.40,52,11.40,,0.00,3.00,194
2026-05-01 01:00:00,12.60,53,10.60,,0.00,3.20,207
2026-05-01 02:00:00,12.00,56,9.90,,0.00,3.50,204
2026-05-01 03:00:00,11.30,62,9.40,,0.00,3.40,212
2026-05-01 04:00:00,10.60,64,8.70,,0.00,3.60,217
2026-05-01 05:00:00,10.10,67,8.10,,0.00,3.80,221
2026-05-01 06:00:00,9.80,71,8.10,,0.00,3.10,234
2026-05-01 07:00:00,11.30,71,9.90,,0.00,2.60,254
2026-05-01 08:00:00,14.00,71,13.40,,0.00,2.20,270
2026-05-01 09:00:00,17.00,56,15.80,,0.00,4.80,283
2026-05-01 10:00:00,18.80,52,17.60,,0.00,6.80,288
2026-05-01 11:00:00,20.30,43,19.30,,0.00,8.20,308
2026-05-01 12:00:00,21.40,37,20.90,,0.00,6.40,313
2026-05-01 13:00:00,22.20,35,22.00,,0.00,6.00,295
2026-05-01 14:00:00,22.90,34,22.40,,0.00,7.00,282
2026-05-01 15:00:00,23.60,31,22.40,,0.00,8.20,285
2026-05-01 16:00:00,23.60,31,21.80,,0.00,8.90,284
2026-05-01 17:00:00,23.40,32,21.00,,0.00,9.10,288
2026-05-01 18:00:00,23.20,30,20.80,,0.00,7.60,295
2026-05-01 19:00:00,21.30,37,19.60,,0.00,5.20,286
2026-05-01 20:00:00,18.80,43,17.20,,0.00,3.80,287
2026-05-01 21:00:00,17.20,47,15.70,,0.00,3.40,302
2026-05-01 22:00:00,16.50,44,14.70,,0.00,3.00,284
2026-05-01 23:00:00,15.80,44,13.80,,0.00,3.40,288
2026-05-02 00:00:00,15.00,50,13.20,,0.00,3.50,294
2026-05-02 01:00:00,14.30,53,12.60,,0.00,3.20,297
2026-05-02 02:00:00,13.70,56,12.00,,0.00,3.20,297
2026-05-02 03:00:00,13.40,60,11.90,,0.00,2.90,300
2026-05-02 04:00:00,12.90,61,11.30,,0.00,3.10,306
2026-05-02 05:00:00,12.40,64,10.90,,0.00,3.10,315
2026-05-02 06:00:00,12.60,66,11.20,,0.00,3.10,315
2026-05-02 07:00:00,13.80,67,12.80,,0.00,2.80,310
2026-05-02 08:00:00,16.30,65,15.70,,0.00,3.60,315
2026-05-02 09:00:00,18.50,56,17.60,,0.00,5.60,320
2026-05-02 10:00:00,20.80,49,19.90,,0.00,6.70,324
2026-05-02 11:00:00,22.40,38,21.10,,0.00,9.70,338
2026-05-02 12:00:00,22.80,33,21.00,,0.00,11.60,338
2026-05-02 13:00:00,22.90,34,20.00,,0.00,14.10,354
2026-05-02 14:00:00,23.30,34,20.80,,0.00,12.90,347
2026-05-02 15:00:00,23.40,34,20.90,,0.00,14.80,357
2026-05-02 16:00:00,23.10,35,20.70,,0.00,13.00,355
2026-05-02 17:00:00,22.50,36,19.80,,0.00,13.00,3
2026-05-02 18:00:00,21.80,34,18.90,,0.00,12.30,3
2026-05-02 19:00:00,20.30,32,17.20,,0.00,10.50,4
2026-05-02 20:00:00,17.30,35,14.40,,0.00,6.90,6
2026-05-02 21:00:00,15.40,41,12.80,,0.00,5.60,27
2026-05-02 22:00:00,14.00,41,11.20,,0.00,5.70,35
2026-05-02 23:00:00,12.80,45,9.70,,0.00,7.40,39
2026-05-03 00:00:00,11.90,52,8.70,,0.00,9.40,50
2026-05-03 01:00:00,10.90,59,7.80,,0.00,9.90,57
2026-05-03 02:00:00,9.80,64,6.80,,0.00,9.80,54
2026-05-03 03:00:00,9.20,69,6.40,,0.00,9.20,48
2026-05-03 04:00:00,8.50,72,5.60,,0.00,9.70,48
2026-05-03 05:00:00,7.80,74,4.80,,0.00,10.20,45
2026-05-03 06:00:00,7.40,76,4.30,,0.00,10.50,49
2026-05-03 07:00:00,8.20,73,4.90,,0.00,12.00,51
2026-05-03 08:00:00,9.70,67,6.30,,0.00,12.90,54
2026-05-03 09:00:00,11.90,60,8.70,,0.00,12.70,55
2026-05-03 10:00:00,13.20,51,9.70,,0.00,14.90,58
2026-05-03 11:00:00,14.10,46,11.20,,0.00,14.40,53
2026-05-03 12:00:00,14.90,43,12.40,,0.00,13.80,49
2026-05-03 13:00:00,15.50,42,13.20,,0.00,13.80,43
2026-05-03 14:00:00,15.90,42,13.50,,0.00,13.00,42
2026-05-03 15:00:00,16.40,38,13.60,,0.00,12.60,37
2026-05-03 16:00:00,16.30,38,13.00,,0.00,12.60,37
2026-05-03 17:00:00,16.00,36,12.30,,0.00,12.10,37
2026-05-03 18:00:00,15.60,37,11.90,,0.00,11.60,36
2026-05-03 19:00:00,14.60,37,11.00,,0.00,10.60,35
2026-05-03 20:00:00,12.80,43,9.60,,0.00,7.50,35
2026-05-03 21:00:00,11.20,47,8.10,,0.00,6.50,34
2026-05-03 22:00:00,10.00,48,6.70,,0.00,7.20,37
2026-05-03 23:00:00,9.00,46,5.40,,0.00,8.50,54
2026-05-04 00:00:00,7.90,51,4.40,,0.00,7.40,61
2026-05-04 01:00:00,6.90,54,3.50,,0.00,7.00,69
2026-05-04 02:00:00,6.10,60,2.90,,0.00,6.30,77
2026-05-04 03:00:00,5.60,67,2.70,,0.00,4.90,73
2026-05-04 04:00:00,4.90,68,2.00,,0.00,4.60,72
2026-05-04 05:00:00,4.40,70,1.50,,0.00,4.30,66
2026-05-04 06:00:00,4.10,76,1.50,,0.00,3.50,66
2026-05-04 07:00:00,5.50,72,3.10,,0.00,3.10,69
2026-05-04 08:00:00,7.50,63,5.00,,0.00,4.00,95
2026-05-04 09:00:00,10.20,48,7.70,,0.00,2.40,153
2026-05-04 10:00:00,11.90,42,9.80,,0.00,1.10,360
2026-05-04 11:00:00,13.50,38,11.60,,0.00,4.80,13
2026-05-04 12:00:00,14.30,35,12.60,,0.00,6.20,21
2026-05-04 13:00:00,15.10,35,13.70,,0.00,6.50,19
2026-05-04 14:00:00,15.70,35,14.50,,0.00,5.10,8
2026-05-04 15:00:00,16.40,32,14.50,,0.00,5.80,360
2026-05-04 16:00:00,16.30,32,13.10,,0.00,7.80,347
2026-05-04 17:00:00,16.10,34,13.00,,0.00,6.70,344
2026-05-04 18:00:00,15.60,35,12.50,,0.00,6.40,333
2026-05-04 19:00:00,14.90,39,12.40,,0.00,3.60,315
2026-05-04 20:00:00,13.90,47,11.90,,0.00,2.20,270
2026-05-04 21:00:00,12.50,51,10.50,,0.00,2.00,225
2026-05-04 22:00:00,11.60,52,9.50,,0.00,2.30,219
2026-05-04 23:00:00,10.70,53,8.30,,0.00,3.40,212
2026-05-05 00:00:00,9.50,59,7.00,,0.00,4.30,222
2026-05-05 01:00:00,8.90,63,6.40,,0.00,5.10,219
2026-05-05 02:00:00,8.50,67,6.10,,0.00,5.10,219
2026-05-05 03:00:00,8.30,72,6.00,,0.00,5.40,222
2026-05-05 04:00:00,7.60,74,5.10,,0.00,6.60,221
2026-05-05 05:00:00,7.30,74,4.60,,0.00,7.70,217
2026-05-05 06:00:00,7.10,72,4.20,,0.00,8.30,214
2026-05-05 07:00:00,8.10,70,5.10,,0.00,9.30,216
2026-05-05 08:00:00,10.00,66,7.00,,0.00,11.00,218
2026-05-05 09:00:00,12.70,58,9.80,,0.00,11.50,226
2026-05-05 10:00:00,14.40,56,11.40,,0.00,12.70,227
2026-05-05 11:00:00,15.00,57,12.20,,0.00,13.50,236
2026-05-05 12:00:00,16.30,58,14.00,,0.00,11.70,227
2026-05-05 13:00:00,17.70,55,15.30,,0.00,13.30,218
2026-05-05 14:00:00,19.40,49,17.50,,0.00,14.80,214
2026-05-05 15:00:00,20.70,44,18.00,,0.00,15.30,251
2026-05-05 16:00:00,20.20,50,18.30,,0.10,11.60,254
2026-05-05 17:00:00,21.10,44,18.90,,0.00,11.50,284
2026-05-05 18:00:00,21.10,41,18.70,,0.00,11.60,300
2026-05-05 19:00:00,20.00,41,17.70,,0.00,8.80,305
2026-05-05 20:00:00,17.90,50,16.60,,0.00,3.70,281
2026-05-05 21:00:00,16.80,50,15.20,,0.00,5.00,291
2026-05-05 22:00:00,15.90,53,14.30,,0.00,4.70,279
2026-05-05 23:00:00,15.50,53,13.90,,0.00,4.10,285
2026-05-06 00:00:00,14.60,61,13.40,,0.00,3.30,319
2026-05-06 01:00:00,14.30,61,13.10,,0.00,2.10,301
2026-05-06 02:00:00,13.40,63,12.20,,0.00,1.90,338
2026-05-06 03:00:00,11.50,69,9.80,,0.00,4.50,76
2026-05-06 04:00:00,10.00,76,8.30,,0.00,4.70,90
2026-05-06 05:00:00,9.20,76,7.40,,0.00,3.80,107
2026-05-06 06:00:00,9.30,76,7.70,,0.00,3.10,135
2026-05-06 07:00:00,11.00,75,9.80,,0.00,2.90,150
2026-05-06 08:00:00,14.00,71,13.00,,0.00,4.30,185
2026-05-06 09:00:00,16.50,61,15.40,,0.00,5.70,215
2026-05-06 10:00:00,18.90,55,17.90,,0.00,7.90,227
2026-05-06 11:00:00,20.70,51,20.20,,0.00,9.50,233
2026-05-06 12:00:00,21.80,46,20.90,,0.00,11.50,238
2026-05-06 13:00:00,22.20,39,20.80,,0.00,12.00,224
2026-05-06 14:00:00,22.80,37,20.70,,0.00,11.90,215
2026-05-06 15:00:00,23.90,33,21.60,,0.00,13.60,233
2026-05-06 16:00:00,23.70,32,20.40,,0.00,15.50,248
2026-05-06 17:00:00,22.50,36,19.50,,0.00,14.60,254
2026-05-06 18:00:00,22.30,39,20.40,,0.00,8.70,218
2026-05-06 19:00:00,21.50,41,19.90,,0.00,6.30,211
2026-05-06 20:00:00,19.60,46,17.30,,0.00,11.50,266
2026-05-06 21:00:00,16.50,65,15.50,,0.00,6.90,242
2026-05-06 22:00:00,15.60,73,15.00,,0.00,6.00,237
2026-05-06 23:00:00,14.80,80,14.30,,0.00,6.10,230
2026-05-07 00:00:00,14.00,85,13.60,,0.20,5.70,252
2026-05-07 01:00:00,13.00,93,12.60,,0.00,6.40,223
2026-05-07 02:00:00,12.40,95,11.80,,0.00,6.90,223
2026-05-07 03:00:00,12.30,95,11.90,,0.00,6.10,220
2026-05-07 04:00:00,12.10,95,11.60,,0.00,6.50,214
2026-05-07 05:00:00,12.20,96,11.60,,0.00,6.90,208
2026-05-07 06:00:00,12.40,96,11.90,,0.00,6.60,202
2026-05-07 07:00:00,13.20,94,12.70,,0.10,8.20,218
2026-05-07 08:00:00,14.20,92,13.90,,0.50,7.80,214
2026-05-07 09:00:00,14.50,91,13.40,,1.50,14.00,228
2026-05-07 10:00:00,13.00,84,10.70,,1.50,16.10,280
2026-05-07 11:00:00,12.50,89,10.80,,2.50,13.40,250
2026-05-07 12:00:00,13.20,84,10.80,,0.20,17.20,254
2026-05-07 13:00:00,14.90,73,12.50,,0.00,16.90,269
2026-05-07 14:00:00,15.50,71,13.20,,0.00,16.30,278
2026-05-07 15:00:00,14.50,79,12.40,,0.40,16.10,294
2026-05-07 16:00:00,14.00,78,11.60,,0.40,17.00,306
2026-05-07 17:00:00,13.00,78,10.40,,0.10,16.80,312
2026-05-07 18:00:00,10.30,77,6.30,,0.00,21.10,333
2026-05-07 19:00:00,8.30,73,4.30,,0.00,17.00,339
2026-05-07 20:00:00,7.20,70,2.90,,0.00,17.50,346
2026-05-07 21:00:00,5.90,74,1.80,,0.00,15.10,360
2026-05-07 22:00:00,5.10,75,1.60,,0.00,10.10,360
2026-05-07 23:00:00,4.50,79,1.40,,0.00,8.30,360
2026-05-08 00:00:00,3.90,83,1.10,,0.00,6.10,357
2026-05-08 01:00:00,3.10,87,0.50,,0.00,4.10,345
2026-05-08 02:00:00,2.30,90,-0.20,,0.00,3.10,315
2026-05-08 03:00:00,1.80,92,-0.60,,0.00,2.80,310
2026-05-08 04:00:00,1.80,93,-0.60,,0.00,2.60,286
2026-05-08 05:00:00,1.70,93,-0.70,,0.00,2.50,270
2026-05-08 06:00:00,1.90,93,-0.50,,0.00,2.90,277
2026-05-08 07:00:00,3.70,90,1.40,,0.00,4.00,280
2026-05-08 08:00:00,5.70,78,3.00,,0.00,6.20,306
2026-05-08 09:00:00,8.10,58,4.90,,0.00,7.40,313
2026-05-08 10:00:00,9.50,47,6.00,,0.00,10.70,320
2026-05-08 11:00:00,10.50,44,7.50,,0.00,11.50,319
2026-05-08 12:00:00,11.00,42,8.20,,0.00,11.50,314
2026-05-08 13:00:00,11.80,40,9.00,,0.00,12.50,303
2026-05-08 14:00:00,12.20,40,9.10,,0.00,13.10,302
2026-05-08 15:00:00,13.30,35,10.00,,0.00,12.70,305
2026-05-08 16:00:00,13.30,35,9.70,,0.00,12.40,306
2026-05-08 17:00:00,12.80,35,8.40,,0.00,13.70,315
2026-05-08 18:00:00,12.40,37,8.10,,0.00,12.60,307
2026-05-08 19:00:00,12.00,39,8.10,,0.00,10.60,298
2026-05-08 20:00:00,10.80,44,7.50,,0.00,7.30,290
2026-05-08 21:00:00,9.30,56,6.50,,0.00,5.60,320
2026-05-08 22:00:00,8.60,54,5.50,,0.00,6.70,344
2026-05-08 23:00:00,7.80,55,4.60,,0.00,6.80,357
2026-05-09 00:00:00,6.70,66,4.10,,0.00,4.00,355
2026-05-09 01:00:00,5.50,69,2.40,,0.00,6.70,16
2026-05-09 02:00:00,4.40,71,0.90,,0.00,9.00,23
2026-05-09 03:00:00,3.30,70,-0.30,,0.00,8.00,36
2026-05-09 04:00:00,2.00,74,-1.30,,0.00,5.70,35
2026-05-09 05:00:00,1.20,76,-1.90,,0.00,4.20,20
2026-05-09 06:00:00,0.90,73,-2.40,,0.00,5.20,12
2026-05-09 07:00:00,2.30,62,-1.50,,0.00,7.30,20
2026-05-09 08:00:00,3.70,52,-0.50,,0.00,9.50,29
2026-05-09 09:00:00,4.90,44,0.90,,0.00,7.70,11
2026-05-09 10:00:00,6.10,38,2.30,,0.00,8.40,350
2026-05-09 11:00:00,7.20,37,4.20,,0.00,8.40,340
2026-05-09 12:00:00,8.10,32,5.20,,0.00,9.70,333
2026-05-09 13:00:00,8.90,30,6.30,,0.00,9.40,328
2026-05-09 14:00:00,9.50,27,6.70,,0.00,9.80,324
2026-05-09 15:00:00,10.20,25,7.00,,0.00,10.00,322
2026-05-09 16:00:00,10.40,26,6.60,,0.00,10.20,318
2026-05-09 17:00:00,10.30,27,5.70,,0.00,10.20,315
2026-05-09 18:00:00,10.50,27,6.00,,0.00,9.90,314
2026-05-09 19:00:00,9.50,28,5.10,,0.00,8.70,318
2026-05-09 20:00:00,7.70,34,3.90,,0.00,5.10,315
2026-05-09 21:00:00,6.20,43,3.00,,0.00,2.80,310
2026-05-09 22:00:00,5.60,42,2.40,,0.00,2.20,270
2026-05-09 23:00:00,5.10,43,1.80,,0.00,2.90,277
2026-05-10 00:00:00,4.10,51,0.90,,0.00,2.50,278
2026-05-10 01:00:00,3.70,51,0.40,,0.00,2.80,220
2026-05-10 02:00:00,3.10,53,-0.30,,0.00,3.70,191
2026-05-10 03:00:00,3.10,59,-0.20,,0.00,4.00,190
2026-05-10 04:00:00,3.50,60,0.10,,0.00,5.20,192
2026-05-10 05:00:00,3.90,60,0.40,,0.00,6.00,197
2026-05-10 06:00:00,4.30,61,0.90,,0.00,6.00,197
2026-05-10 07:00:00,5.20,61,1.70,,0.00,7.70,208
2026-05-10 08:00:00,6.40,61,2.70,,0.00,9.60,214
2026-05-10 09:00:00,8.40,52,4.50,,0.00,10.70,225
2026-05-10 10:00:00,9.90,52,5.90,,0.00,13.50,224
2026-05-10 11:00:00,10.70,53,6.80,,0.00,13.20,223
2026-05-10 12:00:00,13.30,47,9.80,,0.00,12.30,232
2026-05-10 13:00:00,14.70,46,11.50,,0.00,15.50,258
2026-05-10 14:00:00,14.80,48,11.30,,0.00,14.50,277
2026-05-10 15:00:00,14.70,51,11.70,,0.20,11.20,276
2026-05-10 16:00:00,15.40,47,12.40,,0.00,10.80,270
2026-05-10 17:00:00,15.30,48,12.20,,0.00,12.10,260
2026-05-10 18:00:00,15.20,48,12.40,,0.00,9.70,274
2026-05-10 19:00:00,14.40,56,12.40,,0.00,5.90,256
2026-05-10 20:00:00,13.20,60,11.10,,0.00,7.30,261
2026-05-10 21:00:00,12.30,65,10.30,,0.10,6.60,241
2026-05-10 22:00:00,11.50,69,9.50,,0.00,7.10,229
2026-05-10 23:00:00,11.00,73,8.90,,0.00,7.90,223
2026-05-11 00:00:00,10.80,76,8.80,,0.00,7.40,227
2026-05-11 01:00:00,10.60,77,8.60,,0.00,8.00,234
2026-05-11 02:00:00,10.50,79,8.40,,0.10,8.70,240
2026-05-11 03:00:00,10.10,85,8.40,,0.10,7.00,258
2026-05-11 04:00:00,9.90,87,8.10,,0.00,7.90,270
2026-05-11 05:00:00,9.50,91,7.70,,0.10,8.70,294
2026-05-11 06:00:00,9.50,92,7.80,,0.00,8.50,298
2026-05-11 07:00:00,9.80,85,7.40,,0.00,11.70,313
2026-05-11 08:00:00,10.40,76,7.60,,0.00,12.20,317
2026-05-11 09:00:00,11.50,71,8.80,,0.00,11.80,310
2026-05-11 10:00:00,12.00,63,8.80,,0.00,13.80,303
2026-05-11 11:00:00,12.40,61,9.00,,0.00,15.00,305
2026-05-11 12:00:00,13.20,52,9.40,,0.00,15.70,323
2026-05-11 13:00:00,12.40,53,8.70,,0.00,14.70,335
2026-05-11 14:00:00,12.20,49,7.80,,0.00,17.30,337
2026-05-11 15:00:00,12.70,42,8.70,,0.00,15.90,332
2026-05-11 16:00:00,12.80,38,8.20,,0.00,15.90,335
2026-05-11 17:00:00,12.00,40,7.40,,0.00,15.90,335
2026-05-11 18:00:00,11.10,46,6.70,,0.00,15.50,338
2026-05-11 19:00:00,10.00,48,6.00,,0.00,12.50,342
2026-05-11 20:00:00,8.60,55,5.20,,0.00,8.20,337
2026-05-11 21:00:00,6.90,67,4.00,,0.00,7.00,348
2026-05-11 22:00:00,5.90,73,3.00,,0.00,6.60,347
2026-05-11 23:00:00,5.00,77,2.20,,0.00,6.30,347
2026-05-12 00:00:00,4.30,79,1.50,,0.00,5.50,349
2026-05-12 01:00:00,3.90,80,1.20,,0.00,4.50,346
2026-05-12 02:00:00,3.50,81,0.90,,0.00,3.80,343
2026-05-12 03:00:00,3.20,81,0.50,,0.00,4.00,333
2026-05-12 04:00:00,2.80,82,0.00,,0.00,4.00,333
2026-05-12 05:00:00,2.50,82,-0.20,,0.00,3.70,331
2026-05-12 06:00:00,3.00,81,0.10,,0.00,5.30,332
2026-05-12 07:00:00,4.70,74,1.50,,0.00,7.30,340
2026-05-12 08:00:00,6.50,64,3.30,,0.00,7.40,346
2026-05-12 09:00:00,7.40,56,3.70,,0.00,10.00,347
2026-05-12 10:00:00,7.90,56,4.40,,0.00,9.40,353
2026-05-12 11:00:00,8.90,54,5.50,,0.00,9.20,349
2026-05-12 12:00:00,8.70,55,5.60,,0.00,9.60,340
2026-05-12 13:00:00,8.40,57,4.90,,0.00,9.80,343
2026-05-12 14:00:00,8.70,61,5.30,,0.00,10.90,351
2026-05-12 15:00:00,9.10,54,5.10,,0.00,13.10,351
2026-05-12 16:00:00,8.60,54,4.60,,0.00,13.00,355
2026-05-12 17:00:00,8.20,54,4.20,,0.00,11.90,360
2026-05-12 18:00:00,7.60,58,3.70,,0.00,11.90,357
2026-05-12 19:00:00,7.10,56,3.40,,0.00,10.10,360
2026-05-12 20:00:00,6.50,59,3.00,,0.00,8.50,12
2026-05-12 21:00:00,6.00,58,2.40,,0.00,8.60,15
2026-05-12 22:00:00,5.20,65,2.10,,0.00,5.70,18
2026-05-12 23:00:00,3.70,72,0.70,,0.00,4.90,17
2026-05-13 00:00:00,3.30,73,0.50,,0.00,3.60,354
2026-05-13 01:00:00,2.60,77,-0.20,,0.00,3.70,349
2026-05-13 02:00:00,2.40,78,-0.30,,0.00,2.90,360
2026-05-13 03:00:00,2.30,83,-0.40,,0.00,4.00,360
2026-05-13 04:00:00,2.30,83,-0.40,,0.00,3.60,354
2026-05-13 05:00:00,2.50,84,-0.10,,0.00,3.20,360
2026-05-13 06:00:00,3.00,85,0.30,,0.00,4.70,9
2026-05-13 07:00:00,4.10,82,1.20,,0.00,6.40,16
2026-05-13 08:00:00,5.20,79,2.20,,0.00,8.20,23
2026-05-13 09:00:00,6.00,70,2.80,,0.00,8.50,36
2026-05-13 10:00:00,7.50,58,3.90,,0.00,10.20,32
2026-05-13 11:00:00,7.70,53,3.80,,0.00,10.80,30
2026-05-13 12:00:00,7.90,53,3.90,,0.00,11.60,36
2026-05-13 13:00:00,7.90,56,4.00,,0.00,11.70,34
2026-05-13 14:00:00,8.70,49,4.70,,0.00,11.70,34
2026-05-13 15:00:00,9.50,45,5.60,,0.00,11.30,22
2026-05-13 16:00:00,9.40,45,5.60,,0.00,10.50,31
2026-05-13 17:00:00,8.80,46,5.00,,0.00,9.40,40
2026-05-13 18:00:00,8.50,46,4.60,,0.00,9.40,47
2026-05-13 19:00:00,8.00,50,4.40,,0.00,8.70,52
2026-05-13 20:00:00,7.20,56,4.00,,0.00,6.70,54
2026-05-13 21:00:00,6.10,62,3.20,,0.00,4.90,36
2026-05-13 22:00:00,5.10,65,2.20,,0.00,4.20,20
2026-05-13 23:00:00,4.50,67,1.50,,0.00,4.50,29
2026-05-14 00:00:00,4.10,75,1.30,,0.00,5.10,39
2026-05-14 01:00:00,4.00,75,1.10,,0.00,4.80,48
2026-05-14 02:00:00,4.00,77,1.10,,0.00,5.40,53
2026-05-14 03:00:00,3.80,81,0.90,,0.00,6.10,50
2026-05-14 04:00:00,3.00,83,-0.10,,0.00,6.60,49
2026-05-14 05:00:00,2.30,84,-0.80,,0.00,6.70,54
2026-05-14 06:00:00,2.70,82,-0.50,,0.00,7.00,55
2026-05-14 07:00:00,4.20,75,0.90,,0.00,8.10,58
2026-05-14 08:00:00,6.20,68,2.80,,0.00,9.20,64
2026-05-14 09:00:00,8.30,55,4.90,,0.00,8.60,68
2026-05-14 10:00:00,10.00,48,6.90,,0.00,9.20,69
2026-05-14 11:00:00,10.90,44,8.40,,0.00,9.00,61
2026-05-14 12:00:00,11.30,41,8.90,,0.00,7.10,60
2026-05-14 13:00:00,11.50,40,8.20,,0.00,8.00,54
2026-05-14 14:00:00,11.90,38,8.60,,0.00,8.00,54
2026-05-14 15:00:00,12.10,36,8.40,,0.00,8.70,48
2026-05-14 16:00:00,12.10,36,8.40,,0.00,8.70,52
2026-05-14 17:00:00,12.10,36,8.30,,0.00,8.90,58
2026-05-14 18:00:00,12.10,35,8.30,,0.00,8.40,50
2026-05-14 19:00:00,11.20,37,7.40,,0.00,8.70,48
2026-05-14 20:00:00,9.70,43,6.10,,0.00,7.90,47
2026-05-14 21:00:00,8.30,46,4.90,,0.00,5.60,50
2026-05-14 22:00:00,7.70,48,4.50,,0.00,4.30,66
2026-05-14 23:00:00,7.30,50,4.30,,0.00,3.60,84
2026-05-15 00:00:00,6.70,58,3.90,,0.00,3.40,72
2026-05-15 01:00:00,6.10,58,3.20,,0.00,3.70,61
2026-05-15 02:00:00,5.40,62,2.60,,0.00,3.70,61
2026-05-15 03:00:00,4.70,70,2.00,,0.00,3.40,58
2026-05-15 04:00:00,4.30,70,1.60,,0.00,3.30,49
2026-05-15 05:00:00,3.90,73,1.20,,0.00,3.80,41
2026-05-15 06:00:00,4.30,76,1.70,,0.00,3.60,37
2026-05-15 07:00:00,6.30,75,4.00,,0.00,3.60,45
2026-05-15 08:00:00,8.80,64,6.00,,0.00,6.80,58
2026-05-15 09:00:00,10.90,49,7.60,,0.00,8.40,70
2026-05-15 10:00:00,12.20,41,8.80,,0.00,10.80,75
2026-05-15 11:00:00,13.10,37,9.80,,0.00,13.30,77
2026-05-15 12:00:00,14.20,34,11.50,,0.00,12.80,79
2026-05-15 13:00:00,14.50,31,11.10,,0.00,13.80,81
2026-05-15 14:00:00,14.70,31,10.10,,0.00,14.20,81
2026-05-15 15:00:00,15.10,29,10.80,,0.00,12.10,80
2026-05-15 16:00:00,15.30,29,11.00,,0.00,12.00,83
2026-05-15 17:00:00,14.80,29,10.70,,0.00,10.90,84
2026-05-15 18:00:00,14.60,30,10.60,,0.00,9.80,84
2026-05-15 19:00:00,13.60,32,9.80,,0.00,8.30,85
2026-05-15 20:00:00,11.40,41,8.30,,0.00,5.40,86
2026-05-15 21:00:00,10.10,47,7.20,,0.00,4.40,81
2026-05-15 22:00:00,8.80,48,5.80,,0.00,4.30,90
2026-05-15 23:00:00,8.30,50,5.30,,0.00,3.90,68
2026-05-16 00:00:00,7.40,59,4.70,,0.00,3.60,53
2026-05-16 01:00:00,7.00,58,4.20,,0.00,3.80,49
2026-05-16 02:00:00,6.40,61,3.50,,0.00,4.20,59
2026-05-16 03:00:00,5.90,70,3.20,,0.00,4.30,48
2026-05-16 04:00:00,5.50,70,2.80,,0.00,4.40,55
2026-05-16 05:00:00,5.30,72,2.60,,0.00,5.00,60
2026-05-16 06:00:00,5.90,72,3.30,,0.00,4.50,61
2026-05-16 07:00:00,7.80,71,5.40,,0.00,4.70,67
2026-05-16 08:00:00,10.00,61,7.40,,0.00,6.60,77
2026-05-16 09:00:00,12.60,45,9.80,,0.00,5.50,79
2026-05-16 10:00:00,14.50,37,11.80,,0.00,7.30,81
2026-05-16 11:00:00,15.20,33,13.20,,0.00,7.00,78
2026-05-16 12:00:00,15.90,31,14.80,,0.00,3.90,68
2026-05-16 13:00:00,16.40,30,15.20,,0.00,4.30,66
2026-05-16 14:00:00,16.60,29,14.60,,0.00,4.40,55
2026-05-16 15:00:00,16.60,29,13.70,,0.00,4.10,45
2026-05-16 16:00:00,16.70,28,13.80,,0.00,3.10,21
2026-05-16 17:00:00,16.40,29,13.30,,0.00,4.80,347
2026-05-16 18:00:00,16.10,29,12.80,,0.00,6.50,360
2026-05-16 19:00:00,15.20,31,11.80,,0.00,6.60,13
2026-05-16 20:00:00,13.50,40,10.80,,0.00,3.50,24
2026-05-16 21:00:00,12.60,43,10.20,,0.00,1.60,207
2026-05-16 22:00:00,11.20,45,8.60,,0.00,2.60,236
2026-05-16 23:00:00,10.50,45,7.80,,0.00,2.80,220
2026-05-17 00:00:00,9.20,51,6.50,,0.00,3.60,233
2026-05-17 01:00:00,8.70,52,5.90,,0.00,4.00,243
2026-05-17 02:00:00,8.40,55,5.60,,0.00,4.70,247
2026-05-17 03:00:00,7.70,59,4.90,,0.00,4.70,266
2026-05-17 04:00:00,7.50,62,4.70,,0.00,5.10,278
2026-05-17 05:00:00,7.40,63,4.50,,0.00,5.60,285
2026-05-17 06:00:00,8.40,62,5.60,,0.00,5.70,288
2026-05-17 07:00:00,9.60,62,6.90,,0.00,6.90,279
2026-05-17 08:00:00,10.20,65,7.60,,0.20,7.90,273
2026-05-17 09:00:00,10.80,64,8.00,,0.30,10.20,278
2026-05-17 10:00:00,11.30,71,8.80,,0.60,10.50,278
2026-05-17 11:00:00,12.70,69,10.60,,0.30,9.40,270
2026-05-17 12:00:00,15.50,66,13.80,,0.00,10.60,280
2026-05-17 13:00:00,17.80,62,17.10,,0.00,12.00,286
2026-05-17 14:00:00,18.80,60,18.40,,0.00,10.20,302
2026-05-17 15:00:00,20.00,56,18.60,,0.00,11.20,303
2026-05-17 16:00:00,20.50,54,19.00,,0.00,11.80,320
2026-05-17 17:00:00,20.30,53,18.70,,0.00,11.80,329
2026-05-17 18:00:00,20.10,57,19.10,,0.00,9.40,342
2026-05-17 19:00:00,19.40,57,18.80,,0.00,5.40,360
2026-05-17 20:00:00,18.00,66,18.20,,0.00,1.50,14
2026-05-17 21:00:00,16.30,67,16.00,,0.00,1.90,112
2026-05-17 22:00:00,14.80,73,14.40,,0.00,2.70,203
2026-05-17 23:00:00,13.70,77,13.20,,0.00,3.20,207
2026-05-18 00:00:00,12.90,83,12.80,,0.00,0.80,243
2026-05-18 01:00:00,12.70,83,12.50,,0.00,1.00,225
2026-05-18 02:00:00,12.20,83,11.80,,0.00,1.30,236
2026-05-18 03:00:00,11.50,84,10.80,,0.00,2.20,351
2026-05-18 04:00:00,11.20,83,10.50,,0.00,2.20,351
2026-05-18 05:00:00,10.90,85,10.20,,0.00,1.80,11
2026-05-18 06:00:00,11.60,84,10.90,,0.00,2.30,39
2026-05-18 07:00:00,13.20,84,13.00,,0.00,2.30,51
2026-05-18 08:00:00,16.00,76,16.00,,0.00,3.20,63
2026-05-18 09:00:00,18.40,67,18.70,,0.00,2.50,82
2026-05-18 10:00:00,19.60,60,19.80,,0.10,3.50,66
2026-05-18 11:00:00,20.10,56,20.10,,0.10,5.80,68
2026-05-18 12:00:00,21.50,48,22.30,,0.00,3.40,58
2026-05-18 13:00:00,21.70,42,21.70,,0.10,3.40,72
2026-05-18 14:00:00,21.90,41,21.50,,0.00,2.70,113
2026-05-18 15:00:00,22.10,37,20.70,,0.00,4.00,95
2026-05-18 16:00:00,21.90,41,20.90,,0.00,3.30,131
2026-05-18 17:00:00,21.20,49,20.80,,0.00,2.90,150
2026-05-18 18:00:00,20.50,55,19.90,,0.10,6.20,144
2026-05-18 19:00:00,18.60,69,18.70,,0.10,5.50,122
2026-05-18 20:00:00,17.40,75,17.90,,0.00,2.50,172
2026-05-18 21:00:00,15.90,76,16.00,,0.00,3.20,180
2026-05-18 22:00:00,15.00,75,14.80,,0.00,2.50,172
2026-05-18 23:00:00,14.10,77,13.70,,0.00,2.90,187
2026-05-19 00:00:00,13.30,81,13.00,,0.00,2.20,180
2026-05-19 01:00:00,12.60,84,12.30,,0.00,1.80,191
2026-05-19 02:00:00,12.20,86,11.90,,0.00,1.50,166
2026-05-19 03:00:00,12.10,84,11.70,,0.00,1.50,166
2026-05-19 04:00:00,11.80,85,11.50,,0.00,1.10,162
2026-05-19 05:00:00,11.50,86,10.90,,0.00,2.20,99
2026-05-19 06:00:00,11.60,88,11.10,,0.00,2.70,67
2026-05-19 07:00:00,13.70,85,13.80,,0.00,2.20,81
2026-05-19 08:00:00,16.50,76,16.70,,0.00,3.30,96
2026-05-19 09:00:00,18.50,67,18.60,,0.00,4.00,100
2026-05-19 10:00:00,19.90,59,19.80,,0.00,4.10,105
2026-05-19 11:00:00,21.10,53,21.00,,0.00,4.00,95
2026-05-19 12:00:00,22.20,44,22.50,,0.00,3.90,112
2026-05-19 13:00:00,22.60,38,22.30,,0.00,3.90,112
2026-05-19 14:00:00,23.00,36,22.00,,0.00,4.70,122
2026-05-19 15:00:00,23.00,36,21.50,,0.00,4.90,126
2026-05-19 16:00:00,22.40,38,21.00,,0.00,5.20,124
2026-05-19 17:00:00,22.40,37,20.70,,0.00,6.30,121
2026-05-19 18:00:00,22.40,36,20.70,,0.00,5.80,112
2026-05-19 19:00:00,20.80,49,19.90,,0.00,5.50,203
2026-05-19 20:00:00,19.20,61,19.30,,0.00,2.50,188
2026-05-19 21:00:00,18.50,60,18.40,,0.00,1.90,112
2026-05-19 22:00:00,17.40,59,16.60,,0.00,3.70,209
2026-05-19 23:00:00,16.10,61,15.50,,0.00,1.10,72
2026-05-20 00:00:00,14.90,63,13.80,,0.00,3.50,66
2026-05-20 01:00:00,13.40,67,12.10,,0.00,4.60,72
2026-05-20 02:00:00,12.70,65,11.10,,0.00,4.30,90
2026-05-20 03:00:00,11.90,66,10.20,,0.00,4.00,90
2026-05-20 04:00:00,11.60,68,10.00,,0.00,3.50,114
2026-05-20 05:00:00,11.30,71,9.90,,0.00,3.40,122
2026-05-20 06:00:00,11.70,70,10.40,,0.00,3.10,126
2026-05-20 07:00:00,14.00,72,13.40,,0.00,2.60,146
2026-05-20 08:00:00,16.70,66,16.00,,0.00,5.60,165
2026-05-20 09:00:00,19.60,59,19.30,,0.00,4.30,175
2026-05-20 10:00:00,21.70,51,21.60,,0.00,5.40,176
2026-05-20 11:00:00,22.70,43,22.20,,0.00,5.40,172
2026-05-20 12:00:00,23.10,39,22.30,,0.10,5.20,168
2026-05-20 13:00:00,23.30,40,23.10,,0.10,5.10,172
2026-05-20 14:00:00,23.50,40,23.20,,0.10,4.90,163
2026-05-20 15:00:00,23.60,37,22.80,,0.00,3.40,162
2026-05-20 16:00:00,23.50,38,22.60,,0.00,3.20,180
2026-05-20 17:00:00,23.10,40,22.10,,0.00,4.40,189
2026-05-20 18:00:00,23.30,39,22.40,,0.00,4.00,180
2026-05-20 19:00:00,21.80,47,20.80,,0.00,6.70,234
2026-05-20 20:00:00,19.60,60,19.40,,0.00,4.70,247
2026-05-20 21:00:00,17.90,66,18.00,,0.00,1.90,202
2026-05-20 22:00:00,17.00,67,17.00,,0.00,1.30,146
2026-05-20 23:00:00,16.20,67,15.90,,0.00,1.80,143
2026-05-21 00:00:00,14.80,74,14.50,,0.00,2.10,121
2026-05-21 01:00:00,14.10,75,13.60,,0.00,2.90,120
2026-05-21 02:00:00,13.60,75,12.90,,0.00,3.30,139
2026-05-21 03:00:00,12.70,79,12.10,,0.00,2.60,124
2026-05-21 04:00:00,12.30,81,11.70,,0.00,2.80,140
2026-05-21 05:00:00,12.00,84,11.40,,0.00,2.90,120
2026-05-21 06:00:00,12.50,86,12.10,,0.00,2.60,106
2026-05-21 07:00:00,15.00,81,15.20,,0.00,2.10,121
2026-05-21 08:00:00,18.30,68,18.30,,0.00,4.60,141
2026-05-21 09:00:00,21.00,54,20.80,,0.00,4.50,151
2026-05-21 10:00:00,23.00,48,23.20,,0.00,4.70,148
2026-05-21 11:00:00,24.40,40,24.50,,0.00,5.60,153
2026-05-21 12:00:00,25.20,34,24.30,,0.00,7.30,200
2026-05-21 13:00:00,25.40,33,24.80,,0.00,7.10,204
2026-05-21 14:00:00,25.70,32,25.00,,0.00,5.60,195
2026-05-21 15:00:00,25.50,33,24.90,,0.00,5.10,176
2026-05-21 16:00:00,25.20,33,23.80,,0.00,5.80,180
2026-05-21 17:00:00,24.70,33,23.20,,0.00,5.80,187
2026-05-21 18:00:00,23.80,38,22.90,,0.00,3.70,169
2026-05-21 19:00:00,22.90,42,22.10,,0.00,3.90,112
2026-05-21 20:00:00,20.50,53,19.90,,0.00,5.50,101
2026-05-21 21:00:00,18.80,57,18.10,,0.00,5.10,86
2026-05-21 22:00:00,18.00,59,17.20,,0.00,4.70,86
2026-05-21 23:00:00,17.40,60,16.40,,0.00,5.40,98
2026-05-22 00:00:00,16.10,67,15.40,,0.00,4.70,113
2026-05-22 01:00:00,15.40,70,14.80,,0.00,4.00,117
2026-05-22 02:00:00,15.00,70,14.30,,0.00,4.10,135
2026-05-22 03:00:00,14.80,70,14.20,,0.00,2.80,140
2026-05-22 04:00:00,14.50,70,13.80,,0.00,3.10,135
2026-05-22 05:00:00,14.00,70,13.10,,0.00,3.10,144
2026-05-22 06:00:00,14.80,68,14.20,,0.00,2.60,146
2026-05-22 07:00:00,16.50,67,16.40,,0.00,1.80,180
2026-05-22 08:00:00,18.80,61,18.70,,0.00,3.10,135
2026-05-22 09:00:00,20.60,52,20.20,,0.00,3.60,143
2026-05-22 10:00:00,22.50,50,22.30,,0.00,4.10,142
2026-05-22 11:00:00,24.00,42,24.10,,0.00,4.80,138
2026-05-22 12:00:00,24.80,36,24.20,,0.00,4.80,153
2026-05-22 13:00:00,25.40,35,25.70,,0.00,4.20,149
2026-05-22 14:00:00,25.70,33,25.90,,0.00,3.30,131
2026-05-22 15:00:00,25.80,31,25.40,,0.10,3.40,148
2026-05-22 16:00:00,25.60,32,24.40,,0.00,5.40,143
2026-05-22 17:00:00,25.10,33,23.40,,0.00,7.00,159
2026-05-22 18:00:00,23.70,41,22.80,,0.00,5.50,148
2026-05-22 19:00:00,22.80,45,21.90,,0.00,6.60,119
2026-05-22 20:00:00,20.60,59,20.80,,0.00,4.00,95
2026-05-22 21:00:00,18.90,62,18.80,,0.00,3.60,84
2026-05-22 22:00:00,17.80,65,17.60,,0.00,3.80,73
2026-05-22 23:00:00,17.00,68,16.50,,0.00,5.00,69
2026-05-23 00:00:00,16.60,69,16.20,,0.00,5.00,60
2026-05-23 01:00:00,15.80,73,15.30,,0.00,5.30,62
2026-05-23 02:00:00,15.20,76,14.80,,0.00,5.00,69
2026-05-23 03:00:00,14.60,77,14.10,,0.00,5.20,65
2026-05-23 04:00:00,14.10,80,13.50,,0.00,5.80,60
2026-05-23 05:00:00,13.70,82,13.00,,0.00,5.60,63
2026-05-23 06:00:00,14.30,82,13.90,,0.00,5.60,63
2026-05-23 07:00:00,16.10,77,15.50,,0.00,8.20,67
2026-05-23 08:00:00,18.20,71,17.80,,0.00,8.80,71
2026-05-23 09:00:00,20.40,63,20.00,,0.00,9.80,73
2026-05-23 10:00:00,22.50,57,22.50,,0.00,10.20,72
2026-05-23 11:00:00,23.90,49,23.90,,0.00,12.50,78
2026-05-23 12:00:00,24.80,43,24.70,,0.00,12.30,83
2026-05-23 13:00:00,25.30,39,24.70,,0.00,11.70,79
2026-05-23 14:00:00,22.70,55,21.60,,0.70,14.50,63
2026-05-23 15:00:00,24.30,47,22.90,,0.00,14.50,76
2026-05-23 16:00:00,24.10,46,22.70,,0.10,13.00,71
2026-05-23 17:00:00,23.90,44,22.20,,0.10,13.60,68
2026-05-23 18:00:00,23.70,44,21.80,,0.10,14.00,67
2026-05-23 19:00:00,23.10,42,21.50,,0.00,10.40,70
2026-05-23 20:00:00,22.00,40,19.60,,0.00,12.10,67
2026-05-23 21:00:00,20.40,42,18.00,,0.00,11.40,66
2026-05-23 22:00:00,18.60,46,16.10,,0.00,11.40,62
2026-05-23 23:00:00,17.20,50,14.70,,0.00,11.60,64
2026-05-24 00:00:00,16.20,54,13.70,,0.00,11.60,68
2026-05-24 01:00:00,15.20,55,12.60,,0.00,11.50,70
2026-05-24 02:00:00,14.40,54,11.60,,0.00,11.40,72
2026-05-24 03:00:00,13.60,57,10.80,,0.00,10.70,70
2026-05-24 04:00:00,12.70,57,9.80,,0.00,11.00,71
2026-05-24 05:00:00,12.00,57,8.90,,0.00,11.00,71
2026-05-24 06:00:00,12.60,54,9.40,,0.00,11.00,71
2026-05-24 07:00:00,13.50,52,10.30,,0.00,11.70,72
2026-05-24 08:00:00,15.10,47,11.80,,0.00,12.70,75
2026-05-24 09:00:00,17.10,40,13.70,,0.00,12.90,77
2026-05-24 10:00:00,19.10,37,16.20,,0.00,13.00,76
2026-05-24 11:00:00,21.00,34,18.80,,0.00,13.50,74
2026-05-24 12:00:00,22.20,37,20.90,,0.00,13.10,74
2026-05-24 13:00:00,23.60,36,22.70,,0.00,13.20,79
2026-05-24 14:00:00,24.10,36,23.30,,0.00,12.60,87
2026-05-24 15:00:00,24.50,35,22.80,,0.00,13.30,87
2026-05-24 16:00:00,24.30,35,22.10,,0.00,13.30,90
2026-05-24 17:00:00,24.10,33,21.20,,0.00,13.70,90
2026-05-24 18:00:00,23.60,33,20.70,,0.00,13.30,92
2026-05-24 19:00:00,22.60,33,19.80,,0.00,11.50,92
2026-05-24 20:00:00,20.50,39,18.40,,0.00,7.60,87
2026-05-24 21:00:00,18.10,44,16.00,,0.00,6.90,84
2026-05-24 22:00:00,16.50,48,14.30,,0.00,7.00,78
2026-05-24 23:00:00,15.40,51,13.10,,0.00,7.60,82
2026-05-25 00:00:00,14.20,56,11.90,,0.00,7.60,90
2026-05-25 01:00:00,13.40,57,11.20,,0.00,6.70,106
2026-05-25 02:00:00,12.90,56,10.40,,0.00,7.60,115
2026-05-25 03:00:00,11.90,60,9.60,,0.00,6.30,114
2026-05-25 04:00:00,11.50,57,9.10,,0.00,6.10,118
2026-05-25 05:00:00,10.90,57,8.40,,0.00,6.10,118
2026-05-25 06:00:00,11.30,58,9.00,,0.00,5.40,110
2026-05-25 07:00:00,13.30,53,10.90,,0.00,6.90,118
2026-05-25 08:00:00,15.40,48,13.00,,0.00,7.30,123
2026-05-25 09:00:00,18.50,35,15.50,,0.00,8.70,138
2026-05-25 10:00:00,20.40,31,18.00,,0.00,8.70,138
2026-05-25 11:00:00,21.80,25,19.70,,0.00,9.40,130
2026-05-25 12:00:00,22.20,23,20.40,,0.00,10.00,128
2026-05-25 13:00:00,23.10,21,21.50,,0.00,9.70,129
2026-05-25 14:00:00,23.60,20,21.90,,0.00,9.20,129
2026-05-25 15:00:00,23.90,20,22.00,,0.00,8.80,125
2026-05-25 16:00:00,23.90,21,21.60,,0.00,7.90,120
2026-05-25 17:00:00,23.70,21,20.70,,0.00,7.00,111
2026-05-25 18:00:00,23.10,22,20.10,,0.00,6.30,114
2026-05-25 19:00:00,22.20,23,19.40,,0.00,4.70,113
2026-05-25 20:00:00,19.90,34,17.90,,0.00,2.90,120
2026-05-25 21:00:00,17.80,37,15.60,,0.00,3.30,103
2026-05-25 22:00:00,16.30,37,13.80,,0.00,4.30,90
2026-05-25 23:00:00,15.50,36,12.90,,0.00,4.00,85
2026-05-26 00:00:00,13.70,47,11.40,,0.00,4.60,72
2026-05-26 01:00:00,13.10,47,10.70,,0.00,4.20,70
2026-05-26 02:00:00,12.20,51,9.80,,0.00,4.30,66
2026-05-26 03:00:00,10.20,62,8.10,,0.00,4.00,63
2026-05-26 04:00:00,9.60,65,7.50,,0.00,3.70,61
2026-05-26 05:00:00,9.00,68,6.80,,0.00,4.20,59
2026-05-26 06:00:00,10.20,71,8.40,,0.00,4.20,59
2026-05-26 07:00:00,12.90,71,11.80,,0.00,3.40,58
2026-05-26 08:00:00,16.10,62,15.20,,0.00,4.20,59
2026-05-26 09:00:00,19.80,40,17.90,,0.00,5.50,58
2026-05-26 10:00:00,21.90,35,20.30,,0.00,7.50,55
2026-05-26 11:00:00,23.10,26,21.40,,0.00,9.00,61
2026-05-26 12:00:00,23.60,25,21.80,,0.00,7.40,61
2026-05-26 13:00:00,24.50,23,23.60,,0.00,7.40,47
2026-05-26 14:00:00,25.20,23,24.30,,0.00,7.40,39
2026-05-26 15:00:00,25.40,23,24.00,,0.00,8.30,34
2026-05-26 16:00:00,25.30,22,23.00,,0.00,9.40,40
2026-05-26 17:00:00,25.00,21,21.80,,0.00,9.40,47
2026-05-26 18:00:00,24.70,19,21.10,,0.00,9.40,50
2026-05-26 19:00:00,23.30,23,20.30,,0.00,7.00,55
2026-05-26 20:00:00,21.10,30,18.80,,0.00,4.00,63
2026-05-26 21:00:00,19.00,36,16.90,,0.00,4.10,52
2026-05-26 22:00:00,17.70,36,15.50,,0.00,3.30,41
2026-05-26 23:00:00,16.90,37,14.60,,0.00,3.40,32
2026-05-27 00:00:00,15.90,45,13.90,,0.00,3.70,29
2026-05-27 01:00:00,15.20,47,13.20,,0.00,3.60,37
2026-05-27 02:00:00,14.70,50,12.70,,0.00,4.10,45
2026-05-27 03:00:00,14.10,57,12.50,,0.00,3.20,27
2026-05-27 04:00:00,13.60,58,12.00,,0.00,3.40,32
2026-05-27 05:00:00,13.30,59,11.70,,0.00,3.40,32
2026-05-27 06:00:00,14.20,59,12.70,,0.00,3.40,32
2026-05-27 07:00:00,16.40,60,15.60,,0.00,3.30,49
2026-05-27 08:00:00,19.40,54,18.60,,0.00,5.40,53
2026-05-27 09:00:00,22.40,39,20.70,,0.00,7.80,56
2026-05-27 10:00:00,24.30,36,22.90,,0.00,9.90,57
2026-05-27 11:00:00,25.60,27,23.80,,0.00,11.80,67
2026-05-27 12:00:00,26.40,29,25.50,,0.00,11.80,63
2026-05-27 13:00:00,27.40,25,25.80,,0.00,13.60,73
2026-05-27 14:00:00,27.60,24,25.20,,0.00,15.20,83
2026-05-27 15:00:00,27.60,25,25.10,,0.00,14.40,87
2026-05-27 16:00:00,27.60,25,24.90,,0.00,12.70,83
2026-05-27 17:00:00,27.30,25,24.50,,0.00,12.00,81
2026-05-27 18:00:00,26.80,27,24.60,,0.00,8.50,78
2026-05-27 19:00:00,25.70,31,24.00,,0.00,7.10,66
2026-05-27 20:00:00,23.30,40,21.60,,0.00,9.40,58
2026-05-27 21:00:00,21.20,45,19.70,,0.00,8.00,54
2026-05-27 22:00:00,19.70,52,18.40,,0.00,8.20,61
2026-05-27 23:00:00,18.90,58,17.80,,0.00,8.70,66
2026-05-28 00:00:00,18.30,63,17.60,,0.00,6.90,62
2026-05-28 01:00:00,17.70,65,17.00,,0.00,6.80,65
2026-05-28 02:00:00,17.20,69,16.70,,0.00,6.40,74
2026-05-28 03:00:00,16.50,71,16.20,,0.00,4.90,73
2026-05-28 04:00:00,15.90,73,15.50,,0.00,4.70,67
2026-05-28 05:00:00,15.30,75,14.90,,0.00,4.70,67
2026-05-28 06:00:00,16.10,74,15.90,,0.00,4.30,66
2026-05-28 07:00:00,18.00,69,17.90,,0.00,5.10,82
2026-05-28 08:00:00,20.20,60,19.80,,0.00,7.20,90
2026-05-28 09:00:00,22.70,51,22.40,,0.00,6.20,100
2026-05-28 10:00:00,24.70,45,24.90,,0.00,6.50,96
2026-05-28 11:00:00,26.50,38,26.40,,0.00,9.50,119
2026-05-28 12:00:00,27.60,30,26.20,,0.00,11.20,159
2026-05-28 13:00:00,28.40,25,27.70,,0.00,10.70,160
2026-05-28 14:00:00,28.90,22,28.10,,0.00,9.50,143
2026-05-28 15:00:00,28.90,20,27.10,,0.00,8.70,135
2026-05-28 16:00:00,28.70,21,26.00,,0.00,10.40,146
2026-05-28 17:00:00,28.30,21,25.60,,0.00,8.70,138
2026-05-28 18:00:00,27.40,22,24.50,,0.00,9.20,149
2026-05-28 19:00:00,26.30,27,24.60,,0.00,4.20,121
2026-05-28 20:00:00,24.00,33,22.60,,0.00,3.90,112
2026-05-28 21:00:00,21.60,39,20.20,,0.00,3.90,112
2026-05-28 22:00:00,20.90,38,19.30,,0.00,4.10,75
2026-05-28 23:00:00,20.20,38,18.50,,0.00,3.80,73
2026-05-29 00:00:00,18.80,47,17.50,,0.00,4.00,85
2026-05-29 01:00:00,18.10,48,16.60,,0.00,4.70,81
2026-05-29 02:00:00,17.00,52,15.70,,0.00,3.60,84
2026-05-29 03:00:00,17.30,54,16.20,,0.00,3.70,101
2026-05-29 04:00:00,17.40,53,16.30,,0.00,3.60,96
2026-05-29 05:00:00,17.00,57,15.90,,0.00,4.30,90
2026-05-29 06:00:00,17.50,59,16.70,,0.00,4.40,81
2026-05-29 07:00:00,18.60,60,18.20,,0.00,4.30,85
2026-05-29 08:00:00,20.30,56,19.80,,0.00,6.20,100
2026-05-29 09:00:00,22.60,43,21.40,,0.00,6.50,109
2026-05-29 10:00:00,24.20,41,23.30,,0.00,6.60,103
2026-05-29 11:00:00,26.00,35,25.20,,0.00,8.00,100
2026-05-29 12:00:00,26.80,29,25.30,,0.00,10.70,110
2026-05-29 13:00:00,27.70,26,26.10,,0.00,12.80,112
2026-05-29 14:00:00,27.80,24,26.10,,0.00,11.30,112
2026-05-29 15:00:00,27.30,27,25.30,,0.00,9.70,117
2026-05-29 16:00:00,27.20,25,25.10,,0.00,8.80,109
2026-05-29 17:00:00,26.90,24,24.50,,0.00,7.50,107
2026-05-29 18:00:00,25.80,31,24.10,,0.00,7.10,114
2026-05-29 19:00:00,24.40,38,23.50,,0.00,4.70,122
2026-05-29 20:00:00,22.60,45,22.10,,0.00,3.90,112
2026-05-29 21:00:00,21.20,45,20.20,,0.00,4.00,117
2026-05-29 22:00:00,20.40,45,19.20,,0.00,4.60,108
2026-05-29 23:00:00,19.80,45,18.50,,0.00,4.30,95
2026-05-30 00:00:00,18.70,51,17.60,,0.00,4.80,63
2026-05-30 01:00:00,18.40,53,17.20,,0.00,5.20,56
2026-05-30 02:00:00,18.20,56,17.10,,0.00,5.80,60
2026-05-30 03:00:00,17.60,59,16.60,,0.00,5.80,60
2026-05-30 04:00:00,17.40,53,15.70,,0.00,7.80,68
2026-05-30 05:00:00,16.90,52,15.00,,0.00,8.00,85
2026-05-30 06:00:00,16.20,58,14.70,,0.00,6.50,93
2026-05-30 07:00:00,16.40,63,15.30,,0.00,5.80,90
2026-05-30 08:00:00,17.00,67,16.60,,0.00,4.40,99
2026-05-30 09:00:00,17.80,61,16.90,,0.00,6.60,119
2026-05-30 10:00:00,19.60,63,19.30,,0.00,7.10,120
2026-05-30 11:00:00,21.10,60,20.90,,0.00,8.80,125
2026-05-30 12:00:00,20.80,62,19.90,,0.00,13.30,142
2026-05-30 13:00:00,21.60,61,20.90,,0.00,12.70,151
2026-05-30 14:00:00,22.30,58,21.80,,0.00,12.60,160
2026-05-30 15:00:00,23.10,52,22.80,,0.00,11.80,160
2026-05-30 16:00:00,23.50,50,22.60,,0.00,11.40,162
2026-05-30 17:00:00,23.40,49,22.30,,0.00,11.70,162
2026-05-30 18:00:00,22.60,50,21.40,,0.00,11.60,158
2026-05-30 19:00:00,21.90,51,20.90,,0.00,9.80,163
2026-05-30 20:00:00,20.40,57,19.90,,0.00,6.20,159
2026-05-30 21:00:00,18.40,61,17.90,,0.00,4.30,156
2026-05-30 22:00:00,17.20,65,16.80,,0.00,4.00,153
2026-05-30 23:00:00,16.70,66,16.20,,0.00,3.90,146
2026-05-31 00:00:00,15.80,73,15.60,,0.00,3.60,127
2026-05-31 01:00:00,15.30,74,14.90,,0.00,4.00,117
2026-05-31 02:00:00,14.90,75,14.50,,0.00,3.80,131
2026-05-31 03:00:00,14.60,78,14.30,,0.00,4.20,121
2026-05-31 04:00:00,14.60,77,14.20,,0.00,3.70,119
2026-05-31 05:00:00,14.10,79,13.60,,0.00,4.10,128
2026-05-31 06:00:00,14.80,80,14.70,,0.00,3.20,117
2026-05-31 07:00:00,17.00,77,17.30,,0.00,4.10,128
2026-05-31 08:00:00,18.40,73,18.70,,0.00,5.90,142
2026-05-31 09:00:00,20.20,65,20.50,,0.00,5.60,130
2026-05-31 10:00:00,21.70,63,22.30,,0.00,6.60,119
2026-05-31 11:00:00,22.60,59,23.40,,0.10,8.20,139
2026-05-31 12:00:00,23.40,53,24.40,,0.00,7.50,125
2026-05-31 13:00:00,24.20,48,24.70,,0.00,8.20,128
2026-05-31 14:00:00,24.50,47,24.60,,0.00,9.70,141
2026-05-31 15:00:00,25.30,40,24.60,,0.00,8.70,150
2026-05-31 16:00:00,24.40,41,23.30,,0.00,8.00,162
2026-05-31 17:00:00,24.90,40,23.90,,0.00,7.60,161
2026-05-31 18:00:00,24.30,48,24.00,,0.00,7.60,172
2026-05-31 19:00:00,23.60,52,24.00,,0.00,3.90,158
2026-05-31 20:00:00,22.00,65,23.40,,0.00,2.20,99
2026-05-31 21:00:00,19.90,67,20.60,,0.00,2.40,153
2026-05-31 22:00:00,18.70,68,19.20,,0.00,2.00,135
2026-05-31 23:00:00,17.60,70,17.90,,0.00,2.30,129
2026-06-01 00:00:00,16.30,76,16.50,,0.00,2.70,113
2026-06-01 01:00:00,15.80,77,15.90,,0.00,2.70,113
2026-06-01 02:00:00,15.40,78,15.50,,0.00,2.50,135
2026-06-01 03:00:00,14.80,79,14.80,,0.00,2.10,121
2026-06-01 04:00:00,14.40,80,14.20,,0.00,2.90,173
2026-06-01 05:00:00,14.40,81,14.40,,0.00,2.90,180
2026-06-01 06:00:00,15.30,83,15.60,,0.00,2.50,180
2026-06-01 07:00:00,17.60,83,18.90,,0.00,1.80,169
2026-06-01 08:00:00,19.70,73,20.60,,0.00,4.30,185
2026-06-01 09:00:00,21.70,64,22.60,,0.00,4.30,204
2026-06-01 10:00:00,23.30,61,24.70,,0.00,5.60,207
2026-06-01 11:00:00,24.60,57,26.80,,0.00,5.80,210
2026-06-01 12:00:00,25.80,53,28.40,,0.00,5.00,210
2026-06-01 13:00:00,26.70,48,28.50,,0.00,8.00,216
2026-06-01 14:00:00,27.10,45,28.10,,0.00,8.00,216
2026-06-01 15:00:00,27.80,41,28.00,,0.20,7.90,210
2026-06-01 16:00:00,27.50,42,27.40,,0.00,8.00,198
2026-06-01 17:00:00,27.50,40,27.10,,0.00,8.40,187
2026-06-01 18:00:00,27.20,41,27.00,,0.00,6.90,174
2026-06-01 19:00:00,26.30,45,26.30,,0.00,6.90,189
2026-06-01 20:00:00,24.70,62,27.00,,0.00,0.80,63
2026-06-01 21:00:00,22.40,67,24.10,,0.00,2.10,121
2026-06-01 22:00:00,20.90,69,22.20,,0.00,2.50,90
2026-06-01 23:00:00,19.60,72,20.90,,0.00,1.10,72
2026-06-02 00:00:00,18.70,75,19.50,,0.00,3.20,90
2026-06-02 01:00:00,18.20,75,19.00,,0.00,2.70,113
2026-06-02 02:00:00,18.10,77,18.60,,0.00,5.10,98
2026-06-02 03:00:00,17.90,75,18.40,,0.10,3.90,124
2026-06-02 04:00:00,17.70,74,18.20,,0.00,3.20,153
2026-06-02 05:00:00,17.20,78,17.70,,0.20,3.60,127
2026-06-02 06:00:00,17.70,79,18.60,,0.10,2.30,162
2026-06-02 07:00:00,19.60,75,20.80,,0.00,3.40,162
2026-06-02 08:00:00,21.10,72,22.30,,0.00,5.40,172
2026-06-02 09:00:00,21.90,73,22.80,,0.00,9.70,195
2026-06-02 10:00:00,21.40,78,22.90,,0.00,7.50,215
2026-06-02 11:00:00,21.90,78,23.30,,0.00,9.80,216
2026-06-02 12:00:00,23.20,69,24.80,,0.00,9.20,201
2026-06-02 13:00:00,24.70,61,25.80,,0.00,12.90,203
2026-06-02 14:00:00,24.60,61,25.20,,0.20,11.80,207
2026-06-02 15:00:00,24.40,64,25.50,,0.60,10.60,208
2026-06-02 16:00:00,25.00,61,26.20,,0.10,8.40,211
2026-06-02 17:00:00,24.60,65,26.00,,0.00,9.40,212
2026-06-02 18:00:00,24.80,62,26.10,,0.10,7.90,204
2026-06-02 19:00:00,24.20,64,25.70,,0.00,6.60,209
2026-06-02 20:00:00,21.20,80,22.50,,0.70,9.60,257
2026-06-02 21:00:00,19.40,81,20.50,,0.10,7.10,246
2026-06-02 22:00:00,18.00,89,19.50,,0.00,4.30,265
2026-06-02 23:00:00,17.10,92,18.80,,0.00,2.20,279
2026-06-03 00:00:00,16.40,93,17.80,,0.00,2.20,180
2026-06-03 01:00:00,15.60,96,16.90,,0.00,2.70,203
2026-06-03 02:00:00,15.40,98,16.50,,0.00,3.50,204
2026-06-03 03:00:00,15.20,97,16.10,,0.00,4.30,222
2026-06-03 04:00:00,15.20,97,16.00,,0.00,4.80,222
2026-06-03 05:00:00,15.00,97,15.70,,0.00,5.90,223
2026-06-03 06:00:00,15.60,95,16.20,,0.00,6.40,232
2026-06-03 07:00:00,16.90,88,17.50,,0.00,7.40,241
2026-06-03 08:00:00,18.70,79,19.00,,0.00,8.90,243
2026-06-03 09:00:00,19.40,74,19.60,,0.00,9.60,236
2026-06-03 10:00:00,20.70,64,20.20,,0.00,12.30,238
2026-06-03 11:00:00,21.20,57,19.80,,0.00,14.40,238
2026-06-03 12:00:00,21.10,59,19.90,,0.00,14.40,238
2026-06-03 13:00:00,22.40,57,22.20,,0.00,13.00,228
2026-06-03 14:00:00,22.80,56,22.10,,0.00,15.00,240
2026-06-03 15:00:00,23.60,53,23.00,,0.00,13.00,236
2026-06-03 16:00:00,23.60,53,22.70,,0.00,13.50,245
2026-06-03 17:00:00,23.60,51,22.70,,0.00,12.60,246
2026-06-03 18:00:00,23.00,57,22.60,,0.00,11.30,248
2026-06-03 19:00:00,22.60,57,22.30,,0.00,9.50,245
2026-06-03 20:00:00,21.30,63,21.60,,0.00,6.30,239
2026-06-03 21:00:00,19.80,71,20.70,,0.00,4.10,218
2026-06-03 22:00:00,18.70,74,19.40,,0.00,4.10,218
2026-06-03 23:00:00,17.90,76,18.40,,0.00,4.40,215
2026-06-04 00:00:00,17.20,80,17.80,,0.00,4.40,215
2026-06-04 01:00:00,16.90,80,17.30,,0.00,4.60,219
2026-06-04 02:00:00,16.40,82,16.80,,0.00,4.40,215
2026-06-04 03:00:00,16.10,85,16.70,,0.00,4.00,207
2026-06-04 04:00:00,15.70,86,16.20,,0.00,3.50,204
2026-06-04 05:00:00,15.50,88,16.00,,0.00,3.90,214
2026-06-04 06:00:00,16.20,88,17.10,,0.00,3.70,209
2026-06-04 07:00:00,17.30,85,18.30,,0.00,3.70,209
2026-06-04 08:00:00,18.50,83,19.80,,0.00,4.30,222
2026-06-04 09:00:00,20.60,75,22.00,,0.00,4.60,231
2026-06-04 10:00:00,22.50,69,23.80,,0.00,6.60,241
2026-06-04 11:00:00,23.00,63,23.70,,0.00,8.50,242
2026-06-04 12:00:00,23.80,59,24.40,,0.00,8.20,247
2026-06-04 13:00:00,24.60,55,25.50,,0.00,7.90,246
2026-06-04 14:00:00,25.50,51,26.50,,0.00,7.30,250
2026-06-04 15:00:00,26.60,46,27.00,,0.00,7.70,242
2026-06-04 16:00:00,26.80,44,26.70,,0.00,8.00,234
2026-06-04 17:00:00,26.80,45,27.00,,0.00,7.40,231
2026-06-04 18:00:00,26.40,47,26.90,,0.00,5.60,225
2026-06-04 19:00:00,25.80,51,26.90,,0.00,3.30,229
2026-06-04 20:00:00,24.70,64,27.20,,0.00,1.30,236
2026-06-04 21:00:00,23.20,63,24.90,,0.00,1.40,90
2026-06-04 22:00:00,21.70,66,23.00,,0.00,2.10,59
2026-06-04 23:00:00,20.80,67,21.90,,0.00,2.40,63
2026-06-05 00:00:00,20.20,70,21.00,,0.20,4.60,39
2026-06-05 01:00:00,19.40,73,20.40,,0.10,2.90,173
2026-06-05 02:00:00,18.10,82,18.80,,0.30,6.10,177
2026-06-05 03:00:00,17.10,92,18.90,,0.50,1.40,270
2026-06-05 04:00:00,16.90,93,18.50,,3.50,2.30,198
2026-06-05 05:00:00,17.00,94,18.50,,1.10,3.20,153
2026-06-05 06:00:00,17.40,94,19.00,,0.30,4.40,171
2026-06-05 07:00:00,18.40,92,19.50,,0.00,9.00,185
2026-06-05 08:00:00,19.40,88,20.60,,0.00,10.00,201
2026-06-05 09:00:00,20.50,82,21.80,,0.00,9.00,196
2026-06-05 10:00:00,21.70,76,22.80,,0.00,10.20,198
2026-06-05 11:00:00,22.00,75,23.00,,0.30,11.00,199
2026-06-05 12:00:00,24.30,65,25.70,,0.30,11.00,203
2026-06-05 13:00:00,23.80,65,24.80,,0.30,9.70,211
2026-06-05 14:00:00,22.70,70,23.60,,0.50,10.60,204
2026-06-05 15:00:00,24.60,59,24.90,,0.10,11.50,194
2026-06-05 16:00:00,24.30,59,24.50,,0.00,12.10,207
2026-06-05 17:00:00,22.30,71,22.80,,0.80,12.20,194
2026-06-05 18:00:00,21.80,77,23.70,,0.80,5.90,223
2026-06-05 19:00:00,20.80,79,22.20,,0.40,7.60,225
2026-06-05 20:00:00,20.30,84,22.30,,0.00,4.70,212
2026-06-05 21:00:00,18.70,89,20.60,,0.00,3.10,201
2026-06-05 22:00:00,17.90,91,19.60,,0.00,3.40,212
2026-06-05 23:00:00,17.30,94,18.90,,0.00,3.40,212
2026-06-06 00:00:00,16.70,94,18.20,,0.00,3.20,207
2026-06-06 01:00:00,16.10,96,17.50,,0.00,3.10,201
2026-06-06 02:00:00,15.60,97,16.90,,0.00,3.00,194
2026-06-06 03:00:00,15.10,96,16.10,,0.00,3.20,207
2026-06-06 04:00:00,15.00,97,15.90,,0.00,3.70,209
2026-06-06 05:00:00,15.20,95,15.90,,0.00,5.10,225
2026-06-06 06:00:00,15.60,92,16.20,,0.00,5.40,233
2026-06-06 07:00:00,16.50,89,16.90,,0.00,8.20,247
2026-06-06 08:00:00,17.50,83,17.70,,0.00,8.80,258
2026-06-06 09:00:00,18.30,87,19.10,,0.10,8.70,265
2026-06-06 10:00:00,19.20,80,19.80,,0.10,8.80,279
2026-06-06 11:00:00,20.00,75,20.60,,0.20,8.70,294
2026-06-06 12:00:00,21.40,71,22.60,,0.10,9.20,296
2026-06-06 13:00:00,22.20,65,22.90,,0.00,10.00,291
2026-06-06 14:00:00,22.80,59,22.70,,0.00,10.50,286
2026-06-06 15:00:00,23.50,57,23.40,,0.20,11.20,268
2026-06-06 16:00:00,20.60,80,21.40,,1.30,11.50,284
2026-06-06 17:00:00,20.40,82,21.40,,1.70,10.10,276
2026-06-06 18:00:00,19.70,87,20.60,,1.70,11.70,281
2026-06-06 19:00:00,19.40,86,20.10,,0.50,12.40,287
2026-06-06 20:00:00,18.90,88,19.90,,0.30,9.60,283
2026-06-06 21:00:00,18.70,90,19.90,,0.00,8.80,279
2026-06-06 22:00:00,18.40,93,19.70,,0.00,8.70,287
2026-06-06 23:00:00,18.10,95,19.50,,0.00,7.90,294
2026-06-07 00:00:00,17.70,95,18.90,,0.00,8.10,291
2026-06-07 01:00:00,17.40,95,18.50,,0.00,8.00,297
2026-06-07 02:00:00,16.80,95,17.70,,0.00,8.10,302
2026-06-07 03:00:00,16.20,94,17.00,,0.00,6.50,304
2026-06-07 04:00:00,15.70,95,16.40,,0.00,6.30,301
2026-06-07 05:00:00,15.30,94,15.90,,0.00,6.00,303
2026-06-07 06:00:00,15.80,91,16.30,,0.00,6.40,297
2026-06-07 07:00:00,17.40,87,18.00,,0.00,7.60,301
2026-06-07 08:00:00,19.00,80,19.50,,0.00,9.00,307
2026-06-07 09:00:00,20.10,74,20.70,,0.00,8.20,308
2026-06-07 10:00:00,21.20,69,21.40,,0.00,10.50,308
2026-06-07 11:00:00,21.90,63,21.70,,0.00,11.70,313
2026-06-07 12:00:00,22.70,59,22.70,,0.00,10.70,315
2026-06-07 13:00:00,23.40,56,23.70,,0.00,10.70,312
2026-06-07 14:00:00,23.90,52,23.80,,0.00,11.20,310
2026-06-07 15:00:00,24.40,52,24.90,,0.00,10.20,315
2026-06-07 16:00:00,24.70,48,24.40,,0.00,10.00,308
2026-06-07 17:00:00,24.60,48,24.00,,0.00,9.90,303
2026-06-07 18:00:00,23.80,48,23.20,,0.00,8.90,297
2026-06-07 19:00:00,23.10,50,22.60,,0.00,8.00,297
2026-06-07 20:00:00,21.90,55,21.90,,0.00,5.00,300
2026-06-07 21:00:00,20.40,63,21.00,,0.00,2.50,315
2026-06-07 22:00:00,19.70,66,20.30,,0.00,2.50,315
2026-06-07 23:00:00,19.40,65,19.90,,0.00,1.60,297
2026-06-08 00:00:00,18.40,70,18.90,,0.00,2.60,304
2026-06-08 01:00:00,18.00,70,18.50,,0.00,1.80,349
2026-06-08 02:00:00,17.80,71,18.40,,0.00,1.50,14
2026-06-08 03:00:00,17.50,76,18.20,,0.00,1.90,22
2026-06-08 04:00:00,17.20,76,17.90,,0.00,1.60,63
2026-06-08 05:00:00,16.80,79,17.40,,0.00,2.60,74
2026-06-08 06:00:00,17.10,79,17.90,,0.00,1.90,112
2026-06-08 07:00:00,18.60,79,19.90,,0.00,2.10,149
2026-06-08 08:00:00,20.00,70,20.80,,0.00,4.30,180
2026-06-08 09:00:00,21.70,63,22.30,,0.00,5.50,191
2026-06-08 10:00:00,23.00,56,23.00,,0.00,7.70,217
2026-06-08 11:00:00,24.00,53,24.40,,0.00,9.20,228
2026-06-08 12:00:00,24.90,50,25.40,,0.00,10.90,243
2026-06-08 13:00:00,24.90,50,24.80,,0.00,12.30,249
2026-06-08 14:00:00,25.10,49,25.20,,0.00,10.50,254
2026-06-08 15:00:00,25.30,50,25.10,,0.00,11.40,259
2026-06-08 16:00:00,25.20,48,24.60,,0.00,11.00,259
2026-06-08 17:00:00,24.30,50,23.80,,0.00,10.70,250
2026-06-08 18:00:00,23.60,51,22.70,,0.10,11.90,273
2026-06-08 19:00:00,22.40,56,22.10,,0.10,8.40,295
2026-06-08 20:00:00,21.30,65,22.20,,0.00,3.60,276
2026-06-08 21:00:00,19.20,73,20.00,,0.10,4.00,333
2026-06-08 22:00:00,18.10,77,18.70,,0.10,4.70,4
2026-06-08 23:00:00,17.20,82,18.00,,0.00,3.10,306
2026-06-09 00:00:00,16.40,87,17.00,,0.00,5.50,302
2026-06-09 01:00:00,15.50,91,15.80,,0.00,6.90,317
2026-06-09 02:00:00,14.60,93,14.90,,0.00,6.00,335
2026-06-09 03:00:00,14.30,97,14.80,,0.00,4.80,333
2026-06-09 04:00:00,13.90,98,14.30,,0.00,5.40,340
2026-06-09 05:00:00,14.10,97,14.40,,0.00,5.60,333
2026-06-09 06:00:00,14.50,93,14.80,,0.00,5.20,335
2026-06-09 07:00:00,15.00,91,15.40,,0.00,5.00,330
2026-06-09 08:00:00,16.20,85,16.70,,0.00,4.30,318
2026-06-09 09:00:00,17.70,75,18.20,,0.00,3.30,276
2026-06-09 10:00:00,19.10,66,19.40,,0.00,4.70,247
2026-06-09 11:00:00,20.40,61,21.20,,0.00,6.60,241
2026-06-09 12:00:00,21.00,54,22.10,,0.00,6.20,234
2026-06-09 13:00:00,22.00,51,23.10,,0.00,6.10,225
2026-06-09 14:00:00,22.80,47,23.70,,0.00,7.90,227
2026-06-09 15:00:00,23.50,47,24.20,,0.00,7.70,233
2026-06-09 16:00:00,23.60,44,23.60,,0.00,7.20,233
2026-06-09 17:00:00,23.20,45,22.20,,0.00,8.10,238
2026-06-09 18:00:00,22.20,50,21.70,,0.00,5.90,232
2026-06-09 19:00:00,21.90,58,22.60,,0.00,2.70,203
2026-06-09 20:00:00,20.70,66,21.60,,0.00,2.90,150
2026-06-09 21:00:00,19.70,64,20.10,,0.00,3.00,166
2026-06-09 22:00:00,18.90,63,18.90,,0.00,3.90,146
2026-06-09 23:00:00,18.50,63,18.10,,0.00,5.90,142
2026-06-10 00:00:00,18.50,63,18.10,,0.00,5.90,142
2026-06-10 01:00:00,18.40,60,17.50,,0.00,7.30,147
2026-06-10 02:00:00,18.50,59,17.60,,0.00,7.30,147
2026-06-10 03:00:00,18.30,63,17.40,,0.00,8.00,144
2026-06-10 04:00:00,17.80,68,17.60,,0.10,5.10,219
2026-06-10 05:00:00,16.70,79,17.20,,0.20,3.00,284
2026-06-10 06:00:00,16.60,85,17.10,,0.40,5.90,76
2026-06-10 07:00:00,17.60,82,18.30,,0.00,5.20,115
2026-06-10 08:00:00,18.70,79,19.30,,0.00,7.10,139
2026-06-10 09:00:00,19.00,78,19.70,,0.00,6.70,126
2026-06-10 10:00:00,20.30,76,21.30,,0.00,7.40,141
2026-06-10 11:00:00,19.70,83,21.00,,0.30,7.20,162
2026-06-10 12:00:00,20.20,82,21.50,,0.80,8.10,159
2026-06-10 13:00:00,20.40,83,21.60,,0.50,9.40,180
2026-06-10 14:00:00,20.70,85,22.60,,0.60,7.30,189
2026-06-10 15:00:00,22.40,78,24.20,,0.30,8.70,187
2026-06-10 16:00:00,22.60,80,24.70,,0.50,9.10,173
2026-06-10 17:00:00,22.70,79,24.60,,0.30,10.10,180
2026-06-10 18:00:00,23.20,77,25.00,,0.70,10.40,178
2026-06-10 19:00:00,22.40,84,24.90,,0.00,7.60,177
2026-06-10 20:00:00,21.40,89,24.20,,0.20,5.40,188
2026-06-10 21:00:00,21.20,87,23.60,,0.00,6.30,149
2026-06-10 22:00:00,20.20,92,22.50,,1.70,6.40,164
2026-06-10 23:00:00,19.90,90,21.80,,0.20,7.10,139
2026-06-11 00:00:00,20.00,83,21.50,,0.00,6.60,151
2026-06-11 01:00:00,19.80,82,21.00,,0.00,7.60,155
2026-06-11 02:00:00,19.50,81,20.50,,0.00,8.10,167
2026-06-11 03:00:00,19.40,81,20.20,,0.00,8.70,163
2026-06-11 04:00:00,19.20,83,20.00,,0.00,9.70,178
2026-06-11 05:00:00,19.00,86,19.90,,0.00,10.10,178
2026-06-11 06:00:00,19.20,88,20.20,,0.00,10.50,176
2026-06-11 07:00:00,20.20,84,21.20,,0.00,11.50,182
2026-06-11 08:00:00,20.90,81,21.60,,0.00,13.90,190
2026-06-11 09:00:00,21.40,81,22.70,,0.00,11.40,191
2026-06-11 10:00:00,22.40,79,24.00,,0.00,10.60,198
2026-06-11 11:00:00,23.50,73,24.40,,0.10,14.50,199
2026-06-11 12:00:00,20.90,88,22.40,,2.50,12.60,182
2026-06-11 13:00:00,20.50,89,21.60,,1.20,14.20,187
2026-06-11 14:00:00,20.80,88,21.80,,0.80,15.20,194
2026-06-11 15:00:00,22.30,83,23.80,,0.90,13.20,197
2026-06-11 16:00:00,23.30,80,25.20,,0.10,11.80,200
2026-06-11 17:00:00,21.40,89,23.00,,2.70,13.80,208
2026-06-11 18:00:00,22.30,85,24.30,,0.20,11.40,198
2026-06-11 19:00:00,22.50,86,25.60,,0.00,5.60,195
2026-06-11 20:00:00,22.10,89,25.70,,0.00,2.90,150
2026-06-11 21:00:00,21.40,91,24.90,,0.70,2.10,59
2026-06-11 22:00:00,20.60,91,23.60,,0.90,3.10,159
2026-06-11 23:00:00,20.40,88,23.10,,0.30,2.20,180
2026-06-12 00:00:00,19.60,89,22.00,,0.00,2.60,106
2026-06-12 01:00:00,19.20,90,21.40,,0.00,3.30,139
2026-06-12 02:00:00,19.00,92,21.30,,0.20,3.30,186
2026-06-12 03:00:00,19.20,90,21.60,,0.10,1.80,127
2026-06-12 04:00:00,18.50,93,20.70,,0.00,2.90,97
2026-06-12 05:00:00,18.40,94,20.60,,0.00,2.90,90
2026-06-12 06:00:00,18.80,93,21.30,,0.00,1.50,135
2026-06-12 07:00:00,19.50,94,22.30,,0.00,1.80,37
2026-06-12 08:00:00,20.30,91,23.00,,0.10,3.80,107
2026-06-12 09:00:00,21.00,83,22.90,,0.10,6.40,128
2026-06-12 10:00:00,21.40,77,22.80,,0.00,7.90,87
2026-06-12 11:00:00,23.60,70,25.00,,0.00,12.10,117
2026-06-12 12:00:00,24.10,64,25.20,,0.00,13.50,155
2026-06-12 13:00:00,24.80,58,25.20,,0.00,14.20,164
2026-06-12 14:00:00,24.90,61,25.30,,0.10,13.10,159
2026-06-12 15:00:00,25.60,59,26.30,,0.90,12.50,162
2026-06-12 16:00:00,24.50,69,25.90,,0.10,11.50,166
2026-06-12 17:00:00,23.10,79,24.80,,1.20,12.10,153
2026-06-12 18:00:00,21.20,89,23.20,,3.40,10.40,160
2026-06-12 19:00:00,20.30,90,22.30,,1.20,8.00,153
2026-06-12 20:00:00,19.80,93,21.90,,1.70,7.10,165
2026-06-12 21:00:00,19.10,95,21.50,,0.30,3.90,146
2026-06-12 22:00:00,18.70,95,21.20,,0.60,1.80,360
2026-06-12 23:00:00,18.20,96,19.90,,0.70,7.00,325
2026-06-13 00:00:00,16.90,94,16.80,,0.20,14.60,327
2026-06-13 01:00:00,16.20,93,15.50,,0.10,15.90,322
2026-06-13 02:00:00,15.90,92,14.90,,0.10,17.20,323
2026-06-13 03:00:00,15.70,92,14.50,,0.20,18.00,327
2026-06-13 04:00:00,15.60,91,14.20,,0.50,18.20,326
2026-06-13 05:00:00,15.00,91,13.70,,0.40,16.60,321
2026-06-13 06:00:00,15.00,91,13.70,,0.10,16.60,312
2026-06-13 07:00:00,14.90,90,13.40,,0.00,17.10,312
2026-06-13 08:00:00,15.40,89,14.10,,0.00,16.80,312
2026-06-13 09:00:00,16.30,86,15.20,,0.00,15.80,319
2026-06-13 10:00:00,17.50,80,15.90,,0.00,19.80,327
2026-06-13 11:00:00,18.90,73,17.50,,0.00,18.00,327
2026-06-13 12:00:00,19.60,71,18.80,,0.00,16.00,324
2026-06-13 13:00:00,20.50,66,19.80,,0.00,15.70,323
2026-06-13 14:00:00,21.30,61,20.80,,0.00,15.10,327
2026-06-13 15:00:00,21.70,59,20.70,,0.00,14.60,327
2026-06-13 16:00:00,21.70,58,20.80,,0.00,13.20,331
2026-06-13 17:00:00,21.70,57,20.80,,0.00,12.10,330
2026-06-13 18:00:00,21.40,58,20.90,,0.00,9.80,332
2026-06-13 19:00:00,20.90,59,20.40,,0.00,8.40,335
2026-06-13 20:00:00,19.70,65,19.90,,0.00,4.80,333
2026-06-13 21:00:00,18.30,67,18.50,,0.00,3.40,328
2026-06-13 22:00:00,17.40,69,17.40,,0.00,2.80,320
2026-06-13 23:00:00,16.80,69,16.80,,0.00,2.30,309
2026-06-14 00:00:00,16.10,73,16.10,,0.00,2.00,315
2026-06-14 01:00:00,15.60,73,15.50,,0.00,1.80,307
2026-06-14 02:00:00,15.10,74,15.10,,0.00,1.50,315
2026-06-14 03:00:00,14.30,79,14.20,,0.00,2.30,342
2026-06-14 04:00:00,14.10,78,13.90,,0.00,2.20,351
2026-06-14 05:00:00,13.90,79,13.60,,0.00,2.90,30
2026-06-14 06:00:00,14.60,79,14.60,,0.00,1.90,22
2026-06-14 07:00:00,16.00,82,16.70,,0.00,1.80,53
2026-06-14 08:00:00,17.60,76,18.10,,0.00,3.30,77
2026-06-14 09:00:00,18.70,73,19.70,,0.00,1.40,90
2026-06-14 10:00:00,20.00,70,21.10,,0.00,1.90,68
2026-06-14 11:00:00,21.10,61,21.90,,0.00,2.90,60
2026-06-14 12:00:00,20.90,56,20.90,,0.00,3.60,84
2026-06-14 13:00:00,22.20,51,22.50,,0.00,4.00,95
2026-06-14 14:00:00,22.30,48,22.00,,0.00,4.30,114
2026-06-14 15:00:00,22.20,51,22.10,,0.00,3.40,148
2026-06-14 16:00:00,22.00,53,22.20,,0.00,2.30,162
2026-06-14 17:00:00,22.50,51,22.90,,0.00,0.70,90
2026-06-14 18:00:00,22.60,54,23.20,,0.00,1.50,14
2026-06-14 19:00:00,21.90,60,22.80,,0.00,2.50,45
2026-06-14 20:00:00,20.60,68,21.50,,0.00,4.10,52
2026-06-14 21:00:00,19.70,72,20.60,,0.00,3.30,49
2026-06-14 22:00:00,18.90,70,19.40,,0.00,3.90,56
2026-06-14 23:00:00,18.20,76,18.70,,0.00,4.90,73
2026-06-15 00:00:00,17.50,82,18.40,,0.00,4.00,63
2026-06-15 01:00:00,17.00,82,17.60,,0.00,4.30,66
2026-06-15 02:00:00,16.70,83,17.20,,0.00,4.50,61
2026-06-15 03:00:00,16.20,87,16.80,,0.00,4.70,58
2026-06-15 04:00:00,16.00,88,16.50,,0.00,4.90,54
2026-06-15 05:00:00,15.70,90,16.30,,0.00,5.10,51
2026-06-15 06:00:00,16.20,92,17.00,,0.00,5.90,52
2026-06-15 07:00:00,16.90,90,17.60,,0.00,7.40,51
2026-06-15 08:00:00,18.00,88,18.80,,0.00,8.40,50
2026-06-15 09:00:00,19.60,83,20.70,,0.00,8.30,56
2026-06-15 10:00:00,20.70,78,21.70,,0.00,8.90,58
2026-06-15 11:00:00,20.80,76,21.50,,0.00,10.20,67
2026-06-15 12:00:00,21.50,74,22.50,,0.00,8.90,63
2026-06-15 13:00:00,21.80,69,22.20,,0.00,10.60,66
2026-06-15 14:00:00,21.90,66,22.40,,0.00,9.10,56
2026-06-15 15:00:00,21.80,68,22.50,,0.00,7.90,51
2026-06-15 16:00:00,21.60,71,22.80,,0.00,6.00,57
2026-06-15 17:00:00,21.10,72,22.20,,0.10,6.10,93
2026-06-15 18:00:00,20.80,76,22.30,,0.20,5.40,70
2026-06-15 19:00:00,20.30,79,21.70,,0.00,5.40,42
2026-06-15 20:00:00,19.70,83,21.40,,0.00,4.50,61
2026-06-15 21:00:00,19.30,84,21.10,,0.00,3.50,66
2026-06-15 22:00:00,18.80,86,20.50,,0.00,3.10,54
2026-06-15 23:00:00,18.30,87,19.90,,0.00,3.30,41
2026-06-16 00:00:00,18.30,86,19.70,,0.00,4.20,31
2026-06-16 01:00:00,18.10,85,19.20,,0.00,4.80,42
2026-06-16 02:00:00,17.90,83,18.60,,0.00,6.40,43
2026-06-16 03:00:00,17.50,82,17.80,,0.00,7.40,39
2026-06-16 04:00:00,17.20,82,17.40,,0.00,7.60,45
2026-06-16 05:00:00,16.90,84,17.20,,0.00,7.20,53
2026-06-16 06:00:00,16.90,85,17.10,,0.00,8.30,56
2026-06-16 07:00:00,17.30,85,17.50,,0.00,9.70,48
2026-06-16 08:00:00,17.90,84,18.10,,0.00,10.30,54
2026-06-16 09:00:00,17.70,86,17.90,,0.80,11.40,55
2026-06-16 10:00:00,18.50,85,18.80,,0.20,11.80,50
2026-06-16 11:00:00,18.60,85,18.60,,0.20,13.70,60
2026-06-16 12:00:00,18.30,85,18.60,,1.40,11.50,46
2026-06-16 13:00:00,19.00,82,19.00,,0.10,13.30,33
2026-06-16 14:00:00,18.80,81,18.80,,0.20,12.50,44
2026-06-16 15:00:00,20.20,76,20.30,,0.10,13.20,35
2026-06-16 16:00:00,19.40,81,19.70,,0.20,11.50,39
2026-06-16 17:00:00,19.60,82,20.10,,0.40,11.70,43
2026-06-16 18:00:00,19.50,85,20.20,,0.30,11.20,40
2026-06-16 19:00:00,18.90,80,19.10,,0.10,10.90,27
2026-06-16 20:00:00,18.40,89,19.30,,0.40,9.90,19
2026-06-16 21:00:00,18.00,88,18.70,,0.60,9.60,13
2026-06-16 22:00:00,17.80,90,18.60,,0.30,8.60,15
2026-06-16 23:00:00,17.70,90,18.50,,0.40,8.80,19
2026-06-17 00:00:00,17.70,94,19.10,,1.50,6.20,7
2026-06-17 01:00:00,17.50,96,19.00,,1.30,6.20,7
2026-06-17 02:00:00,17.60,96,19.20,,1.10,5.80,7
2026-06-17 03:00:00,17.60,97,19.40,,1.30,4.70,360
2026-06-17 04:00:00,17.50,98,19.50,,1.40,3.50,336
2026-06-17 05:00:00,17.40,98,19.30,,0.90,4.40,325
2026-06-17 06:00:00,17.40,98,19.30,,0.70,4.10,322
2026-06-17 07:00:00,17.60,97,19.50,,0.40,3.60,323
2026-06-17 08:00:00,17.90,96,19.90,,0.30,3.60,307
2026-06-17 09:00:00,18.20,95,19.90,,0.30,5.80,274
2026-06-17 10:00:00,18.40,94,20.00,,0.60,6.90,276
2026-06-17 11:00:00,18.80,92,20.20,,0.40,8.40,295
2026-06-17 12:00:00,19.60,90,21.40,,0.20,7.60,278
2026-06-17 13:00:00,20.50,87,22.00,,0.30,10.10,272
2026-06-17 14:00:00,20.30,88,21.80,,0.40,10.50,262
2026-06-17 15:00:00,21.10,84,22.30,,0.70,12.40,280
2026-06-17 16:00:00,20.50,86,21.60,,0.40,12.70,278
2026-06-17 17:00:00,20.60,83,21.40,,0.10,13.40,284
2026-06-17 18:00:00,20.50,87,21.90,,0.10,10.90,279
2026-06-17 19:00:00,20.10,88,21.50,,0.30,10.80,270
2026-06-17 20:00:00,19.60,92,21.20,,0.40,9.90,260
2026-06-17 21:00:00,19.50,91,21.20,,0.30,7.60,262
2026-06-17 22:00:00,18.90,94,20.80,,0.00,7.00,258
2026-06-17 23:00:00,18.50,94,20.20,,0.00,6.70,254
2026-06-18 00:00:00,18.00,94,19.40,,0.00,6.80,252
2026-06-18 01:00:00,17.70,95,19.00,,0.00,7.40,256
2026-06-18 02:00:00,17.30,95,18.40,,0.00,7.30,261
2026-06-18 03:00:00,16.90,96,18.10,,0.00,6.80,267
2026-06-18 04:00:00,16.80,97,18.10,,0.00,6.50,267
2026-06-18 05:00:00,16.70,97,17.90,,0.00,6.50,267
2026-06-18 06:00:00,17.20,96,18.50,,0.00,7.20,267
2026-06-18 07:00:00,18.40,92,19.30,,0.00,10.70,282
2026-06-18 08:00:00,19.70,85,20.60,,0.00,11.20,285
2026-06-18 09:00:00,21.10,78,22.00,,0.00,10.90,279
2026-06-18 10:00:00,22.30,72,22.90,,0.00,13.10,279
2026-06-18 11:00:00,23.30,66,24.00,,0.00,14.00,282
2026-06-18 12:00:00,24.50,61,25.30,,0.00,14.00,288
2026-06-18 13:00:00,25.20,56,25.90,,0.00,14.30,288
2026-06-18 14:00:00,25.70,51,25.60,,0.00,14.60,290
2026-06-18 15:00:00,25.80,51,26.10,,0.00,14.40,292
2026-06-18 16:00:00,26.20,49,26.10,,0.00,14.00,293
2026-06-18 17:00:00,25.90,47,25.20,,0.00,13.40,297
2026-06-18 18:00:00,25.80,48,25.60,,0.00,10.30,299
2026-06-18 19:00:00,25.10,51,25.40,,0.00,7.70,298
2026-06-18 20:00:00,23.70,61,25.10,,0.00,3.30,276
2026-06-18 21:00:00,22.10,67,23.40,,0.00,4.10,255
2026-06-18 22:00:00,21.00,69,22.20,,0.00,3.70,241
2026-06-18 23:00:00,20.40,70,21.40,,0.00,3.90,214
2026-06-19 00:00:00,19.50,77,20.60,,0.00,4.20,211
2026-06-19 01:00:00,19.00,80,20.20,,0.00,4.40,215
2026-06-19 02:00:00,18.70,81,19.70,,0.00,5.20,214
2026-06-19 03:00:00,18.30,85,19.50,,0.00,5.10,225
2026-06-19 04:00:00,17.80,87,19.00,,0.00,4.80,228
2026-06-19 05:00:00,17.50,88,18.70,,0.00,4.30,228
2026-06-19 06:00:00,18.10,87,19.50,,0.00,3.60,225
2026-06-19 07:00:00,19.70,83,21.40,,0.00,4.30,228
2026-06-19 08:00:00,21.10,79,22.90,,0.00,5.60,230
2026-06-19 09:00:00,23.20,71,24.90,,0.00,6.60,229
2026-06-19 10:00:00,24.40,68,26.30,,0.00,7.10,225
2026-06-19 11:00:00,26.10,61,28.50,,0.00,9.20,222
2026-06-19 12:00:00,27.40,50,29.20,,0.00,11.50,229
2026-06-19 13:00:00,27.90,48,28.70,,0.00,12.60,233
2026-06-19 14:00:00,28.70,45,29.80,,0.00,13.30,229
2026-06-19 15:00:00,28.70,45,30.00,,0.00,12.30,232
2026-06-19 16:00:00,28.50,45,28.80,,0.00,12.90,234
2026-06-19 17:00:00,27.90,45,27.90,,0.00,11.00,229
2026-06-19 18:00:00,27.60,49,28.00,,0.00,11.00,221
2026-06-19 19:00:00,26.80,53,27.70,,0.00,9.30,216
2026-06-19 20:00:00,25.20,61,26.70,,0.00,6.80,205
2026-06-19 21:00:00,23.50,65,24.90,,0.00,6.40,207
2026-06-19 22:00:00,22.40,69,23.60,,0.00,6.70,196
2026-06-19 23:00:00,21.80,71,22.90,,0.00,7.00,192
2026-06-20 00:00:00,21.10,72,22.00,,0.00,8.00,188
2026-06-20 01:00:00,20.30,77,21.20,,0.00,8.70,185
2026-06-20 02:00:00,19.90,79,20.60,,0.00,9.10,187
2026-06-20 03:00:00,19.30,80,19.90,,0.00,9.00,182
2026-06-20 04:00:00,19.00,79,19.40,,0.00,9.40,180
2026-06-20 05:00:00,19.00,79,19.20,,0.00,10.40,178
2026-06-20 06:00:00,19.70,79,20.20,,0.00,10.40,182
2026-06-20 07:00:00,20.80,77,21.40,,0.00,11.50,182
2026-06-20 08:00:00,21.50,77,22.30,,0.00,12.80,202
2026-06-20 09:00:00,21.20,78,21.60,,0.30,14.80,221
2026-06-20 10:00:00,20.30,88,20.80,,1.60,17.00,253
2026-06-20 11:00:00,18.60,78,16.80,,0.80,22.60,301
2026-06-20 12:00:00,16.20,83,14.60,,0.50,18.20,295
2026-06-20 13:00:00,17.20,75,15.00,,0.00,20.70,309
2026-06-20 14:00:00,17.00,66,14.00,,0.00,21.40,316
2026-06-20 15:00:00,17.40,64,14.80,,0.00,18.30,315
2026-06-20 16:00:00,18.70,56,16.40,,0.00,17.10,312
2026-06-20 17:00:00,18.80,54,15.80,,0.00,18.70,308
2026-06-20 18:00:00,18.70,53,15.80,,0.00,17.80,318
2026-06-20 19:00:00,18.30,57,16.00,,0.00,14.60,320
2026-06-20 20:00:00,17.60,63,16.10,,0.00,11.20,318
2026-06-20 21:00:00,16.40,68,15.40,,0.00,8.00,306
2026-06-20 22:00:00,15.10,75,14.20,,0.00,7.20,288
2026-06-20 23:00:00,14.60,78,13.70,,0.00,7.30,279
2026-06-21 00:00:00,14.20,80,13.40,,0.00,7.20,273
2026-06-21 01:00:00,13.90,80,12.80,,0.00,8.10,283
2026-06-21 02:00:00,13.60,80,12.50,,0.00,8.00,288
2026-06-21 03:00:00,13.30,82,12.40,,0.00,7.30,290
2026-06-21 04:00:00,12.90,83,11.90,,0.00,7.20,288
2026-06-21 05:00:00,12.70,85,11.70,,0.00,7.80,283
2026-06-21 06:00:00,13.70,84,12.90,,0.00,7.30,290
2026-06-21 07:00:00,15.20,80,14.60,,0.00,8.20,293
2026-06-21 08:00:00,17.00,75,16.50,,0.00,8.90,297
2026-06-21 09:00:00,19.00,67,18.70,,0.00,7.90,300
2026-06-21 10:00:00,20.60,64,20.60,,0.00,9.60,283
2026-06-21 11:00:00,21.80,56,21.60,,0.00,12.80,286
2026-06-21 12:00:00,22.20,54,21.80,,0.00,15.00,291
2026-06-21 13:00:00,23.00,50,22.80,,0.00,15.50,292
2026-06-21 14:00:00,23.50,47,23.10,,0.00,15.10,295
2026-06-21 15:00:00,23.70,45,23.10,,0.00,14.70,298
2026-06-21 16:00:00,24.00,42,22.50,,0.00,14.80,299
2026-06-21 17:00:00,23.30,43,21.30,,0.00,13.80,298
2026-06-21 18:00:00,22.90,46,21.10,,0.00,13.50,299
2026-06-21 19:00:00,22.40,48,21.20,,0.00,9.80,298
2026-06-21 20:00:00,21.20,55,20.80,,0.00,6.50,289
2026-06-21 21:00:00,19.60,62,19.60,,0.00,4.30,275
2026-06-21 22:00:00,18.20,67,18.20,,0.00,4.30,270
2026-06-21 23:00:00,17.30,69,17.10,,0.00,4.70,279
2026-06-22 00:00:00,16.30,74,16.20,,0.00,4.00,280
2026-06-22 01:00:00,15.90,74,15.60,,0.00,4.10,285
2026-06-22 02:00:00,15.50,75,15.20,,0.00,3.90,292
2026-06-22 03:00:00,14.80,78,14.60,,0.00,3.80,311
2026-06-22 04:00:00,14.50,79,14.20,,0.00,3.60,307
2026-06-22 05:00:00,14.10,79,13.90,,0.00,2.90,300
2026-06-22 06:00:00,14.80,79,14.80,,0.00,2.30,321
2026-06-22 07:00:00,16.70,78,17.20,,0.00,2.30,321
2026-06-22 08:00:00,18.40,73,19.00,,0.00,3.60,315
2026-06-22 09:00:00,21.00,63,21.70,,0.00,3.50,294
2026-06-22 10:00:00,22.60,56,23.60,,0.00,4.50,284
2026-06-22 11:00:00,23.80,50,25.00,,0.00,6.20,280
2026-06-22 12:00:00,24.30,48,25.50,,0.00,7.60,275
2026-06-22 13:00:00,25.00,46,26.20,,0.00,8.00,280
2026-06-22 14:00:00,25.50,44,26.60,,0.00,7.70,281
2026-06-22 15:00:00,25.70,42,26.40,,0.00,7.20,288
2026-06-22 16:00:00,25.80,43,26.00,,0.00,7.20,288
2026-06-22 17:00:00,25.60,44,25.30,,0.00,7.00,291
2026-06-22 18:00:00,24.80,48,24.80,,0.00,6.60,299
2026-06-22 19:00:00,24.30,52,24.70,,0.00,5.30,298
2026-06-22 20:00:00,23.00,61,24.20,,0.00,2.90,277
2026-06-22 21:00:00,21.80,65,23.00,,0.00,2.60,254
2026-06-22 22:00:00,20.80,67,21.60,,0.00,4.30,246
2026-06-22 23:00:00,20.40,70,21.60,,0.10,2.10,239
2026-06-23 00:00:00,20.00,72,21.40,,0.00,0.80,243
2026-06-23 01:00:00,19.30,73,20.40,,0.00,2.20,180
2026-06-23 02:00:00,18.80,75,19.80,,0.00,2.20,180
2026-06-23 03:00:00,18.80,78,20.00,,0.00,2.90,180
2026-06-23 04:00:00,18.70,77,19.80,,0.00,2.90,187
2026-06-23 05:00:00,18.80,77,19.80,,0.00,3.10,144
2026-06-23 06:00:00,18.70,80,19.90,,0.00,3.60,174
2026-06-23 07:00:00,19.80,79,21.20,,0.00,4.30,185
2026-06-23 08:00:00,21.00,76,22.40,,0.00,6.50,183
2026-06-23 09:00:00,21.80,71,22.90,,0.00,7.10,195
2026-06-23 10:00:00,22.90,70,24.40,,0.00,7.40,194
2026-06-23 11:00:00,24.50,67,26.50,,0.00,8.40,211
2026-06-23 12:00:00,26.20,58,28.60,,0.00,7.90,219
2026-06-23 13:00:00,26.70,55,28.00,,0.00,13.30,251
2026-06-23 14:00:00,25.70,62,26.80,,0.10,12.00,261
2026-06-23 15:00:00,25.50,65,27.00,,0.10,10.50,262
2026-06-23 16:00:00,24.30,70,25.70,,0.30,12.10,258
2026-06-23 17:00:00,21.40,88,23.50,,1.50,9.80,262
2026-06-23 18:00:00,20.60,92,22.70,,1.60,9.40,288
2026-06-23 19:00:00,19.50,80,20.50,,0.50,6.90,276
2026-06-23 20:00:00,18.90,84,20.00,,0.00,7.20,252
2026-06-23 21:00:00,18.90,90,20.50,,0.00,7.10,255
2026-06-23 22:00:00,18.50,94,20.00,,0.00,8.30,265
2026-06-23 23:00:00,18.50,95,20.00,,0.00,8.60,270
2026-06-24 00:00:00,18.40,93,19.60,,0.00,8.80,279
2026-06-24 01:00:00,17.90,92,19.00,,0.00,8.20,293
2026-06-24 02:00:00,17.40,87,17.90,,0.00,8.10,302
2026-06-24 03:00:00,16.50,87,16.90,,0.00,6.80,302
2026-06-24 04:00:00,15.70,88,15.90,,0.00,6.80,295
2026-06-24 05:00:00,15.10,90,15.10,,0.00,7.20,288
2026-06-24 06:00:00,15.40,90,15.60,,0.00,7.30,290
2026-06-24 07:00:00,16.60,87,16.80,,0.00,8.20,293
2026-06-24 08:00:00,17.90,83,18.30,,0.00,8.10,302
2026-06-24 09:00:00,19.20,78,19.70,,0.00,8.80,305
2026-06-24 10:00:00,19.80,73,19.70,,0.00,11.30,307
2026-06-24 11:00:00,19.90,71,19.60,,0.00,11.70,304
2026-06-24 12:00:00,20.40,67,19.80,,0.00,13.20,305
2026-06-24 13:00:00,21.30,65,20.90,,0.00,12.60,301
2026-06-24 14:00:00,22.10,63,22.20,,0.00,12.50,303
2026-06-24 15:00:00,22.70,61,22.80,,0.00,13.20,313
2026-06-24 16:00:00,21.40,67,21.60,,0.40,10.50,322
2026-06-24 17:00:00,20.60,74,20.90,,0.20,11.30,323
2026-06-24 18:00:00,20.20,77,20.40,,0.10,12.70,325
2026-06-24 19:00:00,19.50,76,19.50,,0.50,11.60,324
2026-06-24 20:00:00,18.30,83,18.90,,0.30,8.40,329
2026-06-24 21:00:00,17.50,90,18.50,,0.90,6.30,336
2026-06-24 22:00:00,17.00,94,18.00,,0.00,6.90,351
2026-06-24 23:00:00,16.80,89,17.60,,0.00,5.40,360
2026-06-25 00:00:00,16.00,87,16.50,,0.00,5.40,360
2026-06-25 01:00:00,15.70,88,16.20,,0.00,4.70,360
2026-06-25 02:00:00,15.40,88,15.80,,0.00,4.80,333
2026-06-25 03:00:00,15.00,90,15.30,,0.00,5.30,332
2026-06-25 04:00:00,15.10,92,15.70,,0.00,4.50,331
2026-06-25 05:00:00,15.00,92,15.30,,0.00,5.80,330
2026-06-25 06:00:00,15.40,91,15.70,,0.00,6.30,329
2026-06-25 07:00:00,16.50,89,17.00,,0.00,7.10,330
2026-06-25 08:00:00,18.00,84,18.60,,0.00,7.90,336
2026-06-25 09:00:00,19.40,76,19.80,,0.00,9.20,339
2026-06-25 10:00:00,20.60,70,21.20,,0.00,9.80,343
2026-06-25 11:00:00,21.30,63,21.80,,0.10,10.20,352
2026-06-25 12:00:00,21.70,58,22.10,,0.00,10.50,356
2026-06-25 13:00:00,21.90,57,21.70,,0.00,11.90,357
2026-06-25 14:00:00,22.40,55,22.40,,0.00,11.90,357
2026-06-25 15:00:00,23.00,48,21.60,,0.00,13.40,6
2026-06-25 16:00:00,23.30,45,21.50,,0.00,14.50,7
2026-06-25 17:00:00,23.10,43,20.80,,0.00,15.30,8
2026-06-25 18:00:00,22.40,39,19.70,,0.00,14.20,9
2026-06-25 19:00:00,21.60,34,18.70,,0.00,12.00,16
2026-06-25 20:00:00,20.20,40,18.30,,0.00,6.30,13
2026-06-25 21:00:00,18.80,55,18.30,,0.00,2.60,344
2026-06-25 22:00:00,17.80,57,17.20,,0.00,2.80,320
2026-06-25 23:00:00,17.20,58,16.40,,0.00,3.30,319
2026-06-26 00:00:00,16.00,66,15.40,,0.00,3.60,323
2026-06-26 01:00:00,15.60,68,15.00,,0.00,3.80,319
2026-06-26 02:00:00,15.20,71,14.60,,0.00,4.10,315
2026-06-26 03:00:00,14.30,76,13.80,,0.00,4.10,315
2026-06-26 04:00:00,14.00,79,13.40,,0.00,4.80,312
2026-06-26 05:00:00,13.70,81,13.20,,0.00,4.70,302
2026-06-26 06:00:00,14.40,80,14.00,,0.00,4.70,302
2026-06-26 07:00:00,16.20,78,16.00,,0.00,6.70,306
2026-06-26 08:00:00,18.20,73,18.00,,0.00,8.00,306
2026-06-26 09:00:00,20.70,61,20.30,,0.00,9.40,302
2026-06-26 10:00:00,22.50,55,22.00,,0.00,12.00,309
2026-06-26 11:00:00,23.30,51,22.70,,0.00,12.30,328
2026-06-26 12:00:00,24.10,44,22.40,,0.00,13.90,335
2026-06-26 13:00:00,24.30,45,22.90,,0.00,12.90,333
2026-06-26 14:00:00,24.60,44,23.30,,0.00,11.60,324
2026-06-26 15:00:00,25.70,41,24.00,,0.00,14.50,333
2026-06-26 16:00:00,25.30,43,23.90,,0.00,13.20,338
2026-06-26 17:00:00,25.60,42,24.30,,0.00,12.80,338
2026-06-26 18:00:00,25.40,46,24.60,,0.00,11.50,340
2026-06-26 19:00:00,24.80,47,24.20,,0.00,9.80,343
2026-06-26 20:00:00,23.40,53,23.60,,0.00,6.00,343
2026-06-26 21:00:00,22.00,61,22.80,,0.00,3.40,342
2026-06-26 22:00:00,20.80,64,21.50,,0.00,3.10,324
2026-06-26 23:00:00,20.10,65,20.80,,0.00,2.50,315
2026-06-27 00:00:00,19.30,70,20.20,,0.00,2.40,333
2026-06-27 01:00:00,18.80,71,19.50,,0.00,2.30,321
2026-06-27 02:00:00,18.40,74,19.50,,0.00,0.80,27
2026-06-27 03:00:00,18.00,77,18.90,,0.00,1.80,349
2026-06-27 04:00:00,17.30,79,18.10,,0.00,2.30,18
2026-06-27 05:00:00,16.80,83,17.60,,0.00,2.50,82
2026-06-27 06:00:00,17.20,83,18.30,,0.00,1.50,45
2026-06-27 07:00:00,18.90,83,20.50,,0.00,2.70,67
2026-06-27 08:00:00,20.40,76,21.70,,0.00,5.10,82
2026-06-27 09:00:00,22.10,66,23.10,,0.00,5.70,72
2026-06-27 10:00:00,23.30,63,24.80,,0.00,6.60,45
2026-06-27 11:00:00,24.30,59,25.80,,0.00,8.90,32
2026-06-27 12:00:00,25.00,54,26.40,,0.00,8.90,21
2026-06-27 13:00:00,25.80,49,26.70,,0.00,10.60,18
2026-06-27 14:00:00,26.40,45,27.10,,0.00,11.00,23
2026-06-27 15:00:00,26.80,43,27.10,,0.00,11.70,34
2026-06-27 16:00:00,26.80,41,26.70,,0.00,10.30,36
2026-06-27 17:00:00,26.60,40,25.90,,0.00,9.50,37
2026-06-27 18:00:00,26.20,40,25.60,,0.00,7.70,41
2026-06-27 19:00:00,25.50,42,25.10,,0.00,6.20,36
2026-06-27 20:00:00,23.90,52,24.50,,0.00,3.40,32
2026-06-27 21:00:00,22.10,56,22.40,,0.00,4.00,27
2026-06-27 22:00:00,20.90,57,21.00,,0.00,3.40,18
2026-06-27 23:00:00,20.30,57,20.30,,0.00,3.60,37
2026-06-28 00:00:00,18.60,72,19.20,,0.00,3.60,53
2026-06-28 01:00:00,17.90,73,18.40,,0.00,2.80,50
2026-06-28 02:00:00,17.10,76,17.70,,0.00,2.30,51
2026-06-28 03:00:00,16.10,82,16.90,,0.00,1.50,76
2026-06-28 04:00:00,15.50,83,16.00,,0.00,2.10,31
2026-06-28 05:00:00,14.90,87,15.50,,0.00,1.50,14
2026-06-28 06:00:00,16.10,87,17.20,,0.00,1.10,252
2026-06-28 07:00:00,18.70,86,20.60,,0.00,1.40,360
2026-06-28 08:00:00,21.80,71,23.30,,0.00,4.70,4
2026-06-28 09:00:00,24.20,59,25.40,,0.00,5.20,16
2026-06-28 10:00:00,25.30,52,25.90,,0.00,8.00,36
2026-06-28 11:00:00,26.10,47,26.20,,0.00,9.70,45
2026-06-28 12:00:00,27.00,44,28.10,,0.00,7.80,34
2026-06-28 13:00:00,27.70,40,29.00,,0.00,7.30,33
2026-06-28 14:00:00,28.00,37,28.20,,0.00,7.60,31
2026-06-28 15:00:00,28.30,40,28.40,,0.00,7.50,35
2026-06-28 16:00:00,28.40,39,28.40,,0.00,6.20,36
2026-06-28 17:00:00,28.50,39,28.60,,0.00,6.20,36
2026-06-28 18:00:00,28.10,39,28.10,,0.00,6.20,36
2026-06-28 19:00:00,27.30,44,27.70,,0.00,5.40,37
2026-06-28 20:00:00,25.30,54,26.60,,0.00,3.30,49
2026-06-28 21:00:00,23.60,59,24.80,,0.00,3.10,45
2026-06-28 22:00:00,22.20,60,23.00,,0.00,3.20,27
2026-06-28 23:00:00,21.30,61,22.10,,0.00,2.30,18
2026-06-29 00:00:00,20.00,70,21.10,,0.00,1.60,27
2026-06-29 01:00:00,19.30,72,20.50,,0.00,1.10,342
2026-06-29 02:00:00,18.30,77,19.50,,0.00,1.30,34
2026-06-29 03:00:00,17.20,84,18.50,,0.00,1.10,72
2026-06-29 04:00:00,17.00,83,18.00,,0.00,1.60,117
2026-06-29 05:00:00,16.80,84,17.90,,0.00,1.80,143
2026-06-29 06:00:00,18.20,82,19.80,,0.00,0.80,153
2026-06-29 07:00:00,20.50,83,23.10,,0.00,0.50,135
2026-06-29 08:00:00,23.10,74,25.90,,0.00,1.30,214
2026-06-29 09:00:00,25.30,61,27.60,,0.00,1.90,202
2026-06-29 10:00:00,26.60,56,29.40,,0.00,1.80,217
2026-06-29 11:00:00,27.90,47,30.70,,0.00,1.60,207
2026-06-29 12:00:00,28.40,45,31.30,,0.00,1.80,217
2026-06-29 13:00:00,29.20,41,31.80,,0.00,2.40,243
2026-06-29 14:00:00,29.70,39,31.90,,0.00,2.60,254
2026-06-29 15:00:00,30.20,37,32.20,,0.00,2.60,214
2026-06-29 16:00:00,30.30,36,31.20,,0.00,3.20,243
2026-06-29 17:00:00,30.10,38,30.90,,0.00,4.00,275
2026-06-29 18:00:00,29.80,39,30.50,,0.00,5.10,274
2026-06-29 19:00:00,28.90,48,30.50,,0.00,5.00,240
2026-06-29 20:00:00,26.80,60,29.20,,0.00,4.10,195
2026-06-29 21:00:00,24.60,64,26.60,,0.00,3.70,191
2026-06-29 22:00:00,23.20,68,25.10,,0.00,3.70,209
2026-06-29 23:00:00,22.40,72,24.40,,0.00,3.60,217
2026-06-30 00:00:00,21.70,75,23.80,,0.00,2.70,247
2026-06-30 01:00:00,21.10,75,22.90,,0.00,2.90,240
2026-06-30 02:00:00,20.70,77,22.40,,0.00,3.30,221
2026-06-30 03:00:00,20.20,79,22.00,,0.00,3.10,225
2026-06-30 04:00:00,19.90,79,21.50,,0.00,3.40,238
2026-06-30 05:00:00,19.70,79,21.30,,0.00,3.30,229
2026-06-30 06:00:00,20.60,79,22.50,,0.00,3.30,229
2026-06-30 07:00:00,22.60,79,25.40,,0.00,3.10,225
2026-06-30 08:00:00,24.50,71,27.10,,0.00,4.90,234
2026-06-30 09:00:00,26.40,63,28.90,,0.00,5.10,225
2026-06-30 10:00:00,27.90,60,31.00,,0.00,6.10,220
2026-06-30 11:00:00,29.30,50,31.80,,0.00,8.40,223
2026-06-30 12:00:00,30.00,45,32.30,,0.00,7.60,225
2026-06-30 13:00:00,30.70,41,32.60,,0.00,8.20,229
2026-06-30 14:00:00,31.00,41,32.70,,0.00,8.40,227
2026-06-30 15:00:00,31.30,41,33.20,,0.00,8.00,234
2026-06-30 16:00:00,31.40,39,32.60,,0.00,8.00,243
2026-06-30 17:00:00,31.10,40,32.00,,0.00,7.60,245
2026-06-30 18:00:00,30.60,42,31.80,,0.00,6.30,239
2026-06-30 19:00:00,29.80,46,31.60,,0.00,4.30,228
2026-06-30 20:00:00,28.20,58,31.30,,0.00,2.30,198
2026-06-30 21:00:00,26.70,58,29.20,,0.00,2.20,180
2026-06-30 22:00:00,25.30,59,27.30,,0.00,2.20,180
2026-06-30 23:00:00,24.40,61,26.20,,0.00,2.90,173
2026-07-01 00:00:00,23.50,69,25.70,,0.00,3.70,191
2026-07-01 01:00:00,22.70,70,24.50,,0.00,4.10,195
2026-07-01 02:00:00,22.10,71,23.80,,0.00,4.10,195
2026-07-01 03:00:00,20.40,80,22.20,,0.00,3.60,186
2026-07-01 04:00:00,20.00,82,21.80,,0.00,3.60,180
2026-07-01 05:00:00,19.70,84,21.50,,0.00,3.80,163
2026-07-01 06:00:00,20.50,85,22.90,,0.00,3.40,162
2026-07-01 07:00:00,22.80,80,25.70,,0.00,4.00,175
2026-07-01 08:00:00,24.60,73,27.30,,0.00,6.50,177
2026-07-01 09:00:00,27.00,63,29.60,,0.00,6.50,180
2026-07-01 10:00:00,28.70,56,31.20,,0.00,8.40,187
2026-07-01 11:00:00,30.00,47,32.30,,0.00,9.30,193
2026-07-01 12:00:00,30.50,43,32.50,,0.00,8.50,192
2026-07-01 13:00:00,31.30,40,33.30,,0.00,8.40,190
2026-07-01 14:00:00,31.90,37,33.80,,0.00,8.80,192
2026-07-01 15:00:00,32.00,36,33.60,,0.00,8.80,189
2026-07-01 16:00:00,32.20,34,33.20,,0.00,8.50,192
2026-07-01 17:00:00,31.80,34,31.70,,0.00,9.00,203
2026-07-01 18:00:00,30.90,37,31.00,,0.00,9.50,205
2026-07-01 19:00:00,30.10,40,30.70,,0.00,7.30,200
2026-07-01 20:00:00,27.90,50,29.40,,0.00,5.40,188
2026-07-01 21:00:00,25.70,58,27.40,,0.00,4.40,171
2026-07-01 22:00:00,24.40,59,25.70,,0.00,4.70,176
2026-07-01 23:00:00,23.50,61,24.70,,0.00,4.80,167
2026-07-02 00:00:00,22.80,65,24.10,,0.00,4.70,157
2026-07-02 01:00:00,22.20,67,23.40,,0.00,4.90,163
2026-07-02 02:00:00,21.70,69,22.90,,0.00,5.20,155
2026-07-02 03:00:00,21.20,71,22.30,,0.00,5.30,152
2026-07-02 04:00:00,20.90,72,21.90,,0.00,6.40,153
2026-07-02 05:00:00,20.60,74,21.60,,0.00,6.60,158
2026-07-02 06:00:00,21.10,74,22.30,,0.00,7.00,159
2026-07-02 07:00:00,22.20,72,23.50,,0.00,8.10,159
2026-07-02 08:00:00,23.90,67,25.20,,0.00,9.20,169
2026-07-02 09:00:00,26.00,58,27.20,,0.00,9.20,169
2026-07-02 10:00:00,27.80,54,29.50,,0.00,9.70,176
2026-07-02 11:00:00,29.60,48,31.70,,0.00,10.10,180
2026-07-02 12:00:00,31.20,38,32.60,,0.00,10.90,186
2026-07-02 13:00:00,31.80,35,32.30,,0.00,11.80,192
2026-07-02 14:00:00,32.60,34,32.80,,0.00,14.10,193
2026-07-02 15:00:00,32.90,30,32.90,,0.00,13.10,196
2026-07-02 16:00:00,33.00,27,32.30,,0.00,12.90,193
2026-07-02 17:00:00,32.30,28,31.00,,0.00,11.80,203
2026-07-02 18:00:00,31.30,33,30.90,,0.00,9.80,208
2026-07-02 19:00:00,30.10,37,30.10,,0.00,8.50,208
2026-07-02 20:00:00,28.10,47,29.40,,0.00,4.00,180
2026-07-02 21:00:00,26.40,53,27.80,,0.00,4.20,160
2026-07-02 22:00:00,25.00,55,25.90,,0.00,5.60,140
2026-07-02 23:00:00,24.00,60,25.10,,0.00,5.70,145
2026-07-03 00:00:00,23.80,61,25.00,,0.00,5.30,152
2026-07-03 01:00:00,23.30,60,24.40,,0.00,4.10,165
2026-07-03 02:00:00,22.70,63,23.90,,0.00,4.00,185
2026-07-03 03:00:00,21.60,64,22.60,,0.00,3.50,156
2026-07-03 04:00:00,21.10,65,21.80,,0.00,4.80,153
2026-07-03 05:00:00,20.80,66,21.30,,0.00,6.40,137
2026-07-03 06:00:00,21.10,68,21.70,,0.00,6.60,151
2026-07-03 07:00:00,21.80,70,22.80,,0.00,7.60,161
2026-07-03 08:00:00,23.40,66,24.50,,0.00,8.70,175
2026-07-03 09:00:00,25.30,59,26.10,,0.00,10.50,188
2026-07-03 10:00:00,26.50,57,27.70,,0.00,11.20,195
2026-07-03 11:00:00,27.90,54,29.80,,0.00,11.30,202
2026-07-03 12:00:00,29.50,49,32.10,,0.00,10.70,213
2026-07-03 13:00:00,30.70,45,33.40,,0.00,10.60,215
2026-07-03 14:00:00,31.10,41,33.00,,0.00,11.10,209
2026-07-03 15:00:00,31.50,39,32.40,,0.00,10.60,204
2026-07-03 16:00:00,31.80,35,32.00,,0.00,10.90,197
2026-07-03 17:00:00,31.70,33,31.30,,0.00,10.60,190
2026-07-03 18:00:00,31.20,34,31.00,,0.00,8.30,198
2026-07-03 19:00:00,29.60,44,30.70,,0.00,6.70,286
2026-07-03 20:00:00,26.60,65,28.90,,0.00,8.80,348
2026-07-03 21:00:00,24.70,76,27.40,,0.00,8.40,7
2026-07-03 22:00:00,23.00,84,25.70,,0.00,7.90,24
2026-07-03 23:00:00,22.10,89,24.70,,0.00,8.90,40
2026-07-04 00:00:00,21.60,93,24.30,,0.00,9.30,54
2026-07-04 01:00:00,21.30,92,23.60,,0.00,10.30,65
2026-07-04 02:00:00,21.00,91,23.10,,0.00,10.00,69
2026-07-04 03:00:00,20.40,93,22.50,,0.00,9.00,74
2026-07-04 04:00:00,20.10,88,21.90,,0.00,8.00,82
2026-07-04 05:00:00,20.50,79,21.90,,0.00,6.80,90
2026-07-04 06:00:00,21.00,72,22.10,,0.00,5.70,108
2026-07-04 07:00:00,22.40,64,23.00,,0.00,8.00,108
2026-07-04 08:00:00,23.80,61,24.60,,0.00,8.30,108
2026-07-04 09:00:00,25.60,57,26.60,,0.00,8.80,109
2026-07-04 10:00:00,27.50,52,28.60,,0.00,9.80,126
2026-07-04 11:00:00,29.50,46,31.40,,0.00,8.90,122
2026-07-04 12:00:00,32.00,35,33.20,,0.00,11.10,144
2026-07-04 13:00:00,33.70,26,33.80,,0.00,12.90,162
2026-07-04 14:00:00,34.20,24,33.90,,0.00,13.60,163
2026-07-04 15:00:00,33.60,25,32.70,,0.00,14.10,165
2026-07-04 16:00:00,33.00,26,31.20,,0.00,14.10,174
2026-07-04 17:00:00,32.30,27,30.80,,0.00,12.60,178
2026-07-04 18:00:00,32.00,28,30.40,,0.00,13.60,191
2026-07-04 19:00:00,29.80,35,29.20,,0.00,10.20,190
2026-07-04 20:00:00,27.60,40,27.40,,0.00,7.30,191
2026-07-04 21:00:00,25.50,48,26.10,,0.00,3.60,174
2026-07-04 22:00:00,24.80,51,25.70,,0.00,2.10,149
2026-07-04 23:00:00,24.20,51,24.80,,0.00,3.20,117
2026-07-05 00:00:00,23.40,52,23.80,,0.00,3.20,207
2026-07-05 01:00:00,22.90,56,23.60,,0.00,2.70,293
2026-07-05 02:00:00,22.60,64,24.00,,0.00,3.10,315
2026-07-05 03:00:00,21.50,70,22.80,,0.00,4.40,305
2026-07-05 04:00:00,20.60,78,22.30,,0.00,4.10,308
2026-07-05 05:00:00,19.90,84,21.60,,0.00,6.00,295
2026-07-05 06:00:00,20.20,89,22.30,,0.00,6.80,335
2026-07-05 07:00:00,21.10,89,23.70,,0.10,5.90,346
2026-07-05 08:00:00,22.10,87,25.10,,0.10,5.40,323
2026-07-05 09:00:00,22.80,84,25.70,,0.00,6.80,295
2026-07-05 10:00:00,22.30,84,24.80,,0.50,7.60,273
2026-07-05 11:00:00,22.40,85,24.70,,0.60,9.70,272
2026-07-05 12:00:00,21.70,86,23.70,,1.30,10.10,274
2026-07-05 13:00:00,21.80,84,23.30,,0.50,12.60,272
2026-07-05 14:00:00,21.70,83,23.10,,0.70,12.00,277
2026-07-05 15:00:00,21.00,83,22.30,,1.10,10.80,272
2026-07-05 16:00:00,21.40,83,22.80,,0.50,11.30,277
2026-07-05 17:00:00,21.20,68,21.10,,0.10,12.10,300
2026-07-05 18:00:00,21.30,65,21.70,,0.00,7.70,307
2026-07-05 19:00:00,21.00,67,21.80,,0.00,5.30,298
2026-07-05 20:00:00,20.50,75,22.20,,0.00,2.50,262
2026-07-05 21:00:00,19.20,77,20.20,,0.00,4.70,266
2026-07-05 22:00:00,17.80,77,18.00,,0.00,7.10,285
2026-07-05 23:00:00,17.10,80,17.40,,0.00,5.90,284
2026-07-06 00:00:00,16.40,81,16.40,,0.00,7.10,285
2026-07-06 01:00:00,15.80,82,15.60,,0.00,7.10,300
2026-07-06 02:00:00,15.20,86,15.10,,0.00,6.90,309
2026-07-06 03:00:00,14.80,89,14.70,,0.00,6.60,315
2026-07-06 04:00:00,14.20,92,14.20,,0.00,6.40,322
2026-07-06 05:00:00,13.80,95,13.80,,0.00,6.00,327
2026-07-06 06:00:00,14.20,95,14.60,,0.00,4.80,333
2026-07-06 07:00:00,15.40,88,15.40,,0.00,7.00,339
2026-07-06 08:00:00,16.50,82,16.50,,0.00,6.80,342
2026-07-06 09:00:00,18.40,67,18.30,,0.00,5.60,345
2026-07-06 10:00:00,20.00,60,20.20,,0.00,6.20,350
2026-07-06 11:00:00,21.40,52,22.00,,0.00,6.50,354
2026-07-06 12:00:00,22.50,46,23.30,,0.00,6.50,341
2026-07-06 13:00:00,23.30,42,24.10,,0.00,6.00,327
2026-07-06 14:00:00,24.00,38,24.40,,0.00,5.60,320
2026-07-06 15:00:00,24.30,38,24.40,,0.00,5.40,318
2026-07-06 16:00:00,24.50,38,24.10,,0.00,5.00,330
2026-07-06 17:00:00,24.50,38,23.70,,0.00,4.20,340
2026-07-06 18:00:00,24.20,38,23.40,,0.00,3.40,342
2026-07-06 19:00:00,23.70,38,22.80,,0.00,3.00,14
2026-07-06 20:00:00,22.30,51,22.40,,0.00,2.70,67
2026-07-06 21:00:00,20.60,58,20.80,,0.00,2.90,83
2026-07-06 22:00:00,19.30,58,19.10,,0.00,3.30,96
2026-07-06 23:00:00,18.30,59,17.60,,0.00,4.70,99
2026-07-07 00:00:00,16.90,70,16.60,,0.00,5.40,110
2026-07-07 01:00:00,16.40,71,16.10,,0.00,4.70,113
2026-07-07 02:00:00,16.00,72,15.60,,0.00,4.30,114
2026-07-07 03:00:00,15.60,75,15.40,,0.00,3.70,101
2026-07-07 04:00:00,15.30,75,15.00,,0.00,3.60,96
2026-07-07 05:00:00,14.80,77,14.50,,0.00,4.00,90
2026-07-07 06:00:00,15.60,77,15.50,,0.00,3.70,79
2026-07-07 07:00:00,17.40,77,17.90,,0.00,4.00,80
2026-07-07 08:00:00,19.40,68,19.40,,0.00,6.90,96
2026-07-07 09:00:00,21.90,54,21.20,,0.00,9.00,106
2026-07-07 10:00:00,23.10,44,21.80,,0.00,12.10,117
2026-07-07 11:00:00,24.00,43,23.50,,0.00,11.80,117
2026-07-07 12:00:00,24.40,43,24.90,,0.00,10.00,120
2026-07-07 13:00:00,25.40,39,26.00,,0.00,9.20,116
2026-07-07 14:00:00,26.10,37,26.80,,0.00,8.10,111
2026-07-07 15:00:00,26.00,38,26.70,,0.00,7.40,104
2026-07-07 16:00:00,26.40,37,26.40,,0.00,8.00,98
2026-07-07 17:00:00,26.30,38,25.70,,0.00,7.60,95
2026-07-07 18:00:00,26.10,40,25.50,,0.00,6.50,96
2026-07-07 19:00:00,25.50,41,25.00,,0.00,5.80,90
2026-07-07 20:00:00,23.80,51,24.20,,0.00,3.50,66
2026-07-07 21:00:00,21.90,55,22.10,,0.00,4.20,70
2026-07-07 22:00:00,20.70,57,20.70,,0.00,4.10,75
2026-07-07 23:00:00,20.30,58,20.30,,0.00,3.70,79
2026-07-08 00:00:00,19.40,63,19.40,,0.00,4.50,76
2026-07-08 01:00:00,18.80,64,18.70,,0.00,4.70,81
2026-07-08 02:00:00,18.40,66,18.30,,0.00,4.10,75
2026-07-08 03:00:00,16.40,76,16.50,,0.00,4.00,63
2026-07-08 04:00:00,15.70,80,15.70,,0.00,4.50,61
2026-07-08 05:00:00,15.20,83,15.20,,0.00,4.50,61
2026-07-08 06:00:00,16.00,83,16.30,,0.00,4.50,61
2026-07-08 07:00:00,17.70,77,18.10,,0.00,5.40,70
2026-07-08 08:00:00,19.60,71,19.90,,0.00,7.00,78
2026-07-08 09:00:00,22.40,57,22.50,,0.00,7.00,78
2026-07-08 10:00:00,24.40,53,25.10,,0.00,7.00,78
2026-07-08 11:00:00,26.20,46,27.40,,0.00,7.40,67
2026-07-08 12:00:00,27.10,41,28.40,,0.00,8.00,63
2026-07-08 13:00:00,28.20,40,30.10,,0.00,7.20,63
2026-07-08 14:00:00,29.00,39,31.10,,0.00,6.40,63
2026-07-08 15:00:00,29.10,39,31.00,,0.00,5.70,55
2026-07-08 16:00:00,29.50,39,31.00,,0.00,5.10,39
2026-07-08 17:00:00,29.40,40,30.10,,0.00,5.80,22
2026-07-08 18:00:00,29.10,40,29.50,,0.00,5.90,11
2026-07-08 19:00:00,28.10,43,28.70,,0.00,5.40,360
2026-07-08 20:00:00,26.40,51,27.60,,0.00,4.30,5
2026-07-08 21:00:00,24.50,58,25.70,,0.00,4.40,9
2026-07-08 22:00:00,22.90,64,24.20,,0.00,4.50,14
2026-07-08 23:00:00,22.00,68,23.40,,0.00,4.00,360
2026-07-09 00:00:00,21.10,74,22.70,,0.00,4.30,355
2026-07-09 01:00:00,20.50,75,21.90,,0.00,4.40,351
2026-07-09 02:00:00,20.30,77,21.70,,0.00,4.70,351
2026-07-09 03:00:00,19.50,82,21.00,,0.00,4.70,356
2026-07-09 04:00:00,19.20,83,20.70,,0.00,4.70,4
2026-07-09 05:00:00,19.00,85,20.50,,0.00,4.40,9
2026-07-09 06:00:00,19.90,83,21.70,,0.00,4.00,360
2026-07-09 07:00:00,21.30,79,23.20,,0.00,5.40,4
2026-07-09 08:00:00,23.00,75,25.10,,0.00,6.50,6
2026-07-09 09:00:00,25.10,66,27.10,,0.00,7.60,360
2026-07-09 10:00:00,26.90,61,28.90,,0.00,8.00,5
2026-07-09 11:00:00,28.50,53,30.30,,0.00,10.40,14
2026-07-09 12:00:00,29.70,50,32.20,,0.00,11.00,19
2026-07-09 13:00:00,30.70,46,33.20,,0.00,10.90,17
2026-07-09 14:00:00,31.20,44,33.30,,0.00,10.70,12
2026-07-09 15:00:00,30.90,44,32.00,,0.00,11.30,7
2026-07-09 16:00:00,31.20,43,32.10,,0.00,11.00,11
2026-07-09 17:00:00,30.90,42,31.30,,0.00,12.10,10
2026-07-09 18:00:00,30.00,47,30.90,,0.00,11.60,7
2026-07-09 19:00:00,29.20,51,30.40,,0.00,11.60,16
2026-07-09 20:00:00,28.00,55,29.60,,0.00,8.90,14
2026-07-09 21:00:00,26.10,61,27.90,,0.00,7.00,12
2026-07-09 22:00:00,24.30,64,25.80,,0.00,6.90,9
2026-07-09 23:00:00,23.30,65,24.50,,0.00,6.90,9
2026-07-10 00:00:00,23.00,66,24.10,,0.00,7.60,8
2026-07-10 01:00:00,22.70,69,23.60,,0.00,9.30,16
2026-07-10 02:00:00,22.00,75,23.10,,0.00,9.90,19
2026-07-10 03:00:00,21.50,79,22.80,,0.00,9.60,20
2026-07-10 04:00:00,20.80,82,22.10,,0.00,9.70,27
2026-07-10 05:00:00,20.30,84,21.50,,0.00,9.80,28
2026-07-10 06:00:00,20.40,84,21.70,,0.00,9.90,33
2026-07-10 07:00:00,21.40,81,22.70,,0.00,11.00,38
2026-07-10 08:00:00,22.90,76,24.40,,0.00,10.50,31
2026-07-10 09:00:00,24.70,69,26.40,,0.00,10.50,27
2026-07-10 10:00:00,26.10,66,28.00,,0.00,11.00,23
2026-07-10 11:00:00,27.60,63,30.00,,0.00,11.00,23
2026-07-10 12:00:00,29.00,60,32.10,,0.00,11.20,21
2026-07-10 13:00:00,29.90,55,32.80,,0.00,12.10,23
2026-07-10 14:00:00,29.40,49,30.70,,0.30,11.20,40
2026-07-10 15:00:00,29.80,53,31.80,,0.00,12.60,27
2026-07-10 16:00:00,29.60,53,31.20,,0.10,12.70,47
2026-07-10 17:00:00,28.20,58,29.80,,0.40,12.60,63
2026-07-10 18:00:00,28.40,58,30.20,,0.00,11.50,51
2026-07-10 19:00:00,27.90,59,29.70,,0.00,11.00,52
2026-07-10 20:00:00,26.80,65,29.40,,0.00,7.40,51
2026-07-10 21:00:00,24.90,76,28.10,,0.00,5.60,63
2026-07-10 22:00:00,23.70,81,26.90,,0.00,5.30,62
2026-07-10 23:00:00,23.00,85,26.40,,0.00,4.70,58
2026-07-11 00:00:00,22.40,87,25.60,,0.00,4.80,48
2026-07-11 01:00:00,21.90,89,25.00,,0.00,4.80,48
2026-07-11 02:00:00,21.40,92,24.40,,0.00,5.60,50
2026-07-11 03:00:00,21.10,92,23.90,,0.00,6.20,54
2026-07-11 04:00:00,20.70,94,23.40,,0.00,6.30,59
2026-07-11 05:00:00,20.40,95,23.10,,0.00,6.30,59
2026-07-11 06:00:00,20.90,91,23.50,,0.00,6.10,62
2026-07-11 07:00:00,22.10,87,24.80,,0.00,7.70,62
2026-07-11 08:00:00,23.60,82,26.50,,0.00,8.20,61
2026-07-11 09:00:00,25.70,74,28.80,,0.00,7.60,59
2026-07-11 10:00:00,27.10,70,30.50,,0.00,8.10,58
2026-07-11 11:00:00,28.50,63,32.00,,0.00,8.70,66
2026-07-11 12:00:00,29.20,59,32.90,,0.00,8.70,66
2026-07-11 13:00:00,30.10,54,33.50,,0.00,8.70,60
2026-07-11 14:00:00,30.70,51,34.00,,0.00,8.80,55
2026-07-11 15:00:00,31.10,48,33.70,,0.00,8.90,58
2026-07-11 16:00:00,31.30,46,33.50,,0.00,9.00,61
2026-07-11 17:00:00,31.10,46,32.80,,0.00,8.70,66
2026-07-11 18:00:00,30.70,48,32.70,,0.00,7.40,67
2026-07-11 19:00:00,30.00,49,32.00,,0.00,6.90,62
2026-07-11 20:00:00,28.60,56,31.10,,0.00,5.40,53
2026-07-11 21:00:00,26.80,65,29.70,,0.00,5.70,55
2026-07-11 22:00:00,25.50,69,28.10,,0.00,6.90,62
2026-07-11 23:00:00,24.70,73,27.20,,0.00,7.30,70
2026-07-12 00:00:00,23.70,80,26.60,,0.00,6.30,77
2026-07-12 01:00:00,23.00,81,25.70,,0.00,6.60,81
2026-07-12 02:00:00,22.50,81,24.90,,0.00,7.20,84
2026-07-12 03:00:00,21.80,82,24.00,,0.00,6.60,81
2026-07-12 04:00:00,21.20,83,23.10,,0.00,6.80,87
2026-07-12 05:00:00,20.70,84,22.60,,0.00,6.50,93
2026-07-12 06:00:00,21.00,82,22.90,,0.00,6.60,99
2026-07-12 07:00:00,22.20,78,24.20,,0.00,6.70,106
2026-07-12 08:00:00,23.80,73,26.00,,0.00,7.00,111
2026-07-12 09:00:00,26.00,65,28.30,,0.00,6.80,122
2026-07-12 10:00:00,27.70,61,30.70,,0.00,6.40,128
2026-07-12 11:00:00,29.40,55,33.10,,0.00,6.00,123
2026-07-12 12:00:00,30.40,52,34.30,,0.00,6.00,115
2026-07-12 13:00:00,31.60,46,35.30,,0.00,6.20,126
2026-07-12 14:00:00,32.00,42,35.00,,0.00,5.10,135
2026-07-12 15:00:00,32.30,42,34.70,,0.00,5.90,137
2026-07-12 16:00:00,32.50,40,34.40,,0.00,4.70,157
2026-07-12 17:00:00,32.30,40,34.20,,0.00,4.00,153
2026-07-12 18:00:00,31.80,44,34.10,,0.00,3.90,146
2026-07-12 19:00:00,31.10,47,33.70,,0.00,3.40,122
2026-07-12 20:00:00,29.40,58,32.90,,0.00,2.90,90
2026-07-12 21:00:00,27.20,64,30.40,,0.00,4.00,100
2026-07-12 22:00:00,26.00,64,28.50,,0.00,4.80,117
2026-07-12 23:00:00,25.00,66,27.30,,0.00,5.10,129
2026-07-13 00:00:00,24.50,68,26.70,,0.00,4.80,138
2026-07-13 01:00:00,23.80,70,26.00,,0.00,5.10,141
2026-07-13 02:00:00,23.30,71,25.30,,0.00,5.20,146
2026-07-13 03:00:00,22.70,73,24.70,,0.00,4.50,151
2026-07-13 04:00:00,22.20,75,24.30,,0.00,4.50,151
2026-07-13 05:00:00,21.90,76,23.90,,0.00,4.30,156
2026-07-13 06:00:00,22.20,78,24.60,,0.00,3.90,158
2026-07-13 07:00:00,23.70,76,26.50,,0.00,4.50,166
2026-07-13 08:00:00,25.20,72,28.10,,0.00,6.20,170
2026-07-13 09:00:00,27.00,67,30.00,,0.00,6.50,174
2026-07-13 10:00:00,28.70,63,32.30,,0.00,6.50,180
2026-07-13 11:00:00,30.50,57,34.90,,0.00,6.50,183
2026-07-13 12:00:00,31.80,49,35.90,,0.00,7.50,197
2026-07-13 13:00:00,32.80,44,36.50,,0.00,7.50,197
2026-07-13 14:00:00,33.30,42,36.40,,0.00,8.40,200
2026-07-13 15:00:00,33.50,41,36.00,,0.00,7.60,199
2026-07-13 16:00:00,33.40,41,35.50,,0.00,7.90,204
2026-07-13 17:00:00,33.30,40,35.10,,0.00,7.20,207
2026-07-13 18:00:00,32.60,44,34.80,,0.00,7.10,204
2026-07-13 19:00:00,31.90,48,34.70,,0.00,4.90,197
2026-07-13 20:00:00,30.00,58,33.70,,0.00,3.30,167
2026-07-13 21:00:00,28.10,63,31.60,,0.00,3.40,162
2026-07-13 22:00:00,26.80,64,29.80,,0.00,4.00,175
2026-07-13 23:00:00,25.90,64,28.50,,0.00,4.30,180
2026-07-14 00:00:00,25.30,67,27.90,,0.00,4.30,185
2026-07-14 01:00:00,24.60,69,27.10,,0.00,4.40,189
2026-07-14 02:00:00,24.10,71,26.60,,0.00,4.40,189
2026-07-14 03:00:00,23.20,73,25.50,,0.00,4.10,195
2026-07-14 04:00:00,22.80,74,25.10,,0.00,4.20,200
2026-07-14 05:00:00,22.30,75,24.40,,0.00,4.60,198
2026-07-14 06:00:00,22.80,76,25.30,,0.00,3.70,191
2026-07-14 07:00:00,24.30,74,27.30,,0.00,4.00,185
2026-07-14 08:00:00,25.90,71,29.00,,0.00,6.00,197
2026-07-14 09:00:00,27.30,60,29.40,,0.00,8.20,203
2026-07-14 10:00:00,28.90,56,31.30,,0.00,8.60,202
2026-07-14 11:00:00,30.60,50,33.60,,0.00,8.70,204
2026-07-14 12:00:00,32.30,43,35.40,,0.00,8.40,211
2026-07-14 13:00:00,33.70,39,36.90,,0.00,8.70,218
2026-07-14 14:00:00,34.60,35,37.30,,0.00,8.90,223
2026-07-14 15:00:00,35.00,34,37.10,,0.00,10.20,238
2026-07-14 16:00:00,35.30,32,36.70,,0.00,9.50,241
2026-07-14 17:00:00,35.10,32,35.70,,0.00,9.10,252
2026-07-14 18:00:00,34.90,33,35.90,,0.00,8.00,260
2026-07-14 19:00:00,33.40,39,35.20,,0.00,6.50,267
2026-07-14 20:00:00,31.20,51,34.50,,0.00,3.40,252
2026-07-14 21:00:00,28.40,53,29.70,,0.00,10.00,345
2026-07-14 22:00:00,26.30,62,28.40,,0.00,7.20,18
2026-07-14 23:00:00,25.40,68,28.10,,0.00,4.60,39
2026-07-15 00:00:00,23.70,74,26.40,,0.00,3.30,84
2026-07-15 01:00:00,23.30,74,26.00,,0.00,3.10,135
2026-07-15 02:00:00,22.80,74,25.20,,0.00,3.10,144
2026-07-15 03:00:00,21.70,78,24.10,,0.00,2.00,135
2026-07-15 04:00:00,21.50,79,24.00,,0.00,1.60,117
2026-07-15 05:00:00,20.80,83,23.20,,0.00,2.80,40
2026-07-15 06:00:00,21.00,86,23.80,,0.00,2.50,8
2026-07-15 07:00:00,23.00,86,26.90,,0.00,1.60,27
2026-07-15 08:00:00,25.30,80,29.80,,0.00,1.50,76
2026-07-15 09:00:00,27.00,74,31.50,,0.00,3.10,135
2026-07-15 10:00:00,28.90,65,33.40,,0.00,3.00,166
2026-07-15 11:00:00,30.50,56,35.00,,0.00,4.30,222
2026-07-15 12:00:00,31.10,55,36.20,,0.00,4.50,241
2026-07-15 13:00:00,32.50,48,37.10,,0.00,6.50,251
2026-07-15 14:00:00,33.30,44,37.50,,0.00,7.20,252
2026-07-15 15:00:00,33.30,43,37.10,,0.00,6.20,263
2026-07-15 16:00:00,33.50,41,36.30,,0.00,7.60,262
2026-07-15 17:00:00,33.30,41,35.30,,0.00,7.20,276
2026-07-15 18:00:00,32.50,46,35.10,,0.00,6.30,294
2026-07-15 19:00:00,31.70,48,34.50,,0.00,5.40,312
2026-07-15 20:00:00,29.60,57,33.10,,0.00,3.30,319
2026-07-15 21:00:00,27.50,64,30.90,,0.00,3.40,328
2026-07-15 22:00:00,26.00,73,29.60,,0.00,4.10,345
2026-07-15 23:00:00,25.10,78,28.90,,0.00,3.80,17
2026-07-16 00:00:00,24.30,84,28.40,,0.00,3.20,27
2026-07-16 01:00:00,23.80,85,27.70,,0.00,3.10,21
2026-07-16 02:00:00,23.50,86,27.40,,0.00,2.90,30
2026-07-16 03:00:00,23.00,89,27.00,,0.00,2.60,16
2026-07-16 04:00:00,22.50,89,26.30,,0.00,2.50,8
2026-07-16 05:00:00,22.00,91,25.70,,0.00,2.50,8
2026-07-16 06:00:00,22.30,91,26.30,,0.00,2.20,360
2026-07-16 07:00:00,24.00,91,29.00,,0.00,1.50,346
2026-07-16 08:00:00,26.20,83,31.40,,0.00,2.50,352
2026-07-16 09:00:00,27.90,72,32.50,,0.00,3.70,331
2026-07-16 10:00:00,29.00,65,33.00,,0.00,5.60,333
2026-07-16 11:00:00,30.10,59,34.60,,0.00,6.00,343
2026-07-16 12:00:00,31.10,52,35.30,,0.00,6.90,351
2026-07-16 13:00:00,31.90,49,36.20,,0.00,7.30,349
2026-07-16 14:00:00,32.30,46,36.10,,0.00,7.00,348
2026-07-16 15:00:00,32.80,42,35.80,,0.00,6.60,347
2026-07-16 16:00:00,32.80,41,35.40,,0.00,5.90,346
2026-07-16 17:00:00,32.60,39,33.90,,0.00,7.00,348
2026-07-16 18:00:00,32.10,39,33.20,,0.00,7.10,345
2026-07-16 19:00:00,31.00,42,32.50,,0.00,5.40,8
2026-07-16 20:00:00,28.90,54,31.50,,0.00,3.50,24
2026-07-16 21:00:00,26.90,64,30.00,,0.00,3.60,53
2026-07-16 22:00:00,25.30,70,28.30,,0.00,4.00,63
2026-07-16 23:00:00,24.50,72,27.30,,0.00,3.90,68
2026-07-17 00:00:00,23.80,78,27.10,,0.00,3.10,54
2026-07-17 01:00:00,23.30,77,26.10,,0.00,3.40,58
2026-07-17 02:00:00,22.80,78,25.50,,0.00,3.50,66
2026-07-17 03:00:00,22.10,83,24.90,,0.00,3.90,68
2026-07-17 04:00:00,21.70,84,24.40,,0.00,4.10,75
2026-07-17 05:00:00,21.40,86,24.10,,0.00,4.00,80
2026-07-17 06:00:00,21.90,85,24.90,,0.00,3.30,77
2026-07-17 07:00:00,23.90,84,27.90,,0.00,2.50,82
2026-07-17 08:00:00,26.20,77,30.60,,0.00,3.20,117
2026-07-17 09:00:00,28.20,65,32.00,,0.00,3.80,131
2026-07-17 10:00:00,29.70,62,34.00,,0.00,4.30,156
2026-07-17 11:00:00,31.20,52,35.50,,0.00,4.00,185
2026-07-17 12:00:00,31.80,51,36.90,,0.00,3.10,225
2026-07-17 13:00:00,32.70,47,37.70,,0.00,3.30,221
2026-07-17 14:00:00,33.50,44,38.10,,0.00,4.60,198
2026-07-17 15:00:00,34.60,41,38.50,,0.00,5.50,212
2026-07-17 16:00:00,34.40,42,37.40,,0.00,6.60,248
2026-07-17 17:00:00,32.00,50,34.80,,0.60,8.40,260
2026-07-17 18:00:00,32.00,52,35.20,,0.20,8.10,283
2026-07-17 19:00:00,30.70,59,34.20,,0.00,8.40,301
2026-07-17 20:00:00,29.10,69,34.00,,0.00,3.40,288
2026-07-17 21:00:00,27.10,78,32.10,,0.00,3.30,276
2026-07-17 22:00:00,25.80,81,30.20,,0.00,4.00,280
2026-07-17 23:00:00,24.90,84,29.40,,0.00,3.20,297
2026-07-18 00:00:00,24.40,85,28.70,,0.00,3.10,306
2026-07-18 01:00:00,23.70,88,27.90,,0.00,3.40,288
2026-07-18 02:00:00,23.30,88,27.40,,0.00,2.60,286
2026-07-18 03:00:00,23.00,87,26.80,,0.00,2.90,300
2026-07-18 04:00:00,22.70,87,26.40,,0.00,2.80,310
2026-07-18 05:00:00,22.40,87,25.90,,0.00,2.80,320
2026-07-18 06:00:00,22.70,88,26.60,,0.00,2.00,315
2026-07-18 07:00:00,24.50,87,29.20,,0.00,2.00,315
2026-07-18 08:00:00,26.30,78,30.70,,0.00,3.50,336
2026-07-18 09:00:00,27.80,72,32.40,,0.00,3.10,339
2026-07-18 10:00:00,29.40,65,34.00,,0.00,3.20,333
2026-07-18 11:00:00,30.00,59,34.30,,0.00,3.20,270
2026-07-18 12:00:00,31.40,52,35.00,,0.00,5.80,292
2026-07-18 13:00:00,31.00,54,34.50,,0.00,8.00,288
2026-07-18 14:00:00,28.80,65,32.10,,0.60,9.20,318
2026-07-18 15:00:00,25.00,87,29.60,,1.50,5.20,304
2026-07-18 16:00:00,25.40,84,29.80,,0.10,4.80,333
2026-07-18 17:00:00,25.80,82,30.30,,0.00,4.60,315
2026-07-18 18:00:00,25.90,82,30.50,,0.00,4.90,324
2026-07-18 19:00:00,25.60,81,29.80,,0.00,5.10,321
2026-07-18 20:00:00,24.80,86,29.40,,0.00,3.30,311
2026-07-18 21:00:00,23.30,90,27.30,,0.00,4.10,315
2026-07-18 22:00:00,22.70,92,26.50,,0.10,4.90,324
2026-07-18 23:00:00,22.00,93,25.30,,0.00,6.60,311
2026-07-19 00:00:00,21.20,92,24.10,,0.00,6.10,320
2026-07-19 01:00:00,20.60,93,23.30,,0.00,5.90,313
2026-07-19 02:00:00,19.90,95,22.40,,0.00,6.60,311
2026-07-19 03:00:00,19.80,93,21.90,,0.00,6.90,317
2026-07-19 04:00:00,19.70,93,21.90,,0.00,7.00,325
2026-07-19 05:00:00,19.40,95,21.50,,0.00,6.80,328
2026-07-19 06:00:00,19.50,95,21.50,,0.00,8.20,337
2026-07-19 07:00:00,19.80,91,21.50,,0.00,9.00,337
2026-07-19 08:00:00,20.30,88,21.90,,0.00,9.20,329
2026-07-19 09:00:00,21.10,82,22.60,,0.00,9.80,332
2026-07-19 10:00:00,22.30,77,23.70,,0.00,10.50,333
2026-07-19 11:00:00,23.50,71,24.70,,0.00,11.30,333
2026-07-19 12:00:00,24.80,62,26.10,,0.00,11.40,336
2026-07-19 13:00:00,25.90,57,27.70,,0.00,11.60,334
2026-07-19 14:00:00,26.50,53,27.80,,0.00,12.20,336
2026-07-19 15:00:00,26.60,50,27.00,,0.00,12.40,334
2026-07-19 16:00:00,26.60,50,26.60,,0.00,12.00,339
2026-07-19 17:00:00,26.70,44,26.10,,0.00,11.40,342
2026-07-19 18:00:00,26.50,44,26.20,,0.00,9.10,342
2026-07-19 19:00:00,25.60,47,25.30,,0.00,9.50,335
2026-07-19 20:00:00,24.00,55,24.80,,0.00,4.50,331
2026-07-19 21:00:00,22.40,62,23.50,,0.00,3.40,328
2026-07-19 22:00:00,21.40,65,22.30,,0.00,3.60,315
2026-07-19 23:00:00,20.80,67,21.80,,0.00,3.60,315
2026-07-20 00:00:00,20.40,72,21.60,,0.00,3.60,315
2026-07-20 01:00:00,19.90,73,20.90,,0.00,4.30,318
2026-07-20 02:00:00,19.50,74,20.60,,0.00,3.30,319
2026-07-20 03:00:00,18.40,76,19.00,,0.00,4.30,318
2026-07-20 04:00:00,17.60,81,18.40,,0.00,4.60,321
2026-07-20 05:00:00,16.70,84,17.40,,0.00,4.00,333
2026-07-20 06:00:00,16.50,87,17.40,,0.00,2.90,330
2026-07-20 07:00:00,17.70,86,18.80,,0.00,4.80,318
2026-07-20 08:00:00,19.40,80,20.40,,0.00,6.50,326
2026-07-20 09:00:00,21.50,70,22.60,,0.00,6.40,333
2026-07-20 10:00:00,22.90,61,23.50,,0.00,8.40,335
2026-07-20 11:00:00,23.70,54,24.30,,0.00,9.20,329
2026-07-20 12:00:00,24.00,50,24.40,,0.00,8.60,327
2026-07-20 13:00:00,25.20,44,25.80,,0.00,7.90,317
2026-07-20 14:00:00,25.80,42,26.20,,0.00,8.80,325
2026-07-20 15:00:00,26.20,39,26.10,,0.00,8.40,320
2026-07-20 16:00:00,26.30,40,25.70,,0.00,8.20,319
2026-07-20 17:00:00,26.40,39,25.60,,0.00,7.60,315
2026-07-20 18:00:00,25.90,43,25.60,,0.00,6.90,317
2026-07-20 19:00:00,25.00,46,24.70,,0.00,7.00,325
2026-07-20 20:00:00,23.40,56,24.10,,0.00,3.90,338
2026-07-20 21:00:00,22.20,61,23.20,,0.00,3.00,346
2026-07-20 22:00:00,21.00,65,21.90,,0.00,3.30,354
2026-07-20 23:00:00,20.20,68,21.20,,0.00,2.60,16
2026-07-21 00:00:00,19.10,74,20.20,,0.00,2.10,31
2026-07-21 01:00:00,18.40,75,19.30,,0.00,1.80,53
2026-07-21 02:00:00,17.70,78,18.70,,0.00,1.80,101
2026-07-21 03:00:00,16.70,83,17.80,,0.00,1.10,162
2026-07-21 04:00:00,16.30,85,17.30,,0.00,1.30,214
2026-07-21 05:00:00,15.80,87,16.70,,0.00,1.30,214
2026-07-21 06:00:00,16.20,88,17.40,,0.00,1.10,270
2026-07-21 07:00:00,18.20,87,20.30,,0.00,0.00,270
2026-07-21 08:00:00,20.90,75,22.90,,0.00,1.60,207
2026-07-21 09:00:00,23.30,63,24.70,,0.00,3.60,217
2026-07-21 10:00:00,24.00,59,25.20,,0.00,4.90,234
2026-07-21 11:00:00,25.00,53,25.70,,0.00,5.50,238
2026-07-21 12:00:00,25.30,50,26.60,,0.00,4.90,234
2026-07-21 13:00:00,26.30,45,27.50,,0.00,6.60,241
2026-07-21 14:00:00,26.60,44,27.20,,0.00,7.30,250
2026-07-21 15:00:00,27.20,40,27.20,,0.00,6.50,251
2026-07-21 16:00:00,27.10,40,27.10,,0.00,6.80,252
2026-07-21 17:00:00,26.90,39,26.60,,0.00,5.90,256
2026-07-21 18:00:00,26.50,42,26.60,,0.00,4.60,252
2026-07-21 19:00:00,25.90,47,26.60,,0.00,3.40,238
2026-07-21 20:00:00,24.20,63,26.20,,0.00,2.30,219
2026-07-21 21:00:00,22.50,67,24.40,,0.00,1.10,198
2026-07-21 22:00:00,21.00,69,22.50,,0.00,1.10,162
2026-07-21 23:00:00,19.90,71,21.20,,0.00,1.30,124
2026-07-22 00:00:00,18.80,79,20.20,,0.00,2.00,45
2026-07-22 01:00:00,18.20,81,19.30,,0.00,3.10,54
2026-07-22 02:00:00,17.80,83,18.90,,0.00,3.80,73
2026-07-22 03:00:00,17.30,86,18.50,,0.00,3.30,84
2026-07-22 04:00:00,16.90,86,17.90,,0.00,3.30,77
2026-07-22 05:00:00,16.40,88,17.30,,0.00,3.70,61
2026-07-22 06:00:00,16.70,90,17.80,,0.00,3.70,61
2026-07-22 07:00:00,18.80,88,20.80,,0.00,3.00,76
2026-07-22 08:00:00,21.10,76,22.80,,0.00,4.30,95
2026-07-22 09:00:00,23.30,66,25.10,,0.00,3.30,96
2026-07-22 10:00:00,24.80,61,27.20,,0.00,1.10,72
2026-07-22 11:00:00,25.90,55,28.30,,0.00,2.90,360
2026-07-22 12:00:00,27.30,45,29.10,,0.00,2.90,360
2026-07-22 13:00:00,27.60,45,29.30,,0.00,4.00,360
2026-07-22 14:00:00,27.90,43,28.80,,0.00,5.10,4
2026-07-22 15:00:00,27.20,46,27.70,,0.00,6.60,347
2026-07-22 16:00:00,25.40,54,26.20,,0.20,6.90,354
2026-07-22 17:00:00,25.50,52,26.00,,0.10,7.90,3
2026-07-22 18:00:00,24.80,59,26.10,,0.00,5.80,360
2026-07-22 19:00:00,24.20,61,25.60,,0.00,5.20,344
2026-07-22 20:00:00,22.90,69,24.80,,0.00,3.10,324
2026-07-22 21:00:00,21.30,72,22.90,,0.00,2.90,330
2026-07-22 22:00:00,20.10,73,21.30,,0.00,3.40,342
2026-07-22 23:00:00,19.30,76,20.50,,0.00,3.20,360
2026-07-23 00:00:00,18.70,80,20.00,,0.00,3.00,346
2026-07-23 01:00:00,18.00,82,19.10,,0.00,3.40,342
2026-07-23 02:00:00,17.50,84,18.50,,0.00,3.50,336
2026-07-23 03:00:00,17.10,83,18.00,,0.00,3.10,339
2026-07-23 04:00:00,16.70,85,17.60,,0.00,3.00,346
2026-07-23 05:00:00,16.30,84,17.00,,0.00,2.90,353
2026-07-23 06:00:00,16.50,85,17.30,,0.00,3.00,346
2026-07-23 07:00:00,18.40,83,19.80,,0.00,2.90,353
2026-07-23 08:00:00,20.40,75,21.70,,0.00,4.70,360
2026-07-23 09:00:00,22.00,70,23.50,,0.00,5.00,360
2026-07-23 10:00:00,23.40,60,24.10,,0.00,7.20,357
2026-07-23 11:00:00,24.20,54,24.90,,0.00,7.20,354
2026-07-23 12:00:00,24.90,51,25.80,,0.00,7.30,351
2026-07-23 13:00:00,25.90,47,26.40,,0.00,7.30,349
2026-07-23 14:00:00,26.40,44,26.70,,0.00,8.30,342
2026-07-23 15:00:00,25.90,44,25.40,,0.00,9.30,344
2026-07-23 16:00:00,26.20,44,25.80,,0.00,9.10,351
2026-07-23 17:00:00,25.70,48,25.70,,0.00,8.30,358
2026-07-23 18:00:00,23.80,59,24.20,,0.00,9.40,7
2026-07-23 19:00:00,23.60,60,24.10,,0.00,8.50,12
2026-07-23 20:00:00,22.30,65,23.30,,0.00,5.80,30
2026-07-23 21:00:00,20.60,75,22.10,,0.00,3.40,18
2026-07-23 22:00:00,19.50,82,21.30,,0.00,3.00,14
2026-07-23 23:00:00,18.80,86,20.50,,0.00,3.40,32
2026-07-24 00:00:00,18.20,89,19.90,,0.00,3.80,49
2026-07-24 01:00:00,17.60,90,19.00,,0.00,4.20,59
2026-07-24 02:00:00,17.20,92,18.60,,0.00,4.50,61
2026-07-24 03:00:00,16.90,94,18.20,,0.00,4.50,61
2026-07-24 04:00:00,16.50,95,17.80,,0.00,4.20,59
2026-07-24 05:00:00,16.20,95,17.40,,0.00,3.90,56
2026-07-24 06:00:00,16.30,95,17.50,,0.00,4.10,52
2026-07-24 07:00:00,17.90,89,18.90,,0.00,6.80,65
2026-07-24 08:00:00,19.30,79,20.00,,0.00,7.90,74
2026-07-24 09:00:00,21.20,67,21.60,,0.00,8.20,75
2026-07-24 10:00:00,22.60,54,22.30,,0.00,9.80,84
2026-07-24 11:00:00,23.70,48,23.70,,0.00,10.00,77
2026-07-24 12:00:00,24.20,45,24.30,,0.00,9.70,68
2026-07-24 13:00:00,24.70,42,24.60,,0.00,10.60,62
2026-07-24 14:00:00,25.10,38,24.60,,0.00,10.50,59
2026-07-24 15:00:00,25.30,36,24.80,,0.00,9.40,58
2026-07-24 16:00:00,25.50,34,24.60,,0.00,8.70,60
2026-07-24 17:00:00,25.30,35,23.90,,0.00,7.70,62
2026-07-24 18:00:00,24.90,37,23.50,,0.00,7.70,62
2026-07-24 19:00:00,24.10,38,22.70,,0.00,7.10,66
2026-07-24 20:00:00,22.20,49,22.00,,0.00,3.70,61
2026-07-24 21:00:00,20.30,57,20.50,,0.00,2.10,31
2026-07-24 22:00:00,19.20,58,19.10,,0.00,1.90,22
2026-07-24 23:00:00,18.30,59,17.80,,0.00,3.70,79
2026-07-25 00:00:00,17.40,69,17.30,,0.00,3.60,90
2026-07-25 01:00:00,16.70,69,16.60,,0.00,2.50,98
2026-07-25 02:00:00,16.30,72,16.40,,0.00,2.20,90
2026-07-25 03:00:00,15.80,78,15.80,,0.00,4.00,85
2026-07-25 04:00:00,15.30,80,15.30,,0.00,4.00,85
2026-07-25 05:00:00,14.60,84,14.60,,0.00,4.20,70
2026-07-25 06:00:00,14.50,86,14.60,,0.00,3.70,61
2026-07-25 07:00:00,16.50,83,17.20,,0.00,3.50,66
2026-07-25 08:00:00,18.90,72,19.40,,0.00,4.80,77
2026-07-25 09:00:00,21.40,59,21.50,,0.00,5.80,83
2026-07-25 10:00:00,23.00,52,23.20,,0.00,5.80,90
2026-07-25 11:00:00,24.20,45,24.90,,0.00,5.10,98
2026-07-25 12:00:00,25.10,43,26.40,,0.00,5.10,86
2026-07-25 13:00:00,25.60,39,26.00,,0.00,6.20,100
2026-07-25 14:00:00,26.00,38,25.60,,0.00,6.50,109
2026-07-25 15:00:00,26.20,39,26.30,,0.00,4.70,113
2026-07-25 16:00:00,26.40,37,25.90,,0.00,4.70,90
2026-07-25 17:00:00,26.40,37,25.70,,0.00,6.20,83
2026-07-25 18:00:00,26.10,39,25.60,,0.00,5.40,98
2026-07-25 19:00:00,25.30,45,25.80,,0.00,2.10,121
2026-07-25 20:00:00,23.90,58,25.40,,0.00,1.50,256
2026-07-25 21:00:00,21.60,60,22.40,,0.00,2.00,315
2026-07-25 22:00:00,20.20,62,20.70,,0.00,2.10,329
2026-07-25 23:00:00,19.50,64,20.00,,0.00,2.30,342
2026-07-26 00:00:00,19.00,70,19.60,,0.00,2.90,7
2026-07-26 01:00:00,18.80,69,19.20,,0.00,3.20,27
2026-07-26 02:00:00,18.30,72,18.60,,0.00,4.30,42
2026-07-26 03:00:00,17.30,77,17.70,,0.00,4.10,45
2026-07-26 04:00:00,16.60,81,17.00,,0.00,4.30,48
2026-07-26 05:00:00,16.20,84,16.60,,0.00,4.40,55
2026-07-26 06:00:00,16.20,86,16.80,,0.00,4.10,52
2026-07-26 07:00:00,18.30,83,19.60,,0.00,3.90,56
2026-07-26 08:00:00,20.70,75,22.10,,0.00,5.20,65
2026-07-26 09:00:00,23.20,61,24.20,,0.00,5.20,65
2026-07-26 10:00:00,25.00,57,26.50,,0.00,4.20,70
2026-07-26 11:00:00,26.20,48,27.70,,0.00,4.40,55
2026-07-26 12:00:00,27.80,40,28.80,,0.00,6.40,52
2026-07-26 13:00:00,27.60,38,27.80,,0.00,6.10,50
2026-07-26 14:00:00,28.20,36,27.90,,0.00,6.60,49
2026-07-26 15:00:00,28.10,37,27.90,,0.00,5.40,48
2026-07-26 16:00:00,28.40,36,28.10,,0.00,6.10,50
2026-07-26 17:00:00,27.80,37,27.30,,0.00,7.40,47
2026-07-26 18:00:00,26.90,41,26.70,,0.00,6.90,39
2026-07-26 19:00:00,25.70,50,26.50,,0.00,4.80,42
2026-07-26 20:00:00,23.80,59,25.10,,0.00,3.30,41
2026-07-26 21:00:00,21.60,68,22.80,,0.00,4.60,39
2026-07-26 22:00:00,20.50,71,21.40,,0.00,5.10,45
2026-07-26 23:00:00,19.60,75,20.50,,0.00,5.10,51
2026-07-27 00:00:00,18.70,83,20.00,,0.00,4.30,48
2026-07-27 01:00:00,18.30,85,19.60,,0.00,4.30,48
2026-07-27 02:00:00,17.90,87,19.10,,0.00,4.40,55
2026-07-27 03:00:00,17.30,90,18.60,,0.00,4.50,61
2026-07-27 04:00:00,17.10,90,18.30,,0.00,4.00,63
2026-07-27 05:00:00,16.80,91,18.00,,0.00,3.40,58
2026-07-27 06:00:00,16.70,93,18.20,,0.00,2.60,34
2026-07-27 07:00:00,18.50,91,20.70,,0.00,1.80,53
2026-07-27 08:00:00,20.60,82,22.80,,0.00,2.90,60
2026-07-27 09:00:00,22.40,75,25.10,,0.00,1.10,72
2026-07-27 10:00:00,24.10,65,26.30,,0.00,1.90,338
2026-07-27 11:00:00,25.50,58,27.10,,0.00,4.30,336
2026-07-27 12:00:00,26.80,50,28.60,,0.00,4.40,351
2026-07-27 13:00:00,27.10,48,28.00,,0.00,6.10,332
2026-07-27 14:00:00,27.40,48,28.30,,0.00,6.40,317
2026-07-27 15:00:00,27.70,45,28.30,,0.20,6.80,302
2026-07-27 16:00:00,27.20,48,28.00,,0.00,6.70,306
2026-07-27 17:00:00,26.80,48,27.40,,0.00,7.00,291
2026-07-27 18:00:00,26.40,51,27.10,,0.00,7.20,288
2026-07-27 19:00:00,25.80,53,26.80,,0.00,5.80,292
2026-07-27 20:00:00,23.80,64,25.50,,0.00,3.60,270
2026-07-27 21:00:00,21.50,72,23.20,,0.00,3.40,252
2026-07-27 22:00:00,20.40,74,21.90,,0.00,3.00,256
2026-07-27 23:00:00,19.80,76,21.00,,0.00,4.00,265
2026-07-28 00:00:00,19.40,76,20.70,,0.00,2.50,270
2026-07-28 01:00:00,18.90,78,20.10,,0.00,2.50,270
2026-07-28 02:00:00,18.30,80,19.60,,0.00,2.20,261
2026-07-28 03:00:00,18.20,81,19.60,,0.00,1.30,214
2026-07-28 04:00:00,17.60,84,18.90,,0.00,2.30,219
2026-07-28 05:00:00,17.60,84,18.70,,0.00,2.90,210
2026-07-28 06:00:00,17.50,86,18.70,,0.00,3.10,216
2026-07-28 07:00:00,19.10,84,20.90,,0.00,2.60,214
2026-07-28 08:00:00,21.30,77,23.00,,0.00,4.90,234
2026-07-28 09:00:00,23.10,71,25.00,,0.00,5.60,230
2026-07-28 10:00:00,24.60,65,26.10,,0.00,8.30,236
2026-07-28 11:00:00,25.70,58,26.80,,0.00,10.50,243
2026-07-28 12:00:00,27.10,49,27.70,,0.00,11.50,250
2026-07-28 13:00:00,28.00,46,28.90,,0.00,11.50,256
2026-07-28 14:00:00,28.90,40,29.40,,0.00,11.50,256
2026-07-28 15:00:00,28.30,39,27.90,,0.00,11.00,259
2026-07-28 16:00:00,27.50,42,27.00,,0.00,10.50,264
2026-07-28 17:00:00,27.50,43,27.30,,0.00,9.40,252
2026-07-28 18:00:00,27.20,45,27.30,,0.00,8.40,260
2026-07-28 19:00:00,26.30,47,26.50,,0.00,7.60,251
2026-07-28 20:00:00,24.40,55,25.20,,0.00,5.60,255
2026-07-28 21:00:00,23.50,63,25.50,,0.10,0.40,180
2026-07-28 22:00:00,22.60,66,24.40,,0.00,1.80,143
2026-07-28 23:00:00,22.00,66,23.40,,0.00,3.10,144
2026-07-29 00:00:00,21.60,68,22.80,,0.00,3.90,146
2026-07-29 01:00:00,21.30,68,22.10,,0.00,6.30,156
2026-07-29 02:00:00,21.40,69,22.10,,0.00,7.40,203
2026-07-29 03:00:00,18.80,91,19.60,,2.70,12.30,249
2026-07-29 04:00:00,18.50,93,19.30,,2.30,12.40,262
2026-07-29 05:00:00,18.30,89,17.80,,1.20,18.70,271
2026-07-29 06:00:00,15.30,80,13.30,,0.00,17.30,282
2026-07-29 07:00:00,14.20,77,12.10,,0.00,14.40,273
2026-07-29 08:00:00,14.50,78,12.60,,0.00,14.60,261
2026-07-29 09:00:00,16.10,74,14.40,,0.00,14.70,239
2026-07-29 10:00:00,17.40,68,15.20,,0.00,17.90,245
2026-07-29 11:00:00,18.70,62,16.40,,0.00,19.30,243
2026-07-29 12:00:00,20.30,57,18.40,,0.00,20.50,242
2026-07-29 13:00:00,20.30,55,17.50,,0.00,21.70,255
2026-07-29 14:00:00,20.50,54,17.90,,0.00,20.00,252
2026-07-29 15:00:00,21.10,51,18.00,,0.00,22.50,250
2026-07-29 16:00:00,20.50,53,17.50,,0.00,22.00,255
2026-07-29 17:00:00,19.90,56,17.10,,0.00,20.40,253
2026-07-29 18:00:00,19.90,56,16.80,,0.00,23.00,253
2026-07-29 19:00:00,19.30,57,16.20,,0.00,22.40,251
2026-07-29 20:00:00,17.80,66,14.90,,0.20,22.60,245
2026-07-29 21:00:00,16.40,79,14.00,,0.60,22.50,243
2026-07-29 22:00:00,15.70,84,13.40,,1.40,21.90,250
2026-07-29 23:00:00,15.60,84,13.90,,0.00,17.90,251
2026-07-30 00:00:00,15.40,87,14.10,,0.00,15.50,252
2026-07-30 01:00:00,15.10,89,14.00,,0.00,14.20,249
2026-07-30 02:00:00,15.10,89,13.80,,0.10,15.60,262
2026-07-30 03:00:00,15.10,91,14.00,,0.10,15.30,262
2026-07-30 04:00:00,15.00,91,13.90,,0.60,14.80,274
2026-07-30 05:00:00,14.90,92,14.00,,1.10,13.80,285
2026-07-30 06:00:00,14.90,91,13.80,,0.10,14.50,297
2026-07-30 07:00:00,14.90,90,13.80,,0.30,15.10,295
2026-07-30 08:00:00,15.10,88,13.80,,0.00,15.60,304
2026-07-30 09:00:00,15.70,85,14.50,,0.00,15.50,306
2026-07-30 10:00:00,16.20,82,14.70,,0.00,16.50,316
2026-07-30 11:00:00,17.10,79,15.80,,0.00,16.50,314
2026-07-30 12:00:00,18.30,72,16.80,,0.00,16.90,322
2026-07-30 13:00:00,18.80,67,16.80,,0.00,18.70,322
2026-07-30 14:00:00,19.00,67,17.50,,0.00,16.60,319
2026-07-30 15:00:00,21.20,58,19.70,,0.00,16.40,322
2026-07-30 16:00:00,20.10,62,18.70,,0.00,14.50,318
2026-07-30 17:00:00,20.90,66,20.50,,0.00,12.00,319
2026-07-30 18:00:00,21.80,64,21.50,,0.00,12.20,315
2026-07-30 19:00:00,21.50,65,21.70,,0.00,8.90,297
2026-07-30 20:00:00,20.20,69,20.50,,0.00,7.10,300
2026-07-30 21:00:00,18.90,73,18.90,,0.00,9.20,291
2026-07-30 22:00:00,18.30,82,18.60,,0.00,10.20,288
2026-07-30 23:00:00,17.90,81,17.90,,0.00,10.50,297
2026-07-31 00:00:00,17.30,82,17.20,,0.00,10.00,296
2026-07-31 01:00:00,16.80,85,16.80,,0.00,9.50,299
2026-07-31 02:00:00,16.10,89,16.30,,0.00,8.50,298
2026-07-31 03:00:00,15.90,89,15.90,,0.00,8.70,294
2026-07-31 04:00:00,15.40,94,15.60,,0.00,8.60,292
2026-07-31 05:00:00,15.40,96,15.60,,0.00,9.40,293
2026-07-31 06:00:00,15.80,93,15.90,,0.00,10.20,302
2026-07-31 07:00:00,16.30,90,16.00,,0.00,12.50,309
2026-07-31 08:00:00,17.40,82,16.90,,0.00,12.80,302
2026-07-31 09:00:00,18.00,80,17.60,,0.00,13.10,307
2026-07-31 10:00:00,18.80,74,18.20,,0.00,12.70,305
2026-07-31 11:00:00,19.80,69,19.20,,0.00,13.30,303
2026-07-31 12:00:00,21.10,63,20.40,,0.00,13.70,305
2026-07-31 13:00:00,22.00,61,22.00,,0.00,14.40,302
2026-07-31 14:00:00,22.40,58,22.00,,0.00,13.80,303
2026-07-31 15:00:00,22.70,54,21.90,,0.00,14.20,306
2026-07-31 16:00:00,22.60,54,21.30,,0.00,15.10,303
2026-07-31 17:00:00,22.80,52,21.50,,0.00,14.00,305
2026-07-31 18:00:00,22.90,50,21.70,,0.00,12.00,309
2026-07-31 19:00:00,22.20,51,21.20,,0.00,10.00,308
2026-07-31 20:00:00,20.70,57,20.20,,0.00,6.80,295
2026-07-31 21:00:00,18.80,66,18.70,,0.00,6.00,287
2026-07-31 22:00:00,17.70,72,17.80,,0.00,4.80,283
2026-07-31 23:00:00,17.10,74,17.10,,0.00,4.80,283
2026-08-01 00:00:00,16.10,80,16.20,,0.00,4.30,275
2026-08-01 01:00:00,15.40,83,15.60,,0.00,4.10,255
2026-08-01 02:00:00,14.90,85,15.00,,0.00,4.50,241
2026-08-01 03:00:00,14.10,87,14.00,,0.00,4.50,241
2026-08-01 04:00:00,13.70,87,13.40,,0.00,5.00,240
2026-08-01 05:00:00,13.40,88,13.20,,0.00,4.40,235
2026-08-01 06:00:00,13.30,87,13.00,,0.00,4.90,234
2026-08-01 07:00:00,14.70,82,14.10,,0.00,7.00,235
2026-08-01 08:00:00,16.40,77,15.90,,0.00,8.50,242
2026-08-01 09:00:00,18.70,68,18.30,,0.00,8.00,243
2026-08-01 10:00:00,20.50,62,20.00,,0.00,9.80,246
2026-08-01 11:00:00,22.20,56,22.30,,0.00,10.90,261
2026-08-01 12:00:00,23.70,42,23.00,,0.00,12.60,275
2026-08-01 13:00:00,24.40,38,22.60,,0.00,13.10,278
2026-08-01 14:00:00,24.80,37,22.80,,0.00,14.40,274
2026-08-01 15:00:00,25.50,35,23.40,,0.00,14.10,273
2026-08-01 16:00:00,25.50,34,22.90,,0.00,15.00,280
2026-08-01 17:00:00,25.40,34,22.70,,0.00,15.60,289
2026-08-01 18:00:00,24.50,39,22.50,,0.00,13.10,302
2026-08-01 19:00:00,23.40,43,21.90,,0.00,10.00,311
2026-08-01 20:00:00,21.30,51,20.60,,0.00,6.50,326
2026-08-01 21:00:00,19.40,60,19.10,,0.00,4.60,321
2026-08-01 22:00:00,18.40,62,18.20,,0.00,3.40,302
2026-08-01 23:00:00,17.70,64,17.50,,0.00,3.30,311
2026-08-02 00:00:00,16.80,70,16.70,,0.00,3.10,291
2026-08-02 01:00:00,16.20,70,15.90,,0.00,3.60,270
2026-08-02 02:00:00,15.60,73,15.30,,0.00,3.50,246
2026-08-02 03:00:00,14.10,79,13.60,,0.00,4.00,243
2026-08-02 04:00:00,13.60,82,13.20,,0.00,3.90,248
2026-08-02 05:00:00,13.60,84,13.30,,0.00,3.90,248
2026-08-02 06:00:00,13.60,85,13.30,,0.00,4.20,250
2026-08-02 07:00:00,15.40,84,15.70,,0.00,4.00,265
2026-08-02 08:00:00,17.70,75,17.80,,0.00,6.60,279
2026-08-02 09:00:00,19.80,65,19.70,,0.00,6.80,288
2026-08-02 10:00:00,21.60,60,21.60,,0.00,7.50,287
2026-08-02 11:00:00,22.40,53,21.80,,0.00,10.30,295
2026-08-02 12:00:00,23.70,46,23.10,,0.00,11.30,301
2026-08-02 13:00:00,24.50,42,24.10,,0.00,11.00,302
2026-08-02 14:00:00,25.00,39,24.10,,0.00,10.60,298
2026-08-02 15:00:00,25.20,38,24.00,,0.00,11.00,302
2026-08-02 16:00:00,25.30,36,23.50,,0.00,10.80,307
2026-08-02 17:00:00,25.10,38,23.50,,0.00,10.50,308
2026-08-02 18:00:00,24.90,38,23.50,,0.00,8.70,312
2026-08-02 19:00:00,23.90,40,22.70,,0.00,6.90,313
2026-08-02 20:00:00,21.90,49,21.60,,0.00,3.40,302
2026-08-02 21:00:00,20.40,57,20.60,,0.00,2.30,321
2026-08-02 22:00:00,19.40,57,19.20,,0.00,2.20,351
2026-08-02 23:00:00,18.30,61,18.20,,0.00,1.50,346
2026-08-03 00:00:00,16.30,73,16.50,,0.00,1.80,37
2026-08-03 01:00:00,15.70,75,15.70,,0.00,2.90,90
2026-08-03 02:00:00,15.40,77,15.50,,0.00,1.90,68
2026-08-03 03:00:00,15.20,80,15.30,,0.00,3.30,84
2026-08-03 04:00:00,15.40,80,15.50,,0.00,3.40,108
2026-08-03 05:00:00,15.40,80,15.70,,0.00,2.00,135
2026-08-03 06:00:00,15.60,79,15.90,,0.00,2.40,117
2026-08-03 07:00:00,16.90,78,17.60,,0.00,1.80,101
2026-08-03 08:00:00,18.80,75,19.80,,0.00,2.30,108
2026-08-03 09:00:00,20.60,63,21.20,,0.00,3.40,122
2026-08-03 10:00:00,22.20,59,22.90,,0.00,3.60,143
2026-08-03 11:00:00,23.40,53,23.80,,0.00,4.40,171
2026-08-03 12:00:00,24.90,44,25.00,,0.00,5.20,205
2026-08-03 13:00:00,25.50,40,25.00,,0.00,5.80,210
2026-08-03 14:00:00,26.10,40,25.70,,0.00,5.40,217
2026-08-03 15:00:00,26.40,38,26.00,,0.00,4.60,225
2026-08-03 16:00:00,26.30,38,26.10,,0.00,2.90,210
2026-08-03 17:00:00,25.40,43,25.70,,0.00,1.30,56
2026-08-03 18:00:00,24.50,48,24.70,,0.10,4.00,27
2026-08-03 19:00:00,23.20,53,23.20,,0.00,6.40,47
2026-08-03 20:00:00,21.50,62,21.40,,0.00,9.20,39
2026-08-03 21:00:00,20.00,71,20.70,,0.10,4.90,36
2026-08-03 22:00:00,18.60,77,19.00,,0.10,6.90,28
2026-08-03 23:00:00,17.60,85,17.90,,0.20,9.30,28
2026-08-04 00:00:00,16.80,89,16.70,,0.20,12.00,33
2026-08-04 01:00:00,16.10,90,15.50,,1.40,14.00,46
2026-08-04 02:00:00,15.50,93,14.80,,3.40,14.40,53
2026-08-04 03:00:00,15.20,93,14.70,,2.10,12.50,51
2026-08-04 04:00:00,15.00,93,14.40,,0.60,12.50,49
2026-08-04 05:00:00,15.00,92,14.30,,0.30,12.70,61
2026-08-04 06:00:00,14.80,92,14.20,,0.10,11.80,52
2026-08-04 07:00:00,15.00,92,14.70,,0.00,10.70,45
2026-08-04 08:00:00,15.80,89,15.50,,0.00,10.70,48
2026-08-04 09:00:00,17.40,82,17.10,,0.00,11.60,36
2026-08-04 10:00:00,18.80,74,18.10,,0.00,13.30,41
2026-08-04 11:00:00,19.70,71,19.20,,0.00,12.90,30
2026-08-04 12:00:00,21.30,67,21.40,,0.00,11.80,12
2026-08-04 13:00:00,22.10,56,22.00,,0.00,11.60,22
2026-08-04 14:00:00,22.90,54,22.50,,0.00,11.80,23
2026-08-04 15:00:00,23.40,52,22.70,,0.00,11.70,9
2026-08-04 16:00:00,23.10,53,22.30,,0.00,11.50,4
2026-08-04 17:00:00,22.70,55,22.40,,0.00,9.00,360
2026-08-04 18:00:00,23.30,50,22.60,,0.00,9.00,360
2026-08-04 19:00:00,22.60,53,22.60,,0.00,5.40,4
2026-08-04 20:00:00,21.00,62,21.70,,0.00,2.60,344
2026-08-04 21:00:00,20.10,63,20.60,,0.00,2.80,320
2026-08-04 22:00:00,18.80,65,18.90,,0.00,4.10,315
2026-08-04 23:00:00,18.00,69,18.00,,0.00,4.40,325
2026-08-05 00:00:00,17.80,70,18.00,,0.00,3.20,333
2026-08-05 01:00:00,17.20,71,17.20,,0.00,3.40,328
2026-08-05 02:00:00,16.70,73,16.80,,0.00,3.40,328
2026-08-05 03:00:00,16.30,76,16.50,,0.00,2.70,337
2026-08-05 04:00:00,15.80,76,15.80,,0.00,3.20,333
2026-08-05 05:00:00,15.20,78,15.20,,0.00,3.10,324
2026-08-05 06:00:00,15.10,80,15.20,,0.00,2.40,333
2026-08-05 07:00:00,16.40,80,16.80,,0.00,3.20,333
2026-08-05 08:00:00,18.40,75,19.00,,0.00,4.60,342
2026-08-05 09:00:00,20.60,66,21.10,,0.00,5.10,352
2026-08-05 10:00:00,22.40,60,22.90,,0.00,5.90,346
2026-08-05 11:00:00,23.40,53,23.90,,0.00,7.70,349
2026-08-05 12:00:00,24.50,46,24.90,,0.00,7.60,355
2026-08-05 13:00:00,25.10,43,25.40,,0.00,6.90,351
2026-08-05 14:00:00,25.40,40,24.90,,0.00,7.10,345
2026-08-05 15:00:00,25.90,39,25.30,,0.00,6.40,344
2026-08-05 16:00:00,25.80,39,25.10,,0.00,5.80,330
2026-08-05 17:00:00,25.50,39,24.80,,0.00,5.90,322
2026-08-05 18:00:00,25.10,41,24.60,,0.00,5.30,332
2026-08-05 19:00:00,24.20,46,24.30,,0.00,3.00,346
2026-08-05 20:00:00,22.70,55,23.40,,0.00,1.90,338
2026-08-05 21:00:00,20.90,61,21.50,,0.00,2.50,360
2026-08-05 22:00:00,19.90,62,20.40,,0.00,1.80,360
2026-08-05 23:00:00,19.10,63,19.40,,0.00,1.80,360
2026-08-06 00:00:00,18.10,70,18.50,,0.00,2.20,360
2026-08-06 01:00:00,17.60,71,18.00,,0.00,2.50,8
2026-08-06 02:00:00,17.10,73,17.40,,0.00,2.60,34
2026-08-06 03:00:00,16.50,76,16.80,,0.00,2.30,39
2026-08-06 04:00:00,16.00,77,16.20,,0.00,2.80,50
2026-08-06 05:00:00,15.60,80,15.80,,0.00,3.10,45
2026-08-06 06:00:00,15.50,82,15.90,,0.00,2.30,39
2026-08-06 07:00:00,17.10,81,17.90,,0.00,2.80,40
2026-08-06 08:00:00,19.60,76,20.90,,0.00,3.10,54
2026-08-06 09:00:00,21.70,64,22.50,,0.00,4.80,63
2026-08-06 10:00:00,23.40,60,24.60,,0.00,4.00,63
2026-08-06 11:00:00,24.70,49,25.70,,0.00,3.80,41
2026-08-06 12:00:00,25.60,44,26.40,,0.00,4.20,20
2026-08-06 13:00:00,26.10,40,26.50,,0.00,3.30,13
2026-08-06 14:00:00,26.60,38,27.30,,0.00,2.30,342
2026-08-06 15:00:00,26.20,40,26.50,,0.00,2.60,286
2026-08-06 16:00:00,26.10,38,25.60,,0.00,5.10,309
2026-08-06 17:00:00,26.00,40,25.40,,0.00,6.70,324
2026-08-06 18:00:00,25.10,45,25.10,,0.00,4.70,328
2026-08-06 19:00:00,24.00,50,24.30,,0.00,4.10,285
2026-08-06 20:00:00,21.90,62,22.60,,0.00,4.20,290
2026-08-06 21:00:00,20.90,65,21.60,,0.00,3.80,319
2026-08-06 22:00:00,20.00,67,20.70,,0.00,3.10,339
2026-08-06 23:00:00,19.70,68,20.50,,0.00,2.40,333
2026-08-07 00:00:00,19.10,72,20.00,,0.00,2.50,315
2026-08-07 01:00:00,18.60,73,19.30,,0.00,3.10,315
2026-08-07 02:00:00,18.30,77,19.00,,0.00,4.10,322
2026-08-07 03:00:00,17.50,82,18.40,,0.00,3.90,338
2026-08-07 04:00:00,17.20,89,18.20,,0.10,4.90,343
2026-08-07 05:00:00,17.00,91,18.40,,0.10,3.10,339
2026-08-07 06:00:00,16.70,93,18.20,,0.00,2.70,337
2026-08-07 07:00:00,17.10,93,18.60,,0.30,3.10,315
2026-08-07 08:00:00,17.20,94,18.70,,0.60,4.40,305
2026-08-07 09:00:00,18.10,89,19.60,,0.40,4.70,293
2026-08-07 10:00:00,18.90,81,19.50,,0.10,8.20,255
2026-08-07 11:00:00,20.00,78,20.50,,0.10,10.20,247
2026-08-07 12:00:00,19.70,83,20.70,,0.60,9.50,261
2026-08-07 13:00:00,19.20,84,20.20,,0.90,8.70,275
2026-08-07 14:00:00,20.10,78,20.80,,0.10,10.20,293
2026-08-07 15:00:00,21.10,69,21.20,,0.00,11.00,311
2026-08-07 16:00:00,22.00,68,22.40,,0.00,10.20,309
2026-08-07 17:00:00,21.30,74,22.10,,0.30,9.90,303
2026-08-07 18:00:00,21.60,67,22.10,,0.00,8.70,318
2026-08-07 19:00:00,21.00,68,21.50,,0.00,7.80,304
2026-08-07 20:00:00,19.40,81,21.00,,0.00,3.30,283
2026-08-07 21:00:00,18.20,86,19.60,,0.00,3.50,294
2026-08-07 22:00:00,17.30,88,18.40,,0.10,4.80,318
2026-08-07 23:00:00,16.70,92,18.10,,0.10,2.80,320
2026-08-08 00:00:00,16.20,93,17.30,,0.00,4.30,312
2026-08-08 01:00:00,16.00,94,17.10,,0.00,3.70,299
2026-08-08 02:00:00,15.80,96,16.80,,0.10,4.90,306
2026-08-08 03:00:00,15.50,95,16.30,,0.00,5.20,286
2026-08-08 04:00:00,15.40,96,16.10,,0.00,5.90,284
2026-08-08 05:00:00,15.40,97,16.10,,0.00,6.00,287
2026-08-08 06:00:00,15.40,97,16.10,,0.00,6.40,286
2026-08-08 07:00:00,16.20,94,16.60,,0.00,9.20,301
2026-08-08 08:00:00,17.10,90,17.60,,0.00,9.00,307
2026-08-08 09:00:00,18.20,86,18.80,,0.00,9.40,317
2026-08-08 10:00:00,19.40,77,19.70,,0.00,10.00,319
2026-08-08 11:00:00,20.70,70,20.80,,0.00,10.80,323
2026-08-08 12:00:00,22.10,63,22.10,,0.00,12.20,326
2026-08-08 13:00:00,22.50,58,22.10,,0.00,12.30,322
2026-08-08 14:00:00,23.30,53,22.70,,0.00,12.50,319
2026-08-08 15:00:00,24.20,52,23.60,,0.00,12.80,310
2026-08-08 16:00:00,24.80,48,24.10,,0.00,12.50,311
2026-08-08 17:00:00,24.70,47,23.60,,0.00,12.70,315
2026-08-08 18:00:00,23.90,51,23.40,,0.00,10.70,318
2026-08-08 19:00:00,23.10,55,23.10,,0.00,7.60,315
2026-08-08 20:00:00,21.10,65,21.70,,0.00,4.80,318
2026-08-08 21:00:00,19.60,72,20.50,,0.00,3.60,307
2026-08-08 22:00:00,18.60,75,19.40,,0.00,3.70,299
2026-08-08 23:00:00,18.00,77,18.70,,0.00,3.80,311
2026-08-09 00:00:00,17.50,80,18.20,,0.00,3.60,315
2026-08-09 01:00:00,17.10,81,17.90,,0.00,3.30,311
2026-08-09 02:00:00,16.80,82,17.50,,0.00,3.20,297
2026-08-09 03:00:00,15.90,85,16.50,,0.00,3.10,291
2026-08-09 04:00:00,15.40,86,15.90,,0.00,3.10,291
2026-08-09 05:00:00,14.90,88,15.40,,0.00,2.90,300
2026-08-09 06:00:00,14.70,89,15.20,,0.00,2.90,300
2026-08-09 07:00:00,16.00,88,16.90,,0.00,2.70,293
2026-08-09 08:00:00,18.50,80,19.50,,0.00,4.20,301
2026-08-09 09:00:00,20.90,68,21.70,,0.00,5.20,304
2026-08-09 10:00:00,22.80,61,23.50,,0.00,6.40,308
2026-08-09 11:00:00,23.60,53,23.60,,0.00,8.10,315
2026-08-09 12:00:00,24.60,49,24.80,,0.00,8.40,317
2026-08-09 13:00:00,25.10,45,24.80,,0.00,7.70,311
2026-08-09 14:00:00,25.70,42,25.30,,0.00,7.80,304
2026-08-09 15:00:00,26.10,41,26.00,,0.00,7.20,307
2026-08-09 16:00:00,25.90,40,25.30,,0.00,7.10,315
2026-08-09 17:00:00,25.20,42,24.80,,0.00,5.90,322
2026-08-09 18:00:00,25.10,44,25.00,,0.00,4.70,328
2026-08-09 19:00:00,24.10,52,24.90,,0.00,2.90,353
2026-08-09 20:00:00,22.70,60,23.90,,0.00,1.80,360
2026-08-09 21:00:00,20.70,67,21.80,,0.00,2.30,288
2026-08-09 22:00:00,19.80,70,20.70,,0.00,2.50,270
2026-08-09 23:00:00,19.10,75,20.20,,0.00,2.20,270
2026-08-10 00:00:00,18.70,82,20.30,,0.00,1.80,323
2026-08-10 01:00:00,18.50,82,20.00,,0.00,1.80,307
2026-08-10 02:00:00,17.90,84,19.50,,0.00,1.30,56
2026-08-10 03:00:00,17.30,83,18.30,,0.00,2.50,45
2026-08-10 04:00:00,16.80,84,17.70,,0.00,2.40,63
2026-08-10 05:00:00,16.30,85,17.20,,0.00,1.80,101
2026-08-10 06:00:00,16.40,85,17.40,,0.00,1.10,90
2026-08-10 07:00:00,17.70,85,19.30,,0.00,0.80,153
2026-08-10 08:00:00,20.40,77,22.20,,0.00,1.90,202
2026-08-10 09:00:00,22.20,68,23.70,,0.00,3.80,229
2026-08-10 10:00:00,23.70,63,25.10,,0.00,4.70,247
2026-08-10 11:00:00,24.70,56,26.10,,0.00,4.70,261
2026-08-10 12:00:00,26.00,46,26.60,,0.00,5.80,277
2026-08-10 13:00:00,26.50,43,26.90,,0.00,6.50,264
2026-08-10 14:00:00,26.20,40,25.60,,0.00,7.30,261
2026-08-10 15:00:00,27.00,38,26.20,,0.00,8.60,255
2026-08-10 16:00:00,27.10,37,26.00,,0.00,10.40,256
2026-08-10 17:00:00,25.70,52,25.90,,0.00,10.20,252
2026-08-10 18:00:00,26.00,53,26.60,,0.10,9.40,263
2026-08-10 19:00:00,22.80,71,24.30,,0.20,6.80,245
2026-08-10 20:00:00,21.60,78,23.60,,0.00,4.80,222
2026-08-10 21:00:00,20.70,81,22.60,,0.00,4.30,228
2026-08-10 22:00:00,19.70,86,21.60,,0.00,4.60,225
2026-08-10 23:00:00,19.50,85,21.50,,0.00,3.30,283
2026-08-11 00:00:00,19.50,83,21.30,,0.20,3.10,234
2026-08-11 01:00:00,18.80,87,20.20,,0.00,6.00,253
2026-08-11 02:00:00,18.10,85,18.90,,0.00,7.60,270
2026-08-11 03:00:00,17.50,84,17.90,,0.00,7.70,281
2026-08-11 04:00:00,16.80,88,17.20,,0.00,7.70,281
2026-08-11 05:00:00,16.00,92,16.50,,0.00,7.00,282
2026-08-11 06:00:00,15.60,92,16.30,,0.00,4.70,293
2026-08-11 07:00:00,16.70,89,17.50,,0.00,5.80,270
2026-08-11 08:00:00,18.00,83,18.40,,0.00,8.60,268
2026-08-11 09:00:00,19.30,79,20.10,,0.00,7.60,275
2026-08-11 10:00:00,21.00,64,20.20,,0.00,14.10,302
2026-08-11 11:00:00,22.10,56,21.30,,0.00,11.60,296
2026-08-11 12:00:00,21.60,51,19.40,,0.00,16.60,297
2026-08-11 13:00:00,22.40,46,20.00,,0.00,17.10,288
2026-08-11 14:00:00,23.30,42,20.90,,0.00,18.40,287
2026-08-11 15:00:00,23.20,41,20.50,,0.00,18.80,287
2026-08-11 16:00:00,23.60,38,20.10,,0.00,20.70,287
2026-08-11 17:00:00,23.10,39,19.90,,0.00,19.00,289
2026-08-11 18:00:00,22.40,42,19.80,,0.00,15.70,286
2026-08-11 19:00:00,21.70,43,19.50,,0.00,12.00,286
2026-08-11 20:00:00,19.70,49,18.40,,0.00,6.50,276
2026-08-11 21:00:00,17.40,63,16.60,,0.00,5.80,266
2026-08-11 22:00:00,16.50,65,15.40,,0.00,6.90,264
2026-08-11 23:00:00,16.00,68,14.90,,0.00,7.60,270
2026-08-12 00:00:00,15.80,69,14.60,,0.00,8.40,280
2026-08-12 01:00:00,15.40,73,14.20,,0.00,8.90,284
2026-08-12 02:00:00,14.60,78,13.40,,0.00,9.40,288
2026-08-12 03:00:00,14.00,80,12.70,,0.00,10.40,290
2026-08-12 04:00:00,13.30,85,12.20,,0.00,9.60,283
2026-08-12 05:00:00,12.60,88,11.40,,0.00,9.50,281
2026-08-12 06:00:00,12.30,90,11.10,,0.00,9.70,285
2026-08-12 07:00:00,13.20,87,11.90,,0.00,11.00,293
2026-08-12 08:00:00,14.00,81,12.50,,0.00,12.30,308
2026-08-12 09:00:00,14.90,76,13.30,,0.00,12.30,302
2026-08-12 10:00:00,16.40,67,14.40,,0.00,14.30,304
2026-08-12 11:00:00,17.60,60,15.20,,0.00,15.50,306
2026-08-12 12:00:00,19.10,53,16.80,,0.00,15.30,304
2026-08-12 13:00:00,19.80,52,17.50,,0.00,15.20,301
2026-08-12 14:00:00,20.60,48,18.30,,0.00,15.00,297
2026-08-12 15:00:00,21.20,45,18.70,,0.00,15.00,297
2026-08-12 16:00:00,21.50,45,19.10,,0.00,14.50,289
2026-08-12 17:00:00,21.20,44,18.70,,0.00,14.20,291
2026-08-12 18:00:00,21.00,45,18.70,,0.00,13.40,290
2026-08-12 19:00:00,20.30,47,18.40,,0.00,10.30,282
2026-08-12 20:00:00,18.50,55,17.40,,0.00,6.50,264
2026-08-12 21:00:00,16.80,66,16.20,,0.00,4.70,261
2026-08-12 22:00:00,15.60,71,15.10,,0.00,4.70,247
2026-08-12 23:00:00,14.90,73,14.10,,0.00,5.70,252
2026-08-13 00:00:00,14.60,73,13.70,,0.00,6.20,263
2026-08-13 01:00:00,13.90,77,13.00,,0.00,5.70,252
2026-08-13 02:00:00,13.50,80,12.60,,0.00,6.40,254
2026-08-13 03:00:00,13.00,82,12.20,,0.00,5.00,270
2026-08-13 04:00:00,12.90,83,12.20,,0.00,5.40,266
2026-08-13 05:00:00,13.10,83,12.20,,0.00,6.90,276
2026-08-13 06:00:00,12.80,85,11.90,,0.00,6.80,295
2026-08-13 07:00:00,13.40,85,12.50,,0.00,8.20,308
2026-08-13 08:00:00,14.60,82,13.80,,0.00,9.20,315
2026-08-13 09:00:00,15.60,78,14.60,,0.00,11.00,319
2026-08-13 10:00:00,17.10,69,15.90,,0.00,11.50,316
2026-08-13 11:00:00,17.90,63,16.40,,0.00,12.50,319
2026-08-13 12:00:00,18.80,57,17.10,,0.00,13.90,323
2026-08-13 13:00:00,19.30,54,17.80,,0.00,12.30,320
2026-08-13 14:00:00,19.60,50,17.50,,0.00,13.60,320
2026-08-13 15:00:00,20.00,49,17.70,,0.00,13.50,318
2026-08-13 16:00:00,20.00,47,17.60,,0.00,13.80,321
2026-08-13 17:00:00,19.80,48,17.50,,0.00,13.30,327
2026-08-13 18:00:00,19.70,51,17.80,,0.00,11.40,325
2026-08-13 19:00:00,18.80,55,17.30,,0.00,9.70,329
2026-08-13 20:00:00,17.30,61,16.30,,0.00,6.20,324
2026-08-13 21:00:00,16.00,68,15.50,,0.00,3.80,319
2026-08-13 22:00:00,15.10,72,14.50,,0.00,3.90,326
2026-08-13 23:00:00,14.50,74,13.90,,0.00,3.80,319
2026-08-14 00:00:00,13.80,77,13.20,,0.00,4.30,312
2026-08-14 01:00:00,13.30,80,12.60,,0.00,5.10,309
2026-08-14 02:00:00,12.90,82,12.20,,0.00,4.60,315
2026-08-14 03:00:00,12.40,85,11.70,,0.00,4.60,309
2026-08-14 04:00:00,12.00,88,11.40,,0.00,4.60,309
2026-08-14 05:00:00,11.80,90,11.20,,0.00,4.40,305
2026-08-14 06:00:00,11.60,91,10.90,,0.00,4.90,306
2026-08-14 07:00:00,12.80,88,12.10,,0.00,6.40,308
2026-08-14 08:00:00,14.80,81,14.20,,0.00,7.40,313
2026-08-14 09:00:00,17.20,73,16.80,,0.00,7.70,311
2026-08-14 10:00:00,19.20,66,18.70,,0.00,8.70,315
2026-08-14 11:00:00,20.80,59,20.60,,0.00,10.20,321
2026-08-14 12:00:00,22.60,50,22.20,,0.00,11.00,328
2026-08-14 13:00:00,23.20,46,22.60,,0.00,10.80,330
2026-08-14 14:00:00,23.70,43,22.60,,0.00,9.90,327
2026-08-14 15:00:00,24.20,39,22.70,,0.00,11.00,322
2026-08-14 16:00:00,24.10,40,22.40,,0.00,10.90,314
2026-08-14 17:00:00,24.00,39,22.20,,0.00,11.30,307
2026-08-14 18:00:00,23.50,42,22.00,,0.00,10.20,302
2026-08-14 19:00:00,22.40,45,21.30,,0.00,7.40,299
2026-08-14 20:00:00,20.10,54,19.40,,0.00,5.50,293
2026-08-14 21:00:00,18.50,63,18.30,,0.00,4.10,285
2026-08-14 22:00:00,17.70,66,17.50,,0.00,4.20,290
2026-08-14 23:00:00,17.00,69,16.80,,0.00,4.50,284
2026-08-15 00:00:00,16.20,73,16.00,,0.00,4.60,288
2026-08-15 01:00:00,15.80,75,15.50,,0.00,4.80,297
2026-08-15 02:00:00,15.40,77,15.20,,0.00,4.70,302
2026-08-15 03:00:00,15.00,80,14.80,,0.00,4.30,294
2026-08-15 04:00:00,14.60,82,14.50,,0.00,4.00,297
2026-08-15 05:00:00,14.50,84,14.40,,0.00,3.90,304
2026-08-15 06:00:00,14.10,86,14.10,,0.00,3.60,307
2026-08-15 07:00:00,15.00,85,15.30,,0.00,3.60,315
2026-08-15 08:00:00,17.10,78,17.20,,0.00,5.90,322
2026-08-15 09:00:00,19.60,69,19.90,,0.00,6.00,327
2026-08-15 10:00:00,21.70,63,22.20,,0.00,6.10,320
2026-08-15 11:00:00,23.00,55,22.90,,0.00,8.50,324
2026-08-15 12:00:00,24.00,50,24.00,,0.00,9.30,332
2026-08-15 13:00:00,24.70,47,24.40,,0.00,9.80,336
2026-08-15 14:00:00,24.90,46,24.30,,0.00,9.70,338
2026-08-15 15:00:00,25.20,43,24.30,,0.00,9.70,338
2026-08-15 16:00:00,25.20,43,24.20,,0.00,10.20,337
2026-08-15 17:00:00,25.10,42,24.00,,0.00,9.70,338
2026-08-15 18:00:00,24.60,43,23.70,,0.00,8.70,336
2026-08-15 19:00:00,23.60,45,22.80,,0.00,7.00,339
2026-08-15 20:00:00,21.20,53,21.00,,0.00,3.50,336
2026-08-15 21:00:00,19.50,63,19.70,,0.00,3.40,342
2026-08-15 22:00:00,18.70,66,18.90,,0.00,3.30,354
2026-08-15 23:00:00,17.90,69,18.20,,0.00,2.90,360
2026-08-16 00:00:00,16.90,75,17.20,,0.00,2.60,344
2026-08-16 01:00:00,16.20,77,16.50,,0.00,2.40,333
2026-08-16 02:00:00,15.60,79,15.90,,0.00,2.10,329
2026-08-16 03:00:00,14.70,82,14.90,,0.00,2.00,315
2026-08-16 04:00:00,14.20,84,14.40,,0.00,2.00,315
2026-08-16 05:00:00,13.70,86,13.80,,0.00,2.00,315
2026-08-16 06:00:00,13.40,86,13.40,,0.00,2.30,321
2026-08-16 07:00:00,14.60,85,14.90,,0.00,2.10,329
2026-08-16 08:00:00,17.60,77,18.30,,0.00,2.70,337
2026-08-16 09:00:00,20.70,62,21.40,,0.00,2.40,333
2026-08-16 10:00:00,22.80,52,23.00,,0.00,3.90,326
2026-08-16 11:00:00,23.90,45,23.90,,0.00,4.90,324
2026-08-16 12:00:00,24.80,41,25.20,,0.00,4.50,331
2026-08-16 13:00:00,25.50,39,25.90,,0.00,4.90,324
2026-08-16 14:00:00,26.00,36,25.80,,0.00,5.60,315
2026-08-16 15:00:00,26.10,36,25.40,,0.00,5.60,310
2026-08-16 16:00:00,26.20,34,25.10,,0.00,5.70,305
2026-08-16 17:00:00,26.00,34,24.70,,0.00,6.60,299
2026-08-16 18:00:00,25.40,36,24.30,,0.00,6.30,301
2026-08-16 19:00:00,24.10,43,23.80,,0.00,3.30,311
2026-08-16 20:00:00,22.10,50,22.10,,0.00,2.60,304
2026-08-16 21:00:00,20.20,59,20.50,,0.00,1.80,307
2026-08-16 22:00:00,19.10,60,19.10,,0.00,1.90,338
2026-08-16 23:00:00,18.00,65,18.20,,0.00,1.80,53
2026-08-17 00:00:00,16.90,72,17.20,,0.00,2.10,59
2026-08-17 01:00:00,16.30,73,16.30,,0.00,2.90,90
2026-08-17 02:00:00,16.00,74,16.00,,0.00,2.90,120
2026-08-17 03:00:00,15.20,77,15.20,,0.00,2.40,117
2026-08-17 04:00:00,14.80,78,14.70,,0.00,2.30,141
2026-08-17 05:00:00,14.30,80,14.20,,0.00,2.10,149
2026-08-17 06:00:00,14.00,82,14.00,,0.00,2.20,171
2026-08-17 07:00:00,15.20,81,15.40,,0.00,2.50,188
2026-08-17 08:00:00,18.50,79,19.80,,0.00,1.90,202
2026-08-17 09:00:00,21.70,59,22.10,,0.00,4.10,218
2026-08-17 10:00:00,23.80,52,23.90,,0.00,6.10,230
2026-08-17 11:00:00,25.10,43,25.00,,0.00,7.40,231
2026-08-17 12:00:00,26.20,39,26.60,,0.00,6.50,214
2026-08-17 13:00:00,26.90,38,27.50,,0.00,7.10,210
2026-08-17 14:00:00,27.50,36,28.00,,0.00,6.90,208
2026-08-17 15:00:00,27.70,34,27.70,,0.00,6.80,205
2026-08-17 16:00:00,27.80,34,27.20,,0.00,7.40,209
2026-08-17 17:00:00,27.50,35,26.60,,0.00,7.30,213
2026-08-17 18:00:00,27.10,36,26.40,,0.00,6.30,211
2026-08-17 19:00:00,25.60,44,25.80,,0.00,3.80,197
2026-08-17 20:00:00,23.20,52,23.60,,0.00,2.90,173
2026-08-17 21:00:00,21.40,60,21.90,,0.00,3.30,174
2026-08-17 22:00:00,20.40,59,20.50,,0.00,3.60,174
2026-08-17 23:00:00,19.70,60,19.70,,0.00,3.70,169
2026-08-18 00:00:00,19.10,62,19.10,,0.00,3.30,167
2026-08-18 01:00:00,18.60,62,18.50,,0.00,3.40,162
2026-08-18 02:00:00,18.10,64,17.90,,0.00,4.10,165
2026-08-18 03:00:00,17.80,64,17.50,,0.00,3.50,156
2026-08-18 04:00:00,17.40,66,17.10,,0.00,3.90,158
2026-08-18 05:00:00,17.00,65,16.40,,0.00,4.60,162
2026-08-18 06:00:00,16.50,69,16.10,,0.00,4.50,166
2026-08-18 07:00:00,17.50,69,17.40,,0.00,4.40,171
2026-08-18 08:00:00,20.10,62,20.10,,0.00,5.40,184
2026-08-18 09:00:00,22.70,51,22.30,,0.00,6.50,186
2026-08-18 10:00:00,24.80,45,24.40,,0.00,6.90,189
2026-08-18 11:00:00,26.60,40,26.50,,0.00,7.20,198
2026-08-18 12:00:00,28.80,34,29.10,,0.00,7.40,194
2026-08-18 13:00:00,29.80,33,30.40,,0.00,7.40,194
2026-08-18 14:00:00,30.70,31,31.10,,0.00,7.60,188
2026-08-18 15:00:00,31.30,30,31.50,,0.00,6.80,183
2026-08-18 16:00:00,31.30,30,31.00,,0.00,6.80,183
2026-08-18 17:00:00,31.00,30,30.40,,0.00,6.80,180
2026-08-18 18:00:00,30.40,32,30.20,,0.00,5.50,169
2026-08-18 19:00:00,28.60,40,29.30,,0.00,2.90,150
2026-08-18 20:00:00,26.10,45,26.60,,0.00,3.10,135
2026-08-18 21:00:00,24.10,54,25.00,,0.00,2.80,130
2026-08-18 22:00:00,23.10,53,23.50,,0.00,3.20,117
2026-08-18 23:00:00,22.10,55,22.40,,0.00,3.50,114
2026-08-19 00:00:00,21.20,59,21.50,,0.00,4.20,110
2026-08-19 01:00:00,20.20,61,20.20,,0.00,4.60,108
2026-08-19 02:00:00,19.70,64,19.90,,0.00,4.30,114
2026-08-19 03:00:00,19.30,67,19.70,,0.00,3.70,119
2026-08-19 04:00:00,19.00,67,19.30,,0.00,3.80,131
2026-08-19 05:00:00,18.50,68,18.70,,0.00,4.10,135
2026-08-19 06:00:00,17.80,71,18.00,,0.00,3.80,131
2026-08-19 07:00:00,19.00,71,19.60,,0.00,3.80,139
2026-08-19 08:00:00,21.90,64,22.80,,0.00,4.50,151
2026-08-19 09:00:00,24.60,50,24.80,,0.00,6.20,159
2026-08-19 10:00:00,26.80,45,27.10,,0.00,6.70,164
2026-08-19 11:00:00,28.80,39,29.30,,0.00,7.00,168
2026-08-19 12:00:00,31.00,30,31.00,,0.00,9.10,173
2026-08-19 13:00:00,32.00,28,32.20,,0.00,9.10,173
2026-08-19 14:00:00,32.70,27,32.90,,0.00,9.10,173
2026-08-19 15:00:00,33.00,26,32.90,,0.00,8.40,173
2026-08-19 16:00:00,33.00,26,32.30,,0.00,8.30,175
2026-08-19 17:00:00,32.60,27,31.80,,0.00,7.90,177
2026-08-19 18:00:00,32.10,28,31.60,,0.00,6.50,177
2026-08-19 19:00:00,30.00,37,30.70,,0.00,3.40,162
2026-08-19 20:00:00,27.50,43,28.30,,0.00,3.30,139
2026-08-19 21:00:00,25.40,49,26.30,,0.00,2.50,135
2026-08-19 22:00:00,24.40,49,24.90,,0.00,3.10,135
2026-08-19 23:00:00,23.50,51,23.90,,0.00,3.30,139
2026-08-20 00:00:00,22.30,57,22.80,,0.00,3.30,131
2026-08-20 01:00:00,21.60,58,21.90,,0.00,4.10,142
2026-08-20 02:00:00,21.00,60,21.30,,0.00,4.20,149
2026-08-20 03:00:00,20.30,65,20.90,,0.00,3.90,158
2026-08-20 04:00:00,19.80,66,20.30,,0.00,4.00,170
2026-08-20 05:00:00,19.40,69,19.90,,0.00,4.00,170
2026-08-20 06:00:00,18.60,74,19.20,,0.00,4.00,180
2026-08-20 07:00:00,19.80,73,20.80,,0.00,4.00,180
2026-08-20 08:00:00,22.80,68,24.50,,0.00,4.00,190
2026-08-20 09:00:00,25.60,50,26.10,,0.00,5.80,202
2026-08-20 10:00:00,27.90,45,28.50,,0.00,6.60,202
2026-08-20 11:00:00,29.70,40,30.60,,0.00,6.40,207
2026-08-20 12:00:00,31.80,31,32.40,,0.00,7.00,215
2026-08-20 13:00:00,32.90,28,33.60,,0.00,7.20,217
2026-08-20 14:00:00,33.70,26,34.30,,0.00,6.50,214
2026-08-20 15:00:00,33.70,26,34.20,,0.00,4.70,212
2026-08-20 16:00:00,33.70,26,33.70,,0.00,4.90,197
2026-08-20 17:00:00,33.30,26,32.90,,0.00,5.10,188
2026-08-20 18:00:00,32.60,29,32.70,,0.00,4.00,207
2026-08-20 19:00:00,30.60,42,32.40,,0.00,2.20,180
2026-08-20 20:00:00,28.30,44,29.70,,0.00,1.30,146
2026-08-20 21:00:00,26.20,47,27.30,,0.00,1.60,153
2026-08-20 22:00:00,25.10,48,25.90,,0.00,1.60,117
2026-08-20 23:00:00,24.20,49,24.80,,0.00,1.90,112
2026-08-21 00:00:00,22.80,54,23.40,,0.00,2.60,56
2026-08-21 01:00:00,21.80,57,22.20,,0.00,3.60,53
2026-08-21 02:00:00,20.70,64,21.30,,0.00,3.90,56
2026-08-21 03:00:00,20.00,69,20.90,,0.00,3.30,77
2026-08-21 04:00:00,19.50,71,20.30,,0.00,3.30,77
2026-08-21 05:00:00,19.00,74,19.80,,0.00,3.90,68
2026-08-21 06:00:00,18.70,78,19.80,,0.00,3.80,73
2026-08-21 07:00:00,19.70,79,21.20,,0.00,3.80,73
2026-08-21 08:00:00,22.80,72,24.90,,0.00,3.70,79
2026-08-21 09:00:00,25.40,60,27.40,,0.00,3.60,90
2026-08-21 10:00:00,28.10,46,29.00,,0.00,5.70,108
2026-08-21 11:00:00,30.00,41,31.40,,0.00,5.40,110
2026-08-21 12:00:00,32.40,29,33.10,,0.00,5.80,120
2026-08-21 13:00:00,33.60,24,34.00,,0.00,6.10,130
2026-08-21 14:00:00,34.20,23,34.50,,0.00,5.90,133
2026-08-21 15:00:00,34.40,22,34.30,,0.00,5.40,132
2026-08-21 16:00:00,34.20,23,33.50,,0.00,6.00,123
2026-08-21 17:00:00,33.70,23,32.70,,0.00,6.50,124
2026-08-21 18:00:00,32.80,25,32.10,,0.00,5.50,122
2026-08-21 19:00:00,30.50,35,31.00,,0.00,3.30,103
2026-08-21 20:00:00,27.60,40,27.80,,0.00,4.30,90
2026-08-21 21:00:00,25.60,46,25.90,,0.00,4.70,86
2026-08-21 22:00:00,24.60,45,24.50,,0.00,4.70,94
2026-08-21 23:00:00,23.70,45,23.20,,0.00,5.40,82
2026-08-22 00:00:00,22.50,54,22.50,,0.00,5.80,68
2026-08-22 01:00:00,21.70,54,21.40,,0.00,6.30,77
2026-08-22 02:00:00,21.10,61,21.20,,0.00,6.10,93
2026-08-22 03:00:00,19.80,65,20.10,,0.00,4.40,99
2026-08-22 04:00:00,19.30,64,19.30,,0.00,4.50,104
2026-08-22 05:00:00,18.80,63,18.60,,0.00,5.00,111
2026-08-22 06:00:00,18.70,61,18.40,,0.00,4.00,117
2026-08-22 07:00:00,20.00,59,19.90,,0.00,4.30,114
2026-08-22 08:00:00,22.70,53,22.90,,0.00,4.40,125
2026-08-22 09:00:00,25.00,43,24.50,,0.00,6.40,128
2026-08-22 10:00:00,27.30,38,26.50,,0.00,8.90,137
2026-08-22 11:00:00,28.40,36,27.60,,0.00,9.30,144
2026-08-22 12:00:00,30.80,29,29.70,,0.00,8.80,145
2026-08-22 13:00:00,32.00,25,30.70,,0.00,8.80,145
2026-08-22 14:00:00,33.30,23,32.30,,0.00,9.20,154
2026-08-22 15:00:00,32.10,26,30.90,,0.00,8.40,190
2026-08-22 16:00:00,31.90,27,31.20,,0.00,5.60,220
2026-08-22 17:00:00,30.80,32,30.40,,0.00,7.30,281
2026-08-22 18:00:00,29.90,37,30.50,,0.00,3.80,319
2026-08-22 19:00:00,27.60,47,28.80,,0.00,3.30,311
2026-08-22 20:00:00,25.40,53,26.40,,0.00,4.30,312
2026-08-22 21:00:00,24.30,57,25.30,,0.00,5.20,304
2026-08-22 22:00:00,23.00,61,23.70,,0.00,7.20,323
2026-08-22 23:00:00,22.50,74,23.70,,0.00,10.90,326
2026-08-23 00:00:00,21.80,81,23.00,,0.00,13.20,317
2026-08-23 01:00:00,20.50,86,21.50,,0.00,13.20,317
2026-08-23 02:00:00,19.60,87,20.30,,0.00,12.80,322
2026-08-23 03:00:00,18.90,85,19.40,,0.00,11.10,324
2026-08-23 04:00:00,18.10,87,18.60,,0.00,10.70,327
2026-08-23 05:00:00,17.60,90,18.20,,0.00,10.00,330
2026-08-23 06:00:00,17.80,88,18.10,,0.00,11.30,333
2026-08-23 07:00:00,18.00,82,18.00,,0.00,10.90,333
2026-08-23 08:00:00,18.50,73,18.00,,0.00,11.30,329
2026-08-23 09:00:00,19.00,67,18.10,,0.00,11.80,333
2026-08-23 10:00:00,20.00,63,19.00,,0.00,13.20,334
2026-08-23 11:00:00,20.80,55,19.00,,0.00,15.30,336
2026-08-23 12:00:00,20.90,59,19.50,,0.00,15.60,341
2026-08-23 13:00:00,21.50,50,19.60,,0.00,14.20,339
2026-08-23 14:00:00,21.90,47,19.90,,0.00,13.80,345
2026-08-23 15:00:00,22.80,42,20.60,,0.00,13.20,338
2026-08-23 16:00:00,23.10,38,20.70,,0.00,12.40,343
2026-08-23 17:00:00,23.00,38,20.80,,0.00,11.40,342
2026-08-23 18:00:00,22.60,39,20.80,,0.00,9.00,344
2026-08-23 19:00:00,21.40,47,20.40,,0.00,6.20,350
2026-08-23 20:00:00,19.30,56,18.80,,0.00,3.70,349
2026-08-23 21:00:00,17.80,65,17.60,,0.00,3.60,354
2026-08-23 22:00:00,16.90,68,16.70,,0.00,3.70,349
2026-08-23 23:00:00,16.30,70,16.00,,0.00,3.30,354
2026-08-24 00:00:00,15.80,72,15.50,,0.00,3.20,360
2026-08-24 01:00:00,15.20,72,14.80,,0.00,3.30,354
2026-08-24 02:00:00,14.80,74,14.30,,0.00,3.30,347
2026-08-24 03:00:00,14.00,78,13.50,,0.00,4.00,350
2026-08-24 04:00:00,13.70,81,13.30,,0.00,3.70,349
2026-08-24 05:00:00,13.40,82,12.90,,0.00,4.00,350
2026-08-24 06:00:00,13.30,85,12.90,,0.00,4.00,350
2026-08-24 07:00:00,14.30,83,14.10,,0.00,4.00,355
2026-08-24 08:00:00,17.00,72,16.80,,0.00,5.50,11
2026-08-24 09:00:00,19.30,62,18.70,,0.00,8.20,23
2026-08-24 10:00:00,21.40,55,20.60,,0.00,9.70,31
2026-08-24 11:00:00,22.80,48,21.80,,0.00,10.80,30
2026-08-24 12:00:00,24.40,40,23.80,,0.00,9.20,31
2026-08-24 13:00:00,25.50,35,24.90,,0.00,8.20,23
2026-08-24 14:00:00,26.30,33,25.50,,0.00,8.30,18
2026-08-24 15:00:00,27.00,29,25.90,,0.00,7.00,21
2026-08-24 16:00:00,27.20,30,25.60,,0.00,7.20,18
2026-08-24 17:00:00,27.00,31,25.50,,0.00,7.20,18
2026-08-24 18:00:00,26.60,33,25.30,,0.00,6.40,27
2026-08-24 19:00:00,24.60,41,24.10,,0.00,4.10,38
2026-08-24 20:00:00,22.00,49,21.70,,0.00,3.90,56
2026-08-24 21:00:00,20.30,59,20.30,,0.00,3.80,49
2026-08-24 22:00:00,19.60,60,19.60,,0.00,3.80,41
2026-08-24 23:00:00,19.10,62,19.10,,0.00,3.80,41
2026-08-25 00:00:00,18.50,66,18.50,,0.00,3.90,34
2026-08-25 01:00:00,17.90,68,17.90,,0.00,3.80,41
2026-08-25 02:00:00,17.30,70,17.20,,0.00,4.10,45
2026-08-25 03:00:00,16.80,74,16.70,,0.00,4.60,45
2026-08-25 04:00:00,16.30,76,16.30,,0.00,4.30,48
2026-08-25 05:00:00,16.00,78,16.00,,0.00,4.60,51
2026-08-25 06:00:00,15.40,80,15.30,,0.00,4.60,51
2026-08-25 07:00:00,16.20,78,16.20,,0.00,4.40,55
2026-08-25 08:00:00,19.10,67,19.10,,0.00,5.60,63
2026-08-25 09:00:00,21.70,55,21.40,,0.00,6.80,65
2026-08-25 10:00:00,23.90,47,23.30,,0.00,8.00,72
2026-08-25 11:00:00,25.90,43,25.80,,0.00,7.40,67
2026-08-25 12:00:00,27.80,38,28.20,,0.00,7.10,60
2026-08-25 13:00:00,28.90,35,29.50,,0.00,7.20,53
2026-08-25 14:00:00,29.70,33,30.10,,0.00,7.70,49
2026-08-25 15:00:00,30.30,32,30.20,,0.00,8.40,50
2026-08-25 16:00:00,30.20,33,29.60,,0.00,8.50,54
2026-08-25 17:00:00,29.80,34,29.30,,0.00,8.50,54
2026-08-25 18:00:00,29.10,37,28.90,,0.00,7.20,53
2026-08-25 19:00:00,26.80,44,27.20,,0.00,4.80,42
2026-08-25 20:00:00,24.00,52,24.50,,0.00,4.10,38
2026-08-25 21:00:00,22.10,62,22.90,,0.00,4.60,45
2026-08-25 22:00:00,21.20,64,21.90,,0.00,4.60,51
2026-08-25 23:00:00,20.50,66,21.10,,0.00,4.60,51
2026-08-26 00:00:00,19.80,69,20.40,,0.00,4.60,51
2026-08-26 01:00:00,19.20,70,19.70,,0.00,4.70,58
2026-08-26 02:00:00,18.60,72,19.00,,0.00,4.70,58
2026-08-26 03:00:00,17.90,75,18.30,,0.00,4.30,48
2026-08-26 04:00:00,17.20,78,17.60,,0.00,4.30,48
2026-08-26 05:00:00,16.70,79,17.00,,0.00,4.40,55
2026-08-26 06:00:00,16.00,82,16.20,,0.00,4.30,48
2026-08-26 07:00:00,16.90,80,17.40,,0.00,4.30,48
2026-08-26 08:00:00,20.10,69,20.60,,0.00,5.90,52
2026-08-26 09:00:00,22.70,59,23.00,,0.00,7.40,51
2026-08-26 10:00:00,25.10,53,25.50,,0.00,8.20,49
2026-08-26 11:00:00,27.10,46,27.40,,0.00,9.20,48
2026-08-26 12:00:00,29.20,38,29.50,,0.00,10.60,55
2026-08-26 13:00:00,30.10,36,30.60,,0.00,10.30,61
2026-08-26 14:00:00,30.80,35,31.40,,0.00,9.50,61
2026-08-26 15:00:00,31.10,36,31.90,,0.00,8.40,50
2026-08-26 16:00:00,31.10,34,30.90,,0.00,8.90,47
2026-08-26 17:00:00,30.60,34,30.20,,0.00,8.90,43
2026-08-26 18:00:00,30.00,37,29.90,,0.00,8.40,43
2026-08-26 19:00:00,27.80,43,28.20,,0.00,6.30,31
2026-08-26 20:00:00,25.00,50,25.50,,0.00,5.00,30
2026-08-26 21:00:00,23.70,57,24.50,,0.00,5.00,30
2026-08-26 22:00:00,22.70,59,23.30,,0.00,5.10,39
2026-08-26 23:00:00,21.80,61,22.30,,0.00,5.60,50
2026-08-27 00:00:00,21.30,64,21.70,,0.00,6.00,57
2026-08-27 01:00:00,20.60,66,21.00,,0.00,6.60,61
2026-08-27 02:00:00,20.10,68,20.40,,0.00,7.20,63
2026-08-27 03:00:00,19.50,71,19.80,,0.00,6.90,62
2026-08-27 04:00:00,18.90,72,19.10,,0.00,6.40,63
2026-08-27 05:00:00,18.40,73,18.50,,0.00,6.40,63
2026-08-27 06:00:00,17.70,75,17.80,,0.00,6.00,65
2026-08-27 07:00:00,18.20,72,18.10,,0.00,7.40,67
2026-08-27 08:00:00,20.20,65,20.00,,0.00,8.80,71
2026-08-27 09:00:00,22.30,56,22.00,,0.00,9.00,74
2026-08-27 10:00:00,24.70,49,24.40,,0.00,9.20,79
2026-08-27 11:00:00,27.00,44,27.00,,0.00,9.50,79
2026-08-27 12:00:00,29.70,33,29.40,,0.00,10.50,84
2026-08-27 13:00:00,30.80,28,30.20,,0.00,11.50,88
2026-08-27 14:00:00,31.50,26,30.70,,0.00,10.80,92
2026-08-27 15:00:00,31.50,26,30.50,,0.00,10.10,92
2026-08-27 16:00:00,31.30,26,29.70,,0.00,9.40,97
2026-08-27 17:00:00,30.70,28,29.50,,0.00,8.30,95
2026-08-27 18:00:00,30.10,31,29.50,,0.00,6.50,93
2026-08-27 19:00:00,27.80,39,28.00,,0.00,3.80,73
2026-08-27 20:00:00,25.50,45,25.80,,0.00,3.50,66
2026-08-27 21:00:00,24.20,52,24.80,,0.00,4.10,45
2026-08-27 22:00:00,23.00,55,23.40,,0.00,4.60,51
2026-08-27 23:00:00,22.20,59,22.70,,0.00,5.00,60
2026-08-28 00:00:00,21.60,62,22.10,,0.00,5.00,69
2026-08-28 01:00:00,21.00,61,21.20,,0.00,5.20,78
2026-08-28 02:00:00,20.40,62,20.60,,0.00,4.80,77
2026-08-28 03:00:00,19.90,65,20.30,,0.00,4.40,81
2026-08-28 04:00:00,19.20,67,19.40,,0.00,4.60,72
2026-08-28 05:00:00,18.50,69,18.70,,0.00,4.50,61
2026-08-28 06:00:00,18.10,72,18.30,,0.00,4.60,51
2026-08-28 07:00:00,19.00,71,19.30,,0.00,5.50,58
2026-08-28 08:00:00,21.00,64,21.20,,0.00,7.40,61
2026-08-28 09:00:00,23.00,58,23.10,,0.00,9.00,61
2026-08-28 10:00:00,25.40,52,25.60,,0.00,9.00,61
2026-08-28 11:00:00,27.40,48,27.90,,0.00,10.00,60
2026-08-28 12:00:00,29.60,38,29.60,,0.00,12.00,69
2026-08-28 13:00:00,30.20,34,29.60,,0.00,11.90,85
2026-08-28 14:00:00,30.90,31,29.90,,0.00,11.50,90
2026-08-28 15:00:00,31.10,30,30.10,,0.00,9.80,96
2026-08-28 16:00:00,30.70,30,29.60,,0.00,9.70,90
2026-08-28 17:00:00,29.90,31,28.80,,0.00,9.40,72
2026-08-28 18:00:00,29.10,35,28.50,,0.00,8.30,72
2026-08-28 19:00:00,27.10,41,27.00,,0.00,6.30,66
2026-08-28 20:00:00,24.70,47,24.70,,0.00,5.00,60
2026-08-28 21:00:00,23.50,54,23.90,,0.00,5.40,53
2026-08-28 22:00:00,22.40,57,22.70,,0.00,5.40,53
2026-08-28 23:00:00,21.70,58,21.90,,0.00,5.10,51
2026-08-29 00:00:00,21.10,64,21.60,,0.00,5.40,48
2026-08-29 01:00:00,20.90,63,21.20,,0.00,5.60,50
2026-08-29 02:00:00,20.30,66,20.70,,0.00,5.70,55
2026-08-29 03:00:00,19.60,70,20.00,,0.00,5.60,50
2026-08-29 04:00:00,19.00,72,19.40,,0.00,5.70,55
2026-08-29 05:00:00,18.50,72,18.70,,0.00,6.20,54
2026-08-29 06:00:00,18.10,76,18.40,,0.00,5.90,52
2026-08-29 07:00:00,18.60,72,18.60,,0.00,7.00,55
2026-08-29 08:00:00,20.40,66,20.50,,0.00,8.20,61
2026-08-29 09:00:00,22.30,58,22.20,,0.00,8.90,63
2026-08-29 10:00:00,24.60,51,24.50,,0.00,8.90,63
2026-08-29 11:00:00,26.70,44,26.50,,0.00,9.30,62
2026-08-29 12:00:00,29.20,34,28.90,,0.00,10.00,69
2026-08-29 13:00:00,30.10,30,29.40,,0.00,11.70,72
2026-08-29 14:00:00,30.60,26,29.30,,0.00,12.80,68
2026-08-29 15:00:00,30.70,26,29.10,,0.00,12.80,68
2026-08-29 16:00:00,30.40,27,28.30,,0.00,12.60,70
2026-08-29 17:00:00,29.70,29,27.90,,0.00,12.10,73
2026-08-29 18:00:00,29.00,31,27.60,,0.00,9.90,71
2026-08-29 19:00:00,26.60,36,25.80,,0.00,6.00,57
2026-08-29 20:00:00,24.20,42,23.70,,0.00,4.60,51
2026-08-29 21:00:00,23.10,48,22.90,,0.00,4.60,51
2026-08-29 22:00:00,22.20,49,21.80,,0.00,5.10,51
2026-08-29 23:00:00,21.20,54,20.90,,0.00,5.20,56
2026-08-30 00:00:00,20.60,57,20.50,,0.00,4.90,54
2026-08-30 01:00:00,19.90,57,19.50,,0.00,5.30,62
2026-08-30 02:00:00,19.40,58,18.90,,0.00,5.20,56
2026-08-30 03:00:00,18.40,61,17.80,,0.00,5.50,58
2026-08-30 04:00:00,18.10,59,17.30,,0.00,5.60,50
2026-08-30 05:00:00,17.90,58,16.80,,0.00,6.10,50
2026-08-30 06:00:00,17.10,59,15.90,,0.00,6.50,56
2026-08-30 07:00:00,17.70,57,16.10,,0.00,9.30,54
2026-08-30 08:00:00,19.10,56,17.60,,0.00,10.10,63
2026-08-30 09:00:00,20.90,49,19.40,,0.00,9.80,66
2026-08-30 10:00:00,23.10,46,21.90,,0.00,9.90,71
2026-08-30 11:00:00,25.40,40,24.30,,0.00,9.70,75
2026-08-30 12:00:00,28.10,32,27.20,,0.00,9.10,81
2026-08-30 13:00:00,29.80,27,28.90,,0.00,9.00,88
2026-08-30 14:00:00,30.90,23,29.70,,0.00,8.70,83
2026-08-30 15:00:00,30.90,22,29.10,,0.00,9.70,88
2026-08-30 16:00:00,30.50,23,28.10,,0.00,10.50,82
2026-08-30 17:00:00,29.80,24,27.50,,0.00,10.40,76
2026-08-30 18:00:00,29.00,26,27.00,,0.00,9.10,72
2026-08-30 19:00:00,26.20,33,24.90,,0.00,5.90,52
2026-08-30 20:00:00,23.50,39,22.40,,0.00,5.10,45
2026-08-30 21:00:00,22.30,46,21.60,,0.00,5.10,51
2026-08-30 22:00:00,21.30,48,20.40,,0.00,5.40,53
2026-08-30 23:00:00,20.60,51,19.80,,0.00,5.70,55
2026-08-31 00:00:00,19.90,56,19.40,,0.00,5.70,55
2026-08-31 01:00:00,19.30,58,18.70,,0.00,5.70,55
2026-08-31 02:00:00,18.80,59,18.10,,0.00,6.10,62
2026-08-31 03:00:00,18.20,61,17.50,,0.00,5.80,60
2026-08-31 04:00:00,18.10,60,17.20,,0.00,6.60,61
2026-08-31 05:00:00,17.70,61,16.50,,0.00,8.40,65
2026-08-31 06:00:00,16.80,66,15.80,,0.00,7.90,66
2026-08-31 07:00:00,17.20,65,16.20,,0.00,8.00,72
2026-08-31 08:00:00,19.10,61,18.30,,0.00,8.10,77
2026-08-31 09:00:00,21.10,55,20.40,,0.00,7.90,87
2026-08-31 10:00:00,23.50,49,23.00,,0.00,8.00,98
2026-08-31 11:00:00,25.50,43,25.00,,0.00,7.60,98
2026-08-31 12:00:00,28.50,34,28.10,,0.00,6.80,93
2026-08-31 13:00:00,30.00,30,29.70,,0.00,7.60,93
2026-08-31 14:00:00,30.40,27,29.00,,0.00,8.50,102
2026-08-31 15:00:00,30.20,25,28.50,,0.00,7.80,103
2026-08-31 16:00:00,29.90,24,28.00,,0.00,8.00,108
2026-08-31 17:00:00,28.80,27,27.40,,0.00,5.90,101
2026-08-31 18:00:00,27.50,37,27.40,,0.00,3.30,84
2026-08-31 19:00:00,25.60,42,25.60,,0.00,3.40,72
2026-08-31 20:00:00,24.60,44,24.60,,0.00,2.90,60
2026-08-31 21:00:00,23.90,49,24.30,,0.00,3.00,14
2026-08-31 22:00:00,23.70,46,23.50,,0.00,4.20,31
2026-08-31 23:00:00,22.90,53,23.20,,0.00,4.10,45
2026-09-01 00:00:00,22.30,56,22.70,,0.00,4.10,45
2026-09-01 01:00:00,22.00,56,22.30,,0.00,4.20,59
2026-09-01 02:00:00,21.90,52,21.70,,0.00,4.80,63
2026-09-01 03:00:00,21.10,58,21.10,,0.00,5.30,62
2026-09-01 04:00:00,21.30,60,21.50,,0.00,5.50,58
2026-09-01 05:00:00,20.90,63,21.10,,0.00,6.80,65
2026-09-01 06:00:00,19.70,66,19.60,,0.00,7.40,61
2026-09-01 07:00:00,19.70,65,19.60,,0.00,6.40,74
2026-09-01 08:00:00,20.50,60,20.30,,0.00,6.60,81
2026-09-01 09:00:00,21.90,54,21.70,,0.00,5.50,79
2026-09-01 10:00:00,23.40,49,23.20,,0.00,6.10,87
2026-09-01 11:00:00,24.90,46,24.70,,0.00,6.50,84
2026-09-01 12:00:00,26.70,41,26.50,,0.00,6.50,90
2026-09-01 13:00:00,28.30,39,28.30,,0.00,6.70,74
2026-09-01 14:00:00,29.70,35,29.40,,0.00,7.60,87
2026-09-01 15:00:00,30.90,29,29.80,,0.00,9.30,118
2026-09-01 16:00:00,31.10,25,29.20,,0.00,10.70,123
2026-09-01 17:00:00,30.60,25,29.10,,0.00,7.20,117
2026-09-01 18:00:00,28.90,32,27.80,,0.00,8.20,113
2026-09-01 19:00:00,26.60,38,26.30,,0.00,4.30,95
2026-09-01 20:00:00,24.80,40,24.10,,0.00,5.20,102
2026-09-01 21:00:00,23.80,46,23.50,,0.00,5.20,102
2026-09-01 22:00:00,23.00,47,22.40,,0.00,5.90,104
2026-09-01 23:00:00,22.40,46,21.60,,0.00,6.20,100
2026-09-02 00:00:00,21.70,47,20.70,,0.00,7.10,105
2026-09-02 01:00:00,21.00,48,19.80,,0.00,7.20,108
2026-09-02 02:00:00,20.20,49,19.00,,0.00,7.00,111
2026-09-02 03:00:00,18.70,54,17.50,,0.00,6.50,109
2026-09-02 04:00:00,17.70,55,16.50,,0.00,5.40,98
2026-09-02 05:00:00,17.00,58,15.80,,0.00,5.40,86
2026-09-02 06:00:00,16.40,61,15.30,,0.00,5.40,70
2026-09-02 07:00:00,16.80,60,15.70,,0.00,5.50,67
2026-09-02 08:00:00,18.20,55,16.70,,0.00,8.60,68
2026-09-02 09:00:00,19.80,48,18.00,,0.00,9.40,67
2026-09-02 10:00:00,21.90,45,20.30,,0.00,9.80,62
2026-09-02 11:00:00,24.10,40,22.40,,0.00,11.00,58
2026-09-02 12:00:00,26.50,32,24.50,,0.00,11.60,64
2026-09-02 13:00:00,27.90,31,26.60,,0.00,11.80,63
2026-09-02 14:00:00,29.10,29,27.70,,0.00,12.20,71
2026-09-02 15:00:00,29.70,29,27.90,,0.00,12.10,80
2026-09-02 16:00:00,29.90,30,28.40,,0.00,11.30,81
2026-09-02 17:00:00,29.90,27,27.90,,0.00,11.20,88
2026-09-02 18:00:00,28.70,29,26.80,,0.00,10.40,90
2026-09-02 19:00:00,25.70,37,24.90,,0.00,5.50,58
2026-09-02 20:00:00,23.70,42,22.90,,0.00,5.50,58
2026-09-02 21:00:00,22.90,45,21.90,,0.00,7.30,79
2026-09-02 22:00:00,22.20,44,20.70,,0.00,9.00,85
2026-09-02 23:00:00,21.50,43,19.70,,0.00,8.80,78
2026-09-03 00:00:00,20.90,44,19.10,,0.00,8.70,73
2026-09-03 01:00:00,20.50,43,18.50,,0.00,8.80,71
2026-09-03 02:00:00,20.10,43,17.90,,0.00,9.40,72
2026-09-03 03:00:00,19.10,49,17.30,,0.00,8.90,76
2026-09-03 04:00:00,18.80,49,17.00,,0.00,8.40,80
2026-09-03 05:00:00,18.10,51,16.30,,0.00,8.00,80
2026-09-03 06:00:00,17.50,55,15.90,,0.00,7.30,79
2026-09-03 07:00:00,17.60,54,16.00,,0.00,7.40,76
2026-09-03 08:00:00,19.10,52,17.70,,0.00,8.10,77
2026-09-03 09:00:00,20.90,46,19.40,,0.00,8.30,72
2026-09-03 10:00:00,23.10,42,21.60,,0.00,9.00,61
2026-09-03 11:00:00,25.50,37,23.90,,0.00,10.30,61
2026-09-03 12:00:00,27.60,33,26.40,,0.00,10.40,70
2026-09-03 13:00:00,28.90,30,27.60,,0.00,10.50,74
2026-09-03 14:00:00,29.20,29,27.60,,0.00,9.80,73
2026-09-03 15:00:00,29.60,29,28.10,,0.00,10.20,67
2026-09-03 16:00:00,29.20,30,27.60,,0.00,10.80,60
2026-09-03 17:00:00,28.40,30,26.70,,0.00,10.30,61
2026-09-03 18:00:00,27.60,26,25.40,,0.00,8.70,52
2026-09-03 19:00:00,25.00,32,23.20,,0.00,6.90,43
2026-09-03 20:00:00,23.00,36,21.30,,0.00,6.40,43
2026-09-03 21:00:00,22.10,41,20.80,,0.00,5.60,45
2026-09-03 22:00:00,20.90,44,19.70,,0.00,5.40,48
2026-09-03 23:00:00,20.10,47,18.90,,0.00,5.20,56
2026-09-04 00:00:00,19.10,53,18.20,,0.00,4.80,48
2026-09-04 01:00:00,18.50,53,17.40,,0.00,4.80,42
2026-09-04 02:00:00,18.20,54,17.10,,0.00,5.10,45
2026-09-04 03:00:00,18.00,54,16.80,,0.00,5.10,45
2026-09-04 04:00:00,17.60,55,16.40,,0.00,5.60,45
2026-09-04 05:00:00,17.00,56,15.70,,0.00,5.60,40
2026-09-04 06:00:00,16.80,57,15.30,,0.00,6.90,47
2026-09-04 07:00:00,17.20,54,15.40,,0.00,8.40,47
2026-09-04 08:00:00,18.40,52,16.50,,0.00,10.30,54
2026-09-04 09:00:00,20.10,46,17.80,,0.00,12.20,56
2026-09-04 10:00:00,22.10,42,19.80,,0.00,12.80,58
2026-09-04 11:00:00,24.00,38,22.00,,0.00,11.50,51
2026-09-04 12:00:00,26.30,33,24.30,,0.00,13.70,60
2026-09-04 13:00:00,27.70,25,24.90,,0.00,15.60,75
2026-09-04 14:00:00,28.20,23,25.20,,0.00,16.10,80
2026-09-04 15:00:00,28.50,22,25.20,,0.00,15.70,74
2026-09-04 16:00:00,28.10,24,24.80,,0.00,15.40,69
2026-09-04 17:00:00,27.40,28,24.60,,0.00,14.50,63
2026-09-04 18:00:00,26.60,31,24.20,,0.00,12.60,59
2026-09-04 19:00:00,24.40,37,22.80,,0.00,8.70,48
2026-09-04 20:00:00,21.80,44,20.30,,0.00,7.90,43
2026-09-04 21:00:00,20.70,46,19.10,,0.00,8.70,45
2026-09-04 22:00:00,19.60,45,17.80,,0.00,7.90,51
2026-09-04 23:00:00,18.70,47,16.80,,0.00,8.40,50
2026-09-05 00:00:00,18.20,56,16.40,,0.00,10.90,56
2026-09-05 01:00:00,17.90,71,16.80,,0.00,12.90,63
2026-09-05 02:00:00,17.80,79,17.40,,0.00,12.20,62
2026-09-05 03:00:00,17.20,84,17.10,,0.00,10.80,53
2026-09-05 04:00:00,16.60,86,16.40,,0.00,11.30,53
2026-09-05 05:00:00,15.90,88,15.50,,0.00,11.40,55
2026-09-05 06:00:00,15.50,90,15.20,,0.00,10.60,55
2026-09-05 07:00:00,15.40,87,14.70,,0.00,11.40,55
2026-09-05 08:00:00,16.70,79,15.80,,0.00,13.10,58
2026-09-05 09:00:00,18.50,72,17.60,,0.00,13.50,61
2026-09-05 10:00:00,20.60,63,19.60,,0.00,13.70,60
2026-09-05 11:00:00,22.50,56,21.50,,0.00,13.90,59
2026-09-05 12:00:00,24.20,50,23.60,,0.00,13.40,59
2026-09-05 13:00:00,25.40,46,24.90,,0.00,14.00,61
2026-09-05 14:00:00,26.20,43,25.40,,0.00,14.70,62
2026-09-05 15:00:00,26.50,40,25.10,,0.00,15.00,73
2026-09-05 16:00:00,26.10,40,24.50,,0.00,14.40,77
2026-09-05 17:00:00,25.30,42,23.80,,0.00,13.60,78
2026-09-05 18:00:00,24.50,45,23.20,,0.00,12.80,74
2026-09-05 19:00:00,22.70,49,21.50,,0.00,10.90,63
2026-09-05 20:00:00,20.60,55,19.50,,0.00,10.30,61
2026-09-05 21:00:00,19.30,60,18.30,,0.00,9.50,65
2026-09-05 22:00:00,18.20,61,17.00,,0.00,9.60,70
2026-09-05 23:00:00,17.30,62,15.90,,0.00,9.40,72
2026-09-06 00:00:00,16.30,62,14.70,,0.00,9.10,72
2026-09-06 01:00:00,15.40,61,13.60,,0.00,9.00,74
2026-09-06 02:00:00,14.60,60,12.50,,0.00,9.30,74
2026-09-06 03:00:00,13.70,62,11.50,,0.00,8.60,75
2026-09-06 04:00:00,13.00,62,10.70,,0.00,8.90,76
2026-09-06 05:00:00,12.40,62,9.90,,0.00,9.30,74
2026-09-06 06:00:00,11.50,66,9.00,,0.00,9.10,72
2026-09-06 07:00:00,11.60,65,9.00,,0.00,9.60,70
2026-09-06 08:00:00,13.10,60,10.40,,0.00,10.90,73
2026-09-06 09:00:00,15.80,52,13.10,,0.00,11.40,79
2026-09-06 10:00:00,18.50,44,15.70,,0.00,12.10,80
2026-09-06 11:00:00,20.80,39,18.10,,0.00,12.10,78
2026-09-06 12:00:00,22.90,32,20.10,,0.00,14.80,96
2026-09-06 13:00:00,23.70,30,21.20,,0.00,14.30,102
2026-09-06 14:00:00,24.20,28,21.60,,0.00,13.40,98
2026-09-06 15:00:00,24.40,28,21.60,,0.00,13.00,96
2026-09-06 16:00:00,24.20,27,20.80,,0.00,13.00,93
2026-09-06 17:00:00,23.60,27,20.40,,0.00,11.90,92
2026-09-06 18:00:00,23.00,28,20.00,,0.00,10.10,90
2026-09-06 19:00:00,20.30,35,18.00,,0.00,6.60,77
2026-09-06 20:00:00,18.00,39,15.60,,0.00,5.90,76
2026-09-06 21:00:00,16.80,46,14.70,,0.00,6.20,69
2026-09-06 22:00:00,15.90,48,13.80,,0.00,6.00,73
2026-09-06 23:00:00,15.20,51,13.10,,0.00,6.00,73
2026-09-07 00:00:00,14.50,55,12.40,,0.00,6.40,74
2026-09-07 01:00:00,13.90,56,11.90,,0.00,5.90,76
2026-09-07 02:00:00,13.40,57,11.40,,0.00,5.90,79
2026-09-07 03:00:00,12.50,61,10.50,,0.00,5.20,78
2026-09-07 04:00:00,12.00,62,10.00,,0.00,5.20,78
2026-09-07 05:00:00,11.70,63,9.60,,0.00,5.20,74
2026-09-07 06:00:00,10.70,67,8.70,,0.00,4.90,73
2026-09-07 07:00:00,10.90,67,9.00,,0.00,4.80,77
2026-09-07 08:00:00,13.40,60,11.60,,0.00,5.20,78
2026-09-07 09:00:00,16.10,50,14.00,,0.00,7.20,87
2026-09-07 10:00:00,18.70,44,16.70,,0.00,7.20,87
2026-09-07 11:00:00,21.10,39,19.30,,0.00,6.50,84
2026-09-07 12:00:00,23.70,29,21.80,,0.00,7.90,87
2026-09-07 13:00:00,24.40,27,22.40,,0.00,9.50,81
2026-09-07 14:00:00,25.00,26,23.00,,0.00,8.90,76
2026-09-07 15:00:00,25.10,25,22.40,,0.00,10.20,80
2026-09-07 16:00:00,24.90,26,22.00,,0.00,10.00,77
2026-09-07 17:00:00,24.20,27,21.40,,0.00,9.60,77
2026-09-07 18:00:00,23.60,28,21.00,,0.00,8.10,77
2026-09-07 19:00:00,20.50,36,18.50,,0.00,5.60,63
2026-09-07 20:00:00,18.20,41,16.20,,0.00,4.80,63
2026-09-07 21:00:00,16.70,54,15.30,,0.00,4.90,54
2026-09-07 22:00:00,15.80,56,14.30,,0.00,4.80,63
2026-09-07 23:00:00,15.20,61,13.90,,0.00,4.70,58
2026-09-08 00:00:00,14.40,65,13.20,,0.00,4.90,54
2026-09-08 01:00:00,14.00,67,12.70,,0.00,4.90,54
2026-09-08 02:00:00,13.50,69,12.20,,0.00,5.00,60
2026-09-08 03:00:00,12.80,72,11.50,,0.00,5.00,60
2026-09-08 04:00:00,12.30,73,11.00,,0.00,4.80,63
2026-09-08 05:00:00,11.90,74,10.50,,0.00,5.20,65
2026-09-08 06:00:00,11.40,75,9.90,,0.00,5.20,65
2026-09-08 07:00:00,11.70,72,10.10,,0.00,5.40,70
2026-09-08 08:00:00,14.40,63,12.80,,0.00,6.00,73
2026-09-08 09:00:00,16.80,51,14.80,,0.00,7.60,82
2026-09-08 10:00:00,19.30,45,17.40,,0.00,7.90,87
2026-09-08 11:00:00,21.60,39,19.60,,0.00,7.90,87
2026-09-08 12:00:00,24.00,30,21.70,,0.00,11.30,97
2026-09-08 13:00:00,24.70,26,22.30,,0.00,11.60,106
2026-09-08 14:00:00,25.10,25,22.70,,0.00,10.80,105
2026-09-08 15:00:00,25.40,27,23.10,,0.00,9.60,103
2026-09-08 16:00:00,25.10,26,22.30,,0.00,9.20,101
2026-09-08 17:00:00,24.50,27,21.90,,0.00,8.80,99
2026-09-08 18:00:00,23.90,28,21.50,,0.00,7.40,104
2026-09-08 19:00:00,20.90,37,19.10,,0.00,4.30,90
2026-09-08 20:00:00,18.80,40,17.00,,0.00,4.10,75
2026-09-08 21:00:00,17.60,48,16.10,,0.00,4.00,63
2026-09-08 22:00:00,16.50,50,14.90,,0.00,4.10,52
2026-09-08 23:00:00,15.80,53,14.20,,0.00,4.70,58
2026-09-09 00:00:00,14.80,60,13.40,,0.00,4.60,51
2026-09-09 01:00:00,14.40,61,12.90,,0.00,4.60,51
2026-09-09 02:00:00,13.80,64,12.30,,0.00,4.70,58
2026-09-09 03:00:00,13.60,68,12.30,,0.00,4.40,55
2026-09-09 04:00:00,13.80,67,12.50,,0.00,5.00,60
2026-09-09 05:00:00,13.90,66,12.60,,0.10,5.20,65
2026-09-09 06:00:00,13.20,67,11.80,,0.00,4.80,63
2026-09-09 07:00:00,13.10,67,11.60,,0.00,5.20,78
2026-09-09 08:00:00,15.40,61,14.20,,0.00,4.90,73
2026-09-09 09:00:00,17.80,49,16.00,,0.00,7.30,81
2026-09-09 10:00:00,19.60,44,17.70,,0.00,7.60,87
2026-09-09 11:00:00,22.20,37,20.00,,0.00,8.90,104
2026-09-09 12:00:00,25.20,28,22.70,,0.00,11.40,114
2026-09-09 13:00:00,25.70,26,22.80,,0.00,13.90,127
2026-09-09 14:00:00,25.20,26,21.70,,0.00,15.30,146
2026-09-09 15:00:00,23.70,27,20.00,,0.00,14.50,150
2026-09-09 16:00:00,21.50,34,17.70,,0.00,17.60,149
2026-09-09 17:00:00,20.70,31,17.40,,0.00,11.20,123
2026-09-09 18:00:00,20.30,33,17.60,,0.00,8.20,105
2026-09-09 19:00:00,17.80,43,15.80,,0.00,5.80,86
2026-09-09 20:00:00,16.20,50,14.40,,0.00,5.10,86
2026-09-09 21:00:00,15.80,58,14.40,,0.00,4.70,86
2026-09-09 22:00:00,15.30,57,13.70,,0.00,4.80,77
2026-09-09 23:00:00,15.10,56,13.50,,0.00,4.90,73
2026-09-10 00:00:00,15.10,57,13.50,,0.00,5.00,60
2026-09-10 01:00:00,15.10,58,13.50,,0.00,5.60,63
2026-09-10 02:00:00,15.40,58,13.60,,0.00,6.90,62
2026-09-10 03:00:00,15.00,60,13.10,,0.00,8.60,68
2026-09-10 04:00:00,14.50,61,12.30,,0.00,9.30,77
2026-09-10 05:00:00,13.90,62,11.70,,0.00,8.80,81
2026-09-10 06:00:00,13.20,66,11.40,,0.00,6.80,90
2026-09-10 07:00:00,13.70,62,11.80,,0.00,6.50,90
2026-09-10 08:00:00,15.70,56,13.70,,0.00,7.90,93
2026-09-10 09:00:00,17.30,51,15.20,,0.00,9.00,95
2026-09-10 10:00:00,19.40,46,17.20,,0.00,10.90,107
2026-09-10 11:00:00,21.00,42,18.70,,0.00,10.80,111
2026-09-10 12:00:00,23.30,34,20.80,,0.00,10.60,114
2026-09-10 13:00:00,24.20,32,22.00,,0.00,10.80,105
2026-09-10 14:00:00,25.00,31,22.80,,0.00,11.50,110
2026-09-10 15:00:00,25.70,29,23.10,,0.00,11.80,117
2026-09-10 16:00:00,25.40,31,23.00,,0.00,11.20,123
2026-09-10 17:00:00,25.10,32,23.00,,0.00,9.40,133
2026-09-10 18:00:00,24.50,34,23.10,,0.00,5.40,132
2026-09-10 19:00:00,22.30,45,21.90,,0.00,2.30,108
2026-09-10 20:00:00,20.90,47,20.50,,0.00,1.50,166
2026-09-10 21:00:00,20.50,51,20.10,,0.00,2.30,72
2026-09-10 22:00:00,19.10,49,18.20,,0.00,3.20,63
2026-09-10 23:00:00,17.60,53,16.50,,0.00,3.60,84
2026-09-11 00:00:00,17.40,57,16.50,,0.00,3.70,79
2026-09-11 01:00:00,16.80,58,15.80,,0.00,4.00,90
2026-09-11 02:00:00,16.20,63,15.30,,0.00,4.50,76
2026-09-11 03:00:00,15.90,68,15.20,,0.00,4.40,99
2026-09-11 04:00:00,15.60,74,15.30,,0.00,4.10,105
2026-09-11 05:00:00,15.40,77,15.20,,0.00,4.20,110
2026-09-11 06:00:00,15.10,76,14.80,,0.00,4.40,99
2026-09-11 07:00:00,15.50,76,15.20,,0.00,4.90,107
2026-09-11 08:00:00,17.10,72,16.80,,0.00,6.30,114
2026-09-11 09:00:00,18.30,71,18.30,,0.00,6.00,115
2026-09-11 10:00:00,20.40,64,20.50,,0.00,7.10,120
2026-09-11 11:00:00,22.20,59,22.30,,0.00,7.20,127
2026-09-11 12:00:00,24.00,53,24.20,,0.00,7.00,125
2026-09-11 13:00:00,25.00,50,25.00,,0.00,8.90,137
2026-09-11 14:00:00,25.90,45,25.50,,0.00,9.20,149
2026-09-11 15:00:00,25.80,46,25.50,,0.00,8.70,150
2026-09-11 16:00:00,25.60,47,25.50,,0.00,8.20,151
2026-09-11 17:00:00,25.40,47,25.20,,0.00,8.10,148
2026-09-11 18:00:00,24.70,50,25.00,,0.00,6.00,147
2026-09-11 19:00:00,22.40,61,23.20,,0.00,4.30,132
2026-09-11 20:00:00,20.80,68,21.80,,0.00,3.50,114
2026-09-11 21:00:00,20.50,72,21.70,,0.00,3.70,101
2026-09-11 22:00:00,20.00,74,21.20,,0.00,4.00,95
2026-09-11 23:00:00,20.00,75,21.30,,0.00,3.60,96
2026-09-12 00:00:00,19.50,76,20.70,,0.00,3.60,90
2026-09-12 01:00:00,18.80,79,19.70,,0.00,5.20,78
2026-09-12 02:00:00,18.20,80,19.10,,0.00,4.40,81
2026-09-12 03:00:00,17.90,82,18.80,,0.00,4.70,90
2026-09-12 04:00:00,17.70,82,18.40,,0.00,5.40,90
2026-09-12 05:00:00,17.10,85,17.90,,0.00,5.10,94
2026-09-12 06:00:00,16.70,89,17.50,,0.00,5.00,90
2026-09-12 07:00:00,16.90,89,17.80,,0.00,5.40,90
2026-09-12 08:00:00,18.50,82,19.30,,0.00,6.80,93
2026-09-12 09:00:00,20.00,77,20.80,,0.00,7.60,93
2026-09-12 10:00:00,21.90,70,22.70,,0.00,8.70,97
2026-09-12 11:00:00,23.70,65,24.70,,0.00,9.00,95
2026-09-12 12:00:00,25.70,60,26.80,,0.00,10.10,92
2026-09-12 13:00:00,26.80,56,27.70,,0.00,11.00,109
2026-09-12 14:00:00,27.40,49,27.60,,0.00,11.80,117
2026-09-12 15:00:00,28.40,45,28.60,,0.00,11.20,111
2026-09-12 16:00:00,28.40,48,28.80,,0.00,12.60,114
2026-09-12 17:00:00,27.70,45,27.30,,0.00,12.90,113
2026-09-12 18:00:00,26.30,46,26.40,,0.00,7.80,103
2026-09-12 19:00:00,23.90,55,24.50,,0.10,5.80,94
2026-09-12 20:00:00,23.10,55,23.20,,0.20,7.40,104
2026-09-12 21:00:00,22.80,49,22.30,,0.20,6.50,109
2026-09-12 22:00:00,22.10,51,21.50,,0.00,6.80,108
2026-09-12 23:00:00,22.20,48,20.90,,0.00,10.10,107
2026-09-13 00:00:00,21.60,46,20.20,,0.00,8.70,114
2026-09-13 01:00:00,20.80,46,19.30,,0.00,8.40,100
2026-09-13 02:00:00,20.40,44,18.30,,0.00,10.30,102
2026-09-13 03:00:00,19.70,47,17.90,,0.00,8.20,105
2026-09-13 04:00:00,19.20,45,17.20,,0.00,8.20,105
2026-09-13 05:00:00,18.80,46,16.70,,0.00,8.60,105
2026-09-13 06:00:00,17.90,49,15.70,,0.00,9.30,103
2026-09-13 07:00:00,17.30,50,15.10,,0.00,9.50,101
2026-09-13 08:00:00,17.80,51,15.60,,0.00,10.40,104
2026-09-13 09:00:00,18.90,51,16.90,,0.00,10.90,107
2026-09-13 10:00:00,20.60,48,18.70,,0.00,11.30,117
2026-09-13 11:00:00,22.10,45,20.20,,0.00,12.10,117
2026-09-13 12:00:00,23.20,43,21.30,,0.00,13.20,116
2026-09-13 13:00:00,24.70,41,23.10,,0.00,14.00,119
2026-09-13 14:00:00,25.50,39,23.60,,0.00,16.00,126
2026-09-13 15:00:00,26.30,39,24.40,,0.00,15.50,126
2026-09-13 16:00:00,26.30,41,24.80,,0.00,14.30,129
2026-09-13 17:00:00,25.90,46,24.90,,0.00,14.00,125
2026-09-13 18:00:00,24.40,49,23.30,,0.00,13.60,122
2026-09-13 19:00:00,22.70,49,21.70,,0.00,10.00,120
2026-09-13 20:00:00,20.90,55,20.30,,0.00,7.50,107
2026-09-13 21:00:00,20.60,55,19.90,,0.00,6.90,99
2026-09-13 22:00:00,20.00,57,19.10,,0.10,8.60,90
2026-09-13 23:00:00,19.50,58,18.30,,0.10,9.80,84
2026-09-14 00:00:00,19.20,57,18.10,,0.00,8.80,99
2026-09-14 01:00:00,18.80,53,17.20,,0.00,9.10,97
2026-09-14 02:00:00,18.20,52,16.30,,0.00,9.50,99
2026-09-14 03:00:00,17.80,52,15.70,,0.00,9.80,98
2026-09-14 04:00:00,17.80,49,15.60,,0.00,9.50,99
2026-09-14 05:00:00,17.60,48,15.20,,0.00,10.20,98
2026-09-14 06:00:00,17.40,48,14.90,,0.00,10.90,96
2026-09-14 07:00:00,17.00,49,14.40,,0.00,11.20,90
2026-09-14 08:00:00,16.90,52,14.30,,0.00,12.60,90
2026-09-14 09:00:00,18.30,50,15.60,,0.00,14.10,96
2026-09-14 10:00:00,19.40,49,16.90,,0.00,14.10,93
2026-09-14 11:00:00,21.30,45,18.80,,0.00,14.80,96
2026-09-14 12:00:00,24.00,36,21.20,,0.00,15.40,101
2026-09-14 13:00:00,25.20,35,22.70,,0.00,15.50,95
2026-09-14 14:00:00,27.00,30,24.20,,0.00,16.60,103
2026-09-14 15:00:00,28.10,26,24.60,,0.00,17.90,109
2026-09-14 16:00:00,28.00,25,24.50,,0.00,17.10,112
2026-09-14 17:00:00,27.30,27,24.20,,0.00,15.50,108
2026-09-14 18:00:00,26.50,26,23.30,,0.00,13.80,105
2026-09-14 19:00:00,24.20,30,21.40,,0.00,11.50,94
2026-09-14 20:00:00,22.50,33,19.80,,0.00,11.20,90
2026-09-14 21:00:00,21.50,36,18.90,,0.00,10.50,94
2026-09-14 22:00:00,20.70,38,18.20,,0.00,10.50,94
2026-09-14 23:00:00,20.10,40,17.60,,0.00,9.80,98
2026-09-15 00:00:00,19.00,45,16.80,,0.00,9.00,92
2026-09-15 01:00:00,18.60,45,16.20,,0.00,9.70,92
2026-09-15 02:00:00,18.30,47,15.90,,0.00,10.90,96
2026-09-15 03:00:00,17.90,49,15.70,,0.00,9.90,100
2026-09-15 04:00:00,17.60,49,15.30,,0.00,10.00,103
2026-09-15 05:00:00,17.20,49,14.60,,0.00,11.10,103
2026-09-15 06:00:00,16.70,49,14.10,,0.00,10.70,102
2026-09-15 07:00:00,16.50,48,13.80,,0.00,10.60,100
2026-09-15 08:00:00,17.30,47,14.50,,0.00,12.00,99
2026-09-15 09:00:00,19.80,39,16.80,,0.00,12.50,102
2026-09-15 10:00:00,21.80,36,18.90,,0.00,13.50,106
2026-09-15 11:00:00,23.80,33,20.90,,0.00,13.70,108
2026-09-15 12:00:00,25.70,29,22.80,,0.00,14.50,109
2026-09-15 13:00:00,27.00,26,24.00,,0.00,15.90,108
2026-09-15 14:00:00,27.30,23,23.70,,0.00,17.50,109
2026-09-15 15:00:00,27.30,18,22.70,,0.00,18.10,103
2026-09-15 16:00:00,26.80,18,22.10,,0.00,17.90,100
2026-09-15 17:00:00,26.10,19,21.70,,0.00,16.10,100
2026-09-15 18:00:00,25.10,22,21.20,,0.00,14.10,103
2026-09-15 19:00:00,22.60,28,19.60,,0.00,9.70,90
2026-09-15 20:00:00,20.50,34,17.80,,0.00,8.80,78
2026-09-15 21:00:00,19.50,41,17.10,,0.00,9.70,75
2026-09-15 22:00:00,18.80,42,16.30,,0.00,10.00,75
2026-09-15 23:00:00,18.20,42,15.50,,0.00,10.10,73
2026-09-16 00:00:00,17.50,45,14.90,,0.00,9.80,73
2026-09-16 01:00:00,16.90,47,14.30,,0.00,9.80,73
2026-09-16 02:00:00,16.30,49,13.70,,0.00,9.80,73
2026-09-16 03:00:00,15.50,55,13.20,,0.00,9.10,72
2026-09-16 04:00:00,15.00,56,12.70,,0.00,9.60,70
2026-09-16 05:00:00,14.50,59,12.20,,0.00,10.00,69
2026-09-16 06:00:00,13.90,62,11.70,,0.00,9.40,67
2026-09-16 07:00:00,13.80,62,11.40,,0.00,10.20,67
2026-09-16 08:00:00,15.00,58,12.50,,0.00,11.00,67
2026-09-16 09:00:00,17.50,51,15.10,,0.00,11.30,68
2026-09-16 10:00:00,20.10,43,17.60,,0.00,12.00,69
2026-09-16 11:00:00,22.50,37,19.90,,0.00,12.80,68
2026-09-16 12:00:00,24.90,30,21.80,,0.00,16.20,89
2026-09-16 13:00:00,25.60,28,22.30,,0.00,18.40,96
2026-09-16 14:00:00,26.00,28,22.70,,0.00,18.00,92
2026-09-16 15:00:00,26.20,29,22.70,,0.00,18.70,89
2026-09-16 16:00:00,25.90,31,22.60,,0.00,18.00,89
2026-09-16 17:00:00,25.20,33,22.30,,0.00,16.20,86
2026-09-16 18:00:00,24.60,34,21.80,,0.00,14.90,83
2026-09-16 19:00:00,22.60,39,20.50,,0.00,10.50,74
2026-09-16 20:00:00,20.50,43,18.60,,0.00,8.20,61
2026-09-16 21:00:00,19.50,47,17.60,,0.00,9.50,61
2026-09-16 22:00:00,18.60,49,16.60,,0.00,9.30,62
2026-09-16 23:00:00,17.90,53,16.00,,0.00,9.20,64
2026-09-17 00:00:00,17.30,56,15.50,,0.00,8.90,69
2026-09-17 01:00:00,16.50,59,14.80,,0.00,9.00,67
2026-09-17 02:00:00,16.10,61,14.30,,0.00,9.20,64
2026-09-17 03:00:00,15.40,65,14.00,,0.00,7.90,66
2026-09-17 04:00:00,15.10,66,13.50,,0.00,8.40,65
2026-09-17 05:00:00,14.80,67,13.20,,0.00,8.90,63
2026-09-17 06:00:00,14.00,72,12.60,,0.00,7.70,62
2026-09-17 07:00:00,13.90,72,12.40,,0.00,8.50,62
2026-09-17 08:00:00,15.30,67,13.70,,0.00,9.30,62
2026-09-17 09:00:00,17.20,63,15.80,,0.00,9.70,63
2026-09-17 10:00:00,19.60,55,18.20,,0.00,10.30,65
2026-09-17 11:00:00,21.90,48,20.50,,0.00,10.30,65
2026-09-17 12:00:00,24.40,38,22.60,,0.00,12.00,74
2026-09-17 13:00:00,25.00,30,21.90,,0.00,14.80,91
2026-09-17 14:00:00,25.50,27,22.30,,0.00,14.10,93
2026-09-17 15:00:00,24.80,29,21.60,,0.00,14.40,91
2026-09-17 16:00:00,24.60,29,21.70,,0.00,12.40,82
2026-09-17 17:00:00,24.10,30,21.10,,0.00,12.20,90
2026-09-17 18:00:00,22.80,34,20.50,,0.00,9.00,90
2026-09-17 19:00:00,20.30,43,18.70,,0.00,6.20,69
2026-09-17 20:00:00,19.00,46,17.30,,0.00,6.10,62
2026-09-17 21:00:00,18.20,52,16.90,,0.00,5.60,63
2026-09-17 22:00:00,17.60,54,16.30,,0.00,5.50,58
2026-09-17 23:00:00,16.90,58,15.70,,0.00,5.40,53
2026-09-18 00:00:00,15.90,63,14.70,,0.00,6.10,50
2026-09-18 01:00:00,15.20,65,13.80,,0.00,7.00,55
2026-09-18 02:00:00,14.70,65,13.10,,0.00,7.60,59
2026-09-18 03:00:00,14.20,67,12.60,,0.00,7.60,59
2026-09-18 04:00:00,14.20,65,12.50,,0.00,7.40,61
2026-09-18 05:00:00,14.70,64,12.90,,0.00,8.00,63
2026-09-18 06:00:00,14.00,67,12.40,,0.00,7.10,60
2026-09-18 07:00:00,13.90,66,12.20,,0.00,7.90,60
2026-09-18 08:00:00,14.60,65,12.80,,0.00,9.00,61
2026-09-18 09:00:00,15.70,63,13.90,,0.00,9.80,66
2026-09-18 10:00:00,17.00,60,15.20,,0.00,10.20,72
2026-09-18 11:00:00,18.30,52,16.30,,0.00,10.60,72
2026-09-18 12:00:00,20.10,40,17.40,,0.00,11.60,68
2026-09-18 13:00:00,20.90,38,17.90,,0.00,13.60,79
2026-09-18 14:00:00,21.20,36,18.30,,0.00,12.70,83
2026-09-18 15:00:00,21.40,35,18.30,,0.00,13.20,79
2026-09-18 16:00:00,21.00,34,17.90,,0.00,12.00,74
2026-09-18 17:00:00,20.50,34,17.40,,0.00,11.50,70
2026-09-18 18:00:00,19.90,34,17.00,,0.00,8.90,69
2026-09-18 19:00:00,17.70,40,15.30,,0.00,6.60,61
2026-09-18 20:00:00,16.80,41,14.50,,0.00,5.20,56
2026-09-18 21:00:00,14.90,51,12.90,,0.00,5.40,48
2026-09-18 22:00:00,14.10,53,12.00,,0.00,5.40,48
2026-09-18 23:00:00,13.50,58,11.50,,0.00,5.40,53
2026-09-19 00:00:00,12.40,64,10.60,,0.00,5.10,51
2026-09-19 01:00:00,12.10,64,10.20,,0.00,5.20,56
2026-09-19 02:00:00,11.70,64,9.70,,0.00,5.70,55
2026-09-19 03:00:00,10.80,67,8.80,,0.00,5.20,56
2026-09-19 04:00:00,10.30,67,8.20,,0.00,5.20,56
2026-09-19 05:00:00,9.80,67,7.60,,0.00,5.20,56
2026-09-19 06:00:00,8.80,71,6.60,,0.00,5.20,56
2026-09-19 07:00:00,8.80,70,6.60,,0.00,5.20,56
2026-09-19 08:00:00,11.00,63,8.70,,0.00,5.80,60
2026-09-19 09:00:00,13.30,53,10.80,,0.00,7.40,61
2026-09-19 10:00:00,15.80,45,13.00,,0.00,9.00,61
2026-09-19 11:00:00,18.00,41,15.50,,0.00,8.40,59
2026-09-19 12:00:00,20.90,28,17.80,,0.00,9.70,63
2026-09-19 13:00:00,21.90,25,18.70,,0.00,11.20,69
2026-09-19 14:00:00,22.50,22,19.20,,0.00,10.50,68
2026-09-19 15:00:00,22.90,22,19.30,,0.00,9.90,71
2026-09-19 16:00:00,22.70,22,19.20,,0.00,9.00,61
2026-09-19 17:00:00,21.90,24,18.60,,0.00,8.20,49
2026-09-19 18:00:00,20.40,29,17.80,,0.00,5.10,39
2026-09-19 19:00:00,17.50,37,15.20,,0.00,4.00,27
2026-09-19 20:00:00,16.40,40,14.10,,0.00,4.20,20
2026-09-19 21:00:00,15.70,51,14.00,,0.00,3.90,22
2026-09-19 22:00:00,15.60,49,13.90,,0.00,3.20,27
2026-09-19 23:00:00,15.00,52,13.40,,0.00,2.60,16
2026-09-20 00:00:00,13.30,58,11.70,,0.00,2.90,360
2026-09-20 01:00:00,12.90,59,11.20,,0.00,3.30,354
2026-09-20 02:00:00,12.50,61,10.90,,0.00,2.90,353
2026-09-20 03:00:00,11.60,66,10.00,,0.00,2.90,353
2026-09-20 04:00:00,11.30,69,9.80,,0.00,3.20,360
2026-09-20 05:00:00,11.10,72,9.70,,0.00,3.20,360
2026-09-20 06:00:00,10.50,76,9.10,,0.00,3.20,360
2026-09-20 07:00:00,10.70,78,9.40,,0.00,3.60,354
2026-09-20 08:00:00,13.20,76,12.30,,0.00,4.00,355
2026-09-20 09:00:00,15.60,70,15.10,,0.00,4.00,360
2026-09-20 10:00:00,18.30,62,17.70,,0.00,5.80,4
2026-09-20 11:00:00,20.20,58,19.80,,0.00,6.10,357
2026-09-20 12:00:00,22.00,49,20.90,,0.00,9.40,7
2026-09-20 13:00:00,22.70,45,21.10,,0.00,11.70,9
2026-09-20 14:00:00,22.90,48,21.60,,0.00,11.60,5
2026-09-20 15:00:00,23.10,43,21.50,,0.00,10.60,10
2026-09-20 16:00:00,22.50,42,20.70,,0.00,10.50,16
2026-09-20 17:00:00,21.70,45,20.10,,0.00,9.20,26
2026-09-20 18:00:00,20.90,47,19.60,,0.00,7.60,31
2026-09-20 19:00:00,17.80,58,17.00,,0.00,4.70,32
2026-09-20 20:00:00,16.40,62,15.60,,0.00,4.10,38
2026-09-20 21:00:00,15.50,66,14.60,,0.00,4.10,45
2026-09-20 22:00:00,14.80,67,13.90,,0.00,3.80,41
2026-09-20 23:00:00,14.10,68,13.10,,0.00,3.60,45
2026-09-21 00:00:00,12.90,72,11.90,,0.00,3.30,41
2026-09-21 01:00:00,12.20,74,11.10,,0.00,3.30,41
2026-09-21 02:00:00,11.60,76,10.50,,0.00,3.10,45
2026-09-21 03:00:00,10.70,80,9.50,,0.00,3.10,45
2026-09-21 04:00:00,10.20,80,9.00,,0.00,2.80,40
2026-09-21 05:00:00,9.80,81,8.60,,0.00,2.50,45
2026-09-21 06:00:00,9.10,85,7.90,,0.00,2.30,39
2026-09-21 07:00:00,8.80,87,7.70,,0.00,1.80,37
2026-09-21 08:00:00,10.50,86,9.80,,0.00,1.50,14
2026-09-21 09:00:00,14.80,67,14.30,,0.00,0.50,45
2026-09-21 10:00:00,17.90,56,17.50,,0.00,0.80,297
2026-09-21 11:00:00,20.20,45,19.10,,0.00,3.10,306
2026-09-21 12:00:00,21.60,41,20.30,,0.00,4.80,312
2026-09-21 13:00:00,22.50,40,21.40,,0.00,5.40,312
2026-09-21 14:00:00,23.10,39,21.90,,0.00,5.90,308
2026-09-21 15:00:00,23.70,36,22.30,,0.00,5.70,305
2026-09-21 16:00:00,23.50,38,22.10,,0.00,6.30,301
2026-09-21 17:00:00,22.80,40,21.60,,0.00,5.60,297
2026-09-21 18:00:00,21.90,44,21.10,,0.00,3.30,283
2026-09-21 19:00:00,19.10,52,18.40,,0.00,3.30,276
2026-09-21 20:00:00,17.90,54,17.10,,0.00,2.90,270
2026-09-21 21:00:00,16.70,62,16.10,,0.00,2.50,262
2026-09-21 22:00:00,15.90,63,15.20,,0.00,2.50,278
2026-09-21 23:00:00,15.30,66,14.60,,0.00,2.50,278
2026-09-22 00:00:00,14.50,71,13.90,,0.00,2.60,286
2026-09-22 01:00:00,14.00,73,13.40,,0.00,2.60,286
2026-09-22 02:00:00,13.60,75,13.00,,0.00,2.60,304
2026-09-22 03:00:00,13.20,77,12.60,,0.00,2.80,320
2026-09-22 04:00:00,12.90,78,12.30,,0.00,2.50,315
2026-09-22 05:00:00,12.60,81,12.00,,0.00,2.70,337
2026-09-22 06:00:00,12.00,83,11.40,,0.00,2.60,344
2026-09-22 07:00:00,11.70,86,11.10,,0.00,2.90,360
2026-09-22 08:00:00,13.20,85,12.90,,0.00,3.30,6
2026-09-22 09:00:00,15.40,73,14.70,,0.00,6.10,28
2026-09-22 10:00:00,17.50,65,16.80,,0.00,6.50,34
2026-09-22 11:00:00,19.20,59,18.60,,0.00,5.60,27
2026-09-22 12:00:00,20.90,51,20.00,,0.00,7.00,21
2026-09-22 13:00:00,21.90,45,20.90,,0.00,7.30,11
2026-09-22 14:00:00,22.40,41,20.90,,0.00,8.00,10
2026-09-22 15:00:00,22.40,36,20.30,,0.00,8.00,10
2026-09-22 16:00:00,21.90,37,19.80,,0.00,8.40,20
2026-09-22 17:00:00,20.90,38,18.70,,0.00,8.20,29
2026-09-22 18:00:00,19.70,41,17.80,,0.00,6.20,36
2026-09-22 19:00:00,16.50,52,14.90,,0.00,4.90,36
2026-09-22 20:00:00,15.10,57,13.60,,0.00,4.60,39
2026-09-22 21:00:00,14.30,62,12.90,,0.00,4.60,39
2026-09-22 22:00:00,13.60,64,12.10,,0.00,4.80,48
2026-09-22 23:00:00,13.00,67,11.50,,0.00,4.90,54
2026-09-23 00:00:00,12.20,72,10.80,,0.00,5.10,51
2026-09-23 01:00:00,11.70,75,10.20,,0.00,5.30,62
2026-09-23 02:00:00,11.10,79,9.70,,0.00,5.50,67
2026-09-23 03:00:00,10.30,85,8.90,,0.00,5.80,60
2026-09-23 04:00:00,9.80,86,8.30,,0.00,6.30,66
2026-09-23 05:00:00,9.40,87,7.80,,0.00,6.40,63
2026-09-23 06:00:00,8.80,88,7.10,,0.00,5.80,60
2026-09-23 07:00:00,8.60,87,6.80,,0.00,5.80,60
2026-09-23 08:00:00,10.00,78,8.00,,0.00,7.60,65
2026-09-23 09:00:00,12.00,72,10.00,,0.00,9.00,67
2026-09-23 10:00:00,14.30,62,12.10,,0.00,9.40,72
2026-09-23 11:00:00,16.70,55,14.70,,0.00,9.10,72
2026-09-23 12:00:00,19.40,47,17.40,,0.00,9.10,72
2026-09-23 13:00:00,20.50,43,18.40,,0.00,9.80,73
2026-09-23 14:00:00,21.40,41,19.40,,0.00,9.30,74
2026-09-23 15:00:00,21.70,38,19.60,,0.00,8.70,73
2026-09-23 16:00:00,21.50,38,19.50,,0.00,8.10,77
2026-09-23 17:00:00,20.80,39,18.80,,0.00,7.20,72
2026-09-23 18:00:00,20.10,42,18.70,,0.00,4.20,70
2026-09-23 19:00:00,17.50,50,16.10,,0.00,4.20,70
2026-09-23 20:00:00,16.20,52,14.50,,0.00,5.10,82
2026-09-23 21:00:00,15.00,59,13.50,,0.00,5.10,82
2026-09-23 22:00:00,14.30,60,12.70,,0.00,5.10,82
2026-09-23 23:00:00,13.80,63,12.20,,0.00,5.00,90
2026-09-24 00:00:00,13.10,65,11.50,,0.00,4.70,99
2026-09-24 01:00:00,12.50,65,10.80,,0.00,5.20,106
2026-09-24 02:00:00,12.10,64,10.10,,0.00,5.80,120
2026-09-24 03:00:00,11.50,68,9.70,,0.00,4.70,122
2026-09-24 04:00:00,11.20,67,9.20,,0.00,6.10,130
2026-09-24 05:00:00,11.00,68,8.90,,0.00,5.90,137
2026-09-24 06:00:00,10.60,68,8.60,,0.00,5.10,141
2026-09-24 07:00:00,10.40,68,8.40,,0.00,5.10,141
2026-09-24 08:00:00,12.20,62,10.10,,0.00,6.10,140
2026-09-24 09:00:00,14.30,56,12.00,,0.00,7.80,146
2026-09-24 10:00:00,16.70,49,14.40,,0.00,8.70,150
2026-09-24 11:00:00,19.00,44,16.80,,0.00,9.00,151
2026-09-24 12:00:00,22.10,36,19.70,,0.00,9.50,151
2026-09-24 13:00:00,23.40,34,21.30,,0.00,9.50,155
2026-09-24 14:00:00,24.20,32,21.90,,0.00,10.10,163
2026-09-24 15:00:00,24.60,31,22.30,,0.00,9.70,158
2026-09-24 16:00:00,24.20,31,22.00,,0.00,8.60,158
2026-09-24 17:00:00,23.40,33,21.40,,0.00,7.20,153
2026-09-24 18:00:00,22.00,37,20.50,,0.00,4.30,138
2026-09-24 19:00:00,19.00,43,17.40,,0.00,4.00,117
2026-09-24 20:00:00,17.60,42,15.60,,0.00,4.80,117
2026-09-24 21:00:00,17.10,43,15.00,,0.00,5.00,120
2026-09-24 22:00:00,16.40,44,14.20,,0.00,5.00,120
2026-09-24 23:00:00,15.80,48,13.70,,0.00,5.90,128
2026-09-25 00:00:00,15.40,55,13.60,,0.00,5.90,137
2026-09-25 01:00:00,14.90,58,13.10,,0.00,6.10,140
2026-09-25 02:00:00,14.60,61,13.00,,0.00,6.00,147
2026-09-25 03:00:00,14.10,62,12.40,,0.00,6.20,144
2026-09-25 04:00:00,13.70,63,11.90,,0.00,7.10,150
2026-09-25 05:00:00,13.60,62,11.50,,0.00,8.20,157
2026-09-25 06:00:00,13.10,64,11.00,,0.00,8.10,159
2026-09-25 07:00:00,13.00,64,10.80,,0.00,8.60,158
2026-09-25 08:00:00,14.20,60,11.90,,0.00,9.80,163
2026-09-25 09:00:00,15.40,58,13.20,,0.00,10.00,167
2026-09-25 10:00:00,17.70,51,15.40,,0.00,10.90,174
2026-09-25 11:00:00,19.50,48,17.50,,0.00,10.10,176
2026-09-25 12:00:00,22.10,43,20.30,,0.00,9.80,172
2026-09-25 13:00:00,24.10,39,22.40,,0.00,9.80,172
2026-09-25 14:00:00,25.10,37,23.30,,0.00,11.20,180
2026-09-25 15:00:00,25.30,34,23.10,,0.00,12.30,177
2026-09-25 16:00:00,25.10,33,22.70,,0.00,12.20,182
2026-09-25 17:00:00,24.30,34,22.20,,0.00,9.80,174
2026-09-25 18:00:00,22.60,39,21.10,,0.00,7.00,159
2026-09-25 19:00:00,19.90,44,18.20,,0.00,6.50,146
2026-09-25 20:00:00,18.60,44,16.60,,0.00,7.00,145
2026-09-25 21:00:00,17.80,45,15.90,,0.00,5.70,145
2026-09-25 22:00:00,17.00,48,14.90,,0.00,7.50,145
2026-09-25 23:00:00,16.20,51,14.10,,0.00,7.40,151
2026-09-26 00:00:00,16.00,51,13.90,,0.00,7.30,147
2026-09-26 01:00:00,15.40,54,13.30,,0.00,7.80,146
2026-09-26 02:00:00,15.20,55,12.90,,0.00,9.10,146
2026-09-26 03:00:00,14.80,56,12.50,,0.00,8.70,150
2026-09-26 04:00:00,14.60,54,12.10,,0.00,9.30,152
2026-09-26 05:00:00,13.70,54,11.10,,0.00,9.00,157
2026-09-26 06:00:00,12.70,54,10.00,,0.00,8.40,160
2026-09-26 07:00:00,12.90,48,9.70,,0.00,9.20,154
2026-09-26 08:00:00,13.80,41,10.20,,0.00,10.80,154
2026-09-26 09:00:00,14.30,42,11.10,,0.00,9.50,151
2026-09-26 10:00:00,15.90,39,12.40,,0.00,11.30,153
2026-09-26 11:00:00,17.20,38,13.80,,0.00,11.30,153
2026-09-26 12:00:00,18.90,37,15.60,,0.00,12.30,159
2026-09-26 13:00:00,19.30,40,16.50,,0.00,11.20,165
2026-09-26 14:00:00,19.40,43,16.90,,0.00,11.20,165
2026-09-26 15:00:00,20.10,42,17.70,,0.00,10.60,152
2026-09-26 16:00:00,20.60,40,18.00,,0.00,12.00,147
2026-09-26 17:00:00,20.70,39,18.00,,0.00,11.50,148
2026-09-26 18:00:00,20.10,44,18.00,,0.00,10.10,153
2026-09-26 19:00:00,18.60,51,16.80,,0.00,9.00,151
2026-09-26 20:00:00,18.30,52,16.50,,0.00,9.20,154
2026-09-26 21:00:00,18.20,55,16.50,,0.00,9.70,153
2026-09-26 22:00:00,18.20,56,16.30,,0.00,11.40,156
2026-09-26 23:00:00,17.90,58,16.10,,0.00,11.90,155
2026-09-27 00:00:00,17.80,61,16.10,,0.00,11.40,156
2026-09-27 01:00:00,17.70,61,16.00,,0.00,11.80,157
2026-09-27 02:00:00,17.90,60,16.00,,0.00,13.50,164
2026-09-27 03:00:00,18.20,59,16.30,,0.00,12.80,170
2026-09-27 04:00:00,17.90,61,16.20,,0.00,12.40,170
2026-09-27 05:00:00,17.70,64,16.00,,0.00,13.60,163
2026-09-27 06:00:00,17.30,69,16.00,,0.00,12.20,161
2026-09-27 07:00:00,17.20,69,15.70,,0.00,13.20,163
2026-09-27 08:00:00,17.50,69,15.80,,0.00,15.20,166
2026-09-27 09:00:00,17.90,70,16.50,,0.00,14.10,167
2026-09-27 10:00:00,18.30,71,17.00,,0.00,14.80,162
2026-09-27 11:00:00,19.50,67,18.10,,0.00,16.30,166
2026-09-27 12:00:00,20.70,64,19.50,,0.00,16.50,164
2026-09-27 13:00:00,21.50,63,20.30,,0.00,17.10,172
2026-09-27 14:00:00,21.70,62,20.60,,0.00,16.60,180
2026-09-27 15:00:00,22.40,57,21.10,,0.00,16.20,183
2026-09-27 16:00:00,22.70,57,21.60,,0.00,15.50,184
2026-09-27 17:00:00,23.20,55,22.30,,0.00,14.10,186
2026-09-27 18:00:00,23.00,56,22.60,,0.00,11.30,187
2026-09-27 19:00:00,22.40,60,22.30,,0.00,10.40,178
2026-09-27 20:00:00,22.20,60,22.00,,0.00,10.80,176
2026-09-27 21:00:00,21.90,60,21.60,,0.00,10.50,174
2026-09-27 22:00:00,21.50,60,21.00,,0.00,10.50,172
2026-09-27 23:00:00,21.30,59,20.50,,0.00,11.40,169
2026-09-28 00:00:00,21.10,59,20.40,,0.00,10.90,172
2026-09-28 01:00:00,20.80,59,19.90,,0.00,10.90,174
2026-09-28 02:00:00,20.20,63,19.60,,0.00,10.40,180
2026-09-28 03:00:00,19.70,68,19.60,,0.00,8.60,195
2026-09-28 04:00:00,19.20,73,19.20,,0.10,9.90,170
2026-09-28 05:00:00,19.10,73,19.00,,0.00,9.80,172
2026-09-28 06:00:00,19.10,74,19.00,,0.00,10.20,172
2026-09-28 07:00:00,18.70,76,18.50,,0.00,11.20,174
2026-09-28 08:00:00,18.80,76,18.40,,0.00,12.60,177
2026-09-28 09:00:00,19.40,75,19.00,,0.00,13.70,182
2026-09-28 10:00:00,20.70,68,20.20,,0.00,13.30,180
2026-09-28 11:00:00,22.30,61,21.70,,0.00,14.40,184
2026-09-28 12:00:00,24.20,55,23.60,,0.00,14.40,181
2026-09-28 13:00:00,25.80,50,25.00,,0.00,15.20,184
2026-09-28 14:00:00,26.90,47,26.00,,0.00,16.30,188
2026-09-28 15:00:00,27.80,41,26.30,,0.00,16.90,192
2026-09-28 16:00:00,27.50,40,26.00,,0.00,15.80,197
2026-09-28 17:00:00,27.00,37,25.30,,0.00,13.70,194
2026-09-28 18:00:00,25.80,36,23.90,,0.00,12.30,185
2026-09-28 19:00:00,23.60,42,22.00,,0.00,10.40,178
2026-09-28 20:00:00,22.20,43,20.40,,0.00,10.10,174
2026-09-28 21:00:00,21.10,50,19.80,,0.00,9.50,169
2026-09-28 22:00:00,20.40,56,19.30,,0.00,10.40,166
2026-09-28 23:00:00,20.10,57,18.70,,0.00,12.10,168
2026-09-29 00:00:00,19.50,58,18.20,,0.00,10.80,165
2026-09-29 01:00:00,18.80,58,17.30,,0.00,10.50,164
2026-09-29 02:00:00,18.00,60,16.60,,0.00,9.80,163
2026-09-29 03:00:00,17.10,65,15.80,,0.00,9.40,157
2026-09-29 04:00:00,16.50,68,15.30,,0.00,9.20,159
2026-09-29 05:00:00,15.80,70,14.60,,0.00,9.10,162
2026-09-29 06:00:00,15.00,74,13.90,,0.00,8.10,159
2026-09-29 07:00:00,14.60,74,13.40,,0.00,8.20,157
2026-09-29 08:00:00,15.40,71,14.10,,0.00,8.90,159
2026-09-29 09:00:00,17.20,62,15.50,,0.00,10.80,165
2026-09-29 10:00:00,19.00,54,17.30,,0.00,10.50,164
2026-09-29 11:00:00,20.80,47,19.10,,0.00,9.60,167
2026-09-29 12:00:00,21.70,46,20.30,,0.00,8.70,175
2026-09-29 13:00:00,22.50,43,21.30,,0.00,6.50,177
2026-09-29 14:00:00,23.10,41,22.20,,0.00,4.40,171
2026-09-29 15:00:00,23.00,42,22.50,,0.00,2.40,153
2026-09-29 16:00:00,22.90,42,22.30,,0.00,2.60,74
2026-09-29 17:00:00,22.20,43,21.30,,0.00,4.30,48
2026-09-29 18:00:00,18.50,68,17.20,,0.00,14.50,337
2026-09-29 19:00:00,15.60,74,13.90,,0.00,13.70,355
2026-09-29 20:00:00,14.20,80,12.60,,0.00,13.00,3
2026-09-29 21:00:00,13.20,83,11.30,,0.00,14.10,4
2026-09-29 22:00:00,12.60,83,10.50,,0.00,14.50,7
2026-09-29 23:00:00,12.10,85,9.90,,0.00,14.60,10
2026-09-30 00:00:00,12.10,84,9.70,,0.00,15.80,12
2026-09-30 01:00:00,12.00,84,9.30,,0.00,16.90,11
2026-09-30 02:00:00,11.60,84,8.70,,0.00,18.30,16
2026-09-30 03:00:00,11.60,82,8.70,,0.00,17.30,17
2026-09-30 04:00:00,11.10,79,7.90,,0.00,17.10,18
2026-09-30 05:00:00,10.60,79,7.40,,0.00,17.10,22
2026-09-30 06:00:00,10.60,80,7.50,,0.00,16.70,25
2026-09-30 07:00:00,10.50,79,7.20,,0.00,17.20,29
2026-09-30 08:00:00,10.90,78,7.60,,0.00,17.30,31
2026-09-30 09:00:00,11.70,78,8.70,,0.00,16.90,34
2026-09-30 10:00:00,12.70,73,9.50,,0.00,18.10,35
2026-09-30 11:00:00,13.20,71,10.20,,0.00,16.50,36
2026-09-30 12:00:00,14.00,69,11.40,,0.00,14.70,31
2026-09-30 13:00:00,14.70,64,11.90,,0.00,15.60,26
2026-09-30 14:00:00,15.20,60,12.10,,0.00,16.70,33
2026-09-30 15:00:00,15.10,59,11.90,,0.00,16.80,31
2026-09-30 16:00:00,15.30,58,12.20,,0.00,16.30,31
2026-09-30 17:00:00,15.10,58,12.10,,0.00,14.70,28
2026-09-30 18:00:00,14.70,60,12.00,,0.00,12.90,23
2026-09-30 19:00:00,14.00,63,11.30,,0.00,13.20,22
2026-09-30 20:00:00,13.40,67,10.90,,0.00,12.90,18
2026-09-30 21:00:00,13.40,68,10.80,,0.00,13.10,21
2026-09-30 22:00:00,13.10,68,10.40,,0.00,13.20,22
2026-09-30 23:00:00,12.60,70,10.10,,0.00,12.10,23
2026-10-01 00:00:00,12.40,72,9.70,,0.00,13.80,28
2026-10-01 01:00:00,11.70,74,9.10,,0.00,12.60,24
2026-10-01 02:00:00,11.20,77,8.80,,0.00,11.80,23
2026-10-01 03:00:00,10.90,79,8.60,,0.00,11.50,20
2026-10-01 04:00:00,10.50,81,8.10,,0.00,11.60,26
2026-10-01 05:00:00,10.00,83,7.70,,0.00,10.70,33
2026-10-01 06:00:00,9.50,85,7.50,,0.00,8.70,45
2026-10-01 07:00:00,9.20,84,7.10,,0.00,8.10,58
2026-10-01 08:00:00,10.10,72,7.70,,0.00,8.80,71
2026-10-01 09:00:00,12.40,58,9.60,,0.00,9.70,90
2026-10-01 10:00:00,14.80,46,11.60,,0.00,11.10,103
2026-10-01 11:00:00,17.10,40,13.80,,0.00,11.60,106
2026-10-01 12:00:00,18.90,36,15.60,,0.00,12.20,109
2026-10-01 13:00:00,20.00,35,16.70,,0.00,13.10,106
2026-10-01 14:00:00,20.60,34,17.30,,0.00,13.30,109
2026-10-01 15:00:00,21.10,28,17.30,,0.00,13.40,117
2026-10-01 16:00:00,21.20,27,17.60,,0.00,11.40,114
2026-10-01 17:00:00,20.50,30,17.60,,0.00,8.10,111
2026-10-01 18:00:00,18.70,37,16.60,,0.00,4.40,81
2026-10-01 19:00:00,16.80,40,14.50,,0.00,4.90,73
2026-10-01 20:00:00,16.00,40,13.40,,0.00,5.40,82
2026-10-01 21:00:00,15.00,44,12.50,,0.00,6.10,87
2026-10-01 22:00:00,14.40,43,11.70,,0.00,6.10,87
2026-10-01 23:00:00,13.80,43,10.90,,0.00,6.50,90
2026-10-02 00:00:00,13.00,45,10.00,,0.00,7.60,93
2026-10-02 01:00:00,12.70,44,9.50,,0.00,8.00,100
2026-10-02 02:00:00,12.30,45,9.10,,0.00,8.40,110
2026-10-02 03:00:00,11.80,49,8.70,,0.00,7.60,109
2026-10-02 04:00:00,11.40,49,8.30,,0.00,7.40,113
2026-10-02 05:00:00,11.10,50,7.90,,0.00,8.00,117
2026-10-02 06:00:00,10.20,52,7.10,,0.00,7.20,117
2026-10-02 07:00:00,9.80,53,6.70,,0.00,6.90,118
2026-10-02 08:00:00,10.70,51,7.50,,0.00,7.80,124
2026-10-02 09:00:00,12.60,48,9.50,,0.00,8.40,130
2026-10-02 10:00:00,14.80,43,11.70,,0.00,9.70,138
2026-10-02 11:00:00,17.00,38,13.90,,0.00,9.70,141
2026-10-02 12:00:00,19.30,32,16.20,,0.00,8.90,153
2026-10-02 13:00:00,20.60,30,17.60,,0.00,8.90,159
2026-10-02 14:00:00,21.60,28,18.40,,0.00,9.60,167
2026-10-02 15:00:00,22.50,24,18.80,,0.00,11.60,158
2026-10-02 16:00:00,22.10,24,18.50,,0.00,10.80,159
2026-10-02 17:00:00,21.10,26,17.90,,0.00,8.60,158
2026-10-02 18:00:00,18.70,32,16.20,,0.00,4.10,142
2026-10-02 19:00:00,16.60,36,14.00,,0.00,4.40,125
2026-10-02 20:00:00,15.40,35,12.50,,0.00,4.70,122
2026-10-02 21:00:00,14.30,41,11.60,,0.00,4.90,126
2026-10-02 22:00:00,13.70,42,10.90,,0.00,5.10,129
2026-10-02 23:00:00,13.10,45,10.50,,0.00,5.10,129
2026-10-03 00:00:00,11.70,52,9.30,,0.00,4.10,128
2026-10-03 01:00:00,11.40,52,8.90,,0.00,4.40,125
2026-10-03 02:00:00,11.10,52,8.40,,0.00,5.10,129
2026-10-03 03:00:00,10.20,54,7.60,,0.00,4.20,121
2026-10-03 04:00:00,9.90,54,7.30,,0.00,4.70,122
2026-10-03 05:00:00,9.50,55,6.80,,0.00,5.00,120
2026-10-03 06:00:00,9.00,57,6.40,,0.00,4.70,122
2026-10-03 07:00:00,8.90,57,6.10,,0.00,5.20,124
2026-10-03 08:00:00,10.20,55,7.50,,0.00,5.60,130
2026-10-03 09:00:00,13.20,46,10.40,,0.00,6.40,133
2026-10-03 10:00:00,15.60,41,12.60,,0.00,8.40,140
2026-10-03 11:00:00,17.50,38,14.50,,0.00,9.40,148
2026-10-03 12:00:00,20.50,29,17.30,,0.00,9.00,157
2026-10-03 13:00:00,21.40,28,18.30,,0.00,9.10,162
2026-10-03 14:00:00,22.10,25,18.60,,0.00,11.10,167
2026-10-03 15:00:00,22.70,17,18.10,,0.00,13.40,175
2026-10-03 16:00:00,22.20,17,17.80,,0.00,11.90,182
2026-10-03 17:00:00,21.10,21,17.40,,0.00,8.70,173
2026-10-03 18:00:00,19.10,23,15.90,,0.00,5.30,152
2026-10-03 19:00:00,17.30,26,14.20,,0.00,4.70,148
2026-10-03 20:00:00,16.40,28,13.20,,0.00,5.00,150
2026-10-03 21:00:00,15.90,30,12.80,,0.00,5.00,159
2026-10-03 22:00:00,15.40,35,12.40,,0.00,5.90,166
2026-10-03 23:00:00,14.60,39,11.60,,0.00,6.60,158
2026-10-04 00:00:00,14.70,39,11.70,,0.00,6.80,155
2026-10-04 01:00:00,15.00,40,12.00,,0.00,8.10,159
2026-10-04 02:00:00,14.50,42,11.50,,0.00,8.10,159
2026-10-04 03:00:00,14.00,45,11.10,,0.00,7.80,158
2026-10-04 04:00:00,13.60,48,10.90,,0.00,7.50,163
2026-10-04 05:00:00,13.20,53,10.60,,0.00,8.20,165
2026-10-04 06:00:00,13.00,58,10.80,,0.00,7.00,168
2026-10-04 07:00:00,12.60,63,10.50,,0.00,7.30,169
2026-10-04 08:00:00,13.10,65,11.10,,0.00,8.00,170
2026-10-04 09:00:00,14.10,67,12.30,,0.00,9.10,171
2026-10-04 10:00:00,15.20,67,13.40,,0.00,10.10,178
2026-10-04 11:00:00,16.30,66,14.80,,0.00,10.50,184
2026-10-04 12:00:00,17.40,66,16.20,,0.00,10.50,186
2026-10-04 13:00:00,18.00,66,17.10,,0.00,9.40,182
2026-10-04 14:00:00,18.70,63,17.60,,0.00,10.60,190
2026-10-04 15:00:00,19.70,56,18.10,,0.00,12.40,197
2026-10-04 16:00:00,19.40,56,18.00,,0.00,9.80,204
2026-10-04 17:00:00,18.90,58,18.00,,0.00,7.50,197
2026-10-04 18:00:00,18.00,63,17.60,,0.00,4.20,200
2026-10-04 19:00:00,16.80,70,16.80,,0.10,2.90,180
2026-10-04 20:00:00,16.00,76,16.00,,0.30,3.20,153
2026-10-04 21:00:00,15.70,76,15.70,,0.00,2.90,120
2026-10-04 22:00:00,15.50,77,15.40,,0.10,3.70,119
2026-10-04 23:00:00,15.40,78,15.20,,0.10,4.20,121
2026-10-05 00:00:00,15.20,81,15.20,,0.30,3.60,127
2026-10-05 01:00:00,15.00,83,15.10,,0.70,3.90,124
2026-10-05 02:00:00,14.90,84,15.00,,0.90,3.90,146
2026-10-05 03:00:00,14.70,87,14.80,,0.80,5.20,146
2026-10-05 04:00:00,14.40,89,14.40,,0.40,5.50,169
2026-10-05 05:00:00,14.30,91,14.50,,0.30,4.70,176
2026-10-05 06:00:00,14.50,92,14.90,,0.00,4.00,175
2026-10-05 07:00:00,14.50,91,15.10,,0.00,2.90,173
2026-10-05 08:00:00,14.80,90,15.30,,0.00,3.00,166
2026-10-05 09:00:00,14.90,90,15.50,,0.00,2.60,164
2026-10-05 10:00:00,15.00,91,15.80,,0.10,2.20,171
2026-10-05 11:00:00,15.30,90,16.20,,0.10,1.80,169
2026-10-05 12:00:00,15.20,92,16.30,,0.00,1.00,315
2026-10-05 13:00:00,15.40,91,16.40,,0.00,1.90,22
2026-10-05 14:00:00,15.80,89,16.50,,0.00,3.60,53
2026-10-05 15:00:00,15.70,91,16.50,,0.00,4.40,35
2026-10-05 16:00:00,15.70,91,16.30,,0.00,5.20,25
2026-10-05 17:00:00,15.30,93,15.70,,0.00,6.80,32
2026-10-05 18:00:00,14.80,96,15.30,,1.40,6.00,33
2026-10-05 19:00:00,14.40,97,14.60,,3.50,7.20,37
2026-10-05 20:00:00,14.00,96,13.70,,1.70,9.40,40
2026-10-05 21:00:00,13.70,96,13.50,,0.30,8.40,40
2026-10-05 22:00:00,13.40,96,13.10,,0.00,8.40,50
2026-10-05 23:00:00,13.40,97,13.20,,0.00,8.00,54
2026-10-06 00:00:00,13.40,97,13.00,,0.00,9.10,56
2026-10-06 01:00:00,13.40,97,13.00,,0.00,9.20,51
2026-10-06 02:00:00,13.40,97,12.80,,0.00,10.60,55
2026-10-06 03:00:00,13.40,98,12.90,,0.00,10.20,58
2026-10-06 04:00:00,13.50,98,13.00,,2.80,10.50,49
2026-10-06 05:00:00,13.60,97,12.90,,7.00,11.60,60
2026-10-06 06:00:00,13.60,98,12.90,,2.70,11.80,67
2026-10-06 07:00:00,14.00,98,13.60,,2.20,11.20,75
2026-10-06 08:00:00,14.60,98,14.80,,1.50,7.60,98
2026-10-06 09:00:00,15.30,97,15.20,,1.70,11.80,102
2026-10-06 10:00:00,16.00,95,16.20,,0.20,10.80,120
2026-10-06 11:00:00,16.60,92,16.80,,0.30,10.20,141
2026-10-06 12:00:00,17.70,87,17.80,,0.10,11.60,154
2026-10-06 13:00:00,17.70,89,18.50,,0.50,8.20,142
2026-10-06 14:00:00,17.70,90,18.50,,0.70,8.60,147
2026-10-06 15:00:00,18.60,86,19.60,,0.10,8.00,172
2026-10-06 16:00:00,18.70,86,19.90,,0.00,7.10,165
2026-10-06 17:00:00,18.60,89,19.80,,0.20,8.00,162
2026-10-06 18:00:00,18.40,90,19.40,,0.20,8.80,168
2026-10-06 19:00:00,18.00,93,19.00,,1.80,10.10,174
2026-10-06 20:00:00,17.80,94,18.80,,2.10,9.40,180
2026-10-06 21:00:00,17.50,96,18.60,,2.40,8.90,166
2026-10-06 22:00:00,17.40,94,17.80,,3.20,13.00,182
2026-10-06 23:00:00,17.20,95,17.80,,1.60,10.50,186
2026-10-07 00:00:00,17.00,96,17.80,,1.30,9.00,182
2026-10-07 01:00:00,16.80,96,17.80,,1.30,7.90,180
2026-10-07 02:00:00,16.70,97,17.90,,0.90,6.50,177
2026-10-07 03:00:00,16.40,97,17.60,,1.00,5.00,180
2026-10-07 04:00:00,16.20,98,17.90,,0.30,2.40,207
2026-10-07 05:00:00,16.00,99,17.80,,0.40,1.30,146
2026-10-07 06:00:00,15.80,98,17.20,,0.60,3.20,153
2026-10-07 07:00:00,16.00,96,16.80,,0.60,7.20,177
2026-10-07 08:00:00,15.70,97,16.60,,1.20,5.80,210
2026-10-07 09:00:00,15.50,97,16.50,,0.20,4.80,207
2026-10-07 10:00:00,15.10,96,15.80,,0.40,5.50,238
2026-10-07 11:00:00,14.50,95,14.80,,1.10,6.10,267
2026-10-07 12:00:00,14.80,96,15.20,,1.80,6.30,301
2026-10-07 13:00:00,14.20,93,13.90,,1.20,8.40,317
2026-10-07 14:00:00,13.80,93,13.30,,1.10,8.70,315
2026-10-07 15:00:00,13.70,92,13.10,,0.10,9.20,321
2026-10-07 16:00:00,13.40,91,12.50,,0.60,9.70,321
2026-10-07 17:00:00,12.70,94,11.70,,6.40,10.60,305
2026-10-07 18:00:00,12.80,94,11.70,,0.20,11.30,301
2026-10-07 19:00:00,12.50,92,11.20,,0.10,11.00,302
2026-10-07 20:00:00,12.40,93,10.90,,0.20,12.40,296
2026-10-07 21:00:00,12.10,93,10.20,,1.50,14.90,285
2026-10-07 22:00:00,11.60,93,9.20,,3.30,17.00,287
2026-10-07 23:00:00,11.20,92,8.80,,1.70,16.10,286
2026-10-08 00:00:00,10.90,93,8.50,,1.80,16.10,280
2026-10-08 01:00:00,10.60,93,8.20,,4.50,15.50,282
2026-10-08 02:00:00,10.40,92,7.80,,2.90,16.60,271
2026-10-08 03:00:00,9.70,93,6.90,,3.50,16.60,271
2026-10-08 04:00:00,9.40,91,6.40,,2.70,16.90,268
2026-10-08 05:00:00,9.20,88,5.70,,0.20,19.10,273
2026-10-08 06:00:00,9.20,87,5.60,,0.30,19.60,276
2026-10-08 07:00:00,9.20,87,5.60,,0.00,19.40,281
2026-10-08 08:00:00,9.20,87,5.80,,0.00,18.60,279
2026-10-08 09:00:00,9.20,89,6.00,,0.00,17.70,272
2026-10-08 10:00:00,9.20,89,5.90,,0.00,18.00,273
2026-10-08 11:00:00,9.20,89,6.00,,0.00,17.70,272
2026-10-08 12:00:00,9.40,89,6.30,,0.00,17.40,277
2026-10-08 13:00:00,10.00,87,6.90,,0.00,17.30,275
2026-10-08 14:00:00,10.40,86,7.50,,0.00,16.80,279
2026-10-08 15:00:00,10.70,85,8.00,,0.00,15.20,277
2026-10-08 16:00:00,11.20,85,8.80,,0.00,14.20,277
2026-10-08 17:00:00,11.50,85,9.40,,0.00,12.40,280
2026-10-08 18:00:00,11.50,85,9.60,,0.00,11.20,291
2026-10-08 19:00:00,11.30,86,9.80,,0.00,9.00,286
2026-10-08 20:00:00,11.20,89,9.80,,0.00,8.20,285
2026-10-08 21:00:00,10.80,89,9.30,,0.00,8.80,282
2026-10-08 22:00:00,10.80,89,9.30,,0.00,8.30,288
2026-10-08 23:00:00,10.40,91,9.10,,0.00,7.10,285
2026-10-09 00:00:00,10.10,91,8.70,,0.00,7.00,291
2026-10-09 01:00:00,10.00,92,8.80,,0.00,5.90,284
2026-10-09 02:00:00,9.70,94,8.60,,0.00,4.70,302
2026-10-09 03:00:00,9.00,94,7.90,,0.00,3.90,292
2026-10-09 04:00:00,8.30,95,7.10,,0.00,3.60,307
2026-10-09 05:00:00,8.10,95,6.90,,0.00,2.90,330
2026-10-09 06:00:00,7.90,94,6.80,,0.00,2.10,301
2026-10-09 07:00:00,7.30,94,6.00,,0.00,2.60,236
2026-10-09 08:00:00,7.00,95,5.70,,0.00,2.50,225
2026-10-09 09:00:00,8.50,90,7.30,,0.00,2.40,243
2026-10-09 10:00:00,9.80,82,8.70,,0.00,2.30,231
2026-10-09 11:00:00,10.70,76,9.50,,0.00,2.20,189
2026-10-09 12:00:00,11.80,76,10.80,,0.00,2.60,164
2026-10-09 13:00:00,12.70,72,11.60,,0.00,3.50,156
2026-10-09 14:00:00,13.20,73,12.00,,0.00,5.70,145
2026-10-09 15:00:00,14.00,68,12.50,,0.00,6.40,137
2026-10-09 16:00:00,13.70,70,12.30,,0.00,6.90,133
2026-10-09 17:00:00,13.20,75,12.00,,0.00,6.30,121
2026-10-09 18:00:00,12.30,79,11.20,,0.00,5.20,106
2026-10-09 19:00:00,11.10,82,9.70,,0.00,6.60,103
2026-10-09 20:00:00,10.90,83,9.10,,0.00,8.70,107
2026-10-09 21:00:00,10.40,84,8.60,,0.00,8.40,115
2026-10-09 22:00:00,10.00,86,8.10,,0.00,8.70,120
2026-10-09 23:00:00,9.80,87,7.90,,0.00,8.90,122
2026-10-10 00:00:00,9.40,88,7.60,,0.00,7.80,124
2026-10-10 01:00:00,9.30,89,7.50,,0.00,7.70,127
2026-10-10 02:00:00,9.30,90,7.50,,0.00,8.20,131
2026-10-10 03:00:00,9.20,92,7.60,,0.00,7.10,135
2026-10-10 04:00:00,9.50,91,7.80,,0.00,7.70,143
2026-10-10 05:00:00,9.80,90,8.20,,0.00,7.90,141
2026-10-10 06:00:00,9.60,91,7.90,,0.00,7.90,141
2026-10-10 07:00:00,9.60,91,8.00,,0.00,7.70,143
2026-10-10 08:00:00,9.90,90,8.30,,0.00,7.40,141
2026-10-10 09:00:00,10.80,88,9.40,,0.00,7.90,141
2026-10-10 10:00:00,12.50,84,11.20,,0.00,8.70,135
2026-10-10 11:00:00,14.20,80,13.00,,0.00,9.70,138
2026-10-10 12:00:00,15.40,76,14.30,,0.00,10.10,145
2026-10-10 13:00:00,16.40,75,15.70,,0.00,8.70,150
2026-10-10 14:00:00,17.10,75,16.60,,0.00,9.30,152
2026-10-10 15:00:00,18.00,70,17.40,,0.00,8.80,161
2026-10-10 16:00:00,17.80,71,17.40,,0.00,7.90,156
2026-10-10 17:00:00,17.50,72,17.50,,0.00,4.60,141
2026-10-10 18:00:00,16.80,74,16.90,,0.00,3.80,131
2026-10-10 19:00:00,15.70,78,15.60,,0.00,4.30,114
2026-10-10 20:00:00,15.10,81,14.70,,0.00,6.60,112
2026-10-10 21:00:00,14.50,83,14.00,,0.00,6.70,126
2026-10-10 22:00:00,13.90,85,13.30,,0.00,7.40,133
2026-10-10 23:00:00,13.50,85,12.70,,0.00,7.70,131
2026-10-11 00:00:00,13.00,86,12.10,,0.00,7.70,127
2026-10-11 01:00:00,12.70,87,11.80,,0.00,7.40,137
2026-10-11 02:00:00,12.90,84,11.70,,0.00,8.40,133
2026-10-11 03:00:00,12.50,84,11.30,,0.00,7.60,135
2026-10-11 04:00:00,12.50,84,11.30,,0.00,7.90,133
2026-10-11 05:00:00,12.40,84,11.20,,0.00,8.20,131
2026-10-11 06:00:00,11.70,85,10.40,,0.00,7.90,129
2026-10-11 07:00:00,11.70,86,10.30,,0.00,8.70,132
2026-10-11 08:00:00,11.80,87,10.40,,0.00,8.90,133
2026-10-11 09:00:00,12.60,87,11.20,,0.00,10.20,141
2026-10-11 10:00:00,13.50,86,12.50,,0.00,9.50,143
2026-10-11 11:00:00,15.00,84,13.80,,0.00,13.10,159
2026-10-11 12:00:00,17.00,81,16.30,,0.00,13.20,169
2026-10-11 13:00:00,18.10,75,17.50,,0.00,12.00,173
2026-10-11 14:00:00,18.10,78,17.80,,0.00,10.90,172
2026-10-11 15:00:00,18.80,76,18.50,,0.00,11.60,173
2026-10-11 16:00:00,18.60,77,18.80,,0.00,8.80,171
2026-10-11 17:00:00,18.10,80,18.60,,0.00,6.30,167
2026-10-11 18:00:00,17.40,84,18.00,,0.00,6.50,161
2026-10-11 19:00:00,16.80,88,17.50,,0.00,6.50,146
2026-10-11 20:00:00,16.60,88,17.00,,0.00,7.60,149
2026-10-11 21:00:00,16.50,88,16.80,,0.00,7.60,149
2026-10-11 22:00:00,16.30,87,16.40,,0.00,8.00,144
2026-10-11 23:00:00,16.00,88,16.10,,0.00,8.20,142
2026-10-12 00:00:00,15.80,89,15.90,,0.00,8.00,144
2026-10-12 01:00:00,15.90,88,15.80,,0.00,9.70,158
2026-10-12 02:00:00,15.80,91,15.80,,0.70,9.60,160
2026-10-12 03:00:00,15.50,93,15.70,,2.00,7.90,156
2026-10-12 04:00:00,15.40,93,15.70,,0.60,7.60,155
2026-10-12 05:00:00,15.20,94,15.50,,0.00,7.20,153
2026-10-12 06:00:00,15.20,95,15.60,,0.40,7.00,159
2026-10-12 07:00:00,15.00,95,15.50,,0.80,6.20,159
2026-10-12 08:00:00,14.90,96,15.40,,1.00,6.10,152
2026-10-12 09:00:00,15.10,97,15.80,,1.30,5.50,157
2026-10-12 10:00:00,15.10,98,15.90,,6.40,5.80,176
2026-10-12 11:00:00,15.40,97,16.60,,2.80,2.50,225
2026-10-12 12:00:00,14.80,96,15.20,,2.40,6.50,326
2026-10-12 13:00:00,13.40,94,12.90,,4.40,8.10,328
2026-10-12 14:00:00,13.10,96,12.90,,7.30,6.40,313
2026-10-12 15:00:00,13.20,96,12.80,,2.10,7.60,329
2026-10-12 16:00:00,13.10,96,13.20,,1.10,4.70,351
2026-10-12 17:00:00,13.10,96,13.40,,1.10,3.30,41
2026-10-12 18:00:00,13.00,98,13.40,,1.00,2.90,60
2026-10-12 19:00:00,12.70,98,12.90,,1.80,4.00,95
2026-10-12 20:00:00,12.60,97,12.50,,2.00,4.70,99
2026-10-12 21:00:00,12.50,97,12.50,,1.40,4.00,80
2026-10-12 22:00:00,12.50,97,12.10,,1.90,6.60,99
2026-10-12 23:00:00,12.60,95,11.70,,1.30,9.80,118
2026-10-13 00:00:00,12.40,93,11.30,,1.10,10.70,123
2026-10-13 01:00:00,11.50,93,10.00,,2.80,11.00,122
2026-10-13 02:00:00,10.70,92,8.90,,2.70,11.40,118
2026-10-13 03:00:00,10.30,93,8.50,,1.20,11.30,112
2026-10-13 04:00:00,9.80,92,7.70,,1.50,11.40,114
2026-10-13 05:00:00,9.30,92,7.10,,1.20,11.00,113
2026-10-13 06:00:00,8.70,93,6.40,,1.70,11.40,118
2026-10-13 07:00:00,8.20,93,5.90,,1.20,10.80,116
2026-10-13 08:00:00,7.80,93,5.30,,1.90,11.30,112
2026-10-13 09:00:00,7.50,93,4.90,,0.70,11.80,117
2026-10-13 10:00:00,7.30,91,4.60,,0.40,11.90,115
2026-10-13 11:00:00,7.10,91,4.30,,0.30,11.80,121
2026-10-13 12:00:00,6.90,92,4.20,,0.20,10.70,123
2026-10-13 13:00:00,6.80,92,4.20,,0.90,10.60,125
2026-10-13 14:00:00,6.90,92,4.30,,0.50,10.00,128
2026-10-13 15:00:00,6.80,92,4.10,,0.30,11.00,128
2026-10-13 16:00:00,6.90,93,4.30,,0.90,10.20,132
2026-10-13 17:00:00,6.90,93,4.40,,0.10,10.20,135
2026-10-13 18:00:00,7.10,95,4.80,,0.60,9.40,140
2026-10-13 19:00:00,7.20,95,5.00,,1.90,9.20,138
2026-10-13 20:00:00,7.50,95,5.30,,1.50,9.70,141
2026-10-13 21:00:00,7.80,95,5.40,,1.20,11.00,148
2026-10-13 22:00:00,8.00,94,5.60,,0.60,11.30,153
2026-10-13 23:00:00,8.20,94,6.00,,0.00,10.60,156
2026-10-14 00:00:00,8.40,95,6.20,,0.00,10.80,165
2026-10-14 01:00:00,8.60,94,6.50,,0.00,10.20,170
2026-10-14 02:00:00,8.70,94,6.70,,0.00,9.80,174
2026-10-14 03:00:00,8.70,95,6.70,,0.00,9.40,178
2026-10-14 04:00:00,8.70,95,6.80,,0.00,9.40,182
2026-10-14 05:00:00,8.70,95,6.80,,0.00,9.50,191
2026-10-14 06:00:00,8.60,95,6.70,,0.00,9.00,196
2026-10-14 07:00:00,8.40,96,6.70,,0.00,7.60,177
2026-10-14 08:00:00,8.40,95,6.40,,0.00,9.00,175
2026-10-14 09:00:00,8.60,95,6.40,,0.80,11.00,191
2026-10-14 10:00:00,8.70,95,6.70,,0.70,10.40,226
2026-10-14 11:00:00,9.50,86,7.30,,0.00,10.60,246
2026-10-14 12:00:00,10.10,82,7.90,,0.00,10.50,229
2026-10-14 13:00:00,10.40,78,7.80,,0.00,12.30,218
2026-10-14 14:00:00,10.70,75,7.80,,0.00,13.20,215
2026-10-14 15:00:00,10.10,76,7.10,,0.00,14.10,220
2026-10-14 16:00:00,9.20,86,7.00,,0.70,9.40,203
2026-10-14 17:00:00,8.60,90,6.40,,1.40,10.00,218
2026-10-14 18:00:00,8.30,89,6.10,,0.10,9.40,230
2026-10-14 19:00:00,8.10,93,5.70,,0.20,10.90,226
2026-10-14 20:00:00,8.20,92,5.60,,0.20,12.40,234
2026-10-14 21:00:00,8.20,90,5.60,,0.00,12.10,243
2026-10-14 22:00:00,7.90,89,5.10,,0.00,12.20,251
2026-10-14 23:00:00,7.30,89,4.60,,0.00,10.50,248
2026-10-15 00:00:00,7.00,91,4.40,,0.00,9.80,242
2026-10-15 01:00:00,6.60,93,4.30,,0.00,7.70,233
2026-10-15 02:00:00,6.30,93,4.20,,0.00,6.70,216
2026-10-15 03:00:00,6.20,94,4.30,,0.00,5.20,196
2026-10-15 04:00:00,6.70,97,4.90,,0.00,5.50,191
2026-10-15 05:00:00,7.20,97,5.50,,0.20,5.90,194
2026-10-15 06:00:00,8.00,96,5.90,,0.10,9.70,228
2026-10-15 07:00:00,8.20,95,6.10,,0.10,10.20,228
2026-10-15 08:00:00,8.30,93,5.80,,0.30,11.60,234
2026-10-15 09:00:00,8.30,94,6.00,,0.30,11.00,238
2026-10-15 10:00:00,8.60,92,6.20,,0.10,11.30,263
2026-10-15 11:00:00,9.10,88,6.80,,0.00,10.50,276
2026-10-15 12:00:00,9.10,91,7.10,,0.10,9.10,261
2026-10-15 13:00:00,9.50,87,7.60,,0.10,8.80,261
2026-10-15 14:00:00,9.90,88,8.10,,0.50,8.80,261
2026-10-15 15:00:00,10.10,82,7.90,,0.60,10.20,262
2026-10-15 16:00:00,9.90,86,8.10,,0.20,8.30,265
2026-10-15 17:00:00,9.40,89,8.00,,0.20,5.80,266
2026-10-15 18:00:00,8.90,92,7.50,,0.10,4.90,253
2026-10-15 19:00:00,8.50,93,7.10,,0.00,4.40,261
2026-10-15 20:00:00,8.40,92,7.00,,0.00,4.70,279
2026-10-15 21:00:00,8.40,93,7.00,,0.10,4.60,288
2026-10-15 22:00:00,8.20,93,6.70,,0.00,5.20,295
2026-10-15 23:00:00,7.80,94,6.20,,0.00,5.70,305
2026-10-16 00:00:00,7.50,95,5.80,,0.00,5.90,308
2026-10-16 01:00:00,6.80,95,5.00,,0.00,5.40,307
2026-10-16 02:00:00,6.30,96,4.60,,0.00,4.70,302
2026-10-16 03:00:00,6.10,94,4.40,,0.00,3.60,307
2026-10-16 04:00:00,5.60,95,3.80,,0.00,3.50,294
2026-10-16 05:00:00,5.70,95,3.90,,0.00,3.90,292
2026-10-16 06:00:00,5.70,95,3.80,,0.00,4.40,305
2026-10-16 07:00:00,5.30,95,3.40,,0.00,3.60,307
2026-10-16 08:00:00,5.40,95,3.60,,0.00,3.40,302
2026-10-16 09:00:00,6.30,94,4.40,,0.00,5.20,304
2026-10-16 10:00:00,7.70,90,5.90,,0.00,5.90,322
2026-10-16 11:00:00,8.70,84,6.60,,0.00,7.60,329
2026-10-16 12:00:00,8.60,89,6.80,,0.40,7.20,323
2026-10-16 13:00:00,8.80,88,7.00,,0.80,7.20,342
2026-10-16 14:00:00,8.90,83,6.80,,0.30,7.20,6
2026-10-16 15:00:00,8.90,84,6.70,,0.00,8.30,358
2026-10-16 16:00:00,8.60,85,6.50,,0.20,7.60,360
2026-10-16 17:00:00,8.20,84,6.10,,0.00,7.20,360
2026-10-16 18:00:00,7.60,85,5.50,,0.00,6.20,353
2026-10-16 19:00:00,6.90,89,4.70,,0.00,6.80,357
2026-10-16 20:00:00,6.50,90,4.20,,0.00,7.20,3
2026-10-16 21:00:00,6.10,90,3.60,,0.00,7.90,3
2026-10-16 22:00:00,6.00,86,3.20,,0.00,9.60,13
2026-10-16 23:00:00,5.10,86,2.30,,0.00,8.30,5
2026-10-17 00:00:00,4.30,87,1.40,,0.00,7.90,357
2026-10-17 01:00:00,3.60,89,0.80,,0.00,7.20,354
2026-10-17 02:00:00,3.20,91,0.30,,0.00,7.70,349
2026-10-17 03:00:00,3.00,90,0.10,,0.00,7.00,348
2026-10-17 04:00:00,2.80,91,-0.20,,0.00,7.60,352
2026-10-17 05:00:00,2.60,91,-0.40,,0.00,7.60,355
2026-10-17 06:00:00,2.40,92,-0.70,,0.00,8.00,355
2026-10-17 07:00:00,2.20,92,-0.90,,0.00,7.90,360
2026-10-17 08:00:00,2.10,92,-1.00,,0.00,7.60,360
2026-10-17 09:00:00,3.00,90,-0.10,,0.00,7.90,357
2026-10-17 10:00:00,4.30,85,1.10,,0.00,9.00,2
2026-10-17 11:00:00,5.50,82,2.50,,0.00,9.40,2
2026-10-17 12:00:00,7.00,74,3.90,,0.00,10.10,2
2026-10-17 13:00:00,7.70,69,4.30,,0.00,11.60,7
2026-10-17 14:00:00,8.30,66,5.00,,0.00,10.80,2
2026-10-17 15:00:00,8.50,60,5.10,,0.00,10.10,4
2026-10-17 16:00:00,8.40,61,5.00,,0.00,9.70,360
2026-10-17 17:00:00,7.80,64,4.80,,0.00,7.60,357
2026-10-17 18:00:00,6.80,68,4.10,,0.00,5.50,349
2026-10-17 19:00:00,5.80,70,3.00,,0.00,5.10,352
2026-10-17 20:00:00,5.50,71,2.80,,0.00,4.00,350
2026-10-17 21:00:00,5.10,74,2.50,,0.00,4.30,355
2026-10-17 22:00:00,4.90,77,2.30,,0.00,4.70,360
2026-10-17 23:00:00,4.70,78,2.10,,0.00,4.00,360
2026-10-18 00:00:00,4.40,80,2.00,,0.00,3.60,360
2026-10-18 01:00:00,4.30,80,1.90,,0.00,3.30,354
2026-10-18 02:00:00,4.30,82,1.90,,0.00,3.00,346
2026-10-18 03:00:00,4.20,84,1.90,,0.00,2.60,344
2026-10-18 04:00:00,4.10,85,1.80,,0.00,2.90,353
2026-10-18 05:00:00,3.90,86,1.60,,0.00,3.30,6
2026-10-18 06:00:00,4.10,87,1.90,,0.00,3.30,354
2026-10-18 07:00:00,4.00,88,1.40,,0.00,5.70,18
2026-10-18 08:00:00,4.00,88,1.40,,0.00,5.10,8
2026-10-18 09:00:00,4.90,88,2.40,,0.00,6.30,31
2026-10-18 10:00:00,5.90,84,3.10,,0.00,8.40,43
2026-10-18 11:00:00,6.90,77,3.80,,0.00,10.20,51
2026-10-18 12:00:00,7.90,67,4.50,,0.00,11.50,49
2026-10-18 13:00:00,8.30,58,4.60,,0.00,11.20,42
2026-10-18 14:00:00,8.50,56,4.70,,0.00,11.80,40
2026-10-18 15:00:00,8.00,54,4.10,,0.00,11.10,36
2026-10-18 16:00:00,7.70,58,4.10,,0.00,10.40,34
2026-10-18 17:00:00,6.90,63,3.50,,0.00,9.10,34
2026-10-18 18:00:00,6.10,72,3.20,,0.00,6.80,32
2026-10-18 19:00:00,5.60,76,2.60,,0.00,7.40,39
2026-10-18 20:00:00,5.40,77,2.40,,0.00,7.90,43
2026-10-18 21:00:00,5.40,80,2.50,,0.00,7.40,39
2026-10-18 22:00:00,5.30,79,2.00,,0.00,9.70,59
2026-10-18 23:00:00,4.80,81,1.80,,0.00,7.40,43
2026-10-19 00:00:00,4.70,80,1.60,,0.00,8.10,45
2026-10-19 01:00:00,3.60,85,0.80,,0.00,6.50,34
2026-10-19 02:00:00,3.10,87,0.20,,0.00,6.10,28
2026-10-19 03:00:00,2.80,87,-0.10,,0.00,6.30,24
2026-10-19 04:00:00,2.40,89,-0.50,,0.00,6.40,16
2026-10-19 05:00:00,2.10,90,-1.00,,0.00,6.70,16
2026-10-19 06:00:00,2.00,88,-1.10,,0.00,6.70,16
2026-10-19 07:00:00,1.70,89,-1.40,,0.00,6.70,16
2026-10-19 08:00:00,1.80,89,-1.30,,0.00,6.70,16
2026-10-19 09:00:00,3.20,84,0.00,,0.00,8.10,21
2026-10-19 10:00:00,4.70,77,1.30,,0.00,9.70,27
2026-10-19 11:00:00,6.10,71,2.70,,0.00,10.00,30
2026-10-19 12:00:00,6.40,71,3.00,,0.00,10.40,34
2026-10-19 13:00:00,7.10,66,3.40,,0.00,11.80,38
2026-10-19 14:00:00,7.00,65,3.30,,0.00,11.60,30
2026-10-19 15:00:00,6.60,64,2.90,,0.00,11.10,29
2026-10-19 16:00:00,6.40,65,2.90,,0.00,10.20,23
2026-10-19 17:00:00,5.90,67,2.40,,0.00,9.10,18
2026-10-19 18:00:00,5.40,70,2.30,,0.00,7.40,14
2026-10-19 19:00:00,5.00,73,2.00,,0.00,6.50,6
2026-10-19 20:00:00,4.30,75,1.40,,0.00,5.50,11
2026-10-19 21:00:00,3.20,80,0.20,,0.00,5.50,11
2026-10-19 22:00:00,2.70,82,-0.30,,0.00,5.40,8
2026-10-19 23:00:00,2.30,84,-0.60,,0.00,5.10,4
2026-10-20 00:00:00,1.90,87,-1.00,,0.00,5.00,360
2026-10-20 01:00:00,1.80,87,-1.10,,0.00,5.40,360
2026-10-20 02:00:00,1.60,88,-1.40,,0.00,5.80,360
2026-10-20 03:00:00,1.30,91,-1.60,,0.00,5.20,348
2026-10-20 04:00:00,1.10,92,-1.90,,0.00,5.80,353
2026-10-20 05:00:00,1.00,92,-1.90,,0.00,5.40,356
2026-10-20 06:00:00,0.80,91,-2.30,,0.00,5.80,360
2026-10-20 07:00:00,0.60,92,-2.40,,0.00,5.40,356
2026-10-20 08:00:00,0.60,91,-2.50,,0.00,5.90,349
2026-10-20 09:00:00,2.20,88,-0.70,,0.00,5.80,356
2026-10-20 10:00:00,3.90,82,1.00,,0.00,6.50,3
2026-10-20 11:00:00,5.70,76,2.80,,0.00,7.30,11
2026-10-20 12:00:00,8.20,67,5.30,,0.00,7.60,5
2026-10-20 13:00:00,9.20,64,6.30,,0.00,8.30,360
2026-10-20 14:00:00,10.10,64,7.40,,0.00,8.50,348
2026-10-20 15:00:00,10.90,58,8.00,,0.00,8.90,339
2026-10-20 16:00:00,10.70,61,7.90,,0.00,9.00,337
2026-10-20 17:00:00,9.80,66,7.20,,0.00,7.10,330
2026-10-20 18:00:00,8.70,73,6.40,,0.00,6.50,326
2026-10-20 19:00:00,7.70,77,5.20,,0.00,6.90,332
2026-10-20 20:00:00,7.10,79,4.50,,0.00,7.40,337
2026-10-20 21:00:00,6.60,82,4.00,,0.00,7.60,341
2026-10-20 22:00:00,6.20,83,3.50,,0.00,7.50,343
2026-10-20 23:00:00,5.80,83,3.20,,0.00,7.00,348
2026-10-21 00:00:00,5.30,84,2.60,,0.00,6.70,344
2026-10-21 01:00:00,5.10,83,2.50,,0.00,6.30,347
2026-10-21 02:00:00,4.90,82,2.20,,0.00,5.90,346
2026-10-21 03:00:00,4.70,82,2.10,,0.00,5.40,360
2026-10-21 04:00:00,4.60,80,2.10,,0.00,4.60,342
2026-10-21 05:00:00,4.60,79,2.00,,0.00,4.50,346
2026-10-21 06:00:00,4.20,82,1.70,,0.00,4.50,331
2026-10-21 07:00:00,3.80,82,1.10,,0.00,5.00,330
2026-10-21 08:00:00,3.60,84,0.80,,0.00,6.30,336
2026-10-21 09:00:00,5.00,82,2.20,,0.00,7.10,345
2026-10-21 10:00:00,6.90,76,4.20,,0.00,7.30,351
2026-10-21 11:00:00,9.00,69,6.50,,0.00,6.70,344
2026-10-21 12:00:00,11.90,54,9.20,,0.00,6.90,351
2026-10-21 13:00:00,13.30,50,10.70,,0.00,6.80,342
2026-10-21 14:00:00,14.10,49,11.70,,0.00,6.50,326
2026-10-21 15:00:00,14.70,46,12.10,,0.00,6.70,324
2026-10-21 16:00:00,14.20,49,11.80,,0.00,6.10,320
2026-10-21 17:00:00,12.60,58,10.60,,0.00,4.30,318
2026-10-21 18:00:00,11.20,64,9.30,,0.00,3.60,315
2026-10-21 19:00:00,10.10,67,8.20,,0.00,3.60,315
2026-10-21 20:00:00,9.50,69,7.60,,0.00,3.60,307
2026-10-21 21:00:00,9.00,70,7.10,,0.00,3.10,306
2026-10-21 22:00:00,8.60,69,6.60,,0.00,2.70,293
2026-10-21 23:00:00,8.40,68,6.40,,0.00,2.60,286
2026-10-22 00:00:00,7.80,71,5.70,,0.00,2.60,286
2026-10-22 01:00:00,7.40,71,5.20,,0.00,2.90,270
2026-10-22 02:00:00,6.90,72,4.70,,0.00,3.40,238
2026-10-22 03:00:00,5.80,77,3.50,,0.00,3.30,221
2026-10-22 04:00:00,5.30,77,2.80,,0.00,4.10,218
2026-10-22 05:00:00,4.20,82,1.70,,0.00,4.00,207
2026-10-22 06:00:00,3.00,89,0.50,,0.00,4.20,211
2026-10-22 07:00:00,2.40,91,-0.20,,0.00,4.50,209
2026-10-22 08:00:00,2.20,92,-0.50,,0.00,4.50,209
2026-10-22 09:00:00,3.70,87,1.10,,0.00,5.00,210
2026-10-22 10:00:00,5.90,78,3.20,,0.00,6.90,219
2026-10-22 11:00:00,8.40,69,5.50,,0.00,9.20,228
2026-10-22 12:00:00,11.40,59,8.50,,0.00,9.40,230
2026-10-22 13:00:00,13.00,55,10.20,,0.00,9.70,228
2026-10-22 14:00:00,14.10,52,11.20,,0.00,10.50,229
2026-10-22 15:00:00,15.40,45,12.30,,0.00,10.60,235
2026-10-22 16:00:00,14.90,49,12.20,,0.00,9.00,233
2026-10-22 17:00:00,13.20,56,10.90,,0.00,6.60,225
2026-10-22 18:00:00,11.80,60,9.70,,0.00,5.10,219
2026-10-22 19:00:00,10.60,62,8.40,,0.00,5.10,219
2026-10-22 20:00:00,9.90,64,7.50,,0.00,5.70,215
2026-10-22 21:00:00,9.60,67,7.20,,0.00,5.90,218
2026-10-22 22:00:00,9.30,67,6.80,,0.00,6.90,223
2026-10-22 23:00:00,8.90,68,6.20,,0.00,7.70,221
2026-10-23 00:00:00,8.80,67,6.00,,0.00,7.90,223
2026-10-23 01:00:00,8.50,68,5.70,,0.00,8.10,225
2026-10-23 02:00:00,8.20,70,5.40,,0.00,8.20,221
2026-10-23 03:00:00,8.30,70,5.50,,0.00,7.90,223
2026-10-23 04:00:00,7.90,72,5.10,,0.00,7.90,223
2026-10-23 05:00:00,7.60,74,4.80,,0.00,7.90,219
2026-10-23 06:00:00,7.20,76,4.40,,0.00,8.40,220
2026-10-23 07:00:00,6.70,79,3.80,,0.00,9.20,225
2026-10-23 08:00:00,6.30,82,3.40,,0.00,9.20,228
2026-10-23 09:00:00,7.00,80,4.10,,0.00,9.60,236
2026-10-23 10:00:00,8.70,74,5.70,,0.00,11.10,245
2026-10-23 11:00:00,10.50,70,7.60,,0.00,11.70,252
2026-10-23 12:00:00,12.10,68,9.40,,0.00,11.70,261
2026-10-23 13:00:00,13.20,66,10.40,,0.00,13.70,273
2026-10-23 14:00:00,12.80,72,10.10,,0.00,15.00,291
2026-10-23 15:00:00,12.20,77,10.00,,0.00,12.40,300
2026-10-23 16:00:00,12.20,77,9.80,,0.00,13.50,312
2026-10-23 17:00:00,12.20,76,10.20,,0.00,10.10,297
2026-10-23 18:00:00,11.50,77,9.40,,0.00,9.80,294
2026-10-23 19:00:00,11.10,71,8.40,,0.00,11.70,317
2026-10-23 20:00:00,9.60,75,7.40,,0.00,6.80,295
2026-10-23 21:00:00,8.50,78,6.10,,0.00,7.60,289
2026-10-23 22:00:00,7.80,81,5.40,,0.00,7.60,289
2026-10-23 23:00:00,7.80,81,5.30,,0.00,8.00,288
2026-10-24 00:00:00,7.60,80,5.10,,0.00,7.60,289
2026-10-24 01:00:00,6.70,85,4.30,,0.00,7.10,294
2026-10-24 02:00:00,6.10,87,3.70,,0.00,6.80,288
2026-10-24 03:00:00,5.60,89,3.20,,0.00,6.60,292
2026-10-24 04:00:00,5.30,90,2.80,,0.00,6.50,289
2026-10-24 05:00:00,4.90,90,2.30,,0.00,6.70,286
2026-10-24 06:00:00,4.40,92,1.80,,0.00,7.30,281
2026-10-24 07:00:00,4.00,93,1.30,,0.00,7.30,281
2026-10-24 08:00:00,3.80,94,1.10,,0.00,7.60,278
2026-10-24 09:00:00,4.80,92,1.90,,0.00,9.80,276
2026-10-24 10:00:00,6.20,86,3.10,,0.00,11.10,283
2026-10-24 11:00:00,7.20,82,4.10,,0.00,11.30,279
2026-10-24 12:00:00,7.80,81,4.60,,0.00,12.70,285
2026-10-24 13:00:00,8.00,79,4.50,,0.00,15.00,287
2026-10-24 14:00:00,7.90,78,4.40,,0.00,14.70,292
2026-10-24 15:00:00,7.90,78,4.60,,0.00,12.80,292
2026-10-24 16:00:00,7.70,79,4.50,,0.00,12.80,286
2026-10-24 17:00:00,7.40,81,4.70,,0.00,9.40,274
2026-10-24 18:00:00,7.70,82,5.00,,0.00,9.90,289
2026-10-24 19:00:00,7.90,80,5.10,,0.00,9.80,294
2026-10-24 20:00:00,7.90,80,5.10,,0.00,9.80,287
2026-10-24 21:00:00,7.80,82,5.20,,0.00,9.30,283
2026-10-24 22:00:00,7.70,84,5.20,,0.00,8.90,284
2026-10-24 23:00:00,7.80,86,5.40,,0.00,8.60,285
2026-10-25 00:00:00,8.00,87,5.80,,0.00,8.60,292
2026-10-25 01:00:00,7.90,90,5.70,,0.00,8.60,285
2026-10-25 02:00:00,7.90,90,5.70,,0.00,8.90,284
2026-10-25 03:00:00,8.10,90,5.90,,0.00,9.10,288
2026-10-25 04:00:00,7.90,91,5.80,,0.00,8.70,287
2026-10-25 05:00:00,7.80,92,5.60,,0.00,8.90,291
2026-10-25 06:00:00,8.30,90,6.10,,0.00,8.80,289
2026-10-25 07:00:00,8.10,91,5.90,,0.00,8.90,291
2026-10-25 08:00:00,8.00,92,5.90,,0.00,8.40,290
2026-10-25 09:00:00,8.60,90,6.50,,0.00,9.20,296
2026-10-25 10:00:00,9.30,86,7.20,,0.00,9.70,301
2026-10-25 11:00:00,10.10,83,7.80,,0.00,10.70,310
2026-10-25 12:00:00,10.40,83,8.10,,0.00,11.20,310
2026-10-25 13:00:00,11.00,78,8.50,,0.00,12.20,317
2026-10-25 14:00:00,10.70,78,8.50,,0.00,10.00,319
2026-10-25 15:00:00,10.90,80,8.70,,0.00,10.70,318
2026-10-25 16:00:00,10.70,80,8.50,,0.00,10.20,321
2026-10-25 17:00:00,10.30,83,8.50,,0.00,7.90,321
2026-10-25 18:00:00,9.90,86,8.20,,0.00,7.40,309
2026-10-25 19:00:00,9.70,88,8.00,,0.00,7.30,303
2026-10-25 20:00:00,9.30,89,7.60,,0.00,7.30,303
2026-10-25 21:00:00,8.90,90,7.40,,0.00,5.40,318
2026-10-25 22:00:00,8.50,92,7.10,,0.00,4.60,321
2026-10-25 23:00:00,8.30,93,6.90,,0.00,4.60,315
2026-10-26 00:00:00,8.20,94,6.90,,0.00,3.80,319
2026-10-26 01:00:00,8.10,94,6.90,,0.00,3.60,315
2026-10-26 02:00:00,8.00,94,6.80,,0.00,2.60,304
2026-10-26 03:00:00,7.80,94,6.60,,0.00,2.30,309
2026-10-26 04:00:00,7.60,94,6.40,,0.00,1.80,307
2026-10-26 05:00:00,7.40,94,6.20,,0.00,1.80,307
2026-10-26 06:00:00,7.40,94,6.30,,0.00,1.50,315
2026-10-26 07:00:00,7.40,94,6.20,,0.00,1.50,284
2026-10-26 08:00:00,7.30,95,6.10,,0.00,1.90,248
2026-10-26 09:00:00,8.00,95,6.90,,0.00,2.10,239
2026-10-26 10:00:00,8.90,90,7.70,,0.00,3.50,246
2026-10-26 11:00:00,9.90,87,8.80,,0.00,4.10,232
2026-10-26 12:00:00,10.80,83,9.60,,0.00,4.80,222
2026-10-26 13:00:00,11.30,78,9.80,,0.00,5.90,227
2026-10-26 14:00:00,11.40,76,9.90,,0.00,5.90,223
2026-10-26 15:00:00,11.50,73,9.80,,0.00,5.90,218
2026-10-26 16:00:00,11.10,75,9.40,,0.00,6.10,220
2026-10-26 17:00:00,10.50,78,9.00,,0.00,4.30,222
2026-10-26 18:00:00,9.50,83,8.10,,0.00,4.10,225
2026-10-26 19:00:00,8.90,84,7.50,,0.00,2.80,220
2026-10-26 20:00:00,8.20,85,6.70,,0.00,3.10,216
2026-10-26 21:00:00,7.70,86,6.10,,0.00,3.50,204
2026-10-26 22:00:00,7.80,86,6.20,,0.00,3.90,202
2026-10-26 23:00:00,7.80,87,5.90,,0.00,5.20,214
2026-10-27 00:00:00,7.00,90,5.20,,0.00,4.20,211
2026-10-27 01:00:00,6.70,89,5.00,,0.00,3.70,209
2026-10-27 02:00:00,6.40,88,4.60,,0.00,3.40,198
2026-10-27 03:00:00,6.20,88,4.30,,0.00,3.30,193
2026-10-27 04:00:00,6.00,88,4.00,,0.10,4.00,190
2026-10-27 05:00:00,5.80,89,3.70,,0.00,4.70,184
2026-10-27 06:00:00,5.80,89,3.50,,0.10,5.80,187
2026-10-27 07:00:00,5.60,88,3.20,,0.00,6.30,193
2026-10-27 08:00:00,5.10,90,2.70,,0.00,6.00,197
2026-10-27 09:00:00,5.50,89,3.00,,0.00,7.20,198
2026-10-27 10:00:00,6.50,86,4.00,,0.00,8.20,203
2026-10-27 11:00:00,7.30,83,4.50,,0.00,9.80,204
2026-10-27 12:00:00,9.10,75,6.50,,0.00,9.50,205
2026-10-27 13:00:00,9.60,74,7.10,,0.00,9.10,198
2026-10-27 14:00:00,10.20,72,7.70,,0.00,8.80,189
2026-10-27 15:00:00,11.00,67,8.70,,0.00,8.00,185
2026-10-27 16:00:00,10.80,69,8.60,,0.00,7.20,180
2026-10-27 17:00:00,10.10,73,8.10,,0.00,5.50,169
2026-10-27 18:00:00,9.30,77,7.30,,0.00,5.40,172
2026-10-27 19:00:00,8.70,79,6.60,,0.00,5.80,184
2026-10-27 20:00:00,8.30,79,6.20,,0.00,6.20,190
2026-10-27 21:00:00,7.80,83,5.90,,0.00,5.20,192
2026-10-27 22:00:00,7.70,83,5.80,,0.00,4.50,194
2026-10-27 23:00:00,7.20,85,5.40,,0.00,4.00,190
2026-10-28 00:00:00,6.60,88,4.90,,0.00,3.30,186
2026-10-28 01:00:00,6.10,88,4.20,,0.00,3.00,194
2026-10-28 02:00:00,5.70,90,3.80,,0.00,2.90,187
2026-10-28 03:00:00,5.30,92,3.70,,0.00,1.60,207
2026-10-28 04:00:00,5.10,94,3.40,,0.00,1.90,202
2026-10-28 05:00:00,4.80,97,3.20,,0.00,1.60,207
2026-10-28 06:00:00,4.60,99,3.00,,0.00,1.50,256
2026-10-28 07:00:00,4.30,100,2.60,,0.00,1.80,259
2026-10-28 08:00:00,3.80,100,2.10,,0.00,1.50,284
2026-10-28 09:00:00,3.90,100,2.10,,0.00,1.80,323
2026-10-28 10:00:00,4.80,100,3.50,,0.00,0.50,225
2026-10-28 11:00:00,5.90,100,4.40,,0.00,3.30,257
2026-10-28 12:00:00,7.90,93,6.60,,0.00,3.30,186
2026-10-28 13:00:00,9.60,87,8.10,,0.00,5.60,255
2026-10-28 14:00:00,10.60,83,9.10,,0.00,6.60,257
2026-10-28 15:00:00,11.50,78,10.20,,0.00,5.40,250
2026-10-28 16:00:00,11.40,79,10.00,,0.00,5.30,242
2026-10-28 17:00:00,10.40,84,9.10,,0.00,4.60,231
2026-10-28 18:00:00,9.50,87,8.30,,0.00,3.90,248
2026-10-28 19:00:00,9.40,88,8.30,,0.00,3.30,257
2026-10-28 20:00:00,9.70,88,8.70,,0.00,3.00,284
2026-10-28 21:00:00,10.00,87,9.00,,0.00,2.90,300
2026-10-28 22:00:00,9.90,88,8.60,,0.00,4.90,306
2026-10-28 23:00:00,9.60,91,8.20,,0.00,6.40,313
2026-10-29 00:00:00,9.30,92,7.80,,0.00,6.20,306
2026-10-29 01:00:00,8.70,93,7.20,,0.00,6.20,306
2026-10-29 02:00:00,8.00,94,6.40,,0.00,5.60,310
2026-10-29 03:00:00,7.40,94,5.60,,0.00,6.10,315
2026-10-29 04:00:00,6.60,95,4.80,,0.00,5.60,310
2026-10-29 05:00:00,6.00,94,4.00,,0.00,5.40,307
2026-10-29 06:00:00,5.50,94,3.60,,0.00,3.50,294
2026-10-29 07:00:00,5.20,93,3.20,,0.00,3.60,270
2026-10-29 08:00:00,4.90,94,2.70,,0.00,5.20,282
2026-10-29 09:00:00,5.20,93,2.80,,0.00,6.60,283
2026-10-29 10:00:00,6.10,88,3.50,,0.00,8.00,297
2026-10-29 11:00:00,7.30,82,4.80,,0.00,7.90,294
2026-10-29 12:00:00,9.00,72,6.40,,0.00,8.20,299
2026-10-29 13:00:00,9.80,67,6.80,,0.00,10.20,312
2026-10-29 14:00:00,10.20,65,7.40,,0.00,9.70,312
2026-10-29 15:00:00,10.50,61,7.60,,0.00,9.40,313
2026-10-29 16:00:00,10.00,62,7.30,,0.00,7.90,313
2026-10-29 17:00:00,9.00,67,6.60,,0.00,5.40,312
2026-10-29 18:00:00,7.70,73,5.50,,0.00,3.60,307
2026-10-29 19:00:00,7.00,75,4.80,,0.00,3.20,297
2026-10-29 20:00:00,6.60,76,4.40,,0.00,3.10,306
2026-10-29 21:00:00,6.20,76,4.10,,0.00,2.80,310
2026-10-29 22:00:00,5.70,77,3.60,,0.00,2.30,288
2026-10-29 23:00:00,5.50,78,3.30,,0.00,2.60,304
2026-10-30 00:00:00,5.30,81,3.20,,0.00,1.90,292
2026-10-30 01:00:00,5.00,83,3.00,,0.00,1.40,270
2026-10-30 02:00:00,4.70,85,2.80,,0.00,1.50,225
2026-10-30 03:00:00,4.40,85,2.30,,0.00,1.90,202
2026-10-30 04:00:00,4.10,87,1.80,,0.00,3.40,198
2026-10-30 05:00:00,4.00,88,1.70,,0.00,3.90,214
2026-10-30 06:00:00,3.90,88,1.60,,0.00,3.40,212
2026-10-30 07:00:00,3.70,88,1.40,,0.00,2.90,210
2026-10-30 08:00:00,3.80,88,1.40,,0.00,3.70,191
2026-10-30 09:00:00,4.30,88,1.60,,0.00,6.20,201
2026-10-30 10:00:00,5.80,83,3.00,,0.00,8.20,209
2026-10-30 11:00:00,7.60,75,4.70,,0.00,9.20,211
2026-10-30 12:00:00,8.50,76,5.80,,0.00,9.00,209
2026-10-30 13:00:00,9.20,73,6.30,,0.00,11.00,212
2026-10-30 14:00:00,9.80,71,7.00,,0.00,10.30,205
2026-10-30 15:00:00,10.70,67,7.80,,0.00,11.70,214
2026-10-30 16:00:00,10.50,69,7.70,,0.00,11.30,211
2026-10-30 17:00:00,10.10,73,7.20,,0.00,11.90,215
2026-10-30 18:00:00,9.40,79,6.80,,0.00,11.30,217
2026-10-30 19:00:00,9.10,84,6.50,,0.00,12.00,224
2026-10-30 20:00:00,8.90,88,6.30,,0.00,12.70,225
2026-10-30 21:00:00,9.00,91,6.60,,0.00,12.00,226
2026-10-30 22:00:00,9.20,92,6.70,,0.00,13.20,227
2026-10-30 23:00:00,9.30,94,7.00,,0.00,13.30,229
2026-10-31 00:00:00,9.70,95,7.50,,0.00,12.50,231
2026-10-31 01:00:00,10.10,96,8.00,,0.00,13.00,242
2026-10-31 02:00:00,10.50,95,8.20,,0.00,15.30,246
2026-10-31 03:00:00,10.90,93,9.00,,0.00,12.80,254
2026-10-31 04:00:00,11.10,91,8.60,,0.20,16.10,260
2026-10-31 05:00:00,11.10,86,8.50,,0.00,15.90,276
2026-10-31 06:00:00,10.60,85,7.90,,0.00,15.10,295
2026-10-31 07:00:00,10.00,83,7.20,,0.00,14.50,312
2026-10-31 08:00:00,8.90,67,6.10,,0.00,8.20,345
2026-10-31 09:00:00,8.00,77,5.80,,0.00,5.50,293
2026-10-31 10:00:00,8.50,78,6.20,,0.00,7.60,289
2026-10-31 11:00:00,8.70,79,5.60,,0.00,13.50,314
2026-10-31 12:00:00,9.20,73,6.10,,0.00,12.10,307
2026-10-31 13:00:00,9.30,70,5.90,,0.00,13.50,312
2026-10-31 14:00:00,9.30,70,6.10,,0.00,12.10,307
2026-10-31 15:00:00,9.10,67,5.80,,0.00,12.20,304
2026-10-31 16:00:00,8.70,67,5.40,,0.00,10.80,291
2026-10-31 17:00:00,7.70,71,5.00,,0.00,7.30,279
2026-10-31 18:00:00,6.60,78,4.20,,0.00,5.80,266
2026-10-31 19:00:00,6.00,81,3.60,,0.00,4.80,257
2026-10-31 20:00:00,5.50,83,3.20,,0.00,4.50,241
2026-10-31 21:00:00,5.30,84,2.90,,0.00,5.40,228
2026-10-31 22:00:00,5.70,85,3.00,,0.00,7.40,227
2026-10-31 23:00:00,5.70,88,3.10,,0.00,7.90,227
2026-11-01 00:00:00,6.20,86,3.50,,0.00,8.40,227
2026-11-01 01:00:00,6.40,85,3.40,,0.00,10.70,222
2026-11-01 02:00:00,6.50,85,3.40,,0.00,11.50,219
2026-11-01 03:00:00,6.70,87,3.70,,0.10,11.70,227
2026-11-01 04:00:00,6.90,90,3.90,,0.20,12.30,230
2026-11-01 05:00:00,7.00,91,3.90,,0.00,13.30,232
2026-11-01 06:00:00,7.20,92,4.10,,0.10,14.20,234
2026-11-01 07:00:00,7.30,91,4.00,,0.20,15.80,246
2026-11-01 08:00:00,7.50,90,4.20,,0.00,15.30,246
2026-11-01 09:00:00,7.60,90,4.30,,0.10,15.50,245
2026-11-01 10:00:00,7.70,90,4.60,,0.20,15.00,240
2026-11-01 11:00:00,7.90,91,4.70,,0.60,16.30,242
2026-11-01 12:00:00,8.60,89,5.50,,0.00,16.20,249
2026-11-01 13:00:00,9.00,87,5.70,,0.00,17.20,241
2026-11-01 14:00:00,9.80,83,6.30,,0.00,18.60,248
2026-11-01 15:00:00,10.30,81,6.90,,0.00,18.50,249
2026-11-01 16:00:00,10.50,80,7.00,,0.00,19.00,255
2026-11-01 17:00:00,10.70,78,7.10,,0.00,18.90,249
2026-11-01 18:00:00,10.70,79,7.10,,0.00,19.20,257
2026-11-01 19:00:00,10.50,79,7.00,,0.00,18.40,259
2026-11-01 20:00:00,10.60,79,7.20,,0.00,18.30,255
2026-11-01 21:00:00,11.00,77,7.50,,0.00,19.20,253
2026-11-01 22:00:00,10.80,78,7.20,,0.00,19.70,252
2026-11-01 23:00:00,10.60,80,7.10,,0.00,19.10,248
2026-11-02 00:00:00,10.70,80,7.10,,0.00,20.10,249
2026-11-02 01:00:00,10.70,80,6.90,,0.00,21.10,250
2026-11-02 02:00:00,10.70,80,6.90,,0.00,21.30,254
2026-11-02 03:00:00,11.00,78,7.10,,0.00,21.80,254
2026-11-02 04:00:00,11.20,78,7.20,,0.00,22.40,255
2026-11-02 05:00:00,11.10,78,7.40,,0.00,20.60,264
2026-11-02 06:00:00,10.70,83,7.30,,0.40,19.60,277
2026-11-02 07:00:00,9.60,65,5.40,,0.40,17.90,292
2026-11-02 08:00:00,7.90,59,3.00,,0.00,18.80,299
2026-11-02 09:00:00,6.70,57,1.60,,0.00,19.10,302
2026-11-02 10:00:00,6.40,61,1.20,,0.00,20.50,308
2026-11-02 11:00:00,6.30,60,1.20,,0.00,18.90,309
2026-11-02 12:00:00,6.10,55,0.70,,0.00,20.60,306
2026-11-02 13:00:00,5.80,53,0.20,,0.00,21.30,307
2026-11-02 14:00:00,5.60,54,0.00,,0.00,21.00,305
2026-11-02 15:00:00,5.70,50,-0.00,,0.00,21.20,305
2026-11-02 16:00:00,5.30,54,0.10,,0.00,18.40,298
2026-11-02 17:00:00,4.60,55,-0.50,,0.00,17.00,302
2026-11-02 18:00:00,4.10,61,-1.00,,0.00,17.50,307
2026-11-02 19:00:00,3.20,70,-1.50,,0.00,16.10,299
2026-11-02 20:00:00,3.10,76,-1.30,,0.00,14.70,301
2026-11-02 21:00:00,3.10,77,-1.20,,0.00,13.80,298
2026-11-02 22:00:00,3.00,78,-1.40,,0.00,15.40,303
2026-11-02 23:00:00,2.80,78,-1.60,,0.00,14.90,307
2026-11-03 00:00:00,2.70,76,-1.90,,0.00,16.10,318
2026-11-03 01:00:00,2.20,79,-2.50,,0.10,16.60,318
2026-11-03 02:00:00,1.90,74,-2.70,,0.00,14.90,323
2026-11-03 03:00:00,1.90,80,-2.10,,0.00,11.80,297
2026-11-03 04:00:00,1.80,79,-2.30,,0.00,12.10,293
2026-11-03 05:00:00,1.90,78,-2.60,,0.00,14.50,300
2026-11-03 06:00:00,1.70,75,-2.80,,0.00,13.70,300
2026-11-03 07:00:00,1.60,76,-3.00,,0.00,15.10,308
2026-11-03 08:00:00,1.50,75,-3.00,,0.00,13.60,310
2026-11-03 09:00:00,1.70,76,-2.60,,0.00,13.10,302
2026-11-03 10:00:00,2.10,66,-2.90,,0.00,16.30,313
2026-11-03 11:00:00,2.60,63,-2.50,,0.00,16.90,320
2026-11-03 12:00:00,3.50,55,-1.70,,0.00,16.40,322
2026-11-03 13:00:00,3.80,54,-1.20,,0.00,15.30,309
2026-11-03 14:00:00,3.90,57,-0.70,,0.00,13.80,290
2026-11-03 15:00:00,4.00,54,-0.70,,0.00,13.60,282
2026-11-03 16:00:00,3.50,55,-1.10,,0.00,12.70,277
2026-11-03 17:00:00,3.00,54,-1.20,,0.00,9.70,272
2026-11-03 18:00:00,2.70,63,-1.00,,0.00,7.30,250
2026-11-03 19:00:00,2.40,66,-1.60,,0.00,9.60,236
2026-11-03 20:00:00,2.40,73,-1.60,,0.00,10.50,232
2026-11-03 21:00:00,2.70,72,-1.40,,0.00,11.70,227
2026-11-03 22:00:00,2.80,70,-1.60,,0.00,13.50,224
2026-11-03 23:00:00,3.00,68,-1.90,,0.00,16.80,228
2026-11-04 00:00:00,2.90,68,-2.70,,0.20,21.60,237
2026-11-04 01:00:00,2.10,77,-3.40,,0.60,21.30,242
2026-11-04 02:00:00,1.70,83,-3.60,,0.70,20.70,235
2026-11-04 03:00:00,2.00,83,-3.10,,0.60,19.60,234
2026-11-04 04:00:00,2.60,80,-2.80,,0.70,21.90,245
2026-11-04 05:00:00,2.80,83,-2.20,,1.00,20.20,254
2026-11-04 06:00:00,3.70,82,-1.20,,0.20,20.00,263
2026-11-04 07:00:00,4.60,82,-0.20,,0.00,20.40,284
2026-11-04 08:00:00,4.60,70,-1.20,,0.00,24.50,311
2026-11-04 09:00:00,3.90,70,-2.20,,0.00,25.50,320
2026-11-04 10:00:00,2.80,72,-3.30,,0.10,25.90,321
2026-11-04 11:00:00,2.70,71,-3.60,,0.00,26.00,323
2026-11-04 12:00:00,2.50,70,-3.80,,0.00,25.70,326
2026-11-04 13:00:00,2.80,65,-3.80,,0.00,27.20,332
2026-11-04 14:00:00,2.20,74,-3.90,,0.00,25.30,327
2026-11-04 15:00:00,2.60,66,-3.80,,0.00,26.10,340
2026-11-04 16:00:00,2.50,66,-3.50,,0.00,22.90,338
2026-11-04 17:00:00,2.00,62,-3.80,,0.00,20.90,336
2026-11-04 18:00:00,1.50,72,-3.90,,0.00,19.30,333
2026-11-04 19:00:00,1.40,66,-4.00,,0.00,18.90,342
2026-11-04 20:00:00,1.10,67,-4.10,,0.00,17.30,343
2026-11-04 21:00:00,0.70,69,-4.60,,0.00,17.70,333
2026-11-04 22:00:00,0.10,72,-5.30,,0.00,17.90,338
2026-11-04 23:00:00,-0.20,68,-5.40,,0.00,16.10,336
2026-11-05 00:00:00,-0.40,66,-5.50,,0.00,15.00,336
2026-11-05 01:00:00,-0.80,69,-5.30,,0.00,11.60,330
2026-11-05 02:00:00,-1.20,72,-5.60,,0.00,10.40,316
2026-11-05 03:00:00,-1.20,72,-5.30,,0.00,8.90,313
2026-11-05 04:00:00,-1.50,75,-5.60,,0.00,8.70,300
2026-11-05 05:00:00,-1.90,79,-6.10,,0.00,9.70,292
2026-11-05 06:00:00,-2.00,81,-6.20,,0.00,9.80,294
2026-11-05 07:00:00,-2.20,82,-6.50,,0.00,10.50,292
2026-11-05 08:00:00,-2.50,85,-6.70,,0.00,10.10,287
2026-11-05 09:00:00,-2.20,85,-6.30,,0.00,9.60,283
2026-11-05 10:00:00,-1.10,81,-5.40,,0.00,11.20,285
2026-11-05 11:00:00,0.10,74,-4.40,,0.00,12.20,284
2026-11-05 12:00:00,1.60,69,-2.70,,0.00,11.60,277
2026-11-05 13:00:00,2.50,63,-2.20,,0.00,13.50,279
2026-11-05 14:00:00,2.70,69,-1.80,,0.00,13.70,273
2026-11-05 15:00:00,2.90,72,-1.30,,0.00,12.20,270
2026-11-05 16:00:00,3.00,73,-1.10,,0.00,12.10,260
2026-11-05 17:00:00,2.60,77,-1.20,,0.00,10.40,256
2026-11-05 18:00:00,2.90,80,-0.90,,0.00,11.20,255
2026-11-05 19:00:00,3.00,80,-0.80,,0.10,11.00,259
2026-11-05 20:00:00,3.10,81,-0.60,,0.10,10.90,261
2026-11-05 21:00:00,3.20,86,-0.40,,0.30,11.20,268
2026-11-05 22:00:00,3.30,89,-0.20,,0.30,10.80,270
2026-11-05 23:00:00,3.40,90,0.00,,0.30,10.50,262
2026-11-06 00:00:00,3.70,92,0.40,,0.30,10.50,262
2026-11-06 01:00:00,3.90,92,0.50,,0.40,11.50,266
2026-11-06 02:00:00,4.00,92,0.60,,0.30,11.90,268
2026-11-06 03:00:00,4.40,92,1.00,,0.20,11.90,268
2026-11-06 04:00:00,4.50,92,1.10,,0.20,13.00,272
2026-11-06 05:00:00,4.70,93,1.30,,0.20,13.00,273
2026-11-06 06:00:00,5.20,92,1.90,,0.20,12.80,281
2026-11-06 07:00:00,5.20,92,1.90,,0.10,13.20,287
2026-11-06 08:00:00,5.20,92,2.00,,0.00,12.50,288
2026-11-06 09:00:00,5.50,92,2.30,,0.00,12.50,288
2026-11-06 10:00:00,5.90,90,2.70,,0.00,12.80,286
2026-11-06 11:00:00,6.70,88,3.60,,0.00,12.50,288
2026-11-06 12:00:00,7.40,88,4.40,,0.00,12.60,283
2026-11-06 13:00:00,7.80,87,4.90,,0.00,12.60,283
2026-11-06 14:00:00,7.90,87,5.10,,0.00,12.20,289
2026-11-06 15:00:00,7.80,87,4.90,,0.00,12.10,287
2026-11-06 16:00:00,7.70,88,4.90,,0.00,11.90,284
2026-11-06 17:00:00,7.40,90,4.80,,0.00,11.20,285
2026-11-06 18:00:00,7.40,89,4.80,,0.00,10.80,285
2026-11-06 19:00:00,7.20,91,4.50,,0.00,11.50,274
2026-11-06 20:00:00,7.20,90,4.20,,0.00,12.60,275
2026-11-06 21:00:00,7.10,89,4.00,,0.00,13.30,273
2026-11-06 22:00:00,6.90,89,3.70,,0.00,13.80,279
2026-11-06 23:00:00,6.80,89,3.90,,0.00,11.60,275
2026-11-07 00:00:00,6.60,91,3.80,,0.00,11.30,292
2026-11-07 01:00:00,6.60,92,3.60,,0.00,12.70,295
2026-11-07 02:00:00,6.60,92,3.60,,0.00,12.40,300
2026-11-07 03:00:00,6.30,91,3.40,,0.00,11.70,304
2026-11-07 04:00:00,6.30,92,3.60,,0.00,10.30,299
2026-11-07 05:00:00,6.40,91,3.90,,0.00,8.90,297
2026-11-07 06:00:00,6.50,90,4.00,,0.00,8.70,300
2026-11-07 07:00:00,6.40,90,3.80,,0.00,8.70,300
2026-11-07 08:00:00,6.20,90,3.50,,0.00,9.70,301
2026-11-07 09:00:00,6.20,91,3.80,,0.00,7.90,294
2026-11-07 10:00:00,6.70,88,4.20,,0.00,7.90,273
2026-11-07 11:00:00,7.20,83,4.60,,0.00,8.70,277
2026-11-07 12:00:00,7.40,84,4.60,,0.00,10.50,297
2026-11-07 13:00:00,7.40,84,4.70,,0.00,10.00,296
2026-11-07 14:00:00,7.70,84,5.20,,0.00,9.30,298
2026-11-07 15:00:00,7.70,82,5.20,,0.00,8.40,301
2026-11-07 16:00:00,7.50,82,5.10,,0.00,7.40,293
2026-11-07 17:00:00,7.00,83,4.50,,0.00,8.00,288
2026-11-07 18:00:00,6.50,84,4.00,,0.00,7.20,288
2026-11-07 19:00:00,6.30,84,4.10,,0.00,5.40,290
2026-11-07 20:00:00,5.90,86,3.70,,0.00,5.10,278
2026-11-07 21:00:00,5.40,86,3.10,,0.00,4.90,287
2026-11-07 22:00:00,5.20,87,2.90,,0.00,5.20,286
2026-11-07 23:00:00,5.20,86,2.60,,0.00,6.30,283
2026-11-08 00:00:00,5.00,86,2.50,,0.00,5.40,290
2026-11-08 01:00:00,4.80,87,2.30,,0.00,6.10,298
2026-11-08 02:00:00,4.70,88,2.20,,0.00,6.00,295
2026-11-08 03:00:00,4.30,89,1.80,,0.00,5.80,300
2026-11-08 04:00:00,4.40,90,1.80,,0.00,6.60,319
2026-11-08 05:00:00,4.40,90,1.90,,0.00,5.80,300
2026-11-08 06:00:00,4.30,90,1.70,,0.00,6.10,298
2026-11-08 07:00:00,4.30,91,1.60,,0.00,7.20,297
2026-11-08 08:00:00,4.40,91,1.70,,0.00,7.70,307
2026-11-08 09:00:00,4.60,91,1.70,,0.00,9.00,323
2026-11-08 10:00:00,5.10,88,2.20,,0.00,8.70,322
2026-11-08 11:00:00,5.70,83,2.80,,0.00,9.20,329
2026-11-08 12:00:00,5.70,84,2.70,,0.00,9.60,347
2026-11-08 13:00:00,6.30,83,3.40,,0.00,9.60,347
2026-11-08 14:00:00,6.30,85,3.30,,0.00,10.40,360
2026-11-08 15:00:00,5.90,85,3.10,,0.10,8.30,358
2026-11-08 16:00:00,5.90,87,3.20,,0.00,8.60,345
2026-11-08 17:00:00,5.60,85,2.70,,0.00,8.70,353
2026-11-08 18:00:00,5.10,87,2.50,,0.00,7.20,360
2026-11-08 19:00:00,4.70,90,2.10,,0.00,6.50,357
2026-11-08 20:00:00,4.30,90,1.70,,0.00,6.70,16
2026-11-08 21:00:00,3.90,85,1.00,,0.00,6.50,19
2026-11-08 22:00:00,3.70,85,1.20,,0.00,4.00,5
2026-11-08 23:00:00,3.70,85,1.10,,0.00,4.30,355
2026-11-09 00:00:00,4.20,84,1.60,,0.00,5.00,360
2026-11-09 01:00:00,3.90,85,1.30,,0.00,4.80,13
2026-11-09 02:00:00,3.40,85,1.00,,0.00,3.30,6
2026-11-09 03:00:00,3.50,81,1.00,,0.00,3.20,360
2026-11-09 04:00:00,3.40,81,0.90,,0.00,3.20,360
2026-11-09 05:00:00,3.20,82,0.70,,0.00,2.50,352
2026-11-09 06:00:00,3.30,80,0.80,,0.00,2.60,326
2026-11-09 07:00:00,2.70,82,0.20,,0.00,2.30,309
2026-11-09 08:00:00,2.50,84,0.00,,0.00,2.30,309
2026-11-09 09:00:00,2.70,83,0.20,,0.00,2.80,310
2026-11-09 10:00:00,3.60,83,1.30,,0.00,2.10,301
2026-11-09 11:00:00,5.00,78,2.60,,0.00,3.70,299
2026-11-09 12:00:00,4.90,81,2.50,,0.00,4.10,285
2026-11-09 13:00:00,5.80,74,3.00,,0.00,5.90,284
2026-11-09 14:00:00,5.80,73,3.00,,0.00,6.00,287
2026-11-09 15:00:00,5.40,78,2.60,,0.00,6.70,286
2026-11-09 16:00:00,5.10,78,2.30,,0.00,6.60,279
2026-11-09 17:00:00,4.60,81,1.80,,0.00,6.20,277
2026-11-09 18:00:00,3.80,87,1.10,,0.00,5.80,277
2026-11-09 19:00:00,3.50,87,0.60,,0.00,6.50,289
2026-11-09 20:00:00,3.30,87,0.50,,0.00,6.40,286
2026-11-09 21:00:00,3.20,88,0.40,,0.00,6.50,289
2026-11-09 22:00:00,3.10,89,0.30,,0.00,6.50,289
2026-11-09 23:00:00,3.10,89,0.20,,0.00,6.60,292
2026-11-10 00:00:00,3.00,87,0.00,,0.00,7.00,305
2026-11-10 01:00:00,2.90,86,-0.30,,0.00,7.70,307
2026-11-10 02:00:00,2.70,86,-0.40,,0.00,7.20,307
2026-11-10 03:00:00,2.60,87,-0.70,,0.00,8.20,319
2026-11-10 04:00:00,2.50,88,-0.60,,0.00,7.40,321
2026-11-10 05:00:00,2.30,90,-0.80,,0.00,7.50,325
2026-11-10 06:00:00,2.10,91,-0.90,,0.00,7.20,333
2026-11-10 07:00:00,1.90,93,-1.10,,0.00,6.80,342
2026-11-10 08:00:00,1.80,94,-1.20,,0.00,6.90,351
2026-11-10 09:00:00,1.60,96,-1.40,,0.00,7.20,360
2026-11-10 10:00:00,1.70,96,-1.40,,0.00,7.60,8
2026-11-10 11:00:00,1.90,96,-1.20,,0.00,8.00,18
2026-11-10 12:00:00,1.90,96,-1.10,,0.00,7.10,24
2026-11-10 13:00:00,2.30,93,-0.80,,0.00,7.60,25
2026-11-10 14:00:00,2.40,93,-0.50,,0.00,6.40,27
2026-11-10 15:00:00,2.40,90,-0.40,,0.00,5.00,21
2026-11-10 16:00:00,2.60,88,-0.10,,0.00,4.90,17
2026-11-10 17:00:00,2.70,88,0.10,,0.00,4.10,15
2026-11-10 18:00:00,2.70,90,0.20,,0.00,3.70,11
2026-11-10 19:00:00,2.80,90,0.40,,0.00,2.90,360
2026-11-10 20:00:00,2.80,91,0.40,,0.00,3.60,6
2026-11-10 21:00:00,2.70,93,0.30,,0.00,3.70,29
2026-11-10 22:00:00,2.80,92,0.40,,0.00,3.70,29
2026-11-10 23:00:00,2.80,93,0.40,,0.00,3.90,34
2026-11-11 00:00:00,2.80,94,0.70,,0.00,2.30,39
2026-11-11 01:00:00,2.90,94,0.80,,0.00,1.90,22
2026-11-11 02:00:00,2.90,94,0.90,,0.00,1.80,11
2026-11-11 03:00:00,3.00,94,0.90,,0.00,2.20,9
2026-11-11 04:00:00,3.00,94,0.80,,0.00,2.90,7
2026-11-11 05:00:00,2.90,95,0.60,,0.00,3.30,6
2026-11-11 06:00:00,2.80,95,0.50,,0.00,3.30,13
2026-11-11 07:00:00,2.80,95,0.40,,0.00,4.20,31
2026-11-11 08:00:00,2.80,95,0.50,,0.00,3.80,49
2026-11-11 09:00:00,2.80,94,0.50,,0.00,3.40,58
2026-11-11 10:00:00,3.20,91,0.80,,0.00,3.90,68
2026-11-11 11:00:00,3.70,82,1.00,,0.00,4.90,73
2026-11-11 12:00:00,3.50,74,0.60,,0.00,4.40,81
2026-11-11 13:00:00,4.00,70,1.10,,0.00,4.10,75
2026-11-11 14:00:00,4.10,69,1.20,,0.00,4.10,75
2026-11-11 15:00:00,3.90,70,1.20,,0.00,3.10,69
2026-11-11 16:00:00,3.80,71,1.10,,0.00,3.30,77
2026-11-11 17:00:00,3.40,76,0.80,,0.00,2.70,67
2026-11-11 18:00:00,3.10,79,0.60,,0.00,2.30,72
2026-11-11 19:00:00,2.70,81,0.20,,0.00,2.30,72
2026-11-11 20:00:00,2.40,81,-0.10,,0.00,1.80,79
2026-11-11 21:00:00,2.30,79,-0.30,,0.00,1.80,90
2026-11-11 22:00:00,2.20,79,-0.30,,0.00,1.80,101
2026-11-11 23:00:00,2.20,79,-0.40,,0.00,1.80,90
2026-11-12 00:00:00,2.20,79,-0.40,,0.00,1.80,101
2026-11-12 01:00:00,2.00,79,-0.60,,0.00,1.80,90
2026-11-12 02:00:00,1.90,79,-0.70,,0.00,2.10,59
2026-11-12 03:00:00,1.60,80,-1.10,,0.00,2.80,40
2026-11-12 04:00:00,1.50,81,-1.20,,0.00,2.80,40
2026-11-12 05:00:00,1.30,82,-1.40,,0.00,2.80,40
2026-11-12 06:00:00,1.60,80,-1.10,,0.00,2.50,45
2026-11-12 07:00:00,1.50,81,-1.20,,0.00,2.90,60
2026-11-12 08:00:00,1.60,81,-1.20,,0.00,2.70,67
2026-11-12 09:00:00,1.80,78,-1.00,,0.00,2.40,63
2026-11-12 10:00:00,2.40,77,-0.20,,0.00,1.80,90
2026-11-12 11:00:00,3.30,70,0.40,,0.00,4.00,117
2026-11-12 12:00:00,3.50,70,0.60,,0.00,4.10,135
2026-11-12 13:00:00,4.00,68,1.10,,0.00,4.20,149
2026-11-12 14:00:00,4.20,67,1.30,,0.00,3.90,158
2026-11-12 15:00:00,3.60,67,0.70,,0.00,3.30,167
2026-11-12 16:00:00,3.50,68,0.70,,0.00,3.10,159
2026-11-12 17:00:00,3.00,70,0.30,,0.00,2.40,153
2026-11-12 18:00:00,2.80,73,0.10,,0.00,2.30,162
2026-11-12 19:00:00,2.50,74,-0.30,,0.00,2.60,164
2026-11-12 20:00:00,2.20,75,-0.60,,0.00,3.00,166
2026-11-12 21:00:00,2.10,71,-1.00,,0.00,4.10,165
2026-11-12 22:00:00,1.80,73,-1.30,,0.00,4.20,160
2026-11-12 23:00:00,1.60,73,-1.50,,0.00,4.30,156
2026-11-13 00:00:00,1.60,74,-1.40,,0.00,3.60,174
2026-11-13 01:00:00,1.30,76,-1.70,,0.00,3.20,180
2026-11-13 02:00:00,1.10,77,-1.80,,0.00,2.90,173
2026-11-13 03:00:00,1.30,75,-1.50,,0.00,2.00,135
2026-11-13 04:00:00,1.20,75,-1.70,,0.00,2.00,135
2026-11-13 05:00:00,1.10,76,-1.80,,0.00,2.30,129
2026-11-13 06:00:00,1.20,75,-1.60,,0.00,2.10,149
2026-11-13 07:00:00,1.10,75,-1.70,,0.00,2.30,141
2026-11-13 08:00:00,1.00,75,-1.90,,0.00,2.80,130
2026-11-13 09:00:00,1.30,74,-1.80,,0.00,3.40,148
2026-11-13 10:00:00,1.70,73,-1.40,,0.00,4.50,151
2026-11-13 11:00:00,2.40,68,-0.90,,0.00,5.20,155
2026-11-13 12:00:00,2.30,69,-1.00,,0.00,4.80,167
2026-11-13 13:00:00,2.70,65,-0.80,,0.00,5.80,184
2026-11-13 14:00:00,2.70,66,-0.70,,0.00,5.60,195
2026-11-13 15:00:00,2.20,69,-1.00,,0.00,4.80,193
2026-11-13 16:00:00,2.10,70,-0.90,,0.00,3.70,169
2026-11-13 17:00:00,1.90,72,-1.20,,0.00,3.70,151
2026-11-13 18:00:00,1.70,76,-1.20,,0.00,3.20,153
2026-11-13 19:00:00,1.50,78,-1.40,,0.00,3.50,156
2026-11-13 20:00:00,1.40,78,-1.50,,0.00,3.50,156
2026-11-13 21:00:00,1.50,79,-1.40,,0.00,3.70,151
2026-11-13 22:00:00,1.50,79,-1.40,,0.00,3.60,174
2026-11-13 23:00:00,1.50,80,-1.50,,0.00,4.00,180
2026-11-14 00:00:00,1.40,82,-1.40,,0.00,3.20,180
2026-11-14 01:00:00,1.40,82,-1.30,,0.00,2.50,180
2026-11-14 02:00:00,1.30,84,-1.20,,0.00,1.40,180
2026-11-14 03:00:00,1.10,85,-1.50,,0.00,1.90,158
2026-11-14 04:00:00,0.90,86,-1.80,,0.00,2.10,149
2026-11-14 05:00:00,0.60,87,-2.10,,0.00,2.60,146
2026-11-14 06:00:00,0.60,87,-2.10,,0.00,2.50,135
2026-11-14 07:00:00,0.60,87,-2.10,,0.00,2.60,146
2026-11-14 08:00:00,0.70,86,-2.10,,0.00,3.50,156
2026-11-14 09:00:00,0.90,87,-2.10,,0.00,4.30,156
2026-11-14 10:00:00,1.20,86,-1.80,,0.00,5.20,164
2026-11-14 11:00:00,1.70,85,-1.40,,0.00,5.60,165
2026-11-14 12:00:00,1.80,88,-1.10,,0.10,5.50,157
2026-11-14 13:00:00,2.10,89,-0.80,,0.10,6.00,163
2026-11-14 14:00:00,2.20,91,-0.70,,0.20,6.00,163
2026-11-14 15:00:00,2.20,91,-0.80,,0.20,6.50,174
2026-11-14 16:00:00,2.10,92,-0.80,,0.10,6.10,177
2026-11-14 17:00:00,1.90,93,-0.90,,0.10,5.80,184
2026-11-14 18:00:00,1.70,94,-1.20,,0.10,5.80,187
2026-11-14 19:00:00,1.70,95,-1.20,,0.10,6.00,205
2026-11-14 20:00:00,1.60,95,-1.20,,0.10,5.90,227
2026-11-14 21:00:00,1.50,94,-1.40,,0.10,5.90,232
2026-11-14 22:00:00,1.40,95,-1.60,,0.00,6.10,230
2026-11-14 23:00:00,1.20,96,-1.80,,0.10,6.80,238
2026-11-15 00:00:00,1.30,95,-1.80,,0.00,7.10,246
2026-11-15 01:00:00,0.90,96,-2.30,,0.20,7.70,242
2026-11-15 02:00:00,0.90,92,-2.80,,0.10,9.90,251
2026-11-15 03:00:00,0.50,87,-3.20,,0.00,9.70,248
2026-11-15 04:00:00,-0.10,89,-3.90,,0.00,9.80,234
2026-11-15 05:00:00,-0.50,87,-4.30,,0.00,9.00,233
2026-11-15 06:00:00,-0.70,91,-4.30,,0.00,7.90,231
2026-11-15 07:00:00,-0.60,89,-4.30,,0.00,9.00,247
2026-11-15 08:00:00,-0.60,93,-4.10,,0.00,7.60,225
2026-11-15 09:00:00,-0.40,94,-3.80,,0.00,7.90,227
2026-11-15 10:00:00,-0.10,94,-3.60,,0.00,8.10,225
2026-11-15 11:00:00,0.40,92,-3.20,,0.10,9.30,234
2026-11-15 12:00:00,0.60,90,-3.00,,0.10,9.00,241
2026-11-15 13:00:00,0.90,90,-2.50,,0.10,8.40,245
2026-11-15 14:00:00,1.20,90,-2.10,,0.20,7.80,248
2026-11-15 15:00:00,1.30,90,-1.90,,0.20,7.60,270
2026-11-15 16:00:00,1.30,89,-1.90,,0.10,7.20,288
2026-11-15 17:00:00,1.20,89,-2.10,,0.00,7.40,299
2026-11-15 18:00:00,1.20,89,-2.00,,0.00,7.30,303
2026-11-15 19:00:00,1.20,90,-2.10,,0.00,7.80,304
2026-11-15 20:00:00,1.00,90,-2.30,,0.00,7.50,305
2026-11-15 21:00:00,0.90,90,-2.20,,0.00,6.10,298
2026-11-15 22:00:00,0.40,91,-2.60,,0.00,5.20,295
2026-11-15 23:00:00,-0.00,93,-3.00,,0.00,4.30,265
2026-11-16 00:00:00,-0.20,92,-3.20,,0.00,5.10,266
2026-11-16 01:00:00,-0.30,92,-3.50,,0.00,5.90,259
2026-11-16 02:00:00,-0.40,92,-3.60,,0.00,6.20,260
2026-11-16 03:00:00,0.20,91,-3.10,,0.00,6.70,254
2026-11-16 04:00:00,0.30,93,-3.00,,0.00,7.20,243
2026-11-16 05:00:00,0.20,94,-3.10,,0.00,7.40,247
2026-11-16 06:00:00,0.30,96,-3.00,,0.00,7.60,245
2026-11-16 07:00:00,0.20,98,-3.10,,0.00,8.20,241
2026-11-16 08:00:00,0.40,98,-3.00,,0.00,8.90,238
2026-11-16 09:00:00,0.80,98,-2.60,,0.00,9.20,239
2026-11-16 10:00:00,1.40,97,-2.00,,0.00,9.70,239
2026-11-16 11:00:00,2.00,96,-1.40,,0.00,10.40,236
2026-11-16 12:00:00,2.60,94,-1.10,,0.00,12.10,240
2026-11-16 13:00:00,3.00,91,-0.80,,0.00,13.40,243
2026-11-16 14:00:00,3.30,89,-0.50,,0.00,13.00,242
2026-11-16 15:00:00,3.50,87,-0.00,,0.00,11.30,243
2026-11-16 16:00:00,3.50,86,-0.40,,0.00,13.40,250
2026-11-16 17:00:00,3.20,87,-0.70,,0.00,13.30,251
2026-11-16 18:00:00,3.20,88,-0.60,,0.00,12.60,250
2026-11-16 19:00:00,3.10,89,-0.60,,0.00,12.80,248
2026-11-16 20:00:00,3.20,90,-0.40,,0.00,11.80,243
2026-11-16 21:00:00,3.20,92,-0.10,,0.00,10.30,241
2026-11-16 22:00:00,3.30,93,0.00,,0.00,10.70,237
2026-11-16 23:00:00,3.40,95,0.10,,0.00,10.90,224
2026-11-17 00:00:00,3.50,95,0.20,,0.00,11.20,220
2026-11-17 01:00:00,3.70,96,0.40,,0.00,11.20,222
2026-11-17 02:00:00,3.80,96,0.50,,0.00,11.80,220
2026-11-17 03:00:00,3.70,96,0.50,,0.00,10.80,217
2026-11-17 04:00:00,3.80,97,0.60,,0.00,10.70,213
2026-11-17 05:00:00,3.80,98,0.70,,0.00,10.60,208
2026-11-17 06:00:00,3.90,99,0.80,,0.00,10.80,210
2026-11-17 07:00:00,4.10,99,1.00,,0.00,11.40,208
2026-11-17 08:00:00,4.30,98,1.00,,0.00,12.90,210
2026-11-17 09:00:00,4.60,97,1.20,,0.00,13.20,215
2026-11-17 10:00:00,5.00,92,1.40,,0.00,14.60,218
2026-11-17 11:00:00,5.20,89,1.50,,0.00,14.80,214
2026-11-17 12:00:00,6.20,83,2.40,,0.00,15.80,221
2026-11-17 13:00:00,6.70,80,2.90,,0.00,15.10,218
2026-11-17 14:00:00,7.20,76,3.50,,0.00,14.80,214
2026-11-17 15:00:00,7.60,71,3.90,,0.00,14.10,218
2026-11-17 16:00:00,7.20,72,3.70,,0.00,12.50,213
2026-11-17 17:00:00,6.20,75,2.80,,0.00,10.50,211
2026-11-17 18:00:00,5.30,78,2.10,,0.00,9.20,201
2026-11-17 19:00:00,4.70,80,1.50,,0.00,9.20,201
2026-11-17 20:00:00,4.20,82,0.80,,0.00,9.80,197
2026-11-17 21:00:00,3.70,86,0.50,,0.00,9.20,201
2026-11-17 22:00:00,3.40,87,0.10,,0.00,9.70,202
2026-11-17 23:00:00,3.10,86,-0.30,,0.00,9.70,202
2026-11-18 00:00:00,2.70,86,-0.80,,0.00,9.80,204
2026-11-18 01:00:00,2.30,88,-1.20,,0.00,9.70,202
2026-11-18 02:00:00,2.00,89,-1.50,,0.00,9.70,202
2026-11-18 03:00:00,1.70,90,-1.90,,0.00,9.80,204
2026-11-18 04:00:00,1.40,92,-2.00,,0.00,9.40,203
2026-11-18 05:00:00,1.10,94,-2.40,,0.00,9.40,203
2026-11-18 06:00:00,0.90,95,-2.50,,0.00,9.40,203
2026-11-18 07:00:00,0.70,97,-2.80,,0.00,10.10,207
2026-11-18 08:00:00,0.60,97,-3.10,,0.00,10.80,206
2026-11-18 09:00:00,0.80,96,-2.90,,0.00,10.90,207
2026-11-18 10:00:00,1.50,92,-2.30,,0.00,12.10,217
2026-11-18 11:00:00,2.30,88,-1.40,,0.00,11.40,215
2026-11-18 12:00:00,3.00,88,-0.70,,0.00,11.50,221
2026-11-18 13:00:00,3.50,86,0.00,,0.00,10.60,215
2026-11-18 14:00:00,4.20,84,0.70,,0.00,11.30,207
2026-11-18 15:00:00,3.90,86,0.30,,0.00,12.30,230
2026-11-18 16:00:00,4.40,83,1.00,,0.00,10.10,235
2026-11-18 17:00:00,4.20,85,1.10,,0.00,8.70,218
2026-11-18 18:00:00,3.90,88,0.90,,0.00,8.30,214
2026-11-18 19:00:00,3.30,91,0.20,,0.00,8.70,218
2026-11-18 20:00:00,2.90,92,-0.20,,0.00,8.70,222
2026-11-18 21:00:00,2.70,90,-0.50,,0.00,8.50,216
2026-11-18 22:00:00,2.30,91,-0.90,,0.00,8.30,214
2026-11-18 23:00:00,2.20,90,-1.00,,0.00,7.80,214
2026-11-19 00:00:00,2.50,87,-0.60,,0.00,6.80,212
2026-11-19 01:00:00,2.20,88,-1.00,,0.00,7.40,209
2026-11-19 02:00:00,1.90,89,-1.10,,0.00,6.40,207
2026-11-19 03:00:00,1.70,90,-1.30,,0.00,5.70,198
2026-11-19 04:00:00,1.50,90,-1.60,,0.00,6.70,196
2026-11-19 05:00:00,1.50,93,-1.60,,0.30,7.10,195
2026-11-19 06:00:00,0.50,100,-2.20,,2.20,4.30,204
2026-11-19 07:00:00,0.30,100,-2.30,,2.20,3.40,212
2026-11-19 08:00:00,0.30,99,-2.40,,1.80,4.20,239
2026-11-19 09:00:00,0.70,97,-2.40,,0.30,6.50,251
2026-11-19 10:00:00,1.20,95,-2.80,,0.10,13.40,265
2026-11-19 11:00:00,2.30,87,-1.70,,0.00,13.00,265
2026-11-19 12:00:00,3.00,86,-0.60,,0.00,11.40,252
2026-11-19 13:00:00,3.20,86,-0.70,,0.00,12.90,243
2026-11-19 14:00:00,3.30,83,-0.40,,0.00,11.60,240
2026-11-19 15:00:00,3.60,80,0.00,,0.00,10.40,236
2026-11-19 16:00:00,3.20,81,-0.20,,0.00,8.80,235
2026-11-19 17:00:00,2.40,85,-0.60,,0.00,6.10,225
2026-11-19 18:00:00,2.30,86,-0.70,,0.00,6.00,213
2026-11-19 19:00:00,2.30,87,-0.80,,0.00,6.50,214
2026-11-19 20:00:00,1.90,88,-1.30,,0.00,7.30,200
2026-11-19 21:00:00,1.50,85,-1.70,,0.00,6.90,189
2026-11-19 22:00:00,1.20,88,-2.20,,0.00,7.90,177
2026-11-19 23:00:00,1.00,84,-2.80,,0.00,10.10,176
2026-11-20 00:00:00,0.80,82,-3.20,,0.00,10.90,174
2026-11-20 01:00:00,0.90,81,-3.40,,0.00,12.50,168
2026-11-20 02:00:00,1.10,81,-3.30,,0.00,13.70,166
2026-11-20 03:00:00,1.50,82,-2.90,,0.00,13.70,157
2026-11-20 04:00:00,1.60,84,-2.90,,0.00,15.00,156
2026-11-20 05:00:00,1.90,84,-2.70,,0.00,16.90,160
2026-11-20 06:00:00,2.40,86,-2.00,,0.00,15.70,164
2026-11-20 07:00:00,2.50,87,-2.00,,0.00,16.40,165
2026-11-20 08:00:00,2.80,90,-1.60,,0.00,16.90,164
2026-11-20 09:00:00,4.00,92,-0.10,,0.00,16.70,166
2026-11-20 10:00:00,4.70,90,0.50,,0.00,17.50,171
2026-11-20 11:00:00,5.10,86,0.80,,0.00,18.20,166
2026-11-20 12:00:00,6.20,86,1.90,,0.00,19.50,175
2026-11-20 13:00:00,7.30,83,3.20,,0.00,19.10,176
2026-11-20 14:00:00,8.00,80,4.00,,0.00,18.40,174
2026-11-20 15:00:00,8.90,76,4.70,,0.00,20.10,171
2026-11-20 16:00:00,8.60,78,4.40,,0.00,20.40,166
2026-11-20 17:00:00,8.50,79,4.10,,0.00,21.70,173
2026-11-20 18:00:00,8.70,79,4.60,,0.00,19.90,163
2026-11-20 19:00:00,8.40,81,4.30,,0.00,20.40,166
2026-11-20 20:00:00,8.40,81,4.20,,0.00,21.00,164
2026-11-20 21:00:00,9.10,81,5.00,,0.00,20.80,170
2026-11-20 22:00:00,9.30,83,5.40,,0.10,20.50,169
2026-11-20 23:00:00,9.70,82,5.90,,0.10,20.60,176
2026-11-21 00:00:00,10.10,82,6.20,,0.00,21.30,177
2026-11-21 01:00:00,9.90,83,6.30,,0.00,19.40,179
2026-11-21 02:00:00,10.00,83,6.50,,0.00,19.10,182
2026-11-21 03:00:00,10.00,83,6.80,,0.00,17.00,185
2026-11-21 04:00:00,9.80,86,7.00,,0.00,15.10,183
2026-11-21 05:00:00,9.60,87,6.90,,0.40,13.70,178
2026-11-21 06:00:00,9.50,90,7.00,,0.90,13.00,180
2026-11-21 07:00:00,7.60,90,4.40,,3.00,14.60,280
2026-11-21 08:00:00,4.60,90,1.30,,0.90,11.80,348
2026-11-21 09:00:00,2.70,91,-1.50,,2.50,15.40,327
2026-11-21 10:00:00,0.40,96,-3.80,,3.20,13.50,331
2026-11-21 11:00:00,0.50,96,-3.60,,2.80,12.90,330
2026-11-21 12:00:00,0.50,96,-3.50,,2.40,12.70,335
2026-11-21 13:00:00,0.40,96,-3.50,,2.10,12.40,330
2026-11-21 14:00:00,0.40,96,-3.60,,2.40,12.40,324
2026-11-21 15:00:00,0.20,96,-4.10,,2.20,14.40,323
2026-11-21 16:00:00,0.40,95,-3.90,,1.60,14.30,313
2026-11-21 17:00:00,0.50,93,-4.20,,1.20,16.70,295
2026-11-21 18:00:00,0.70,94,-4.10,,0.70,18.10,293
2026-11-21 19:00:00,0.50,94,-3.90,,0.50,14.90,277
2026-11-21 20:00:00,0.80,91,-4.20,,0.20,19.50,272
2026-11-21 21:00:00,0.40,84,-4.80,,0.00,19.10,271
2026-11-21 22:00:00,0.10,86,-4.60,,0.00,16.00,262
2026-11-21 23:00:00,-0.10,80,-5.30,,0.00,17.70,266
2026-11-22 00:00:00,-0.50,80,-5.10,,0.00,13.00,246
2026-11-22 01:00:00,-0.80,85,-5.30,,0.00,13.00,231
2026-11-22 02:00:00,-0.90,88,-5.20,,0.00,12.70,225
2026-11-22 03:00:00,-0.90,91,-5.10,,0.00,12.00,221
2026-11-22 04:00:00,-0.60,91,-4.80,,0.00,12.30,230
2026-11-22 05:00:00,-0.70,91,-4.70,,0.00,10.70,222
2026-11-22 06:00:00,-1.10,93,-5.10,,0.00,10.50,211
2026-11-22 07:00:00,-1.50,93,-5.60,,0.00,10.50,211
2026-11-22 08:00:00,-1.90,93,-6.00,,0.00,10.30,205
2026-11-22 09:00:00,-2.50,94,-6.50,,0.00,9.70,195
2026-11-22 10:00:00,-2.20,93,-6.40,,0.00,11.30,187
2026-11-22 11:00:00,-1.20,89,-5.90,,0.00,14.90,188
2026-11-22 12:00:00,-0.50,88,-4.90,,0.00,13.10,171
2026-11-22 13:00:00,-0.10,87,-4.70,,0.00,14.30,162
2026-11-22 14:00:00,0.20,87,-4.50,,0.00,15.40,147
2026-11-22 15:00:00,0.40,88,-4.00,,0.00,14.00,138
2026-11-22 16:00:00,0.50,88,-4.00,,0.00,14.80,131
2026-11-22 17:00:00,0.70,86,-3.90,,0.00,15.00,134
2026-11-22 18:00:00,0.90,87,-3.80,,0.40,16.80,138
2026-11-22 19:00:00,0.70,90,-4.30,,1.10,19.10,136
2026-11-22 20:00:00,0.80,90,-4.50,,1.10,20.80,143
2026-11-22 21:00:00,0.80,92,-4.10,,1.60,18.70,142
2026-11-22 22:00:00,0.80,93,-3.90,,2.10,17.20,143
2026-11-22 23:00:00,0.70,94,-3.70,,2.50,15.30,141
2026-11-23 00:00:00,0.60,98,-3.30,,3.30,12.80,142
2026-11-23 01:00:00,1.50,94,-2.50,,2.70,13.00,132
2026-11-23 02:00:00,2.00,93,-1.50,,2.20,10.70,138
2026-11-23 03:00:00,2.20,93,-1.30,,2.40,10.70,138
2026-11-23 04:00:00,2.20,93,-1.30,,1.80,10.20,135
2026-11-23 05:00:00,2.20,95,-0.80,,1.40,7.10,120
2026-11-23 06:00:00,2.40,96,-0.20,,0.90,4.90,107
2026-11-23 07:00:00,2.20,97,-0.10,,0.60,3.50,66
2026-11-23 08:00:00,2.20,98,-0.00,,0.30,2.80,50
2026-11-23 09:00:00,2.30,99,0.20,,0.10,2.40,333
2026-11-23 10:00:00,2.30,99,-0.30,,0.20,5.80,300
2026-11-23 11:00:00,1.70,96,-1.80,,0.30,10.60,305
2026-11-23 12:00:00,1.40,94,-2.50,,0.10,12.60,297
2026-11-23 13:00:00,1.20,92,-2.80,,0.10,12.90,297
2026-11-23 14:00:00,1.00,92,-3.20,,0.20,14.20,300
2026-11-23 15:00:00,0.90,91,-3.50,,0.20,15.10,303
2026-11-23 16:00:00,0.50,91,-4.10,,0.20,16.40,299
2026-11-23 17:00:00,0.10,91,-4.60,,0.20,16.70,295
2026-11-23 18:00:00,-0.10,91,-4.80,,0.10,16.40,296
2026-11-23 19:00:00,-0.20,86,-5.10,,0.00,17.00,302
2026-11-23 20:00:00,-0.50,85,-5.50,,0.00,16.60,304
2026-11-23 21:00:00,-1.10,83,-6.00,,0.00,15.50,301
2026-11-23 22:00:00,-1.40,85,-6.10,,0.00,14.60,303
2026-11-23 23:00:00,-1.20,88,-5.40,,0.00,11.60,300
2026-11-24 00:00:00,-1.10,91,-5.30,,0.00,12.00,291
2026-11-24 01:00:00,-0.90,88,-5.40,,0.00,13.70,297
2026-11-24 02:00:00,-0.90,87,-5.10,,0.00,10.90,297
2026-11-24 03:00:00,-1.00,86,-5.10,,0.00,10.60,288
2026-11-24 04:00:00,-1.60,86,-5.90,,0.00,10.90,297
2026-11-24 05:00:00,-2.20,88,-6.20,,0.00,8.90,284
2026-11-24 06:00:00,-2.30,90,-6.20,,0.00,8.60,285
2026-11-24 07:00:00,-2.30,92,-6.10,,0.00,8.20,285
2026-11-24 08:00:00,-2.50,93,-6.50,,0.00,9.00,293
2026-11-24 09:00:00,-2.50,92,-6.20,,0.00,7.20,288
2026-11-24 10:00:00,-2.10,91,-6.10,,0.00,9.50,299
2026-11-24 11:00:00,-1.10,87,-5.60,,0.00,13.30,311
2026-11-24 12:00:00,-0.70,87,-4.40,,0.00,8.30,304
2026-11-24 13:00:00,-0.40,81,-4.40,,0.00,9.90,316
2026-11-24 14:00:00,-0.30,82,-4.20,,0.00,9.20,312
2026-11-24 15:00:00,-0.60,83,-4.50,,0.00,8.70,315
2026-11-24 16:00:00,-0.40,83,-3.80,,0.00,6.00,335
2026-11-24 17:00:00,-0.50,84,-3.60,,0.00,3.80,343
2026-11-24 18:00:00,-0.60,87,-3.50,,0.00,2.70,337
2026-11-24 19:00:00,-0.90,86,-3.60,,0.00,1.50,315
2026-11-24 20:00:00,-1.30,86,-4.20,,0.00,1.80,281
2026-11-24 21:00:00,-2.10,88,-5.10,,0.00,2.40,333
2026-11-24 22:00:00,-2.60,90,-5.50,,0.00,1.90,338
2026-11-24 23:00:00,-2.90,91,-5.80,,0.00,1.30,34
2026-11-25 00:00:00,-3.00,92,-6.00,,0.00,1.80,90
2026-11-25 01:00:00,-3.20,93,-6.10,,0.00,1.10,72
2026-11-25 02:00:00,-3.40,94,-6.40,,0.00,1.80,53
2026-11-25 03:00:00,-3.60,95,-6.70,,0.00,2.60,56
2026-11-25 04:00:00,-3.60,92,-6.90,,0.00,3.40,72
2026-11-25 05:00:00,-3.50,89,-6.70,,0.00,2.90,83
2026-11-25 06:00:00,-3.40,89,-6.50,,0.00,2.20,81
2026-11-25 07:00:00,-3.50,89,-6.80,,0.00,2.90,97
2026-11-25 08:00:00,-3.90,90,-7.30,,0.00,4.40,99
2026-11-25 09:00:00,-3.90,89,-7.50,,0.00,5.20,106
2026-11-25 10:00:00,-3.60,87,-7.40,,0.00,6.20,111
2026-11-25 11:00:00,-3.20,87,-7.10,,0.00,7.30,123
2026-11-25 12:00:00,-3.00,89,-6.60,,0.00,5.60,135
2026-11-25 13:00:00,-2.60,88,-5.90,,0.00,3.70,151
2026-11-25 14:00:00,-2.40,88,-5.40,,0.00,2.00,135
2026-11-25 15:00:00,-2.50,89,-5.60,,0.00,2.30,108
2026-11-25 16:00:00,-2.60,88,-6.00,,0.00,5.00,120
2026-11-25 17:00:00,-3.00,89,-6.50,,0.00,5.40,127
2026-11-25 18:00:00,-3.40,90,-6.90,,0.00,4.80,117
2026-11-25 19:00:00,-3.60,92,-7.00,,0.00,4.40,125
2026-11-25 20:00:00,-3.80,93,-7.20,,0.00,4.60,135
2026-11-25 21:00:00,-3.70,93,-7.20,,0.00,5.00,150
2026-11-25 22:00:00,-3.70,93,-7.20,,0.00,5.20,155
2026-11-25 23:00:00,-3.90,92,-7.50,,0.00,5.40,160
2026-11-26 00:00:00,-4.00,93,-7.50,,0.00,5.00,159
2026-11-26 01:00:00,-4.20,92,-7.60,,0.00,4.20,160
2026-11-26 02:00:00,-4.30,91,-7.60,,0.00,3.40,162
2026-11-26 03:00:00,-4.20,91,-7.60,,0.00,3.70,151
2026-11-26 04:00:00,-4.20,90,-7.60,,0.00,3.30,139
2026-11-26 05:00:00,-4.30,89,-7.60,,0.00,3.30,131
2026-11-26 06:00:00,-4.20,89,-7.60,,0.00,3.60,127
2026-11-26 07:00:00,-4.50,89,-8.00,,0.00,4.30,132
2026-11-26 08:00:00,-4.60,89,-8.30,,0.00,5.60,130
2026-11-26 09:00:00,-4.40,88,-8.20,,0.00,6.10,130
2026-11-26 10:00:00,-4.00,86,-7.90,,0.00,7.10,135
2026-11-26 11:00:00,-3.20,83,-7.20,,0.00,7.20,143
2026-11-26 12:00:00,-2.30,82,-6.00,,0.00,6.10,140
2026-11-26 13:00:00,-1.70,79,-5.40,,0.00,6.20,144
2026-11-26 14:00:00,-1.40,80,-5.00,,0.00,6.40,133
2026-11-26 15:00:00,-1.20,79,-4.90,,0.00,6.60,131
2026-11-26 16:00:00,-1.80,81,-5.60,,0.00,7.40,133
2026-11-26 17:00:00,-3.10,86,-7.00,,0.00,7.60,135
2026-11-26 18:00:00,-4.20,90,-8.40,,0.00,8.90,133
2026-11-26 19:00:00,-4.70,89,-8.90,,0.00,8.70,138
2026-11-26 20:00:00,-5.00,89,-9.30,,0.00,9.20,141
2026-11-26 21:00:00,-4.90,93,-9.10,,0.00,9.10,146
2026-11-26 22:00:00,-4.70,93,-8.70,,0.00,8.20,157
2026-11-26 23:00:00,-4.30,92,-8.00,,0.00,6.30,167
2026-11-27 00:00:00,-4.00,92,-7.70,,0.00,6.40,164
2026-11-27 01:00:00,-3.80,93,-7.40,,0.00,5.60,165
2026-11-27 02:00:00,-3.60,93,-7.00,,0.00,4.80,167
2026-11-27 03:00:00,-3.10,95,-6.30,,0.00,3.80,163
2026-11-27 04:00:00,-3.00,94,-6.20,,0.00,4.10,165
2026-11-27 05:00:00,-2.80,95,-6.10,,0.00,4.70,157
2026-11-27 06:00:00,-2.90,95,-6.30,,0.00,5.20,155
2026-11-27 07:00:00,-2.70,95,-6.00,,0.00,4.60,162
2026-11-27 08:00:00,-2.60,94,-5.90,,0.00,4.30,180
2026-11-27 09:00:00,-2.70,94,-6.10,,0.00,4.80,193
2026-11-27 10:00:00,-2.60,94,-5.90,,0.00,5.20,205
2026-11-27 11:00:00,-2.40,92,-5.90,,0.00,6.10,208
2026-11-27 12:00:00,-2.40,91,-5.90,,0.00,5.80,202
2026-11-27 13:00:00,-2.20,91,-5.70,,0.00,6.40,196
2026-11-27 14:00:00,-2.00,89,-5.60,,0.00,6.20,201
2026-11-27 15:00:00,-1.80,89,-5.40,,0.00,6.60,209
2026-11-27 16:00:00,-1.90,88,-5.60,,0.00,7.10,221
2026-11-27 17:00:00,-2.20,89,-5.90,,0.00,6.70,234
2026-11-27 18:00:00,-2.40,89,-6.00,,0.00,6.00,237
2026-11-27 19:00:00,-2.60,90,-6.10,,0.00,5.50,238
2026-11-27 20:00:00,-2.80,91,-6.10,,0.00,4.40,261
2026-11-27 21:00:00,-2.80,92,-6.00,,0.00,3.60,276
2026-11-27 22:00:00,-2.80,92,-5.90,,0.00,3.30,264
2026-11-27 23:00:00,-2.70,93,-5.80,,0.00,3.30,264
2026-11-28 00:00:00,-2.70,95,-5.80,,0.10,3.40,252
2026-11-28 01:00:00,-2.80,93,-6.20,,0.00,4.80,257
2026-11-28 02:00:00,-3.00,93,-6.40,,0.00,5.10,262
2026-11-28 03:00:00,-2.90,94,-6.20,,0.00,4.70,261
2026-11-28 04:00:00,-3.10,94,-6.50,,0.00,5.20,258
2026-11-28 05:00:00,-3.20,95,-6.50,,0.00,4.30,246
2026-11-28 06:00:00,-3.30,95,-6.50,,0.00,3.70,241
2026-11-28 07:00:00,-3.30,95,-6.50,,0.00,4.00,243
2026-11-28 08:00:00,-2.90,95,-6.20,,0.00,5.00,249
2026-11-28 09:00:00,-2.30,95,-5.50,,0.00,4.50,241
2026-11-28 10:00:00,-1.70,95,-4.90,,0.00,4.80,243
2026-11-28 11:00:00,-1.00,95,-4.10,,0.00,4.70,238
2026-11-28 12:00:00,-0.50,95,-3.60,,0.00,4.90,234
2026-11-28 13:00:00,-0.20,95,-3.30,,0.00,5.60,230
2026-11-28 14:00:00,0.30,94,-2.70,,0.00,5.60,230
2026-11-28 15:00:00,0.50,94,-2.30,,0.00,4.10,225
2026-11-28 16:00:00,0.30,96,-2.40,,0.00,3.60,217
2026-11-28 17:00:00,0.10,97,-2.60,,0.00,3.60,225
2026-11-28 18:00:00,-0.00,98,-2.60,,0.00,2.90,210
2026-11-28 19:00:00,-0.20,100,-3.00,,0.00,4.40,171
2026-11-28 20:00:00,-0.30,99,-3.40,,0.00,6.20,170
2026-11-28 21:00:00,-0.10,99,-3.20,,0.00,6.20,170
2026-11-28 22:00:00,-0.10,99,-3.40,,0.00,7.60,177
2026-11-28 23:00:00,-0.10,99,-3.50,,0.00,8.30,180
2026-11-29 00:00:00,0.00,98,-3.30,,0.00,7.90,177
2026-11-29 01:00:00,0.20,95,-2.90,,0.00,6.60,171
2026-11-29 02:00:00,0.10,95,-3.30,,0.00,8.00,170
2026-11-29 03:00:00,0.10,95,-3.40,,0.00,8.50,168
2026-11-29 04:00:00,-0.10,94,-3.60,,0.00,8.50,168
2026-11-29 05:00:00,-0.30,94,-3.70,,0.00,8.00,162
2026-11-29 06:00:00,-0.50,94,-4.10,,0.00,9.00,157
2026-11-29 07:00:00,-0.60,93,-4.30,,0.00,9.20,154
2026-11-29 08:00:00,-0.90,94,-4.80,,0.00,10.20,157
2026-11-29 09:00:00,-1.00,95,-4.90,,0.00,10.00,159
2026-11-29 10:00:00,-1.20,96,-5.00,,0.00,9.60,160
2026-11-29 11:00:00,-1.20,97,-4.90,,0.00,9.00,164
2026-11-29 12:00:00,-1.10,97,-4.50,,0.00,7.50,163
2026-11-29 13:00:00,-0.90,95,-4.50,,0.00,8.50,152
2026-11-29 14:00:00,-0.80,94,-4.50,,0.00,8.50,152
2026-11-29 15:00:00,-0.90,94,-4.30,,0.00,7.10,156
2026-11-29 16:00:00,-0.90,92,-4.30,,0.00,7.00,159
2026-11-29 17:00:00,-1.00,91,-4.50,,0.00,6.60,167
2026-11-29 18:00:00,-1.30,92,-4.80,,0.00,7.20,174
2026-11-29 19:00:00,-1.40,91,-4.80,,0.00,6.50,180
2026-11-29 20:00:00,-1.50,91,-4.60,,0.00,4.00,185
2026-11-29 21:00:00,-1.70,93,-4.60,,0.00,2.20,180
2026-11-29 22:00:00,-1.70,93,-4.70,,0.00,2.90,173
2026-11-29 23:00:00,-1.70,92,-4.80,,0.00,4.00,175
2026-11-30 00:00:00,-1.80,94,-5.10,,0.00,5.10,176
2026-11-30 01:00:00,-1.90,95,-5.10,,0.00,4.70,184
2026-11-30 02:00:00,-1.90,96,-4.80,,0.00,3.10,201
2026-11-30 03:00:00,-1.80,95,-4.50,,0.00,1.50,256
2026-11-30 04:00:00,-1.70,95,-4.40,,0.10,1.50,284
2026-11-30 05:00:00,-1.60,95,-4.30,,0.00,1.50,225
2026-11-30 06:00:00,-1.70,95,-4.40,,0.00,1.80,233
2026-11-30 07:00:00,-1.50,94,-4.30,,0.00,1.80,259
2026-11-30 08:00:00,-1.50,95,-4.20,,0.00,2.20,270
2026-11-30 09:00:00,-1.40,96,-4.30,,0.00,2.70,247
2026-11-30 10:00:00,-1.20,95,-4.20,,0.00,3.60,233
2026-11-30 11:00:00,-0.90,94,-3.90,,0.00,4.00,243
2026-11-30 12:00:00,-0.80,95,-3.80,,0.00,4.30,246
2026-11-30 13:00:00,-0.60,94,-3.60,,0.00,4.80,257
2026-11-30 14:00:00,-0.30,94,-3.40,,0.00,5.10,274
2026-11-30 15:00:00,-0.20,95,-3.30,,0.00,5.70,288
2026-11-30 16:00:00,-0.20,95,-3.20,,0.00,4.90,287
2026-11-30 17:00:00,-0.20,96,-3.10,,0.00,4.60,288
2026-11-30 18:00:00,-0.00,97,-2.80,,0.00,4.20,290
2026-11-30 19:00:00,-0.00,97,-2.80,,0.00,4.20,290
2026-11-30 20:00:00,-0.00,97,-2.70,,0.00,3.40,288
2026-11-30 21:00:00,0.10,97,-2.60,,0.00,3.20,270
2026-11-30 22:00:00,0.00,97,-2.50,,0.00,2.50,262
2026-11-30 23:00:00,0.00,97,-2.60,,0.00,3.20,270
2026-12-01 00:00:00,0.20,97,-2.40,,0.00,2.90,270
2026-12-01 01:00:00,0.10,98,-2.50,,0.00,3.30,257
2026-12-01 02:00:00,0.10,98,-2.80,,0.00,4.70,247
2026-12-01 03:00:00,0.00,97,-2.60,,0.00,3.10,234
2026-12-01 04:00:00,-0.20,97,-2.70,,0.00,1.80,259
2026-12-01 05:00:00,-0.10,97,-2.60,,0.00,2.00,225
2026-12-01 06:00:00,0.10,96,-2.60,,0.00,2.80,220
2026-12-01 07:00:00,0.00,96,-2.80,,0.00,4.10,218
2026-12-01 08:00:00,0.00,96,-2.90,,0.00,4.80,222
2026-12-01 09:00:00,0.20,95,-2.70,,0.00,5.10,225
2026-12-01 10:00:00,0.30,95,-2.70,,0.00,5.40,222
2026-12-01 11:00:00,0.50,94,-2.60,,0.00,6.10,220
2026-12-01 12:00:00,0.70,94,-2.50,,0.00,6.90,227
2026-12-01 13:00:00,1.00,92,-2.20,,0.00,7.20,233
2026-12-01 14:00:00,1.10,92,-2.10,,0.00,7.10,229
2026-12-01 15:00:00,1.10,92,-2.10,,0.00,7.10,229
2026-12-01 16:00:00,0.90,92,-2.40,,0.00,7.10,229
2026-12-01 17:00:00,0.50,92,-2.70,,0.00,6.70,234
2026-12-01 18:00:00,0.40,92,-2.80,,0.00,6.50,236
2026-12-01 19:00:00,0.20,93,-3.00,,0.00,6.50,236
2026-12-01 20:00:00,-0.00,94,-3.30,,0.00,6.60,229
2026-12-01 21:00:00,-0.00,93,-3.40,,0.00,7.40,227
2026-12-01 22:00:00,-0.30,94,-3.80,,0.00,8.70,228
2026-12-01 23:00:00,-0.50,96,-4.20,,0.00,9.90,226
2026-12-02 00:00:00,-0.30,95,-3.90,,0.00,9.20,231
2026-12-02 01:00:00,-0.30,93,-3.90,,0.00,9.00,233
2026-12-02 02:00:00,-0.30,92,-3.80,,0.00,8.20,241
2026-12-02 03:00:00,-0.30,92,-3.60,,0.00,6.10,242
2026-12-02 04:00:00,-0.40,91,-3.60,,0.00,5.50,238
2026-12-02 05:00:00,-0.40,91,-3.50,,0.00,5.40,228
2026-12-02 06:00:00,-0.30,91,-3.50,,0.00,5.60,220
2026-12-02 07:00:00,-0.30,92,-3.60,,0.00,6.60,209
2026-12-02 08:00:00,-0.40,93,-3.90,,0.00,7.60,211
2026-12-02 09:00:00,-0.50,93,-3.80,,0.00,6.80,205
2026-12-02 10:00:00,-0.40,93,-3.70,,0.00,6.70,196
2026-12-02 11:00:00,-0.10,93,-3.50,,0.00,7.60,185
2026-12-02 12:00:00,-0.30,94,-3.60,,0.00,7.30,189
2026-12-02 13:00:00,-0.00,93,-3.40,,0.00,7.40,194
2026-12-02 14:00:00,0.10,92,-3.30,,0.00,7.60,199
2026-12-02 15:00:00,0.00,94,-3.30,,0.00,7.00,201
2026-12-02 16:00:00,0.10,93,-3.30,,0.00,7.20,198
2026-12-02 17:00:00,-0.00,94,-3.30,,0.00,7.10,195
2026-12-02 18:00:00,-0.10,95,-3.50,,0.00,7.50,197
2026-12-02 19:00:00,-0.10,94,-3.60,,0.00,8.10,193
2026-12-02 20:00:00,-0.20,93,-3.80,,0.00,8.90,194
2026-12-02 21:00:00,-0.20,93,-3.90,,0.00,9.30,196
2026-12-02 22:00:00,-0.30,92,-4.00,,0.00,9.30,196
2026-12-02 23:00:00,-0.30,91,-4.10,,0.00,9.30,196
2026-12-03 00:00:00,-0.30,93,-4.00,,0.00,9.00,196
2026-12-03 01:00:00,-0.40,92,-4.10,,0.00,9.00,196
2026-12-03 02:00:00,-0.50,92,-4.20,,0.00,9.00,196
2026-12-03 03:00:00,-0.50,93,-4.10,,0.00,8.70,197
2026-12-03 04:00:00,-0.50,93,-4.20,,0.00,8.70,197
2026-12-03 05:00:00,-0.60,92,-4.30,,0.00,8.50,192
2026-12-03 06:00:00,-0.90,93,-4.50,,0.00,8.40,187
2026-12-03 07:00:00,-1.00,92,-4.60,,0.00,8.30,185
2026-12-03 08:00:00,-1.10,92,-4.70,,0.00,8.30,185
2026-12-03 09:00:00,-1.20,94,-4.90,,0.00,8.70,185
2026-12-03 10:00:00,-1.20,92,-5.00,,0.00,9.00,178
2026-12-03 11:00:00,-1.20,89,-5.10,,0.00,9.70,178
2026-12-03 12:00:00,-1.40,87,-5.40,,0.00,9.40,176
2026-12-03 13:00:00,-1.60,86,-5.70,,0.00,10.10,186
2026-12-03 14:00:00,-1.80,86,-5.90,,0.00,10.00,193
2026-12-03 15:00:00,-2.00,87,-6.00,,0.00,9.40,198
2026-12-03 16:00:00,-2.10,85,-6.20,,0.00,9.30,196
2026-12-03 17:00:00,-2.40,84,-6.40,,0.00,8.30,198
2026-12-03 18:00:00,-2.60,88,-6.60,,0.00,8.70,197
2026-12-03 19:00:00,-2.70,89,-6.70,,0.00,9.30,193
2026-12-03 20:00:00,-2.80,89,-6.90,,0.00,9.60,193
2026-12-03 21:00:00,-2.90,88,-7.10,,0.00,9.40,198
2026-12-03 22:00:00,-2.90,87,-7.00,,0.00,9.10,198
2026-12-03 23:00:00,-3.10,87,-7.30,,0.00,9.60,200
2026-12-04 00:00:00,-3.20,87,-7.50,,0.00,9.90,199
2026-12-04 01:00:00,-3.20,87,-7.40,,0.00,9.40,203
2026-12-04 02:00:00,-3.20,87,-7.20,,0.00,8.60,202
2026-12-04 03:00:00,-3.10,87,-7.10,,0.00,8.20,203
2026-12-04 04:00:00,-3.20,88,-7.10,,0.00,7.60,205
2026-12-04 05:00:00,-3.20,89,-7.00,,0.00,7.30,200
2026-12-04 06:00:00,-3.30,90,-7.00,,0.00,6.50,199
2026-12-04 07:00:00,-3.30,90,-7.10,,0.00,6.60,193
2026-12-04 08:00:00,-3.30,89,-7.00,,0.00,6.30,193
2026-12-04 09:00:00,-3.30,90,-6.90,,0.00,6.10,183
2026-12-04 10:00:00,-3.20,88,-6.80,,0.00,5.80,184
2026-12-04 11:00:00,-3.10,87,-6.70,,0.00,5.40,180
2026-12-04 12:00:00,-3.40,88,-6.80,,0.00,4.00,170
2026-12-04 13:00:00,-3.20,87,-6.60,,0.00,3.70,151
2026-12-04 14:00:00,-3.20,87,-6.60,,0.00,4.10,128
2026-12-04 15:00:00,-3.40,87,-6.80,,0.00,3.70,101
2026-12-04 16:00:00,-3.50,87,-7.00,,0.00,4.70,99
2026-12-04 17:00:00,-3.60,87,-7.30,,0.00,5.40,90
2026-12-04 18:00:00,-3.70,89,-7.30,,0.00,5.40,90
2026-12-04 19:00:00,-3.70,89,-7.40,,0.00,6.10,90
2026-12-04 20:00:00,-3.70,89,-7.40,,0.00,6.50,93
2026-12-04 21:00:00,-3.70,88,-7.50,,0.00,6.20,97
2026-12-04 22:00:00,-3.70,88,-7.50,,0.00,6.60,99
2026-12-04 23:00:00,-3.70,87,-7.40,,0.00,6.30,103
2026-12-05 00:00:00,-3.60,88,-7.30,,0.00,5.90,101
2026-12-05 01:00:00,-3.60,88,-7.30,,0.00,6.00,107
2026-12-05 02:00:00,-3.50,88,-7.20,,0.00,6.20,111
2026-12-05 03:00:00,-3.40,89,-7.10,,0.00,5.80,94
2026-12-05 04:00:00,-3.40,89,-7.00,,0.00,5.50,79
2026-12-05 05:00:00,-3.30,90,-6.90,,0.00,5.50,58
2026-12-05 06:00:00,-3.20,91,-6.60,,0.00,5.00,60
2026-12-05 07:00:00,-3.10,91,-6.70,,0.00,6.00,65
2026-12-05 08:00:00,-3.00,91,-6.50,,0.00,5.80,68
2026-12-05 09:00:00,-2.60,90,-6.20,,0.00,6.00,73
2026-12-05 10:00:00,-2.40,90,-6.00,,0.00,6.40,74
2026-12-05 11:00:00,-2.00,89,-5.60,,0.00,6.60,77
2026-12-05 12:00:00,-1.70,89,-5.10,,0.00,6.00,65
2026-12-05 13:00:00,-1.40,89,-5.00,,0.00,6.70,74
2026-12-05 14:00:00,-1.20,90,-4.70,,0.00,7.00,69
2026-12-05 15:00:00,-1.20,90,-4.80,,0.00,7.60,65
2026-12-05 16:00:00,-1.20,91,-5.00,,0.00,8.40,70
2026-12-05 17:00:00,-1.40,92,-5.10,,0.00,8.70,73
2026-12-05 18:00:00,-1.40,92,-5.10,,0.00,8.10,77
2026-12-05 19:00:00,-1.50,92,-5.30,,0.00,8.70,85
2026-12-05 20:00:00,-1.50,91,-5.30,,0.00,9.00,92
2026-12-05 21:00:00,-1.40,91,-5.20,,0.00,9.00,95
2026-12-05 22:00:00,-1.40,91,-5.20,,0.00,8.80,99
2026-12-05 23:00:00,-1.40,91,-5.10,,0.00,8.20,105
2026-12-06 00:00:00,-1.40,91,-5.10,,0.00,7.90,106
2026-12-06 01:00:00,-1.60,92,-5.40,,0.10,8.30,108
2026-12-06 02:00:00,-1.70,92,-5.50,,0.10,8.60,105
2026-12-06 03:00:00,-1.80,91,-5.60,,0.10,8.80,102
2026-12-06 04:00:00,-1.90,92,-5.70,,0.10,8.80,102
2026-12-06 05:00:00,-2.00,92,-5.80,,0.10,8.40,100
2026-12-06 06:00:00,-1.90,92,-5.60,,0.10,8.30,108
2026-12-06 07:00:00,-1.90,92,-5.80,,0.10,9.10,108
2026-12-06 08:00:00,-2.00,91,-6.00,,0.10,9.20,111
2026-12-06 09:00:00,-1.90,91,-5.90,,0.10,9.40,113
2026-12-06 10:00:00,-1.90,91,-5.90,,0.10,9.70,112
2026-12-06 11:00:00,-1.70,91,-5.80,,0.20,10.20,113
2026-12-06 12:00:00,-1.50,90,-5.70,,0.10,10.80,116
2026-12-06 13:00:00,-1.40,90,-5.40,,0.10,10.10,117
2026-12-06 14:00:00,-1.30,89,-5.40,,0.10,10.20,122
2026-12-06 15:00:00,-1.30,90,-5.20,,0.10,9.40,122
2026-12-06 16:00:00,-1.40,91,-5.30,,0.10,9.50,119
2026-12-06 17:00:00,-1.50,91,-5.40,,0.10,9.70,121
2026-12-06 18:00:00,-1.40,92,-5.40,,0.10,10.00,120
2026-12-06 19:00:00,-1.40,92,-5.30,,0.10,9.90,123
2026-12-06 20:00:00,-1.20,92,-5.20,,0.10,10.20,129
2026-12-06 21:00:00,-1.10,93,-5.00,,0.10,9.80,126
2026-12-06 22:00:00,-1.10,93,-5.00,,0.10,10.00,128
2026-12-06 23:00:00,-1.00,93,-4.90,,0.20,9.70,129
2026-12-07 00:00:00,-1.00,94,-4.90,,0.10,10.20,138
2026-12-07 01:00:00,-0.90,94,-4.70,,0.10,9.40,140
2026-12-07 02:00:00,-0.90,94,-4.70,,0.10,9.40,140
2026-12-07 03:00:00,-0.90,94,-4.60,,0.10,9.00,143
2026-12-07 04:00:00,-1.00,95,-4.70,,0.30,8.90,130
2026-12-07 05:00:00,-0.80,95,-4.70,,0.40,10.20,122
2026-12-07 06:00:00,-0.30,96,-4.20,,0.70,11.00,128
2026-12-07 07:00:00,-0.10,96,-4.00,,1.10,11.70,135
2026-12-07 08:00:00,0.20,95,-3.90,,1.00,12.50,141
2026-12-07 09:00:00,0.50,95,-3.70,,1.20,14.20,144
2026-12-07 10:00:00,0.60,94,-3.70,,1.20,14.50,145
2026-12-07 11:00:00,0.60,94,-3.80,,1.20,14.80,146
2026-12-07 12:00:00,0.50,94,-3.70,,0.70,13.90,149
2026-12-07 13:00:00,0.50,94,-3.60,,0.80,13.00,146
2026-12-07 14:00:00,0.50,95,-3.60,,0.70,13.30,147
2026-12-07 15:00:00,0.50,96,-3.30,,0.50,11.20,140
2026-12-07 16:00:00,0.40,97,-3.50,,0.20,12.20,137
2026-12-07 17:00:00,0.30,97,-3.90,,0.00,13.80,137
2026-12-07 18:00:00,0.20,97,-4.00,,0.00,13.80,139
2026-12-07 19:00:00,0.00,97,-4.20,,0.00,13.80,139
2026-12-07 20:00:00,0.00,96,-4.30,,0.00,14.30,146
2026-12-07 21:00:00,0.00,97,-4.20,,0.00,13.80,137
2026-12-07 22:00:00,-0.00,97,-4.30,,0.00,14.00,136
2026-12-07 23:00:00,-0.10,96,-4.30,,0.10,13.80,133
2026-12-08 00:00:00,-0.00,94,-4.20,,0.50,13.00,129
2026-12-08 01:00:00,-0.20,95,-4.50,,0.30,13.50,132
2026-12-08 02:00:00,-0.30,96,-4.60,,0.00,13.80,131
2026-12-08 03:00:00,-0.30,96,-4.50,,0.00,13.30,131
2026-12-08 04:00:00,-0.40,96,-4.50,,0.00,12.80,130
2026-12-08 05:00:00,-0.50,96,-4.60,,0.00,12.50,129
2026-12-08 06:00:00,-0.80,97,-4.80,,0.00,11.80,128
2026-12-08 07:00:00,-0.90,96,-5.00,,0.00,12.20,124
2026-12-08 08:00:00,-1.00,96,-5.10,,0.00,12.10,120
2026-12-08 09:00:00,-1.30,96,-5.50,,0.00,12.60,121
2026-12-08 10:00:00,-1.20,95,-5.40,,0.00,12.40,120
2026-12-08 11:00:00,-1.20,94,-5.50,,0.00,13.30,123
2026-12-08 12:00:00,-1.20,93,-5.50,,0.00,12.60,121
2026-12-08 13:00:00,-1.10,93,-5.30,,0.00,12.10,120
2026-12-08 14:00:00,-1.10,92,-5.30,,0.00,11.90,115
2026-12-08 15:00:00,-1.40,92,-5.60,,0.00,11.60,116
2026-12-08 16:00:00,-1.50,92,-5.70,,0.00,11.30,112
2026-12-08 17:00:00,-1.70,92,-5.80,,0.00,11.20,111
2026-12-08 18:00:00,-1.70,92,-5.80,,0.00,10.70,110
2026-12-08 19:00:00,-1.60,93,-5.60,,0.00,10.10,107
2026-12-08 20:00:00,-1.50,93,-5.50,,0.00,10.40,110
2026-12-08 21:00:00,-1.50,93,-5.50,,0.00,10.50,117
2026-12-08 22:00:00,-1.40,95,-5.40,,0.00,10.30,126
2026-12-08 23:00:00,-1.40,96,-5.20,,0.00,9.20,129
2026-12-09 00:00:00,-1.40,96,-5.00,,0.00,8.20,128
2026-12-09 01:00:00,-1.40,97,-5.00,,0.00,8.50,126
2026-12-09 02:00:00,-1.30,98,-4.90,,0.00,8.30,124
2026-12-09 03:00:00,-1.20,97,-4.80,,0.00,8.40,121
2026-12-09 04:00:00,-1.00,96,-4.50,,0.00,8.00,117
2026-12-09 05:00:00,-0.80,95,-4.30,,0.00,7.60,115
2026-12-09 06:00:00,-0.70,95,-4.20,,0.00,7.40,113
2026-12-09 07:00:00,-0.60,96,-4.00,,0.00,7.10,114
2026-12-09 08:00:00,-0.50,96,-3.90,,0.00,7.40,113
2026-12-09 09:00:00,-0.30,95,-3.70,,0.00,7.10,114
2026-12-09 10:00:00,-0.20,95,-3.50,,0.00,7.40,113
2026-12-09 11:00:00,0.00,95,-3.30,,0.00,7.40,113
2026-12-09 12:00:00,0.10,95,-3.10,,0.00,6.80,108
2026-12-09 13:00:00,0.30,95,-3.00,,0.00,7.20,108
2026-12-09 14:00:00,0.40,94,-2.90,,0.00,7.80,103
2026-12-09 15:00:00,0.20,95,-3.30,,0.00,8.70,97
2026-12-09 16:00:00,0.20,95,-3.30,,0.00,9.00,95
2026-12-09 17:00:00,0.20,95,-3.40,,0.00,9.70,94
2026-12-09 18:00:00,0.30,95,-3.30,,0.00,9.40,97
2026-12-09 19:00:00,0.30,96,-3.30,,0.00,9.70,94
2026-12-09 20:00:00,0.30,96,-3.30,,0.00,9.70,90
2026-12-09 21:00:00,0.30,96,-3.30,,0.00,9.80,82
2026-12-09 22:00:00,0.30,97,-3.30,,0.00,10.00,77
2026-12-09 23:00:00,0.30,96,-3.30,,0.00,10.00,69
2026-12-10 00:00:00,0.30,96,-3.30,,0.00,9.60,70
2026-12-10 01:00:00,0.30,96,-3.40,,0.00,10.50,68
2026-12-10 02:00:00,0.30,96,-3.40,,0.00,10.10,73
2026-12-10 03:00:00,0.10,95,-3.70,,0.00,11.00,71
2026-12-10 04:00:00,0.10,95,-3.70,,0.00,10.80,64
2026-12-10 05:00:00,0.10,95,-3.70,,0.00,10.90,73
2026-12-10 06:00:00,0.10,95,-3.80,,0.00,11.40,66
2026-12-10 07:00:00,0.10,95,-3.90,,0.00,11.80,67
2026-12-10 08:00:00,0.00,95,-3.90,,0.00,11.80,67
2026-12-10 09:00:00,0.00,95,-4.00,,0.00,11.90,65
2026-12-10 10:00:00,0.00,95,-3.90,,0.00,11.40,66
2026-12-10 11:00:00,0.10,95,-3.90,,0.00,11.60,64
2026-12-10 12:00:00,0.10,95,-3.70,,0.10,10.60,62
2026-12-10 13:00:00,0.30,94,-3.40,,0.20,9.90,71
2026-12-10 14:00:00,0.40,94,-3.20,,0.10,9.50,61
2026-12-10 15:00:00,0.40,94,-3.30,,0.00,10.00,49
2026-12-10 16:00:00,0.30,93,-3.50,,0.00,10.40,56
2026-12-10 17:00:00,0.30,93,-3.50,,0.00,10.60,62
2026-12-10 18:00:00,0.20,94,-3.40,,0.00,9.50,61
2026-12-10 19:00:00,0.20,94,-3.50,,0.00,10.00,64
2026-12-10 20:00:00,0.20,93,-3.50,,0.00,9.80,66
2026-12-10 21:00:00,0.00,93,-3.60,,0.00,9.20,69
2026-12-10 22:00:00,-0.00,93,-3.60,,0.00,8.90,69
2026-12-10 23:00:00,-0.10,94,-3.60,,0.00,8.60,68
2026-12-11 00:00:00,-0.20,94,-3.50,,0.00,7.10,66
2026-12-11 01:00:00,-0.20,94,-3.40,,0.00,6.70,54
2026-12-11 02:00:00,-0.20,95,-3.50,,0.00,6.60,49
2026-12-11 03:00:00,-0.20,95,-3.60,,0.00,7.40,43
2026-12-11 04:00:00,-0.30,95,-3.80,,0.00,8.40,43
2026-12-11 05:00:00,-0.40,95,-4.00,,0.00,8.70,45
2026-12-11 06:00:00,-0.70,95,-4.20,,0.00,7.90,43
2026-12-11 07:00:00,-0.70,95,-4.20,,0.00,7.60,45
2026-12-11 08:00:00,-0.80,95,-4.30,,0.00,7.60,45
2026-12-11 09:00:00,-0.90,94,-4.40,,0.00,7.70,49
2026-12-11 10:00:00,-0.90,94,-4.30,,0.00,6.90,47
2026-12-11 11:00:00,-0.70,94,-4.10,,0.00,6.90,43
2026-12-11 12:00:00,-0.70,94,-4.20,,0.00,7.40,29
2026-12-11 13:00:00,-0.50,92,-4.00,,0.00,8.00,18
2026-12-11 14:00:00,-0.30,92,-3.80,,0.00,7.30,11
2026-12-11 15:00:00,-0.30,92,-3.80,,0.00,8.00,8
2026-12-11 16:00:00,-0.40,92,-3.90,,0.00,8.00,5
2026-12-11 17:00:00,-0.50,92,-4.20,,0.00,8.60,2
2026-12-11 18:00:00,-0.80,93,-4.40,,0.00,8.30,2
2026-12-11 19:00:00,-0.90,93,-4.50,,0.00,7.90,357
2026-12-11 20:00:00,-1.40,95,-5.30,,0.00,9.50,351
2026-12-11 21:00:00,-1.80,94,-5.80,,0.00,10.00,347
2026-12-11 22:00:00,-1.70,87,-5.70,,0.00,9.30,347
2026-12-11 23:00:00,-2.60,92,-6.80,,0.00,10.90,351
2026-12-12 00:00:00,-2.90,92,-7.10,,0.00,10.90,352
2026-12-12 01:00:00,-2.30,89,-6.40,,0.00,9.80,352
2026-12-12 02:00:00,-2.30,88,-6.30,,0.00,9.30,344
2026-12-12 03:00:00,-2.20,89,-6.30,,0.10,10.40,340
2026-12-12 04:00:00,-2.20,89,-6.80,,0.10,12.90,347
2026-12-12 05:00:00,-2.00,89,-6.20,,0.00,11.20,345
2026-12-12 06:00:00,-1.70,86,-6.50,,0.00,14.50,354
2026-12-12 07:00:00,-2.00,80,-6.90,,0.00,14.80,360
2026-12-12 08:00:00,-2.20,80,-7.10,,0.00,14.20,351
2026-12-12 09:00:00,-2.10,80,-7.10,,0.00,14.90,352
2026-12-12 10:00:00,-2.00,79,-7.10,,0.00,15.30,352
2026-12-12 11:00:00,-1.80,75,-6.70,,0.00,13.60,348
2026-12-12 12:00:00,-1.10,64,-6.00,,0.00,13.00,336
2026-12-12 13:00:00,-0.80,60,-5.70,,0.00,13.10,323
2026-12-12 14:00:00,-0.70,61,-5.80,,0.00,14.00,312
2026-12-12 15:00:00,-0.60,58,-5.80,,0.00,14.00,318
2026-12-12 16:00:00,-1.00,64,-6.00,,0.00,13.80,311
2026-12-12 17:00:00,-1.70,66,-6.50,,0.00,12.20,298
2026-12-12 18:00:00,-1.80,66,-6.70,,0.00,13.00,289
2026-12-12 19:00:00,-2.40,67,-7.40,,0.00,13.40,284
2026-12-12 20:00:00,-2.70,71,-7.80,,0.00,14.20,279
2026-12-12 21:00:00,-2.40,72,-7.50,,0.00,14.60,279
2026-12-12 22:00:00,-2.50,75,-7.40,,0.00,13.30,270
2026-12-12 23:00:00,-2.30,78,-7.10,,0.10,13.40,264
2026-12-13 00:00:00,-2.40,82,-7.40,,0.20,15.20,277
2026-12-13 01:00:00,-2.30,84,-7.50,,0.10,16.90,299
2026-12-13 02:00:00,-2.70,72,-8.20,,0.20,16.90,322
2026-12-13 03:00:00,-3.50,68,-9.80,,0.00,21.70,336
2026-12-13 04:00:00,-4.10,71,-10.70,,0.10,23.20,334
2026-12-13 05:00:00,-4.80,67,-11.50,,0.00,23.40,337
2026-12-13 06:00:00,-5.20,68,-11.80,,0.00,23.00,335
2026-12-13 07:00:00,-5.50,65,-11.90,,0.00,21.40,333
2026-12-13 08:00:00,-5.60,68,-12.00,,0.00,21.40,335
2026-12-13 09:00:00,-5.70,71,-11.70,,0.00,18.40,325
2026-12-13 10:00:00,-5.60,75,-11.80,,0.00,20.70,320
2026-12-13 11:00:00,-5.20,68,-11.60,,0.00,21.20,325
2026-12-13 12:00:00,-4.80,63,-11.80,,0.00,24.80,334
2026-12-13 13:00:00,-4.70,67,-11.50,,0.00,24.20,327
2026-12-13 14:00:00,-4.90,72,-11.10,,0.00,20.40,319
2026-12-13 15:00:00,-5.00,64,-11.50,,0.00,21.30,326
2026-12-13 16:00:00,-5.30,64,-11.40,,0.00,19.40,318
2026-12-13 17:00:00,-5.70,64,-11.60,,0.00,17.70,322
2026-12-13 18:00:00,-5.70,65,-11.60,,0.00,17.10,318
2026-12-13 19:00:00,-6.00,65,-11.60,,0.00,15.30,319
2026-12-13 20:00:00,-6.30,67,-11.80,,0.00,14.50,314
2026-12-13 21:00:00,-6.50,67,-11.80,,0.00,13.50,314
2026-12-13 22:00:00,-6.70,70,-11.90,,0.00,12.80,308
2026-12-13 23:00:00,-6.90,72,-11.90,,0.00,11.50,302
2026-12-14 00:00:00,-7.20,74,-12.10,,0.00,10.60,294
2026-12-14 01:00:00,-7.30,76,-12.10,,0.00,10.10,287
2026-12-14 02:00:00,-7.40,77,-12.20,,0.00,9.80,278
2026-12-14 03:00:00,-7.80,79,-12.40,,0.00,8.60,272
2026-12-14 04:00:00,-7.80,78,-12.50,,0.00,9.10,263
2026-12-14 05:00:00,-7.90,77,-12.70,,0.00,9.40,252
2026-12-14 06:00:00,-7.80,77,-12.60,,0.00,9.80,246
2026-12-14 07:00:00,-7.80,77,-12.70,,0.00,10.50,239
2026-12-14 08:00:00,-7.50,77,-12.50,,0.00,11.10,234
2026-12-14 09:00:00,-7.00,75,-12.10,,0.00,12.10,233
2026-12-14 10:00:00,-6.80,76,-12.00,,0.00,12.80,232
2026-12-14 11:00:00,-6.40,74,-11.70,,0.00,13.80,229
2026-12-14 12:00:00,-5.00,65,-10.40,,0.00,14.40,233
2026-12-14 13:00:00,-4.80,62,-10.20,,0.00,14.00,228
2026-12-14 14:00:00,-4.40,57,-9.90,,0.00,14.30,223
2026-12-14 15:00:00,-3.80,52,-9.30,,0.00,14.50,226
2026-12-14 16:00:00,-4.00,53,-9.50,,0.00,14.10,220
2026-12-14 17:00:00,-4.30,53,-9.80,,0.00,13.70,215
2026-12-14 18:00:00,-4.20,53,-9.60,,0.00,13.30,213
2026-12-14 19:00:00,-4.80,57,-10.00,,0.00,12.60,207
2026-12-14 20:00:00,-5.40,62,-10.60,,0.00,12.60,204
2026-12-14 21:00:00,-5.00,63,-10.20,,0.00,12.80,202
2026-12-14 22:00:00,-5.20,66,-10.40,,0.00,13.30,199
2026-12-14 23:00:00,-5.40,68,-10.70,,0.00,13.90,201
2026-12-15 00:00:00,-5.50,69,-10.70,,0.00,13.20,202
2026-12-15 01:00:00,-5.80,72,-10.90,,0.00,12.60,200
2026-12-15 02:00:00,-5.80,74,-10.80,,0.00,12.30,201
2026-12-15 03:00:00,-5.50,75,-10.40,,0.00,11.30,202
2026-12-15 04:00:00,-5.40,78,-10.20,,0.00,11.30,207
2026-12-15 05:00:00,-5.20,84,-9.90,,0.10,11.40,208
2026-12-15 06:00:00,-4.80,90,-9.40,,0.30,11.70,214
2026-12-15 07:00:00,-4.60,91,-9.20,,0.30,11.70,214
2026-12-15 08:00:00,-4.20,92,-8.80,,0.10,11.70,214
2026-12-15 09:00:00,-3.70,93,-8.10,,0.10,11.10,216
2026-12-15 10:00:00,-3.30,93,-7.80,,0.00,11.80,220
2026-12-15 11:00:00,-2.80,92,-7.30,,0.10,12.00,221
2026-12-15 12:00:00,-2.30,92,-6.70,,0.10,12.00,229
2026-12-15 13:00:00,-1.80,91,-6.10,,0.10,11.80,230
2026-12-15 14:00:00,-1.50,91,-5.80,,0.10,12.10,233
2026-12-15 15:00:00,-1.30,92,-5.40,,0.30,11.20,230
2026-12-15 16:00:00,-1.10,93,-5.30,,0.30,11.70,236
2026-12-15 17:00:00,-1.10,95,-5.20,,0.30,11.30,248
2026-12-15 18:00:00,-0.60,92,-4.50,,0.10,10.80,266
2026-12-15 19:00:00,-0.80,93,-4.60,,0.00,9.80,253
2026-12-15 20:00:00,-0.80,92,-4.80,,0.00,10.80,249
2026-12-15 21:00:00,-0.60,93,-4.60,,0.00,11.10,245
2026-12-15 22:00:00,-0.70,92,-4.80,,0.00,12.00,237
2026-12-15 23:00:00,-0.60,92,-4.90,,0.00,12.70,235
2026-12-16 00:00:00,-0.30,95,-4.40,,0.60,12.60,233
2026-12-16 01:00:00,-0.10,94,-4.50,,0.30,14.00,252
2026-12-16 02:00:00,-0.00,92,-4.30,,0.00,13.40,262
2026-12-16 03:00:00,0.10,89,-4.10,,0.10,13.00,275
2026-12-16 04:00:00,-0.00,88,-4.30,,0.00,12.60,270
2026-12-16 05:00:00,-0.20,85,-4.50,,0.00,12.60,272
2026-12-16 06:00:00,-0.00,83,-4.30,,0.00,12.00,261
2026-12-16 07:00:00,-0.20,84,-4.60,,0.00,12.60,257
2026-12-16 08:00:00,-0.30,84,-4.70,,0.00,13.00,242
2026-12-16 09:00:00,-0.10,85,-4.50,,0.00,13.20,244
2026-12-16 10:00:00,-0.10,85,-4.70,,0.00,14.60,230
2026-12-16 11:00:00,0.10,86,-4.60,,0.00,15.60,218
2026-12-16 12:00:00,0.20,91,-4.50,,0.40,16.90,209
2026-12-16 13:00:00,0.30,93,-4.80,,1.10,19.50,214
2026-12-16 14:00:00,0.50,92,-4.90,,1.60,21.80,219
2026-12-16 15:00:00,0.70,94,-5.00,,2.90,24.20,228
2026-12-16 16:00:00,0.90,95,-4.20,,0.60,20.50,236
2026-12-16 17:00:00,2.00,95,-3.20,,0.40,22.10,248
2026-12-16 18:00:00,3.20,95,-1.30,,0.00,19.10,258
2026-12-16 19:00:00,3.60,93,-0.70,,0.00,17.70,272
2026-12-16 20:00:00,4.00,87,-0.60,,0.00,19.00,289
2026-12-16 21:00:00,4.20,76,-1.20,,0.00,22.40,294
2026-12-16 22:00:00,3.90,75,-1.20,,0.00,20.20,292
2026-12-16 23:00:00,3.10,82,-2.10,,0.00,20.90,289
2026-12-17 00:00:00,3.10,80,-2.20,,0.00,21.40,283
2026-12-17 01:00:00,2.60,83,-2.20,,0.10,18.70,281
2026-12-17 02:00:00,2.40,82,-2.80,,0.10,21.00,276
2026-12-17 03:00:00,2.60,82,-2.10,,0.10,17.30,272
2026-12-17 04:00:00,2.60,84,-2.10,,0.00,17.70,272
2026-12-17 05:00:00,2.60,81,-2.10,,0.00,16.90,270
2026-12-17 06:00:00,2.50,81,-1.70,,0.00,14.00,269
2026-12-17 07:00:00,2.10,85,-2.00,,0.00,13.10,254
2026-12-17 08:00:00,2.00,87,-2.10,,0.00,13.40,246
2026-12-17 09:00:00,2.00,89,-2.10,,0.00,14.00,244
2026-12-17 10:00:00,1.40,95,-2.80,,0.40,14.50,243
2026-12-17 11:00:00,0.90,99,-3.10,,0.90,14.00,241
2026-12-17 12:00:00,1.20,96,-2.90,,0.60,14.10,238
2026-12-17 13:00:00,1.90,95,-2.00,,0.20,13.40,243
2026-12-17 14:00:00,2.80,93,-1.20,,0.00,14.80,257
2026-12-17 15:00:00,3.50,85,-0.80,,0.00,16.40,255
2026-12-17 16:00:00,3.50,85,-1.00,,0.20,17.50,262
2026-12-17 17:00:00,3.20,85,-1.10,,0.20,16.30,284
2026-12-17 18:00:00,2.50,90,-1.70,,0.70,15.40,291
2026-12-17 19:00:00,2.50,86,-2.00,,0.00,16.80,298
2026-12-17 20:00:00,2.10,85,-2.30,,0.00,15.30,294
2026-12-17 21:00:00,1.90,86,-3.10,,0.10,18.90,294
2026-12-17 22:00:00,1.80,81,-2.80,,0.00,15.80,282
2026-12-17 23:00:00,1.80,84,-2.90,,0.20,16.40,279
2026-12-18 00:00:00,2.10,80,-3.10,,0.00,20.10,285
2026-12-18 01:00:00,2.00,76,-3.20,,0.00,19.20,287
2026-12-18 02:00:00,1.70,76,-3.70,,0.00,20.00,288
2026-12-18 03:00:00,1.60,75,-3.60,,0.00,19.10,286
2026-12-18 04:00:00,1.40,76,-3.80,,0.00,18.50,291
2026-12-18 05:00:00,1.20,75,-4.00,,0.00,18.30,290
2026-12-18 06:00:00,1.50,73,-3.80,,0.00,18.50,291
2026-12-18 07:00:00,1.20,75,-4.00,,0.00,18.30,290
2026-12-18 08:00:00,1.20,75,-4.10,,0.00,18.90,294
2026-12-18 09:00:00,1.40,73,-3.90,,0.00,18.80,290
2026-12-18 10:00:00,1.50,72,-3.70,,0.00,18.10,287
2026-12-18 11:00:00,1.80,69,-3.60,,0.00,19.00,297
2026-12-18 12:00:00,2.20,67,-3.50,,0.00,21.00,309
2026-12-18 13:00:00,2.10,62,-3.80,,0.00,21.70,312
2026-12-18 14:00:00,1.70,57,-4.00,,0.00,19.60,319
2026-12-18 15:00:00,1.50,55,-3.70,,0.00,15.60,320
2026-12-18 16:00:00,0.80,57,-4.20,,0.00,13.80,327
2026-12-18 17:00:00,0.30,59,-4.20,,0.00,10.30,331
2026-12-18 18:00:00,-0.60,61,-5.00,,0.00,9.10,326
2026-12-18 19:00:00,-1.30,60,-5.50,,0.00,7.70,319
2026-12-18 20:00:00,-2.00,64,-6.10,,0.00,7.10,319
2026-12-18 21:00:00,-2.80,68,-6.80,,0.00,6.10,320
2026-12-18 22:00:00,-3.30,70,-7.00,,0.00,4.10,315
2026-12-18 23:00:00,-3.60,71,-7.00,,0.00,2.40,297
2026-12-19 00:00:00,-4.00,72,-7.30,,0.00,1.10,288
2026-12-19 01:00:00,-4.00,71,-7.40,,0.00,2.20,180
2026-12-19 02:00:00,-3.90,72,-7.40,,0.00,2.90,187
2026-12-19 03:00:00,-3.90,72,-7.40,,0.00,2.70,157
2026-12-19 04:00:00,-3.40,71,-7.30,,0.00,5.50,169
2026-12-19 05:00:00,-3.30,74,-7.30,,0.00,6.90,171
2026-12-19 06:00:00,-3.00,80,-7.00,,0.00,7.70,169
2026-12-19 07:00:00,-3.00,90,-7.10,,0.40,9.30,164
2026-12-19 08:00:00,-2.70,93,-7.00,,0.70,11.30,163
2026-12-19 09:00:00,-1.90,95,-6.20,,0.70,12.10,168
2026-12-19 10:00:00,-1.20,95,-5.70,,0.70,14.50,174
2026-12-19 11:00:00,-0.50,96,-4.80,,0.10,13.70,180
2026-12-19 12:00:00,0.40,96,-3.50,,0.10,11.90,183
2026-12-19 13:00:00,1.00,96,-2.80,,0.00,11.80,192
2026-12-19 14:00:00,1.30,96,-2.50,,0.10,12.30,201
2026-12-19 15:00:00,1.90,97,-1.50,,0.00,10.50,202
2026-12-19 16:00:00,2.20,97,-1.20,,0.00,10.30,209
2026-12-19 17:00:00,2.30,97,-0.90,,0.00,9.50,209
2026-12-19 18:00:00,3.00,97,-0.00,,0.00,8.70,210
2026-12-19 19:00:00,2.80,97,-0.20,,0.00,8.70,204
2026-12-19 20:00:00,2.90,96,-0.10,,0.00,8.80,199
2026-12-19 21:00:00,3.10,95,0.10,,0.00,8.60,202
2026-12-19 22:00:00,3.00,95,-0.10,,0.00,8.90,201
2026-12-19 23:00:00,2.90,94,-0.30,,0.00,9.40,198
2026-12-20 00:00:00,2.80,94,-0.40,,0.00,9.40,198
2026-12-20 01:00:00,2.60,93,-0.70,,0.00,9.60,193
2026-12-20 02:00:00,2.50,93,-0.90,,0.00,10.20,190
2026-12-20 03:00:00,2.40,92,-0.90,,0.00,9.80,188
2026-12-20 04:00:00,2.30,91,-1.20,,0.00,10.60,190
2026-12-20 05:00:00,2.20,91,-1.40,,0.00,11.00,191
2026-12-20 06:00:00,2.20,91,-1.50,,0.00,11.40,193
2026-12-20 07:00:00,2.00,91,-1.80,,0.00,12.10,192
2026-12-20 08:00:00,2.00,92,-1.90,,0.00,12.90,193
2026-12-20 09:00:00,2.20,92,-1.50,,0.00,12.10,192
2026-12-20 10:00:00,2.10,92,-1.70,,0.00,12.80,191
2026-12-20 11:00:00,2.30,93,-1.50,,0.00,13.10,189
2026-12-20 12:00:00,2.60,94,-1.10,,0.00,12.70,188
2026-12-20 13:00:00,2.80,95,-1.00,,0.00,13.50,189
2026-12-20 14:00:00,3.00,95,-0.70,,0.00,13.10,189
2026-12-20 15:00:00,3.40,93,-0.20,,0.00,12.90,193
2026-12-20 16:00:00,3.50,94,0.10,,0.00,12.20,199
2026-12-20 17:00:00,3.70,93,0.20,,0.00,11.90,209
2026-12-20 18:00:00,3.70,94,0.30,,0.00,11.90,209
2026-12-20 19:00:00,3.90,93,0.40,,0.00,12.10,210
2026-12-20 20:00:00,3.60,92,0.10,,0.00,12.20,223
2026-12-20 21:00:00,3.20,94,-0.20,,0.00,11.20,225
2026-12-20 22:00:00,3.00,92,-0.30,,0.10,10.50,221
2026-12-20 23:00:00,2.80,95,-0.30,,0.50,9.40,220
2026-12-21 00:00:00,2.80,97,-0.20,,1.10,8.70,222
2026-12-21 01:00:00,2.70,97,-0.40,,1.00,9.30,234
2026-12-21 02:00:00,2.80,97,-0.30,,0.90,8.80,258
2026-12-21 03:00:00,2.90,97,-0.00,,0.60,8.10,283
2026-12-21 04:00:00,2.60,92,-0.10,,0.30,5.90,281
2026-12-21 05:00:00,2.40,93,-0.30,,0.00,5.40,262
2026-12-21 06:00:00,2.20,95,-0.50,,0.00,5.80,270
2026-12-21 07:00:00,1.90,95,-1.00,,0.00,6.20,291
2026-12-21 08:00:00,1.40,94,-1.60,,0.00,6.50,304
2026-12-21 09:00:00,1.00,91,-2.00,,0.00,5.50,302
2026-12-21 10:00:00,0.70,93,-2.30,,0.00,5.40,290
2026-12-21 11:00:00,0.80,94,-2.20,,0.00,6.30,294
2026-12-21 12:00:00,1.10,90,-2.40,,0.00,8.90,313
2026-12-21 13:00:00,1.00,87,-2.30,,0.00,7.40,317
2026-12-21 14:00:00,1.30,87,-1.90,,0.00,6.60,319
2026-12-21 15:00:00,1.30,85,-1.90,,0.00,6.20,324
2026-12-21 16:00:00,1.00,85,-2.00,,0.00,4.70,328
2026-12-21 17:00:00,0.70,87,-1.90,,0.00,1.60,333
2026-12-21 18:00:00,0.10,88,-2.50,,0.00,1.60,333
2026-12-21 19:00:00,-0.10,88,-2.70,,0.00,1.30,326
2026-12-21 20:00:00,-0.30,89,-2.90,,0.00,1.30,326
2026-12-21 21:00:00,-0.40,90,-3.00,,0.00,1.30,304
2026-12-21 22:00:00,-0.50,87,-3.20,,0.00,1.50,284
2026-12-21 23:00:00,-0.60,86,-3.40,,0.00,1.80,233
2026-12-22 00:00:00,-0.60,89,-3.40,,0.00,2.30,219
2026-12-22 01:00:00,-0.70,89,-3.50,,0.00,2.40,207
2026-12-22 02:00:00,-0.70,89,-3.50,,0.00,2.30,198
2026-12-22 03:00:00,-0.50,91,-3.30,,0.00,2.30,231
2026-12-22 04:00:00,-0.60,91,-3.30,,0.00,2.00,225
2026-12-22 05:00:00,-0.60,90,-3.30,,0.00,2.10,239
2026-12-22 06:00:00,-0.60,91,-3.30,,0.00,2.10,239
2026-12-22 07:00:00,-0.80,91,-3.60,,0.00,2.10,239
2026-12-22 08:00:00,-1.10,92,-3.80,,0.00,1.80,217
2026-12-22 09:00:00,-1.30,91,-4.00,,0.00,1.80,180
2026-12-22 10:00:00,-1.30,92,-4.10,,0.00,2.20,171
2026-12-22 11:00:00,-0.90,90,-3.70,,0.00,2.60,164
2026-12-22 12:00:00,-0.60,86,-3.70,,0.00,4.50,194
2026-12-22 13:00:00,-0.40,81,-3.90,,0.00,5.70,198
2026-12-22 14:00:00,-0.40,78,-3.90,,0.00,5.40,200
2026-12-22 15:00:00,-0.50,77,-3.90,,0.00,4.70,189
2026-12-22 16:00:00,-0.60,79,-4.00,,0.00,4.90,163
2026-12-22 17:00:00,-0.80,80,-4.40,,0.00,6.10,152
2026-12-22 18:00:00,-1.30,80,-4.80,,0.00,5.70,145
2026-12-22 19:00:00,-1.60,81,-5.20,,0.00,6.00,147
2026-12-22 20:00:00,-2.00,82,-5.60,,0.00,6.00,147
2026-12-22 21:00:00,-2.50,82,-6.30,,0.00,6.80,155
2026-12-22 22:00:00,-2.70,82,-6.10,,0.00,4.20,160
2026-12-22 23:00:00,-2.60,85,-5.90,,0.00,3.60,143
2026-12-23 00:00:00,-2.50,87,-5.80,,0.00,3.40,148
2026-12-23 01:00:00,-2.50,89,-5.60,,0.00,2.90,120
2026-12-23 02:00:00,-2.50,90,-5.70,,0.00,3.30,103
2026-12-23 03:00:00,-2.60,90,-5.80,,0.00,3.20,90
2026-12-23 04:00:00,-2.40,91,-5.60,,0.00,3.80,73
2026-12-23 05:00:00,-2.30,91,-5.50,,0.00,4.10,75
2026-12-23 06:00:00,-1.90,92,-5.10,,0.00,4.40,55
2026-12-23 07:00:00,-1.70,93,-4.80,,0.00,4.00,63
2026-12-23 08:00:00,-1.50,93,-4.60,,0.00,4.20,59
2026-12-23 09:00:00,-1.50,95,-4.60,,0.00,4.30,66
2026-12-23 10:00:00,-1.20,95,-4.30,,0.00,4.60,72
2026-12-23 11:00:00,-0.80,95,-3.90,,0.00,4.90,73
2026-12-23 12:00:00,-0.80,96,-3.80,,0.00,4.80,63
2026-12-23 13:00:00,-0.50,97,-3.40,,0.00,4.30,66
2026-12-23 14:00:00,-0.30,97,-3.30,,0.00,5.20,65
2026-12-23 15:00:00,-0.10,98,-3.10,,0.00,5.40,70
2026-12-23 16:00:00,0.00,98,-3.00,,0.00,5.90,76
2026-12-23 17:00:00,0.10,99,-3.00,,0.00,6.60,81
2026-12-23 18:00:00,0.10,99,-2.90,,0.00,6.20,83
2026-12-23 19:00:00,0.20,98,-2.80,,0.00,6.10,93
2026-12-23 20:00:00,0.30,98,-2.70,,0.00,5.90,104
2026-12-23 21:00:00,0.30,99,-2.50,,0.00,4.70,113
2026-12-23 22:00:00,0.30,98,-2.40,,0.00,3.80,131
2026-12-23 23:00:00,0.40,98,-2.10,,0.00,2.50,135
2026-12-24 00:00:00,0.50,99,-1.90,,0.00,2.60,124
2026-12-24 01:00:00,0.50,99,-1.90,,0.00,2.00,135
2026-12-24 02:00:00,0.60,99,-1.80,,0.00,1.90,158
2026-12-24 03:00:00,0.60,99,-1.70,,0.00,1.60,153
2026-12-24 04:00:00,0.60,100,-1.70,,0.00,1.80,180
2026-12-24 05:00:00,0.50,100,-1.90,,0.00,2.60,214
2026-12-24 06:00:00,0.40,100,-2.20,,0.00,3.30,229
2026-12-24 07:00:00,0.30,100,-2.10,,0.00,2.60,236
2026-12-24 08:00:00,0.20,100,-2.00,,0.00,1.10,342
2026-12-24 09:00:00,0.20,100,-2.20,,0.00,1.90,68
2026-12-24 10:00:00,0.10,100,-2.70,,0.00,5.20,205
2026-12-24 11:00:00,-0.10,100,-3.20,,0.00,6.40,223
2026-12-24 12:00:00,-0.10,96,-3.10,,0.00,5.40,262
2026-12-24 13:00:00,0.30,93,-2.50,,0.00,3.50,294
2026-12-24 14:00:00,0.40,92,-2.10,,0.00,2.10,329
2026-12-24 15:00:00,0.60,94,-1.90,,0.00,2.10,329
2026-12-24 16:00:00,0.40,95,-2.10,,0.00,2.40,27
2026-12-24 17:00:00,0.30,95,-2.30,,0.00,2.20,9
2026-12-24 18:00:00,0.30,94,-2.30,,0.00,2.20,360
2026-12-24 19:00:00,0.20,94,-2.30,,0.00,2.30,18
2026-12-24 20:00:00,0.20,94,-2.30,,0.00,2.10,31
2026-12-24 21:00:00,0.20,95,-2.20,,0.00,1.10,72
2026-12-24 22:00:00,0.10,94,-2.50,,0.00,1.90,112
2026-12-24 23:00:00,0.10,94,-2.20,,0.00,0.40,270
2026-12-25 00:00:00,0.10,96,-2.20,,0.00,0.80,297
2026-12-25 01:00:00,0.00,96,-2.40,,0.00,1.30,304
2026-12-25 02:00:00,0.10,96,-2.50,,0.00,3.10,339
2026-12-25 03:00:00,0.30,96,-2.40,,0.00,3.70,349
2026-12-25 04:00:00,0.30,96,-2.50,,0.00,4.00,355
2026-12-25 05:00:00,0.30,97,-2.50,,0.00,4.40,351
2026-12-25 06:00:00,0.30,97,-2.50,,0.00,4.50,346
2026-12-25 07:00:00,0.20,97,-2.70,,0.20,4.60,342
2026-12-25 08:00:00,0.10,97,-2.70,,0.20,3.90,338
2026-12-25 09:00:00,0.10,98,-2.50,,0.10,3.00,346
2026-12-25 10:00:00,0.10,97,-2.90,,0.00,5.60,345
2026-12-25 11:00:00,0.10,90,-3.40,,0.00,8.00,352
2026-12-25 12:00:00,-0.00,87,-3.60,,0.00,7.90,344
2026-12-25 13:00:00,0.30,87,-3.20,,0.00,7.80,347
2026-12-25 14:00:00,0.30,90,-3.20,,0.00,8.00,350
2026-12-25 15:00:00,0.50,92,-2.90,,0.00,7.60,3
2026-12-25 16:00:00,0.40,93,-3.30,,0.00,10.00,15
2026-12-25 17:00:00,0.30,93,-3.20,,0.00,8.60,15
2026-12-25 18:00:00,0.20,92,-3.10,,0.00,6.80,3
2026-12-25 19:00:00,0.20,92,-3.00,,0.00,6.20,350
2026-12-25 20:00:00,-0.10,95,-3.40,,0.00,7.00,348
2026-12-25 21:00:00,-0.40,94,-3.60,,0.00,6.00,343
2026-12-25 22:00:00,-0.40,92,-3.60,,0.00,6.00,343
2026-12-25 23:00:00,-0.50,91,-3.90,,0.00,7.00,339
2026-12-26 00:00:00,-0.70,90,-4.20,,0.00,7.40,337
2026-12-26 01:00:00,-1.10,93,-4.70,,0.00,8.00,333
2026-12-26 02:00:00,-1.20,92,-4.60,,0.00,6.80,328
2026-12-26 03:00:00,-1.00,92,-4.20,,0.00,5.10,309
2026-12-26 04:00:00,-1.20,91,-4.80,,0.00,7.40,321
2026-12-26 05:00:00,-1.40,92,-4.90,,0.00,6.80,328
2026-12-26 06:00:00,-1.30,87,-5.00,,0.00,7.20,333
2026-12-26 07:00:00,-1.40,89,-4.80,,0.00,5.40,323
2026-12-26 08:00:00,-1.40,91,-4.70,,0.00,5.20,304
2026-12-26 09:00:00,-1.30,92,-4.50,,0.00,5.00,270
2026-12-26 10:00:00,-1.10,92,-4.40,,0.00,5.70,252
2026-12-26 11:00:00,-0.70,92,-4.20,,0.00,7.20,252
2026-12-26 12:00:00,-0.30,91,-3.90,,0.00,8.10,257
2026-12-26 13:00:00,-0.20,90,-3.70,,0.00,7.60,265
2026-12-26 14:00:00,-0.20,90,-3.60,,0.00,7.20,270
2026-12-26 15:00:00,0.00,91,-3.30,,0.00,6.60,279
2026-12-26 16:00:00,-0.00,91,-3.20,,0.00,5.90,281
2026-12-26 17:00:00,-0.10,92,-3.30,,0.10,5.90,284
2026-12-26 18:00:00,-0.00,93,-3.10,,0.00,5.60,285
2026-12-26 19:00:00,0.00,93,-3.00,,0.10,5.00,291
2026-12-26 20:00:00,0.00,94,-2.80,,0.10,4.10,285
2026-12-26 21:00:00,-0.00,94,-2.70,,0.10,2.90,270
2026-12-26 22:00:00,-0.00,95,-2.70,,0.10,2.90,270
2026-12-26 23:00:00,-0.00,95,-2.60,,0.00,2.50,262
2026-12-27 00:00:00,-0.10,96,-2.50,,0.00,1.40,270
2026-12-27 01:00:00,-0.10,96,-2.50,,0.00,1.30,236
2026-12-27 02:00:00,-0.10,97,-2.50,,0.00,1.30,214
2026-12-27 03:00:00,-0.30,98,-2.60,,0.00,0.80,117
2026-12-27 04:00:00,-0.30,98,-2.60,,0.00,0.40,180
2026-12-27 05:00:00,-0.30,98,-2.60,,0.00,0.40,180
2026-12-27 06:00:00,-0.30,99,-2.60,,0.00,1.00,135
2026-12-27 07:00:00,-0.30,98,-2.70,,0.00,1.50,166
2026-12-27 08:00:00,-0.20,98,-2.70,,0.00,1.50,194
2026-12-27 09:00:00,-0.30,98,-2.80,,0.00,1.50,194
2026-12-27 10:00:00,-0.30,98,-2.80,,0.00,1.90,202
2026-12-27 11:00:00,-0.20,98,-2.70,,0.00,1.80,217
2026-12-27 12:00:00,-0.20,99,-2.70,,0.00,1.80,233
2026-12-27 13:00:00,-0.20,98,-2.60,,0.00,1.80,233
2026-12-27 14:00:00,-0.10,98,-2.60,,0.10,1.60,243
2026-12-27 15:00:00,-0.30,98,-2.70,,0.10,1.60,333
2026-12-27 16:00:00,-0.20,98,-2.60,,0.00,0.80,333
2026-12-27 17:00:00,-0.20,98,-2.60,,0.00,1.10,360
2026-12-27 18:00:00,-0.20,97,-2.60,,0.00,1.10,360
2026-12-27 19:00:00,-0.20,97,-2.60,,0.00,1.40,360
2026-12-27 20:00:00,-0.20,97,-2.70,,0.00,2.20,360
2026-12-27 21:00:00,-0.20,97,-3.00,,0.00,4.00,5
2026-12-27 22:00:00,-0.10,97,-3.00,,0.00,4.80,13
2026-12-27 23:00:00,-0.10,97,-3.20,,0.00,5.60,15
2026-12-28 00:00:00,-0.20,97,-3.20,,0.00,5.40,20
2026-12-28 01:00:00,-0.20,96,-3.30,,0.00,5.50,23
2026-12-28 02:00:00,-0.20,96,-3.30,,0.00,5.60,27
2026-12-28 03:00:00,-0.30,96,-3.60,,0.00,6.60,29
2026-12-28 04:00:00,-0.40,95,-3.60,,0.00,6.60,29
2026-12-28 05:00:00,-0.40,95,-3.60,,0.00,6.40,27
2026-12-28 06:00:00,-0.60,94,-3.80,,0.00,5.30,28
2026-12-28 07:00:00,-0.60,94,-3.80,,0.00,6.00,17
2026-12-28 08:00:00,-0.80,94,-4.00,,0.00,5.70,18
2026-12-28 09:00:00,-0.90,94,-4.10,,0.00,5.50,23
2026-12-28 10:00:00,-0.80,93,-4.20,,0.00,7.20,27
2026-12-28 11:00:00,-0.60,92,-4.30,,0.00,8.60,33
2026-12-28 12:00:00,-0.60,92,-3.90,,0.00,6.20,36
2026-12-28 13:00:00,-0.60,92,-3.80,,0.00,5.80,30
2026-12-28 14:00:00,-0.50,92,-3.70,,0.00,5.60,15
2026-12-28 15:00:00,-0.40,93,-3.40,,0.00,4.00,10
2026-12-28 16:00:00,-0.40,93,-3.40,,0.00,4.30,5
2026-12-28 17:00:00,-0.50,93,-3.40,,0.00,3.60,360
2026-12-28 18:00:00,-0.80,94,-3.50,,0.00,2.50,352
2026-12-28 19:00:00,-0.70,94,-3.40,,0.00,2.10,329
2026-12-28 20:00:00,-0.70,94,-3.40,,0.00,2.10,301
2026-12-28 21:00:00,-0.90,93,-3.60,,0.00,2.40,297
2026-12-28 22:00:00,-1.00,94,-3.90,,0.00,3.20,270
2026-12-28 23:00:00,-1.00,94,-4.00,,0.00,4.10,255
2026-12-29 00:00:00,-1.00,94,-3.90,,0.00,3.80,253
2026-12-29 01:00:00,-1.00,95,-4.00,,0.00,4.20,250
2026-12-29 02:00:00,-1.00,95,-3.90,,0.00,4.00,243
2026-12-29 03:00:00,-0.90,96,-3.80,,0.00,3.80,221
2026-12-29 04:00:00,-0.80,96,-3.80,,0.00,4.10,232
2026-12-29 05:00:00,-0.80,97,-3.80,,0.00,4.40,235
2026-12-29 06:00:00,-1.00,97,-3.90,,0.00,4.10,225
2026-12-29 07:00:00,-0.90,97,-3.90,,0.00,4.90,216
2026-12-29 08:00:00,-0.90,97,-4.00,,0.00,5.20,214
2026-12-29 09:00:00,-0.90,98,-4.00,,0.00,5.50,212
2026-12-29 10:00:00,-0.80,98,-4.00,,0.00,6.30,211
2026-12-29 11:00:00,-0.70,97,-4.00,,0.00,6.80,212
2026-12-29 12:00:00,-0.60,97,-4.00,,0.00,7.80,214
2026-12-29 13:00:00,-0.50,96,-3.90,,0.10,8.00,216
2026-12-29 14:00:00,-0.40,96,-3.90,,0.20,8.20,209
2026-12-29 15:00:00,-0.30,98,-3.70,,0.30,7.50,215
2026-12-29 16:00:00,-0.30,98,-3.70,,0.10,8.00,216
2026-12-29 17:00:00,-0.30,98,-3.70,,0.00,7.90,219
2026-12-29 18:00:00,-0.40,99,-4.00,,0.00,9.20,225
2026-12-29 19:00:00,-0.30,97,-3.70,,0.10,8.40,227
2026-12-29 20:00:00,-0.30,96,-3.90,,0.10,9.40,227
2026-12-29 21:00:00,-0.30,98,-4.00,,0.00,9.70,222
2026-12-29 22:00:00,-0.30,97,-3.90,,0.10,9.20,228
2026-12-29 23:00:00,-0.20,96,-4.00,,0.00,10.50,232
2026-12-30 00:00:00,-0.40,97,-4.00,,0.00,9.40,238
2026-12-30 01:00:00,-0.40,96,-4.20,,0.10,10.00,240
2026-12-30 02:00:00,-0.50,96,-4.10,,0.00,9.40,238
2026-12-30 03:00:00,-0.50,95,-4.10,,0.00,8.90,249
2026-12-30 04:00:00,-0.70,92,-4.40,,0.00,8.90,243
2026-12-30 05:00:00,-0.90,94,-4.40,,0.00,7.90,240
2026-12-30 06:00:00,-0.90,95,-4.70,,0.00,9.40,247
2026-12-30 07:00:00,-0.90,96,-4.70,,0.00,10.00,240
2026-12-30 08:00:00,-0.80,96,-4.60,,0.00,9.80,234
2026-12-30 09:00:00,-0.90,97,-4.60,,0.00,9.70,228
2026-12-30 10:00:00,-0.70,97,-4.60,,0.00,10.40,224
2026-12-30 11:00:00,-0.60,97,-4.50,,0.00,11.20,225
2026-12-30 12:00:00,-0.30,98,-4.20,,0.00,11.00,232
2026-12-30 13:00:00,-0.10,96,-4.00,,0.10,11.30,233
2026-12-30 14:00:00,0.10,96,-3.90,,0.00,12.70,245
2026-12-30 15:00:00,0.10,95,-3.80,,0.00,11.70,259
2026-12-30 16:00:00,-0.10,94,-4.00,,0.00,11.30,253
2026-12-30 17:00:00,-0.10,94,-4.00,,0.00,11.10,245
2026-12-30 18:00:00,-0.20,96,-4.10,,0.00,11.00,247
2026-12-30 19:00:00,-0.20,97,-4.20,,0.00,12.10,243
2026-12-30 20:00:00,-0.20,97,-4.20,,0.00,12.40,244
2026-12-30 21:00:00,-0.10,98,-4.10,,0.00,12.20,251
2026-12-30 22:00:00,-0.00,98,-4.00,,0.00,11.90,245
2026-12-30 23:00:00,0.00,98,-4.00,,0.00,12.40,248
2026-12-31 00:00:00,0.00,98,-3.90,,0.00,11.70,252
2026-12-31 01:00:00,0.10,98,-3.80,,0.00,11.60,248
2026-12-31 02:00:00,0.20,98,-3.70,,0.00,11.60,248
2026-12-31 03:00:00,0.30,98,-3.30,,0.00,10.00,249
2026-12-31 04:00:00,0.30,98,-3.40,,0.00,10.50,248
2026-12-31 05:00:00,0.20,99,-3.50,,0.00,10.80,244
2026-12-31 06:00:00,0.20,99,-3.60,,0.00,11.30,239
2026-12-31 07:00:00,0.20,99,-3.70,,0.00,12.20,236
2026-12-31 08:00:00,0.30,98,-3.80,,0.00,13.20,235
2026-12-31 09:00:00,0.40,98,-3.70,,0.00,13.50,236
2026-12-31 10:00:00,0.50,98,-3.70,,0.00,14.40,238
2026-12-31 11:00:00,0.70,97,-3.70,,0.00,15.70,238
2026-12-31 12:00:00,0.70,97,-3.70,,0.00,15.80,243
2026-12-31 13:00:00,1.00,97,-3.40,,0.00,15.90,252
2026-12-31 14:00:00,1.20,96,-3.10,,0.00,15.50,252
2026-12-31 15:00:00,1.50,95,-2.70,,0.00,14.60,254
2026-12-31 16:00:00,1.60,95,-2.40,,0.00,13.60,258
2026-12-31 17:00:00,1.70,95,-2.20,,0.00,12.70,255
2026-12-31 18:00:00,1.60,96,-2.10,,0.00,12.20,251
2026-12-31 19:00:00,1.70,97,-2.00,,0.00,12.20,251
2026-12-31 20:00:00,1.80,97,-2.00,,0.00,13.00,251
2026-12-31 21:00:00,1.90,96,-1.90,,0.00,12.90,257
2026-12-31 22:00:00,2.10,96,-1.60,,0.00,12.60,267
2026-12-31 23:00:00,2.40,93,-1.50,,0.00,13.70,284
2027-01-01 00:00:00,2.30,92,-1.20,,0.00,10.90,278
2027-01-01 01:00:00,2.30,93,-1.10,,0.00,9.90,251
2027-01-01 02:00:00,1.80,95,-1.50,,0.00,9.30,254
2027-01-01 03:00:00,1.90,94,-1.60,,0.00,10.90,264
2027-01-01 04:00:00,1.90,95,-1.30,,0.00,8.10,249
2027-01-01 05:00:00,1.50,98,-1.80,,0.00,9.00,233
2027-01-01 06:00:00,1.30,97,-2.10,,0.00,9.40,230
2027-01-01 07:00:00,1.50,96,-2.20,,0.00,11.20,228
2027-01-01 08:00:00,1.50,96,-2.60,,0.00,14.30,223
2027-01-01 09:00:00,1.30,97,-2.70,,0.00,13.70,210
2027-01-01 10:00:00,1.40,98,-2.70,,0.00,14.70,208
2027-01-01 11:00:00,2.00,93,-2.60,,0.00,17.40,218
2027-01-01 12:00:00,2.20,95,-2.60,,0.00,19.80,217
2027-01-01 13:00:00,2.80,84,-2.00,,0.00,18.60,221
2027-01-01 14:00:00,3.30,79,-1.50,,0.00,18.10,224
2027-01-01 15:00:00,3.80,74,-0.80,,0.00,16.30,223
2027-01-01 16:00:00,3.40,74,-1.20,,0.00,15.80,227
2027-01-01 17:00:00,3.00,73,-1.70,,0.00,16.60,229
2027-01-01 18:00:00,3.10,70,-1.70,,0.00,16.40,230
2027-01-01 19:00:00,2.90,71,-1.90,,0.00,16.60,231
2027-01-01 20:00:00,3.00,70,-1.90,,0.00,16.60,231
2027-01-01 21:00:00,3.30,69,-1.50,,0.00,16.40,232
2027-01-01 22:00:00,3.30,69,-1.60,,0.00,17.10,231
2027-01-01 23:00:00,3.30,70,-1.60,,0.00,17.40,230
2027-01-02 00:00:00,3.50,69,-1.30,,0.00,16.90,230
2027-01-02 01:00:00,3.30,69,-1.60,,0.00,17.40,230
2027-01-02 02:00:00,3.20,70,-1.70,,0.00,17.60,229
2027-01-02 03:00:00,3.40,69,-1.60,,0.00,17.60,229
2027-01-02 04:00:00,3.10,69,-1.90,,0.00,18.10,227
2027-01-02 05:00:00,3.00,68,-2.10,,0.00,18.10,226
2027-01-02 06:00:00,3.20,64,-2.10,,0.00,18.80,227
2027-01-02 07:00:00,2.80,64,-2.60,,0.00,18.80,225
2027-01-02 08:00:00,2.60,63,-2.80,,0.00,18.80,225
2027-01-02 09:00:00,2.90,59,-2.60,,0.00,18.60,224
2027-01-02 10:00:00,3.00,58,-2.50,,0.00,18.80,225
2027-01-02 11:00:00,3.80,55,-1.70,,0.00,19.10,226
2027-01-02 12:00:00,5.30,49,-0.10,,0.00,18.60,227
2027-01-02 13:00:00,6.30,46,0.60,,0.00,19.90,229
2027-01-02 14:00:00,7.10,44,1.50,,0.00,19.40,228
2027-01-02 15:00:00,7.90,42,2.40,,0.00,19.30,233
2027-01-02 16:00:00,7.70,43,2.30,,0.00,18.70,230
2027-01-02 17:00:00,7.10,46,1.90,,0.00,17.30,225
2027-01-02 18:00:00,6.90,48,1.70,,0.00,17.30,223
2027-01-02 19:00:00,6.50,51,1.50,,0.00,16.50,224
2027-01-02 20:00:00,6.00,55,1.20,,0.00,15.50,224
2027-01-02 21:00:00,5.50,59,0.90,,0.00,15.30,231
2027-01-02 22:00:00,5.20,62,0.70,,0.00,15.00,235
2027-01-02 23:00:00,5.00,64,0.70,,0.00,13.80,242
2027-01-03 00:00:00,4.90,67,0.60,,0.00,13.70,243
2027-01-03 01:00:00,4.60,71,0.30,,0.00,14.70,248
2027-01-03 02:00:00,4.20,77,-0.00,,0.10,15.20,248
2027-01-03 03:00:00,4.10,79,0.10,,0.10,14.00,252
2027-01-03 04:00:00,3.80,80,-0.10,,0.00,12.40,253
2027-01-03 05:00:00,3.50,75,-0.40,,0.00,11.70,259
2027-01-03 06:00:00,3.00,71,-0.90,,0.00,10.40,270
2027-01-03 07:00:00,2.40,72,-1.20,,0.00,8.00,278
2027-01-03 08:00:00,1.90,69,-1.70,,0.00,6.90,261
2027-01-03 09:00:00,1.20,65,-2.80,,0.00,8.20,255
2027-01-03 10:00:00,0.90,68,-3.00,,0.00,7.60,245
2027-01-03 11:00:00,0.90,65,-3.30,,0.00,9.20,259
2027-01-03 12:00:00,0.70,65,-3.60,,0.00,10.10,270
2027-01-03 13:00:00,0.90,66,-3.30,,0.00,9.90,280
2027-01-03 14:00:00,0.90,66,-3.40,,0.00,10.50,278
2027-01-03 15:00:00,0.70,65,-3.50,,0.00,9.30,283
2027-01-03 16:00:00,0.50,62,-3.80,,0.00,9.30,283
2027-01-03 17:00:00,0.00,62,-3.80,,0.00,6.20,277
2027-01-03 18:00:00,-0.30,70,-4.10,,0.00,6.90,276
2027-01-03 19:00:00,-0.60,77,-4.10,,0.00,5.50,259
2027-01-03 20:00:00,-0.90,78,-4.50,,0.00,6.20,249
2027-01-03 21:00:00,-1.30,76,-4.90,,0.00,5.60,243
2027-01-03 22:00:00,-1.90,77,-5.60,,0.00,6.10,242
2027-01-03 23:00:00,-2.50,78,-6.20,,0.00,5.70,235
2027-01-04 00:00:00,-2.90,82,-6.60,,0.00,5.60,225
2027-01-04 01:00:00,-3.30,83,-7.10,,0.00,6.40,218
2027-01-04 02:00:00,-3.60,86,-7.50,,0.00,7.20,217
2027-01-04 03:00:00,-4.00,89,-7.80,,0.00,6.90,208
2027-01-04 04:00:00,-3.70,89,-7.70,,0.00,8.20,209
2027-01-04 05:00:00,-3.40,91,-7.40,,0.00,8.60,213
2027-01-04 06:00:00,-3.10,92,-7.00,,0.00,8.10,201
2027-01-04 07:00:00,-2.80,91,-7.00,,0.00,10.10,207
2027-01-04 08:00:00,-2.60,90,-6.80,,0.00,10.80,206
2027-01-04 09:00:00,-2.60,91,-7.00,,0.00,12.40,206
2027-01-04 10:00:00,-2.20,88,-7.00,,0.00,14.70,211
2027-01-04 11:00:00,-2.00,90,-7.00,,0.20,16.30,215
2027-01-04 12:00:00,-1.50,89,-6.40,,0.60,16.10,236
2027-01-04 13:00:00,-1.20,80,-6.80,,0.30,19.40,260
2027-01-04 14:00:00,-1.20,63,-7.00,,0.00,18.80,263
2027-01-04 15:00:00,-1.20,62,-6.90,,0.00,17.70,265
2027-01-04 16:00:00,-1.90,67,-7.50,,0.00,17.70,258
2027-01-04 17:00:00,-2.60,74,-7.60,,0.00,13.90,245
2027-01-04 18:00:00,-2.60,73,-8.10,,0.10,17.30,258
2027-01-04 19:00:00,-2.90,68,-8.40,,0.10,16.70,264
2027-01-04 20:00:00,-3.10,74,-8.70,,0.00,17.80,256
2027-01-04 21:00:00,-3.10,76,-8.80,,0.00,18.10,263
2027-01-04 22:00:00,-3.30,76,-9.00,,0.00,18.40,268
2027-01-04 23:00:00,-3.10,72,-9.00,,0.00,19.20,278
2027-01-05 00:00:00,-3.20,73,-8.90,,0.00,18.10,277
2027-01-05 01:00:00,-3.40,80,-8.90,,0.00,17.40,276
2027-01-05 02:00:00,-3.50,79,-8.70,,0.00,15.50,274
2027-01-05 03:00:00,-3.60,73,-8.80,,0.00,14.80,274
2027-01-05 04:00:00,-3.80,74,-8.90,,0.00,13.30,273
2027-01-05 05:00:00,-4.00,76,-8.90,,0.00,12.60,268
2027-01-05 06:00:00,-4.30,76,-9.20,,0.00,11.90,273
2027-01-05 07:00:00,-4.80,80,-9.60,,0.00,12.10,258
2027-01-05 08:00:00,-5.30,84,-10.10,,0.00,11.80,258
2027-01-05 09:00:00,-5.80,85,-10.50,,0.00,10.80,249
2027-01-05 10:00:00,-5.90,85,-10.60,,0.00,10.80,244
2027-01-05 11:00:00,-5.50,82,-10.30,,0.00,11.10,241
2027-01-05 12:00:00,-4.10,75,-8.80,,0.00,11.20,237
2027-01-05 13:00:00,-3.70,73,-8.50,,0.00,11.20,230
2027-01-05 14:00:00,-3.30,71,-8.00,,0.00,11.00,221
2027-01-05 15:00:00,-2.60,65,-7.40,,0.00,11.50,219
2027-01-05 16:00:00,-2.90,67,-7.50,,0.00,10.30,209
2027-01-05 17:00:00,-3.40,70,-7.90,,0.00,9.70,207
2027-01-05 18:00:00,-4.00,70,-8.70,,0.00,10.10,215
2027-01-05 19:00:00,-4.40,70,-9.00,,0.00,9.80,216
2027-01-05 20:00:00,-4.50,70,-9.10,,0.00,9.60,214
2027-01-05 21:00:00,-4.50,72,-8.80,,0.00,8.20,209
2027-01-05 22:00:00,-4.60,73,-9.10,,0.00,8.80,215
2027-01-05 23:00:00,-4.50,73,-9.00,,0.00,9.70,202
2027-01-06 00:00:00,-4.60,75,-9.20,,0.00,10.40,200
2027-01-06 01:00:00,-4.60,77,-9.10,,0.00,9.40,203
2027-01-06 02:00:00,-4.60,79,-9.00,,0.00,9.00,196
2027-01-06 03:00:00,-4.80,82,-9.00,,0.00,8.10,193
2027-01-06 04:00:00,-4.90,82,-9.00,,0.00,7.60,188
2027-01-06 05:00:00,-5.30,83,-9.50,,0.00,7.20,180
2027-01-06 06:00:00,-5.80,86,-9.90,,0.00,6.60,167
2027-01-06 07:00:00,-6.20,84,-10.40,,0.00,7.00,159
2027-01-06 08:00:00,-6.40,83,-10.70,,0.00,7.70,152
2027-01-06 09:00:00,-6.30,83,-10.60,,0.00,7.50,145
2027-01-06 10:00:00,-5.60,85,-10.00,,0.00,9.10,146
2027-01-06 11:00:00,-4.70,86,-9.10,,0.00,9.80,144
2027-01-06 12:00:00,-3.80,84,-8.40,,0.00,11.80,149
2027-01-06 13:00:00,-3.10,81,-7.60,,0.00,11.40,145
2027-01-06 14:00:00,-2.50,78,-7.10,,0.00,12.10,143
2027-01-06 15:00:00,-2.10,74,-6.80,,0.00,12.60,149
2027-01-06 16:00:00,-2.20,76,-6.90,,0.00,12.50,147
2027-01-06 17:00:00,-2.30,79,-7.00,,0.00,12.80,148
2027-01-06 18:00:00,-1.90,82,-6.40,,0.00,11.50,148
2027-01-06 19:00:00,-2.10,90,-6.30,,0.20,10.90,146
2027-01-06 20:00:00,-1.90,93,-6.20,,0.30,11.60,150
2027-01-06 21:00:00,-1.20,94,-5.40,,0.20,11.60,158
2027-01-06 22:00:00,-1.00,94,-5.20,,0.10,12.20,166
2027-01-06 23:00:00,-0.50,95,-4.60,,0.40,11.70,169
2027-01-07 00:00:00,-0.00,95,-3.90,,0.30,11.30,173
2027-01-07 01:00:00,0.20,95,-3.70,,0.00,11.60,175
2027-01-07 02:00:00,0.40,95,-3.30,,0.00,10.80,182
2027-01-07 03:00:00,0.60,95,-3.20,,0.00,11.30,187
2027-01-07 04:00:00,0.80,95,-2.90,,0.00,10.30,192
2027-01-07 05:00:00,1.00,94,-2.50,,0.00,9.50,191
2027-01-07 06:00:00,1.50,92,-1.80,,0.10,8.80,192
2027-01-07 07:00:00,1.50,93,-1.90,,0.00,9.10,187
2027-01-07 08:00:00,1.50,94,-2.00,,0.00,10.10,186
2027-01-07 09:00:00,1.50,92,-2.00,,0.00,9.70,184
2027-01-07 10:00:00,1.50,92,-2.10,,0.00,10.50,184
2027-01-07 11:00:00,1.90,89,-1.90,,0.00,11.50,182
2027-01-07 12:00:00,2.40,88,-1.20,,0.00,10.80,180
2027-01-07 13:00:00,2.80,87,-0.90,,0.00,11.20,180
2027-01-07 14:00:00,2.80,88,-0.80,,0.00,11.20,180
2027-01-07 15:00:00,3.10,87,-0.50,,0.00,10.80,176
2027-01-07 16:00:00,2.80,89,-0.70,,0.00,10.90,172
2027-01-07 17:00:00,2.50,92,-1.10,,0.00,11.60,173
2027-01-07 18:00:00,2.50,92,-1.10,,0.00,11.20,178
2027-01-07 19:00:00,2.30,93,-1.20,,0.00,11.20,180
2027-01-07 20:00:00,2.30,93,-1.20,,0.00,11.20,184
2027-01-07 21:00:00,2.30,93,-1.20,,0.00,10.90,186
2027-01-07 22:00:00,2.30,93,-1.20,,0.00,10.90,186
2027-01-07 23:00:00,2.40,92,-1.10,,0.00,10.80,182
2027-01-08 00:00:00,2.90,91,-0.50,,0.00,10.40,180
2027-01-08 01:00:00,3.10,90,-0.40,,0.00,10.80,182
2027-01-08 02:00:00,3.40,90,-0.10,,0.00,11.50,182
2027-01-08 03:00:00,3.60,90,0.20,,0.00,10.90,174
2027-01-08 04:00:00,3.50,92,0.20,,0.00,10.50,186
2027-01-08 05:00:00,3.40,94,0.00,,0.00,11.50,176
2027-01-08 06:00:00,3.60,96,0.20,,0.00,11.60,173
2027-01-08 07:00:00,3.90,97,0.40,,0.00,13.30,178
2027-01-08 08:00:00,4.20,97,0.70,,0.00,14.20,187
2027-01-08 09:00:00,4.50,95,0.90,,0.00,14.10,195
2027-01-08 10:00:00,4.40,95,0.90,,0.00,14.20,204
2027-01-08 11:00:00,4.60,94,1.20,,0.00,13.20,206
2027-01-08 12:00:00,4.80,92,1.30,,0.00,13.50,224
2027-01-08 13:00:00,4.80,91,1.50,,0.00,12.20,236
2027-01-08 14:00:00,4.80,90,1.80,,0.00,10.00,229
2027-01-08 15:00:00,4.70,89,1.60,,0.00,9.70,222
2027-01-08 16:00:00,4.30,90,1.40,,0.00,8.80,215
2027-01-08 17:00:00,3.60,93,0.80,,0.00,7.80,214
2027-01-08 18:00:00,3.20,93,0.50,,0.00,6.70,196
2027-01-08 19:00:00,2.90,94,-0.10,,0.00,8.00,198
2027-01-08 20:00:00,2.70,94,-0.30,,0.00,7.80,193
2027-01-08 21:00:00,2.60,94,-0.20,,0.00,6.50,186
2027-01-08 22:00:00,2.40,94,-0.20,,0.00,4.90,197
2027-01-08 23:00:00,2.30,95,-0.20,,0.50,4.20,200
2027-01-09 00:00:00,2.40,97,0.40,,0.80,1.50,14
2027-01-09 01:00:00,2.20,96,-0.40,,1.60,4.90,343
2027-01-09 02:00:00,1.60,96,-1.20,,1.10,5.60,27
2027-01-09 03:00:00,0.30,100,-2.20,,1.90,2.70,23
2027-01-09 04:00:00,0.30,99,-2.80,,1.60,6.30,294
2027-01-09 05:00:00,0.30,98,-2.90,,1.10,7.40,293
2027-01-09 06:00:00,0.60,97,-2.60,,0.20,7.30,290
2027-01-09 07:00:00,0.50,97,-2.50,,0.10,5.70,288
2027-01-09 08:00:00,0.40,97,-2.60,,0.00,5.80,277
2027-01-09 09:00:00,0.40,97,-2.50,,0.00,5.00,249
2027-01-09 10:00:00,0.40,97,-2.80,,0.00,7.10,229
2027-01-09 11:00:00,0.60,98,-2.80,,0.00,8.90,230
2027-01-09 12:00:00,1.00,95,-1.80,,0.00,4.80,228
2027-01-09 13:00:00,1.60,93,-0.90,,0.00,3.10,216
2027-01-09 14:00:00,1.90,92,-0.60,,0.00,3.40,162
2027-01-09 15:00:00,1.80,88,-1.10,,0.00,5.00,150
2027-01-09 16:00:00,1.80,87,-1.60,,0.00,8.10,159
2027-01-09 17:00:00,1.60,89,-1.80,,0.00,8.60,147
2027-01-09 18:00:00,1.70,89,-1.80,,0.00,9.60,146
2027-01-09 19:00:00,1.80,90,-2.00,,0.00,11.60,144
2027-01-09 20:00:00,2.00,90,-2.00,,0.00,12.80,148
2027-01-09 21:00:00,2.20,90,-1.70,,0.10,12.70,155
2027-01-09 22:00:00,2.30,89,-1.60,,0.00,13.20,158
2027-01-09 23:00:00,2.60,87,-1.50,,0.00,14.20,159
2027-01-10 00:00:00,2.90,87,-0.90,,0.00,12.50,162
2027-01-10 01:00:00,3.00,86,-0.70,,0.00,11.60,164
2027-01-10 02:00:00,3.10,87,-0.60,,0.00,11.50,160
2027-01-10 03:00:00,2.90,88,-0.70,,0.00,11.30,153
2027-01-10 04:00:00,3.00,91,-0.60,,0.00,11.80,153
2027-01-10 05:00:00,3.00,96,-0.50,,0.00,11.90,151
2027-01-10 06:00:00,3.30,100,0.20,,0.00,10.80,150
2027-01-10 07:00:00,3.70,100,0.40,,0.00,12.30,159
2027-01-10 08:00:00,3.90,100,0.60,,0.00,12.50,162
2027-01-10 09:00:00,4.20,100,0.80,,0.00,13.70,162
2027-01-10 10:00:00,4.70,100,1.20,,0.00,14.60,164
2027-01-10 11:00:00,5.30,100,1.80,,0.00,15.70,171
2027-01-10 12:00:00,5.80,100,2.60,,0.00,14.60,170
2027-01-10 13:00:00,6.30,100,3.10,,0.00,15.30,172
2027-01-10 14:00:00,6.70,100,3.70,,0.00,14.60,171
2027-01-10 15:00:00,7.30,97,4.30,,0.00,14.60,171
2027-01-10 16:00:00,7.60,98,4.90,,0.00,13.80,171
2027-01-10 17:00:00,8.00,97,5.30,,0.00,13.60,169
2027-01-10 18:00:00,8.70,94,6.40,,0.00,11.70,171
2027-01-10 19:00:00,8.80,94,6.30,,0.10,13.80,165
2027-01-10 20:00:00,8.90,92,6.20,,0.50,14.30,168
2027-01-10 21:00:00,9.20,91,6.40,,0.10,14.80,167
2027-01-10 22:00:00,8.90,90,6.00,,0.40,15.40,164
2027-01-10 23:00:00,8.60,91,5.80,,1.30,14.40,167
2027-01-11 00:00:00,8.70,92,5.90,,2.10,14.90,172
2027-01-11 01:00:00,8.40,92,5.70,,1.70,13.80,165
2027-01-11 02:00:00,8.10,93,5.40,,0.80,13.10,164
2027-01-11 03:00:00,7.90,94,5.40,,1.10,11.80,168
2027-01-11 04:00:00,5.40,87,1.60,,1.80,15.40,286
2027-01-11 05:00:00,3.30,88,-0.60,,0.20,13.40,306
2027-01-11 06:00:00,1.70,94,-2.10,,0.80,12.20,294
2027-01-11 07:00:00,0.30,96,-3.80,,1.30,13.70,288
2027-01-11 08:00:00,-0.30,97,-4.20,,1.00,11.30,287
2027-01-11 09:00:00,-0.10,96,-4.20,,0.80,12.80,280
2027-01-11 10:00:00,0.30,95,-3.60,,0.30,11.60,277
2027-01-11 11:00:00,0.40,93,-3.50,,0.30,11.20,272
2027-01-11 12:00:00,0.60,93,-3.20,,0.30,10.40,268
2027-01-11 13:00:00,0.70,92,-3.10,,0.20,11.20,264
2027-01-11 14:00:00,1.00,87,-3.20,,0.00,12.80,259
2027-01-11 15:00:00,1.00,85,-3.00,,0.00,11.70,261
2027-01-11 16:00:00,0.70,82,-3.30,,0.00,11.10,257
2027-01-11 17:00:00,0.10,83,-3.60,,0.00,8.00,243
2027-01-11 18:00:00,-0.50,89,-3.90,,0.00,6.90,219
2027-01-11 19:00:00,-0.70,91,-4.20,,0.00,7.10,210
2027-01-11 20:00:00,-1.00,92,-4.50,,0.00,7.40,209
2027-01-11 21:00:00,-1.10,92,-4.60,,0.00,7.10,204
2027-01-11 22:00:00,-1.10,92,-4.60,,0.00,7.40,203
2027-01-11 23:00:00,-1.00,93,-4.60,,0.00,7.70,208
2027-01-12 00:00:00,-1.10,94,-4.60,,0.00,7.20,207
2027-01-12 01:00:00,-1.10,94,-4.60,,0.00,7.20,207
2027-01-12 02:00:00,-1.40,94,-4.80,,0.00,6.40,196
2027-01-12 03:00:00,-1.50,94,-4.80,,0.00,6.20,187
2027-01-12 04:00:00,-1.70,94,-5.10,,0.00,6.00,197
2027-01-12 05:00:00,-1.80,94,-5.10,,0.00,5.90,191
2027-01-12 06:00:00,-2.30,95,-5.70,,0.00,5.90,194
2027-01-12 07:00:00,-2.40,96,-5.70,,0.00,5.10,184
2027-01-12 08:00:00,-2.60,96,-6.00,,0.00,5.40,176
2027-01-12 09:00:00,-2.90,97,-6.30,,0.00,5.50,169
2027-01-12 10:00:00,-2.70,95,-6.20,,0.00,5.90,166
2027-01-12 11:00:00,-2.20,93,-5.90,,0.00,8.10,167
2027-01-12 12:00:00,-1.10,87,-4.90,,0.00,8.10,167
2027-01-12 13:00:00,-0.50,84,-4.10,,0.00,7.70,169
2027-01-12 14:00:00,0.00,80,-3.70,,0.00,7.70,169
2027-01-12 15:00:00,-0.00,85,-3.20,,0.00,5.00,159
2027-01-12 16:00:00,-0.10,87,-3.20,,0.10,4.70,148
2027-01-12 17:00:00,-0.40,90,-3.50,,0.20,5.20,146
2027-01-12 18:00:00,-0.60,91,-3.80,,0.10,4.80,132
2027-01-12 19:00:00,-0.80,93,-3.90,,0.20,4.80,117
2027-01-12 20:00:00,-0.80,93,-3.90,,0.00,4.90,107
2027-01-12 21:00:00,-1.10,95,-4.10,,0.00,4.10,105
2027-01-12 22:00:00,-1.20,95,-4.10,,0.10,3.80,107
2027-01-12 23:00:00,-1.10,95,-4.10,,0.20,3.70,101
2027-01-13 00:00:00,-1.20,96,-4.00,,0.10,2.90,97
2027-01-13 01:00:00,-1.40,97,-4.20,,0.00,2.80,50
2027-01-13 02:00:00,-1.50,95,-4.50,,0.00,4.10,38
2027-01-13 03:00:00,-1.50,94,-4.70,,0.00,5.40,42
2027-01-13 04:00:00,-1.50,94,-4.90,,0.00,6.10,40
2027-01-13 05:00:00,-1.70,94,-5.30,,0.00,7.40,29
2027-01-13 06:00:00,-1.70,90,-5.20,,0.00,6.80,25
2027-01-13 07:00:00,-1.90,91,-5.40,,0.00,6.40,16
2027-01-13 08:00:00,-2.10,89,-5.50,,0.00,5.10,352
2027-01-13 09:00:00,-2.30,94,-5.60,,0.00,4.80,333
2027-01-13 10:00:00,-2.10,90,-5.60,,0.00,6.40,333
2027-01-13 11:00:00,-1.70,87,-5.50,,0.00,8.50,324
2027-01-13 12:00:00,-1.60,91,-5.20,,0.00,7.40,313
2027-01-13 13:00:00,-1.30,87,-5.30,,0.00,9.20,318
2027-01-13 14:00:00,-1.30,83,-5.30,,0.00,9.20,301
2027-01-13 15:00:00,-1.40,85,-5.30,,0.00,9.00,286
2027-01-13 16:00:00,-1.50,83,-5.40,,0.00,8.90,297
2027-01-13 17:00:00,-2.00,87,-5.80,,0.00,7.80,292
2027-01-13 18:00:00,-2.40,89,-6.10,,0.00,6.90,276
2027-01-13 19:00:00,-2.70,88,-6.70,,0.00,8.20,285
2027-01-13 20:00:00,-2.90,91,-6.70,,0.00,8.00,275
2027-01-13 21:00:00,-2.80,92,-6.70,,0.00,8.70,265
2027-01-13 22:00:00,-2.60,93,-6.50,,0.00,8.80,279
2027-01-13 23:00:00,-2.50,88,-6.50,,0.00,8.90,284
2027-01-14 00:00:00,-2.40,89,-6.70,,0.10,10.90,278
2027-01-14 01:00:00,-2.70,87,-6.80,,0.00,9.50,281
2027-01-14 02:00:00,-2.90,87,-6.90,,0.00,8.70,277
2027-01-14 03:00:00,-2.80,87,-7.10,,0.00,10.90,279
2027-01-14 04:00:00,-3.80,77,-8.50,,0.00,11.90,284
2027-01-14 05:00:00,-4.10,82,-8.70,,0.00,10.90,287
2027-01-14 06:00:00,-4.20,86,-8.80,,0.00,11.70,288
2027-01-14 07:00:00,-4.20,86,-8.80,,0.00,11.40,281
2027-01-14 08:00:00,-4.10,86,-8.80,,0.00,11.90,270
2027-01-14 09:00:00,-4.00,84,-8.30,,0.00,9.30,242
2027-01-14 10:00:00,-3.90,85,-8.50,,0.00,11.50,238
2027-01-14 11:00:00,-3.60,84,-8.70,,0.00,15.40,233
2027-01-14 12:00:00,-2.90,81,-8.10,,0.00,16.10,228
2027-01-14 13:00:00,-2.60,77,-8.00,,0.00,17.10,224
2027-01-14 14:00:00,-2.30,78,-7.70,,0.00,17.60,226
2027-01-14 15:00:00,-1.80,77,-6.90,,0.00,15.80,229
2027-01-14 16:00:00,-1.80,77,-6.80,,0.00,15.20,234
2027-01-14 17:00:00,-1.90,78,-7.00,,0.00,15.50,234
2027-01-14 18:00:00,-1.80,79,-6.60,,0.00,14.10,232
2027-01-14 19:00:00,-1.80,82,-6.60,,0.10,13.70,235
2027-01-14 20:00:00,-1.60,79,-6.50,,0.00,14.10,232
2027-01-14 21:00:00,-1.50,81,-6.30,,0.00,14.30,242
2027-01-14 22:00:00,-1.40,80,-6.20,,0.00,14.20,240
2027-01-14 23:00:00,-1.20,80,-5.90,,0.10,13.70,240
2027-01-15 00:00:00,-1.10,81,-5.60,,0.00,12.40,240
2027-01-15 01:00:00,-1.20,81,-5.70,,0.00,12.60,239
2027-01-15 02:00:00,-1.20,82,-5.60,,0.00,11.70,236
2027-01-15 03:00:00,-1.20,84,-5.50,,0.00,11.20,237
2027-01-15 04:00:00,-1.30,84,-5.50,,0.00,10.70,237
2027-01-15 05:00:00,-1.30,84,-5.30,,0.00,9.70,239
2027-01-15 06:00:00,-1.20,87,-5.00,,0.00,8.40,239
2027-01-15 07:00:00,-1.20,87,-5.00,,0.00,8.10,238
2027-01-15 08:00:00,-1.30,89,-4.90,,0.00,7.60,239
2027-01-15 09:00:00,-1.10,92,-4.50,,0.10,6.40,243
2027-01-15 10:00:00,-1.20,94,-4.50,,0.20,6.00,245
2027-01-15 11:00:00,-1.00,95,-4.20,,0.20,5.60,243
2027-01-15 12:00:00,-0.50,95,-3.70,,0.20,6.00,253
2027-01-15 13:00:00,-0.40,95,-3.50,,0.20,5.90,259
2027-01-15 14:00:00,-0.20,95,-3.30,,0.10,5.40,274
2027-01-15 15:00:00,0.10,92,-2.90,,0.00,4.80,297
2027-01-15 16:00:00,0.10,93,-2.90,,0.00,4.50,299
2027-01-15 17:00:00,0.00,94,-2.80,,0.00,3.90,304
2027-01-15 18:00:00,0.10,95,-2.70,,0.00,4.00,297
2027-01-15 19:00:00,0.10,95,-2.80,,0.00,4.20,301
2027-01-15 20:00:00,0.10,95,-2.80,,0.00,4.10,315
2027-01-15 21:00:00,0.10,95,-2.80,,0.00,4.30,312
2027-01-15 22:00:00,0.10,95,-2.80,,0.00,4.30,318
2027-01-15 23:00:00,0.10,95,-2.80,,0.00,4.20,329
2027-01-16 00:00:00,0.20,95,-2.70,,0.00,4.20,329
2027-01-16 01:00:00,0.20,95,-2.60,,0.00,4.10,322
2027-01-16 02:00:00,0.20,95,-2.70,,0.00,4.30,318
2027-01-16 03:00:00,0.10,95,-2.80,,0.00,4.70,337
2027-01-16 04:00:00,0.00,95,-2.90,,0.00,4.50,331
2027-01-16 05:00:00,0.00,96,-2.80,,0.00,4.10,322
2027-01-16 06:00:00,-0.00,96,-2.90,,0.00,4.10,308
2027-01-16 07:00:00,-0.10,97,-3.00,,0.00,4.70,302
2027-01-16 08:00:00,-0.10,97,-3.00,,0.00,5.10,278
2027-01-16 09:00:00,-0.10,96,-3.20,,0.00,6.20,263
2027-01-16 10:00:00,0.00,96,-3.20,,0.00,7.20,270
2027-01-16 11:00:00,0.10,96,-3.10,,0.00,6.90,279
2027-01-16 12:00:00,0.30,95,-3.00,,0.00,7.60,265
2027-01-16 13:00:00,0.70,93,-2.90,,0.00,9.70,266
2027-01-16 14:00:00,0.80,92,-2.80,,0.00,9.70,270
2027-01-16 15:00:00,0.70,92,-3.10,,0.00,11.00,259
2027-01-16 16:00:00,0.60,92,-3.40,,0.00,11.70,259
2027-01-16 17:00:00,0.40,92,-3.80,,0.00,13.20,281
2027-01-16 18:00:00,0.30,92,-3.90,,0.00,13.70,268
2027-01-16 19:00:00,0.40,92,-3.80,,0.00,13.00,275
2027-01-16 20:00:00,0.30,92,-4.00,,0.00,13.90,287
2027-01-16 21:00:00,0.10,95,-4.00,,0.00,13.00,276
2027-01-16 22:00:00,0.10,95,-4.10,,0.00,13.70,272
2027-01-16 23:00:00,0.30,94,-3.60,,0.10,11.90,265
2027-01-17 00:00:00,0.40,94,-3.80,,0.40,14.10,267
2027-01-17 01:00:00,0.30,95,-4.00,,0.10,14.40,267
2027-01-17 02:00:00,0.40,95,-3.80,,0.00,13.70,272
2027-01-17 03:00:00,0.30,95,-3.80,,0.10,13.00,276
2027-01-17 04:00:00,0.40,95,-3.50,,0.90,11.30,279
2027-01-17 05:00:00,0.40,95,-3.50,,0.20,11.70,281
2027-01-17 06:00:00,0.50,95,-3.40,,0.00,12.10,282
2027-01-17 07:00:00,0.60,94,-3.30,,0.10,11.80,290
2027-01-17 08:00:00,0.60,94,-3.10,,0.10,10.40,290
2027-01-17 09:00:00,0.70,95,-3.10,,0.20,11.00,293
2027-01-17 10:00:00,0.80,95,-3.00,,0.10,11.60,292
2027-01-17 11:00:00,1.00,97,-2.70,,0.00,11.80,293
2027-01-17 12:00:00,1.40,98,-2.40,,0.00,12.20,284
2027-01-17 13:00:00,1.80,97,-1.90,,0.00,12.40,292
2027-01-17 14:00:00,2.00,98,-2.00,,0.00,14.50,318
2027-01-17 15:00:00,2.00,98,-1.70,,0.00,12.50,319
2027-01-17 16:00:00,2.00,100,-1.40,,0.00,10.70,310
2027-01-17 17:00:00,2.20,98,-1.50,,0.20,12.60,323
2027-01-17 18:00:00,2.10,97,-1.50,,0.50,12.30,322
2027-01-17 19:00:00,2.20,95,-1.40,,0.30,12.10,323
2027-01-17 20:00:00,2.20,96,-1.50,,0.20,12.60,323
2027-01-17 21:00:00,2.30,97,-1.30,,0.30,11.80,322
2027-01-17 22:00:00,2.50,95,-1.00,,0.20,11.20,320
2027-01-17 23:00:00,2.70,93,-0.60,,0.00,9.70,309
2027-01-18 00:00:00,2.70,93,-0.50,,0.00,8.70,312
2027-01-18 01:00:00,2.40,94,-0.70,,0.00,8.70,308
2027-01-18 02:00:00,2.30,94,-0.80,,0.00,8.10,302
2027-01-18 03:00:00,2.50,94,-0.60,,0.00,8.40,310
2027-01-18 04:00:00,2.40,95,-0.70,,0.00,8.20,299
2027-01-18 05:00:00,2.10,95,-1.00,,0.00,8.20,285
2027-01-18 06:00:00,1.80,96,-1.30,,0.00,8.00,278
2027-01-18 07:00:00,1.70,97,-1.60,,0.00,9.10,277
2027-01-18 08:00:00,1.60,98,-1.90,,0.00,10.80,272
2027-01-18 09:00:00,1.50,100,-1.80,,0.10,10.10,272
2027-01-18 10:00:00,1.90,99,-1.20,,0.00,8.80,261
2027-01-18 11:00:00,2.20,97,-1.70,,0.00,14.10,266
2027-01-18 12:00:00,2.70,93,-1.10,,0.00,13.00,267
2027-01-18 13:00:00,2.80,93,-1.10,,0.00,13.80,276
2027-01-18 14:00:00,2.40,94,-1.80,,0.00,16.30,298
2027-01-18 15:00:00,2.50,91,-1.60,,0.20,14.90,302
2027-01-18 16:00:00,2.50,91,-1.60,,0.10,14.80,309
2027-01-18 17:00:00,2.70,91,-1.50,,0.10,15.30,313
2027-01-18 18:00:00,3.10,90,-0.80,,0.00,14.00,305
2027-01-18 19:00:00,3.20,88,-0.80,,0.00,14.60,308
2027-01-18 20:00:00,3.20,87,-1.40,,0.00,18.30,315
2027-01-18 21:00:00,3.00,83,-1.20,,0.00,14.30,311
2027-01-18 22:00:00,3.00,83,-1.60,,0.00,17.70,322
2027-01-18 23:00:00,3.10,79,-1.40,,0.00,16.40,322
2027-01-19 00:00:00,3.20,77,-1.30,,0.00,15.90,322
2027-01-19 01:00:00,2.90,77,-1.60,,0.00,15.50,324
2027-01-19 02:00:00,2.70,77,-1.80,,0.00,15.40,327
2027-01-19 03:00:00,3.00,69,-2.00,,0.00,17.80,339
2027-01-19 04:00:00,2.70,68,-2.20,,0.00,16.50,340
2027-01-19 05:00:00,2.30,67,-2.50,,0.00,15.10,342
2027-01-19 06:00:00,1.90,66,-3.10,,0.00,16.50,344
2027-01-19 07:00:00,1.30,66,-3.70,,0.00,15.50,347
2027-01-19 08:00:00,1.00,65,-3.90,,0.00,14.10,345
2027-01-19 09:00:00,0.50,69,-4.10,,0.00,12.40,343
2027-01-19 10:00:00,0.40,69,-3.90,,0.00,10.80,334
2027-01-19 11:00:00,0.60,68,-3.90,,0.00,12.10,333
2027-01-19 12:00:00,1.30,69,-3.40,,0.00,13.90,335
2027-01-19 13:00:00,1.70,68,-2.80,,0.00,12.60,333
2027-01-19 14:00:00,2.20,69,-2.10,,0.00,11.90,325
2027-01-19 15:00:00,2.80,67,-1.50,,0.00,12.30,320
2027-01-19 16:00:00,2.40,69,-1.70,,0.00,11.20,315
2027-01-19 17:00:00,1.70,72,-2.20,,0.00,9.00,307
2027-01-19 18:00:00,0.90,73,-2.90,,0.00,8.30,304
2027-01-19 19:00:00,0.40,77,-3.40,,0.00,8.80,305
2027-01-19 20:00:00,0.10,80,-3.70,,0.00,8.80,305
2027-01-19 21:00:00,-0.10,82,-3.90,,0.00,8.30,304
2027-01-19 22:00:00,-0.30,85,-3.90,,0.00,7.60,301
2027-01-19 23:00:00,-0.50,86,-4.10,,0.00,7.20,297
2027-01-20 00:00:00,-0.70,87,-4.20,,0.00,6.40,286
2027-01-20 01:00:00,-0.90,89,-4.40,,0.00,6.50,276
2027-01-20 02:00:00,-1.10,92,-4.60,,0.00,6.90,264
2027-01-20 03:00:00,-1.20,94,-4.70,,0.00,7.20,264
2027-01-20 04:00:00,-1.20,97,-5.00,,0.00,9.40,270
2027-01-20 05:00:00,-1.20,100,-5.00,,0.00,10.10,287
2027-01-20 06:00:00,-0.90,100,-4.40,,0.00,8.90,291
2027-01-20 07:00:00,-0.60,100,-4.20,,0.00,9.70,309
2027-01-20 08:00:00,-0.40,100,-4.20,,0.00,10.80,323
2027-01-20 09:00:00,-0.30,99,-4.30,,0.00,12.20,336
2027-01-20 10:00:00,0.00,97,-3.80,,0.00,11.10,335
2027-01-20 11:00:00,0.60,92,-2.90,,0.00,9.10,326
2027-01-20 12:00:00,1.60,90,-2.10,,0.00,11.10,335
2027-01-20 13:00:00,2.20,87,-1.60,,0.00,11.60,338
2027-01-20 14:00:00,2.50,85,-1.30,,0.00,11.20,339
2027-01-20 15:00:00,2.50,84,-1.30,,0.00,11.00,341
2027-01-20 16:00:00,2.40,85,-1.10,,0.00,9.60,347
2027-01-20 17:00:00,2.20,87,-1.10,,0.00,8.10,347
2027-01-20 18:00:00,2.00,88,-1.00,,0.00,6.30,347
2027-01-20 19:00:00,1.80,90,-1.00,,0.00,5.20,344
2027-01-20 20:00:00,1.60,91,-1.10,,0.00,4.00,350
2027-01-20 21:00:00,1.40,89,-1.40,,0.00,4.30,360
2027-01-20 22:00:00,1.20,88,-1.50,,0.00,3.70,349
2027-01-20 23:00:00,0.90,89,-1.70,,0.00,2.40,333
2027-01-21 00:00:00,0.80,89,-1.80,,0.00,1.90,338
2027-01-21 01:00:00,0.50,89,-2.00,,0.00,1.30,304
2027-01-21 02:00:00,0.20,91,-2.40,,0.00,2.20,270
2027-01-21 03:00:00,-0.00,91,-2.60,,0.00,1.40,270
2027-01-21 04:00:00,-0.40,93,-2.90,,0.00,1.40,270
2027-01-21 05:00:00,-0.40,93,-2.80,,0.00,0.80,297
2027-01-21 06:00:00,-0.40,93,-2.80,,0.00,0.40,90
2027-01-21 07:00:00,-0.50,94,-3.10,,0.00,1.50,104
2027-01-21 08:00:00,-0.50,94,-3.20,,0.00,2.30,108
2027-01-21 09:00:00,-0.30,93,-3.00,,0.00,2.70,113
2027-01-21 10:00:00,0.00,88,-2.70,,0.00,2.60,124
2027-01-21 11:00:00,0.60,82,-2.50,,0.00,4.60,135
2027-01-21 12:00:00,0.60,83,-2.80,,0.00,6.60,139
2027-01-21 13:00:00,1.00,76,-2.90,,0.00,9.00,157
2027-01-21 14:00:00,1.00,76,-2.90,,0.00,9.20,159
2027-01-21 15:00:00,0.50,81,-3.20,,0.00,8.90,153
2027-01-21 16:00:00,0.30,81,-3.50,,0.00,8.90,153
2027-01-21 17:00:00,0.00,83,-3.60,,0.00,7.80,146
2027-01-21 18:00:00,-0.40,87,-4.10,,0.00,8.10,148
2027-01-21 19:00:00,-0.70,87,-4.40,,0.00,8.20,139
2027-01-21 20:00:00,-0.80,88,-4.60,,0.00,8.40,140
2027-01-21 21:00:00,-0.90,87,-5.00,,0.00,10.40,146
2027-01-21 22:00:00,-1.00,86,-5.10,,0.00,10.40,146
2027-01-21 23:00:00,-1.10,86,-5.50,,0.00,12.40,144
2027-01-22 00:00:00,-1.30,86,-5.60,,0.00,11.70,146
2027-01-22 01:00:00,-1.40,86,-5.80,,0.00,12.10,143
2027-01-22 02:00:00,-1.60,86,-6.10,,0.00,12.80,148
2027-01-22 03:00:00,-1.50,87,-6.00,,0.00,13.10,148
2027-01-22 04:00:00,-1.70,87,-6.20,,0.00,12.80,148
2027-01-22 05:00:00,-1.70,88,-6.00,,0.00,11.30,143
2027-01-22 06:00:00,-1.70,87,-6.00,,0.00,11.50,148
2027-01-22 07:00:00,-1.80,88,-6.00,,0.00,10.90,146
2027-01-22 08:00:00,-1.80,87,-6.30,,0.00,12.40,144
2027-01-22 09:00:00,-1.90,86,-6.70,,0.00,14.70,152
2027-01-22 10:00:00,-1.60,89,-5.90,,0.00,11.80,140
2027-01-22 11:00:00,-1.10,90,-5.40,,0.00,12.20,135
2027-01-22 12:00:00,-0.70,91,-5.00,,0.00,12.50,139
2027-01-22 13:00:00,-0.50,91,-4.70,,0.00,12.40,144
2027-01-22 14:00:00,-0.30,92,-4.50,,0.00,12.70,137
2027-01-22 15:00:00,-0.00,92,-4.10,,0.00,12.10,150
2027-01-22 16:00:00,-0.00,93,-4.00,,0.00,11.30,149
2027-01-22 17:00:00,0.00,93,-4.00,,0.00,11.60,144
2027-01-22 18:00:00,0.10,93,-3.80,,0.00,10.80,143
2027-01-22 19:00:00,0.00,93,-4.00,,0.00,12.10,143
2027-01-22 20:00:00,-0.10,93,-4.10,,0.10,11.80,149
2027-01-22 21:00:00,-0.10,92,-4.00,,0.10,11.30,149
2027-01-22 22:00:00,-0.20,91,-4.30,,0.10,11.80,149
2027-01-22 23:00:00,-0.40,91,-4.50,,0.00,11.80,149
2027-01-23 00:00:00,-0.60,91,-4.60,,0.00,11.20,147
2027-01-23 01:00:00,-0.70,92,-4.70,,0.20,10.60,145
2027-01-23 02:00:00,-0.80,92,-4.80,,0.10,10.40,146
2027-01-23 03:00:00,-0.90,92,-4.90,,0.10,10.40,146
2027-01-23 04:00:00,-1.00,92,-4.90,,0.10,9.90,147
2027-01-23 05:00:00,-1.10,91,-4.90,,0.10,8.90,148
2027-01-23 06:00:00,-1.20,91,-4.90,,0.10,8.30,146
2027-01-23 07:00:00,-1.30,91,-5.10,,0.10,9.00,143
2027-01-23 08:00:00,-1.40,90,-5.30,,0.00,9.50,143
2027-01-23 09:00:00,-1.60,90,-5.50,,0.00,9.20,141
2027-01-23 10:00:00,-1.60,90,-5.50,,0.10,9.20,141
2027-01-23 11:00:00,-1.40,91,-5.20,,0.20,9.00,143
2027-01-23 12:00:00,-1.30,91,-5.00,,0.20,8.10,148
2027-01-23 13:00:00,-1.00,90,-4.70,,0.10,8.30,146
2027-01-23 14:00:00,-0.80,87,-4.50,,0.00,8.10,148
2027-01-23 15:00:00,-0.90,86,-4.70,,0.00,8.40,140
2027-01-23 16:00:00,-0.80,85,-4.60,,0.00,8.90,140
2027-01-23 17:00:00,-0.90,85,-4.80,,0.00,9.20,141
2027-01-23 18:00:00,-1.00,86,-4.90,,0.00,8.90,140
2027-01-23 19:00:00,-1.10,87,-4.90,,0.00,8.40,133
2027-01-23 20:00:00,-1.20,88,-5.00,,0.00,8.40,130
2027-01-23 21:00:00,-1.10,88,-4.80,,0.00,7.90,129
2027-01-23 22:00:00,-1.20,89,-4.90,,0.00,7.60,135
2027-01-23 23:00:00,-1.20,89,-4.90,,0.00,7.90,141
2027-01-24 00:00:00,-1.20,90,-4.80,,0.00,7.70,143
2027-01-24 01:00:00,-1.10,91,-4.70,,0.00,7.50,145
2027-01-24 02:00:00,-1.10,91,-4.60,,0.00,7.00,145
2027-01-24 03:00:00,-1.10,92,-4.60,,0.00,6.60,139
2027-01-24 04:00:00,-1.10,92,-4.50,,0.00,5.90,142
2027-01-24 05:00:00,-1.10,93,-4.40,,0.00,5.90,142
2027-01-24 06:00:00,-1.10,93,-4.40,,0.00,6.20,144
2027-01-24 07:00:00,-1.10,94,-4.50,,0.00,6.60,139
2027-01-24 08:00:00,-1.00,94,-4.50,,0.00,7.10,135
2027-01-24 09:00:00,-1.00,94,-4.50,,0.00,7.40,133
2027-01-24 10:00:00,-0.90,94,-4.40,,0.00,7.40,137
2027-01-24 11:00:00,-0.70,94,-4.20,,0.00,7.30,147
2027-01-24 12:00:00,-0.70,93,-4.20,,0.00,7.60,155
2027-01-24 13:00:00,-0.50,94,-3.90,,0.00,7.20,153
2027-01-24 14:00:00,-0.40,94,-3.70,,0.00,6.30,149
2027-01-24 15:00:00,-0.30,93,-3.60,,0.00,6.40,137
2027-01-24 16:00:00,-0.20,93,-3.60,,0.00,6.90,133
2027-01-24 17:00:00,-0.20,93,-3.40,,0.00,6.40,133
2027-01-24 18:00:00,0.10,94,-3.00,,0.00,5.90,137
2027-01-24 19:00:00,0.10,94,-3.00,,0.00,5.90,142
2027-01-24 20:00:00,0.10,95,-3.00,,0.00,6.40,142
2027-01-24 21:00:00,0.20,95,-2.90,,0.00,6.20,144
2027-01-24 22:00:00,0.20,96,-2.80,,0.00,6.00,147
2027-01-24 23:00:00,0.30,96,-2.70,,0.00,5.50,148
2027-01-25 00:00:00,0.30,97,-2.40,,0.00,4.20,149
2027-01-25 01:00:00,0.30,97,-2.40,,0.00,4.20,149
2027-01-25 02:00:00,0.30,97,-2.40,,0.00,4.00,153
2027-01-25 03:00:00,0.30,98,-2.50,,0.00,4.20,149
2027-01-25 04:00:00,0.30,98,-2.40,,0.00,3.90,146
2027-01-25 05:00:00,0.30,98,-2.50,,0.00,4.50,151
2027-01-25 06:00:00,0.30,98,-2.50,,0.00,5.00,150
2027-01-25 07:00:00,0.30,98,-2.70,,0.00,5.80,158
2027-01-25 08:00:00,0.30,98,-2.60,,0.00,5.40,176
2027-01-25 09:00:00,0.30,99,-2.60,,0.00,5.10,188
2027-01-25 10:00:00,0.40,99,-2.40,,0.00,5.20,192
2027-01-25 11:00:00,0.80,97,-2.30,,0.00,6.80,177
2027-01-25 12:00:00,1.00,96,-2.00,,0.00,6.80,183
2027-01-25 13:00:00,1.40,95,-1.70,,0.00,6.90,189
2027-01-25 14:00:00,1.80,93,-1.30,,0.00,7.60,188
2027-01-25 15:00:00,1.80,92,-1.30,,0.00,7.60,185
2027-01-25 16:00:00,1.90,92,-1.30,,0.00,8.00,185
2027-01-25 17:00:00,1.50,95,-1.50,,0.00,6.80,177
2027-01-25 18:00:00,1.40,95,-1.80,,0.00,8.00,172
2027-01-25 19:00:00,1.30,96,-2.10,,0.00,9.00,180
2027-01-25 20:00:00,1.20,96,-2.30,,0.00,10.10,180
2027-01-25 21:00:00,1.30,95,-2.40,,0.00,11.40,191
2027-01-25 22:00:00,1.40,96,-2.50,,0.00,12.70,188
2027-01-25 23:00:00,1.50,94,-2.30,,0.00,12.10,190
2027-01-26 00:00:00,1.90,93,-1.70,,0.00,10.90,197
2027-01-26 01:00:00,1.90,93,-1.70,,0.00,10.80,201
2027-01-26 02:00:00,1.80,95,-2.00,,0.00,12.60,207
2027-01-26 03:00:00,1.60,96,-2.20,,0.00,12.60,207
2027-01-26 04:00:00,1.80,94,-1.50,,0.00,9.10,187
2027-01-26 05:00:00,1.80,95,-1.70,,0.00,10.10,186
2027-01-26 06:00:00,2.10,95,-1.50,,0.00,11.40,193
2027-01-26 07:00:00,2.10,95,-1.70,,0.00,13.40,207
2027-01-26 08:00:00,2.20,95,-1.40,,0.00,11.80,203
2027-01-26 09:00:00,2.20,95,-1.30,,0.00,11.30,202
2027-01-26 10:00:00,2.40,96,-1.10,,0.00,11.50,200
2027-01-26 11:00:00,2.70,95,-0.70,,0.00,11.30,197
2027-01-26 12:00:00,3.10,95,-0.30,,0.00,10.90,197
2027-01-26 13:00:00,3.90,94,0.40,,0.00,12.70,209
2027-01-26 14:00:00,4.30,93,1.30,,0.00,9.70,195
2027-01-26 15:00:00,4.50,93,1.60,,0.00,9.40,176
2027-01-26 16:00:00,4.70,93,1.70,,0.00,10.10,174
2027-01-26 17:00:00,4.80,94,1.80,,0.00,10.90,174
2027-01-26 18:00:00,5.10,94,2.10,,0.00,11.50,180
2027-01-26 19:00:00,5.20,94,1.90,,0.00,13.00,174
2027-01-26 20:00:00,5.30,93,1.60,,0.00,16.20,179
2027-01-26 21:00:00,5.60,93,1.90,,0.00,15.80,181
2027-01-26 22:00:00,5.50,92,1.70,,0.00,16.70,186
2027-01-26 23:00:00,5.50,92,1.90,,0.00,14.90,173
2027-01-27 00:00:00,5.30,93,1.20,,0.00,18.40,191
2027-01-27 01:00:00,5.10,93,1.30,,0.10,16.30,188
2027-01-27 02:00:00,5.20,92,1.30,,0.00,16.60,193
2027-01-27 03:00:00,5.10,93,1.40,,0.00,15.50,185
2027-01-27 04:00:00,5.00,93,1.20,,0.00,16.20,193
2027-01-27 05:00:00,5.00,93,1.30,,0.00,15.30,195
2027-01-27 06:00:00,5.00,94,1.50,,0.00,14.70,197
2027-01-27 07:00:00,5.10,95,1.80,,0.00,13.30,193
2027-01-27 08:00:00,5.20,94,1.80,,0.00,14.40,202
2027-01-27 09:00:00,5.10,92,1.60,,0.00,14.00,203
2027-01-27 10:00:00,5.10,90,1.70,,0.00,13.20,202
2027-01-27 11:00:00,5.40,88,1.80,,0.00,14.00,203
2027-01-27 12:00:00,5.50,87,1.70,,0.00,15.50,208
2027-01-27 13:00:00,5.60,86,1.80,,0.00,15.50,208
2027-01-27 14:00:00,5.70,86,2.00,,0.00,14.40,202
2027-01-27 15:00:00,5.70,86,2.30,,0.00,13.30,199
2027-01-27 16:00:00,5.60,87,2.30,,0.00,12.20,194
2027-01-27 17:00:00,5.30,89,2.20,,0.00,11.40,191
2027-01-27 18:00:00,5.00,90,1.90,,0.00,10.60,190
2027-01-27 19:00:00,4.90,91,1.70,,0.00,11.40,191
2027-01-27 20:00:00,4.80,92,1.50,,0.00,11.80,192
2027-01-27 21:00:00,5.00,92,1.90,,0.00,10.70,200
2027-01-27 22:00:00,5.20,92,1.90,,0.00,12.20,204
2027-01-27 23:00:00,5.30,88,2.20,,0.00,10.60,204
2027-01-28 00:00:00,5.00,90,2.30,,0.00,8.40,187
2027-01-28 01:00:00,4.90,94,2.10,,0.00,9.40,182
2027-01-28 02:00:00,4.80,95,2.00,,0.00,9.70,176
2027-01-28 03:00:00,5.00,94,2.20,,0.00,9.40,173
2027-01-28 04:00:00,4.90,92,2.00,,0.00,9.20,169
2027-01-28 05:00:00,4.90,94,2.00,,0.00,10.20,170
2027-01-28 06:00:00,4.90,93,2.00,,0.00,10.20,172
2027-01-28 07:00:00,4.60,95,1.70,,0.00,10.30,168
2027-01-28 08:00:00,4.50,94,1.20,,0.00,12.70,172
2027-01-28 09:00:00,4.50,93,1.20,,0.00,11.70,169
2027-01-28 10:00:00,4.40,93,1.10,,0.00,11.60,175
2027-01-28 11:00:00,4.50,92,0.80,,0.00,14.40,177
2027-01-28 12:00:00,4.70,91,1.50,,0.00,10.90,174
2027-01-28 13:00:00,5.10,88,1.40,,0.00,14.00,180
2027-01-28 14:00:00,5.00,89,1.60,,0.00,12.20,178
2027-01-28 15:00:00,5.60,86,2.60,,0.00,10.40,160
2027-01-28 16:00:00,5.60,86,2.30,,0.00,11.50,180
2027-01-28 17:00:00,5.30,88,2.20,,0.00,10.80,184
2027-01-28 18:00:00,5.40,86,2.30,,0.00,10.00,165
2027-01-28 19:00:00,5.00,88,1.90,,0.00,10.60,162
2027-01-28 20:00:00,5.00,88,1.70,,0.00,11.60,164
2027-01-28 21:00:00,5.20,86,1.90,,0.00,12.00,171
2027-01-28 22:00:00,5.40,87,2.00,,0.00,12.70,173
2027-01-28 23:00:00,5.40,87,2.10,,0.00,11.50,178
2027-01-29 00:00:00,5.50,89,2.50,,0.00,10.80,180
2027-01-29 01:00:00,5.50,91,2.60,,0.00,10.10,184
2027-01-29 02:00:00,5.60,91,2.80,,0.00,9.40,176
2027-01-29 03:00:00,5.60,90,2.90,,0.00,9.10,173
2027-01-29 04:00:00,5.50,92,2.80,,0.00,9.20,169
2027-01-29 05:00:00,5.40,93,2.70,,0.00,9.20,169
2027-01-29 06:00:00,5.80,90,3.10,,0.00,9.40,176
2027-01-29 07:00:00,5.80,91,2.60,,0.00,12.60,182
2027-01-29 08:00:00,5.80,92,3.00,,0.00,10.10,174
2027-01-29 09:00:00,5.90,90,2.90,,0.00,11.20,174
2027-01-29 10:00:00,6.00,89,3.10,,0.00,10.80,165
2027-01-29 11:00:00,6.20,87,2.20,,0.00,17.30,182
2027-01-29 12:00:00,6.00,90,2.90,,0.00,12.10,168
2027-01-29 13:00:00,6.70,85,3.40,,0.00,13.80,174
2027-01-29 14:00:00,6.40,85,2.80,,0.00,15.10,177
2027-01-29 15:00:00,6.20,86,2.90,,0.00,13.30,177
2027-01-29 16:00:00,6.00,87,2.60,,0.00,13.30,178
2027-01-29 17:00:00,6.00,87,2.80,,0.00,11.90,178
2027-01-29 18:00:00,5.90,90,3.10,,0.00,9.70,182
2027-01-29 19:00:00,5.90,91,3.40,,0.00,8.00,190
2027-01-29 20:00:00,6.00,92,3.50,,0.00,8.30,185
2027-01-29 21:00:00,6.00,93,3.50,,0.00,8.70,185
2027-01-29 22:00:00,6.10,94,3.60,,0.00,9.20,191
2027-01-29 23:00:00,6.10,95,3.60,,0.00,8.80,192
2027-01-30 00:00:00,5.80,96,3.30,,0.00,8.50,192
2027-01-30 01:00:00,5.60,97,3.10,,0.00,9.00,209
2027-01-30 02:00:00,5.50,97,3.00,,0.00,8.90,207
2027-01-30 03:00:00,5.50,98,3.10,,0.00,8.00,207
2027-01-30 04:00:00,5.20,99,2.80,,0.00,7.60,199
2027-01-30 05:00:00,5.00,99,2.60,,0.00,7.20,186
2027-01-30 06:00:00,4.80,100,2.30,,0.00,8.40,205
2027-01-30 07:00:00,4.60,100,2.20,,0.00,7.80,193
2027-01-30 08:00:00,4.40,100,2.00,,0.00,7.30,191
2027-01-30 09:00:00,4.20,100,1.80,,0.00,6.90,189
2027-01-30 10:00:00,4.20,100,1.80,,0.00,7.30,189
2027-01-30 11:00:00,4.50,100,2.00,,0.00,7.70,191
2027-01-30 12:00:00,5.00,99,2.60,,0.00,7.90,196
2027-01-30 13:00:00,5.50,96,3.00,,0.00,8.10,201
2027-01-30 14:00:00,6.10,89,3.60,,0.00,8.40,205
2027-01-30 15:00:00,6.40,90,3.90,,0.00,8.70,210
2027-01-30 16:00:00,6.40,91,4.00,,0.00,7.60,211
2027-01-30 17:00:00,6.10,92,4.00,,0.00,5.90,191
2027-01-30 18:00:00,5.50,93,3.40,,0.00,5.00,180
2027-01-30 19:00:00,4.90,94,2.90,,0.00,4.00,175
2027-01-30 20:00:00,4.40,94,2.20,,0.00,4.70,184
2027-01-30 21:00:00,4.00,97,1.90,,0.00,4.30,185
2027-01-30 22:00:00,3.70,98,1.50,,0.00,4.30,185
2027-01-30 23:00:00,3.50,99,1.20,,0.00,4.70,189
2027-01-31 00:00:00,3.50,100,1.10,,0.00,6.20,190
2027-01-31 01:00:00,3.40,100,0.90,,0.00,6.60,189
2027-01-31 02:00:00,3.20,100,0.60,,0.00,6.50,183
2027-01-31 03:00:00,2.80,100,0.40,,0.00,5.20,168
2027-01-31 04:00:00,2.70,100,0.30,,0.00,5.20,164
2027-01-31 05:00:00,2.40,100,-0.20,,0.00,5.80,158
2027-01-31 06:00:00,2.10,100,-0.70,,0.00,7.00,159
2027-01-31 07:00:00,2.30,100,-0.40,,0.00,6.80,162
2027-01-31 08:00:00,2.50,100,-0.40,,0.00,7.60,155
2027-01-31 09:00:00,2.00,100,-1.00,,0.00,8.30,146
2027-01-31 10:00:00,2.30,100,-0.70,,0.00,8.60,147
2027-01-31 11:00:00,2.60,100,-0.40,,0.00,9.40,148
2027-01-31 12:00:00,2.80,100,-0.20,,0.00,9.20,149
2027-01-31 13:00:00,3.30,100,0.20,,0.00,10.50,153
2027-01-31 14:00:00,3.40,100,0.30,,0.00,10.50,158
2027-01-31 15:00:00,3.90,99,1.00,,0.10,9.70,153
2027-01-31 16:00:00,4.60,95,1.70,,0.70,9.80,152
2027-01-31 17:00:00,4.90,95,1.80,,0.00,11.50,160
2027-01-31 18:00:00,4.80,94,1.60,,0.00,12.00,164
2027-01-31 19:00:00,4.70,94,1.50,,0.20,11.70,162
2027-01-31 20:00:00,4.70,94,1.50,,0.10,11.90,175
2027-01-31 21:00:00,4.80,92,1.10,,0.00,14.80,181
2027-01-31 22:00:00,4.90,93,2.00,,0.10,9.70,180
2027-01-31 23:00:00,4.80,93,1.70,,0.00,11.50,176
2027-02-01 00:00:00,4.80,92,1.80,,0.10,9.70,182
2027-02-01 01:00:00,4.70,95,1.80,,0.30,9.90,190
2027-02-01 02:00:00,4.60,94,1.60,,0.00,10.20,190
2027-02-01 03:00:00,4.50,95,1.70,,0.00,9.50,191
2027-02-01 04:00:00,4.50,95,1.60,,0.00,9.80,188
2027-02-01 05:00:00,4.50,95,1.70,,0.00,8.50,192
2027-02-01 06:00:00,4.50,97,1.90,,0.20,8.60,202
2027-02-01 07:00:00,4.60,97,1.70,,0.10,10.10,215
2027-02-01 08:00:00,4.70,98,1.90,,0.00,10.00,232
2027-02-01 09:00:00,4.80,98,2.20,,0.00,8.50,242
2027-02-01 10:00:00,5.00,95,2.20,,0.00,9.70,255
2027-02-01 11:00:00,4.60,75,0.40,,0.00,14.60,280
2027-02-01 12:00:00,3.80,75,-0.40,,0.00,14.00,282
2027-02-01 13:00:00,3.40,71,-0.90,,0.00,13.30,273
2027-02-01 14:00:00,3.60,70,-0.60,,0.00,12.80,259
2027-02-01 15:00:00,3.30,71,-0.90,,0.00,12.90,257
2027-02-01 16:00:00,3.00,71,-1.30,,0.00,13.30,268
2027-02-01 17:00:00,2.50,74,-1.80,,0.00,13.00,273
2027-02-01 18:00:00,2.30,76,-1.30,,0.00,8.40,239
2027-02-01 19:00:00,1.60,82,-2.00,,0.00,8.60,237
2027-02-01 20:00:00,1.30,85,-2.20,,0.00,8.90,243
2027-02-01 21:00:00,1.70,81,-2.00,,0.00,9.40,247
2027-02-01 22:00:00,1.60,82,-2.20,,0.00,10.40,256
2027-02-01 23:00:00,1.40,84,-2.40,,0.00,10.70,258
2027-02-02 00:00:00,1.30,83,-2.40,,0.00,9.80,262
2027-02-02 01:00:00,1.10,86,-2.70,,0.00,10.40,268
2027-02-02 02:00:00,0.90,87,-2.70,,0.00,9.40,274
2027-02-02 03:00:00,0.80,81,-2.90,,0.00,9.00,275
2027-02-02 04:00:00,0.10,81,-3.70,,0.00,8.40,277
2027-02-02 05:00:00,-0.50,84,-4.30,,0.00,8.40,260
2027-02-02 06:00:00,-0.80,83,-4.70,,0.00,8.80,258
2027-02-02 07:00:00,-1.10,85,-5.00,,0.00,9.00,254
2027-02-02 08:00:00,-1.30,87,-5.40,,0.00,10.10,253
2027-02-02 09:00:00,-1.30,87,-5.20,,0.00,8.70,253
2027-02-02 10:00:00,-0.90,86,-4.90,,0.00,10.00,257
2027-02-02 11:00:00,-0.20,82,-4.60,,0.00,12.70,263
2027-02-02 12:00:00,0.40,79,-3.80,,0.00,11.60,263
2027-02-02 13:00:00,0.70,76,-3.70,,0.00,12.60,265
2027-02-02 14:00:00,1.10,72,-3.30,,0.00,11.90,268
2027-02-02 15:00:00,1.00,74,-3.10,,0.00,10.30,258
2027-02-02 16:00:00,0.70,77,-3.20,,0.00,9.60,257
2027-02-02 17:00:00,0.40,76,-3.40,,0.00,8.60,255
2027-02-02 18:00:00,0.10,81,-3.60,,0.00,7.70,233
2027-02-02 19:00:00,-0.50,86,-4.10,,0.00,7.90,231
2027-02-02 20:00:00,-0.70,84,-4.40,,0.00,7.90,231
2027-02-02 21:00:00,-0.30,79,-4.20,,0.00,8.20,241
2027-02-02 22:00:00,-0.80,81,-4.60,,0.00,7.70,242
2027-02-02 23:00:00,-1.10,84,-4.80,,0.00,7.40,241
2027-02-03 00:00:00,-1.20,84,-4.80,,0.00,6.50,236
2027-02-03 01:00:00,-1.40,85,-5.00,,0.00,6.50,236
2027-02-03 02:00:00,-1.60,86,-5.10,,0.00,6.40,232
2027-02-03 03:00:00,-1.40,87,-4.90,,0.00,5.90,227
2027-02-03 04:00:00,-1.50,87,-5.00,,0.00,6.10,230
2027-02-03 05:00:00,-1.40,85,-5.00,,0.00,6.10,230
2027-02-03 06:00:00,-1.30,84,-4.80,,0.00,6.20,234
2027-02-03 07:00:00,-1.30,83,-4.80,,0.00,6.00,237
2027-02-03 08:00:00,-1.40,84,-5.00,,0.00,6.60,241
2027-02-03 09:00:00,-1.60,84,-5.20,,0.00,6.60,248
2027-02-03 10:00:00,-1.40,85,-5.00,,0.00,7.10,255
2027-02-03 11:00:00,-0.90,81,-5.00,,0.00,10.40,270
2027-02-03 12:00:00,-0.50,77,-4.70,,0.00,10.40,270
2027-02-03 13:00:00,0.00,70,-4.40,,0.00,11.20,274
2027-02-03 14:00:00,0.30,66,-4.10,,0.00,10.50,278
2027-02-03 15:00:00,0.20,68,-3.90,,0.00,8.80,261
2027-02-03 16:00:00,0.30,61,-3.90,,0.00,8.60,255
2027-02-03 17:00:00,0.00,63,-4.20,,0.00,9.10,252
2027-02-03 18:00:00,-0.60,79,-4.20,,0.00,6.80,252
2027-02-03 19:00:00,-0.90,80,-4.60,,0.00,7.20,252
2027-02-03 20:00:00,-1.00,86,-4.50,,0.10,6.50,251
2027-02-03 21:00:00,-1.20,91,-4.30,,0.10,4.50,256
2027-02-03 22:00:00,-1.30,94,-4.30,,0.20,4.10,255
2027-02-03 23:00:00,-1.30,93,-4.40,,0.30,4.00,270
2027-02-04 00:00:00,-1.30,92,-4.50,,0.20,5.20,295
2027-02-04 01:00:00,-1.30,88,-4.70,,0.00,5.60,310
2027-02-04 02:00:00,-1.30,86,-4.70,,0.00,5.40,312
2027-02-04 03:00:00,-1.60,90,-4.90,,0.00,5.20,295
2027-02-04 04:00:00,-1.70,92,-5.00,,0.00,5.00,300
2027-02-04 05:00:00,-1.70,85,-5.50,,0.10,8.10,328
2027-02-04 06:00:00,-2.10,85,-5.70,,0.00,5.60,315
2027-02-04 07:00:00,-2.40,89,-5.80,,0.00,4.80,312
2027-02-04 08:00:00,-2.20,92,-5.70,,0.00,6.40,308
2027-02-04 09:00:00,-2.00,85,-5.80,,0.00,7.90,317
2027-02-04 10:00:00,-1.70,85,-5.50,,0.00,7.70,323
2027-02-04 11:00:00,-1.40,82,-5.40,,0.00,9.20,318
2027-02-04 12:00:00,-1.00,78,-5.00,,0.00,9.20,318
2027-02-04 13:00:00,-0.40,71,-4.50,,0.00,8.90,328
2027-02-04 14:00:00,0.00,63,-4.20,,0.00,8.70,336
2027-02-04 15:00:00,0.70,61,-3.50,,0.00,9.00,337
2027-02-04 16:00:00,0.40,62,-3.80,,0.00,8.90,346
2027-02-04 17:00:00,-0.20,71,-4.20,,0.00,8.20,345
2027-02-04 18:00:00,-0.50,76,-4.30,,0.00,7.60,355
2027-02-04 19:00:00,-1.00,77,-4.90,,0.00,7.90,3
2027-02-04 20:00:00,-1.30,80,-5.10,,0.00,7.90,357
2027-02-04 21:00:00,-1.30,79,-5.40,,0.00,9.00,355
2027-02-04 22:00:00,-1.60,80,-5.70,,0.00,9.10,351
2027-02-04 23:00:00,-2.00,80,-6.00,,0.00,8.10,347
2027-02-05 00:00:00,-2.00,83,-5.70,,0.00,7.10,345
2027-02-05 01:00:00,-2.10,84,-5.80,,0.00,7.10,345
2027-02-05 02:00:00,-2.10,86,-5.90,,0.00,7.70,349
2027-02-05 03:00:00,-2.20,88,-6.00,,0.00,7.80,347
2027-02-05 04:00:00,-2.10,89,-6.00,,0.00,8.40,353
2027-02-05 05:00:00,-2.10,88,-6.10,,0.00,9.00,358
2027-02-05 06:00:00,-2.30,87,-6.60,,0.00,10.40,358
2027-02-05 07:00:00,-2.60,88,-6.80,,0.00,10.50,356
2027-02-05 08:00:00,-2.70,87,-7.20,,0.00,11.90,357
2027-02-05 09:00:00,-2.70,87,-7.50,,0.00,13.60,349
2027-02-05 10:00:00,-2.50,83,-7.40,,0.00,14.70,349
2027-02-05 11:00:00,-1.90,80,-7.00,,0.00,15.60,345
2027-02-05 12:00:00,-1.60,76,-6.80,,0.00,16.70,353
2027-02-05 13:00:00,-1.40,78,-6.50,,0.00,16.20,357
2027-02-05 14:00:00,-1.20,79,-6.20,,0.10,15.30,352
2027-02-05 15:00:00,-1.20,77,-6.50,,0.10,17.60,359
2027-02-05 16:00:00,-1.20,79,-6.40,,0.00,17.40,13
2027-02-05 17:00:00,-1.40,82,-6.40,,0.10,15.30,9
2027-02-05 18:00:00,-1.50,81,-6.50,,0.00,15.50,13
2027-02-05 19:00:00,-1.70,81,-6.60,,0.00,15.10,18
2027-02-05 20:00:00,-1.80,85,-6.50,,0.00,13.90,21
2027-02-05 21:00:00,-1.70,85,-6.30,,0.10,13.30,33
2027-02-05 22:00:00,-1.80,84,-6.60,,0.00,14.30,43
2027-02-05 23:00:00,-1.90,83,-6.60,,0.00,13.20,47
2027-02-06 00:00:00,-1.80,81,-6.50,,0.00,13.00,48
2027-02-06 01:00:00,-1.90,81,-6.50,,0.00,12.30,50
2027-02-06 02:00:00,-2.20,82,-6.60,,0.00,11.30,53
2027-02-06 03:00:00,-2.20,79,-6.80,,0.00,12.10,53
2027-02-06 04:00:00,-2.40,81,-6.90,,0.00,11.30,59
2027-02-06 05:00:00,-2.70,81,-6.90,,0.00,9.70,63
2027-02-06 06:00:00,-2.70,82,-6.80,,0.00,9.00,61
2027-02-06 07:00:00,-2.90,82,-7.00,,0.00,8.90,63
2027-02-06 08:00:00,-2.90,83,-7.00,,0.00,8.50,62
2027-02-06 09:00:00,-2.70,82,-6.80,,0.00,9.20,64
2027-02-06 10:00:00,-2.60,80,-6.90,,0.00,10.00,69
2027-02-06 11:00:00,-2.20,78,-6.40,,0.00,9.20,69
2027-02-06 12:00:00,-1.90,70,-6.20,,0.00,8.80,71
2027-02-06 13:00:00,-1.40,60,-5.80,,0.00,8.90,69
2027-02-06 14:00:00,-1.40,62,-5.90,,0.00,9.30,62
2027-02-06 15:00:00,-1.40,65,-5.70,,0.00,8.80,55
2027-02-06 16:00:00,-1.50,66,-5.80,,0.00,8.80,55
2027-02-06 17:00:00,-1.60,66,-5.80,,0.00,7.70,49
2027-02-06 18:00:00,-2.30,70,-6.30,,0.00,6.40,47
2027-02-06 19:00:00,-2.50,75,-6.20,,0.00,5.60,45
2027-02-06 20:00:00,-2.60,75,-6.40,,0.00,5.90,43
2027-02-06 21:00:00,-2.90,77,-6.70,,0.00,5.90,43
2027-02-06 22:00:00,-3.10,78,-6.80,,0.00,5.40,48
2027-02-06 23:00:00,-3.20,80,-6.90,,0.00,4.80,27
2027-02-07 00:00:00,-3.50,81,-7.10,,0.00,4.10,15
2027-02-07 01:00:00,-3.60,81,-7.20,,0.00,4.70,23
2027-02-07 02:00:00,-3.70,82,-7.30,,0.00,4.90,17
2027-02-07 03:00:00,-3.50,82,-7.30,,0.00,5.50,11
2027-02-07 04:00:00,-3.50,84,-7.30,,0.00,5.90,11
2027-02-07 05:00:00,-3.50,86,-7.30,,0.00,6.00,17
2027-02-07 06:00:00,-3.20,86,-6.90,,0.00,6.40,27
2027-02-07 07:00:00,-3.00,85,-7.60,,0.00,12.00,51
2027-02-07 08:00:00,-3.70,74,-8.50,,0.00,11.90,55
2027-02-07 09:00:00,-4.20,74,-8.90,,0.00,11.40,55
2027-02-07 10:00:00,-4.30,77,-9.40,,0.00,13.50,61
2027-02-07 11:00:00,-4.40,76,-9.50,,0.00,14.20,63
2027-02-07 12:00:00,-3.70,74,-8.90,,0.00,14.50,63
2027-02-07 13:00:00,-3.80,72,-9.00,,0.00,14.30,65
2027-02-07 14:00:00,-3.80,73,-8.90,,0.00,13.90,65
2027-02-07 15:00:00,-3.60,71,-8.60,,0.00,12.70,61
2027-02-07 16:00:00,-3.80,70,-8.80,,0.00,12.90,63
2027-02-07 17:00:00,-4.20,72,-9.30,,0.00,13.20,64
2027-02-07 18:00:00,-4.60,72,-9.70,,0.00,12.80,68
2027-02-07 19:00:00,-5.20,74,-10.40,,0.00,13.40,76
2027-02-07 20:00:00,-5.70,72,-10.90,,0.00,13.10,81
2027-02-07 21:00:00,-6.20,72,-11.20,,0.00,11.70,79
2027-02-07 22:00:00,-6.10,73,-10.60,,0.00,8.40,65
2027-02-07 23:00:00,-6.20,75,-10.70,,0.00,8.60,57
2027-02-08 00:00:00,-6.30,79,-10.70,,0.00,8.50,54
2027-02-08 01:00:00,-6.30,80,-10.90,,0.00,9.70,59
2027-02-08 02:00:00,-6.40,80,-11.10,,0.00,10.00,64
2027-02-08 03:00:00,-6.50,84,-11.10,,0.00,9.80,66
2027-02-08 04:00:00,-6.60,84,-11.30,,0.00,10.40,76
2027-02-08 05:00:00,-6.70,85,-11.30,,0.00,9.90,80
2027-02-08 06:00:00,-7.10,86,-11.70,,0.00,9.50,81
2027-02-08 07:00:00,-7.20,86,-11.80,,0.00,9.80,82
2027-02-08 08:00:00,-7.30,86,-12.00,,0.00,10.60,80
2027-02-08 09:00:00,-7.40,86,-12.00,,0.00,9.40,83
2027-02-08 10:00:00,-7.10,85,-11.60,,0.00,9.40,88
2027-02-08 11:00:00,-6.80,83,-11.30,,0.00,9.00,88
2027-02-08 12:00:00,-6.50,80,-11.00,,0.00,8.70,83
2027-02-08 13:00:00,-6.00,79,-10.50,,0.00,8.80,78
2027-02-08 14:00:00,-5.70,78,-10.20,,0.00,9.00,74
2027-02-08 15:00:00,-5.10,76,-9.60,,0.00,9.30,74
2027-02-08 16:00:00,-5.10,76,-9.50,,0.00,8.70,73
2027-02-08 17:00:00,-5.20,76,-9.70,,0.00,8.70,73
2027-02-08 18:00:00,-5.80,78,-10.00,,0.00,7.00,69
2027-02-08 19:00:00,-6.10,81,-10.10,,0.00,5.60,63
2027-02-08 20:00:00,-6.40,83,-10.50,,0.00,6.20,69
2027-02-08 21:00:00,-7.20,85,-11.40,,0.00,7.30,81
2027-02-08 22:00:00,-7.30,84,-11.80,,0.00,8.70,85
2027-02-08 23:00:00,-7.40,83,-11.90,,0.00,8.30,88
2027-02-09 00:00:00,-7.60,84,-12.20,,0.00,9.00,88
2027-02-09 01:00:00,-7.70,85,-12.20,,0.00,8.30,90
2027-02-09 02:00:00,-7.80,86,-12.20,,0.00,8.00,85
2027-02-09 03:00:00,-7.60,87,-11.90,,0.00,7.50,73
2027-02-09 04:00:00,-7.60,86,-12.00,,0.00,8.10,69
2027-02-09 05:00:00,-7.80,87,-12.30,,0.00,8.70,66
2027-02-09 06:00:00,-8.20,88,-12.70,,0.00,8.20,67
2027-02-09 07:00:00,-8.30,89,-12.70,,0.00,7.80,68
2027-02-09 08:00:00,-8.50,88,-12.90,,0.00,8.10,69
2027-02-09 09:00:00,-8.60,89,-13.10,,0.00,8.30,72
2027-02-09 10:00:00,-8.40,89,-12.90,,0.00,8.30,72
2027-02-09 11:00:00,-8.00,86,-12.40,,0.00,8.30,72
2027-02-09 12:00:00,-7.70,85,-12.10,,0.00,7.40,67
2027-02-09 13:00:00,-7.00,83,-11.30,,0.00,7.40,61
2027-02-09 14:00:00,-6.40,80,-10.70,,0.00,7.60,59
2027-02-09 15:00:00,-5.90,79,-10.10,,0.00,7.30,57
2027-02-09 16:00:00,-5.60,78,-9.90,,0.00,7.40,61
2027-02-09 17:00:00,-5.70,79,-9.80,,0.00,6.80,58
2027-02-09 18:00:00,-6.40,82,-10.30,,0.00,4.80,48
2027-02-09 19:00:00,-6.70,85,-10.50,,0.00,4.40,35
2027-02-09 20:00:00,-7.10,87,-11.00,,0.00,5.10,39
2027-02-09 21:00:00,-7.90,91,-11.80,,0.00,4.60,39
2027-02-09 22:00:00,-8.10,93,-11.90,,0.00,4.60,51
2027-02-09 23:00:00,-8.30,94,-12.20,,0.00,5.20,56
2027-02-10 00:00:00,-8.70,96,-12.70,,0.00,5.50,58
2027-02-10 01:00:00,-8.70,94,-12.90,,0.00,6.50,71
2027-02-10 02:00:00,-8.90,93,-13.20,,0.00,7.20,72
2027-02-10 03:00:00,-9.20,94,-13.50,,0.00,7.40,67
2027-02-10 04:00:00,-9.30,94,-13.60,,0.00,7.40,61
2027-02-10 05:00:00,-9.30,93,-13.60,,0.00,7.40,51
2027-02-10 06:00:00,-9.50,93,-13.90,,0.00,7.40,39
2027-02-10 07:00:00,-9.60,95,-13.90,,0.00,7.40,39
2027-02-10 08:00:00,-9.60,95,-14.00,,0.00,7.40,39
2027-02-10 09:00:00,-9.60,94,-14.00,,0.00,7.20,37
2027-02-10 10:00:00,-9.20,92,-13.60,,0.00,7.40,43
2027-02-10 11:00:00,-8.80,90,-13.10,,0.00,7.10,45
2027-02-10 12:00:00,-8.30,88,-12.50,,0.00,6.40,38
2027-02-10 13:00:00,-7.80,85,-12.10,,0.00,7.20,37
2027-02-10 14:00:00,-7.60,84,-11.90,,0.00,7.30,33
2027-02-10 15:00:00,-7.20,83,-11.60,,0.00,7.80,34
2027-02-10 16:00:00,-7.20,82,-11.50,,0.00,7.40,39
2027-02-10 17:00:00,-7.20,83,-11.50,,0.00,7.40,43
2027-02-10 18:00:00,-7.80,85,-12.10,,0.00,7.40,39
2027-02-10 19:00:00,-8.00,85,-12.40,,0.00,7.60,45
2027-02-10 20:00:00,-7.90,83,-12.30,,0.00,7.40,51
2027-02-10 21:00:00,-8.30,81,-12.70,,0.00,6.80,72
2027-02-10 22:00:00,-8.10,82,-12.30,,0.00,5.70,72
2027-02-10 23:00:00,-8.10,82,-12.40,,0.00,6.20,80
2027-02-11 00:00:00,-8.40,84,-12.50,,0.00,5.40,86
2027-02-11 01:00:00,-8.40,84,-12.50,,0.00,5.80,90
2027-02-11 02:00:00,-8.60,82,-13.00,,0.00,7.20,93
2027-02-11 03:00:00,-8.80,82,-13.40,,0.00,7.90,90
2027-02-11 04:00:00,-8.90,82,-13.40,,0.00,7.60,87
2027-02-11 05:00:00,-8.90,82,-13.40,,0.00,7.60,85
2027-02-11 06:00:00,-9.20,83,-13.50,,0.00,6.60,77
2027-02-11 07:00:00,-9.00,83,-13.40,,0.00,6.80,72
2027-02-11 08:00:00,-9.00,82,-13.40,,0.00,6.60,68
2027-02-11 09:00:00,-9.00,82,-13.40,,0.00,6.50,56
2027-02-11 10:00:00,-8.80,82,-13.50,,0.00,9.00,74
2027-02-11 11:00:00,-8.90,82,-13.50,,0.00,8.30,72
2027-02-11 12:00:00,-8.20,81,-12.60,,0.00,7.10,60
2027-02-11 13:00:00,-8.00,81,-12.30,,0.00,6.50,56
2027-02-11 14:00:00,-7.40,80,-11.60,,0.00,6.40,47
2027-02-11 15:00:00,-6.40,76,-10.60,,0.00,6.40,38
2027-02-11 16:00:00,-6.30,76,-10.70,,0.00,7.40,39
2027-02-11 17:00:00,-6.70,77,-11.00,,0.00,6.90,39
2027-02-11 18:00:00,-7.40,79,-11.60,,0.00,6.60,41
2027-02-11 19:00:00,-7.80,82,-11.90,,0.00,5.60,45
2027-02-11 20:00:00,-8.30,84,-12.20,,0.00,4.30,24
2027-02-11 21:00:00,-8.80,84,-12.60,,0.00,2.60,16
2027-02-11 22:00:00,-9.20,86,-13.00,,0.00,2.90,30
2027-02-11 23:00:00,-9.50,88,-13.30,,0.00,3.20,27
2027-02-12 00:00:00,-9.70,89,-13.50,,0.00,3.20,27
2027-02-12 01:00:00,-9.80,89,-13.70,,0.00,3.20,27
2027-02-12 02:00:00,-10.00,89,-13.80,,0.00,2.90,30
2027-02-12 03:00:00,-9.80,88,-13.50,,0.00,2.40,27
2027-02-12 04:00:00,-9.90,89,-13.70,,0.00,2.50,45
2027-02-12 05:00:00,-10.00,89,-13.70,,0.00,2.30,39
2027-02-12 06:00:00,-10.00,89,-13.70,,0.00,2.30,18
2027-02-12 07:00:00,-9.90,90,-13.60,,0.00,1.80,11
2027-02-12 08:00:00,-9.80,90,-13.40,,0.00,1.60,27
2027-02-12 09:00:00,-9.30,89,-12.90,,0.00,1.80,360
2027-02-12 10:00:00,-8.60,87,-12.10,,0.00,1.50,14
2027-02-12 11:00:00,-7.40,82,-11.00,,0.00,2.30,39
2027-02-12 12:00:00,-6.20,79,-9.70,,0.00,1.80,53
2027-02-12 13:00:00,-5.40,75,-8.80,,0.00,1.50,45
2027-02-12 14:00:00,-4.90,73,-8.10,,0.00,0.00,270
2027-02-12 15:00:00,-4.30,73,-7.50,,0.00,0.80,297
2027-02-12 16:00:00,-4.20,74,-7.70,,0.00,2.50,278
2027-02-12 17:00:00,-4.40,75,-8.00,,0.00,2.90,277
2027-02-12 18:00:00,-5.30,79,-8.70,,0.00,2.20,270
2027-02-12 19:00:00,-5.90,82,-9.30,,0.00,1.80,233
2027-02-12 20:00:00,-6.50,84,-10.00,,0.00,1.80,217
2027-02-12 21:00:00,-7.60,87,-11.10,,0.00,2.30,219
2027-02-12 22:00:00,-7.90,88,-11.40,,0.00,2.00,225
2027-02-12 23:00:00,-8.10,88,-11.70,,0.00,2.30,252
2027-02-13 00:00:00,-8.60,90,-12.20,,0.00,1.80,270
2027-02-13 01:00:00,-8.80,91,-12.30,,0.00,1.50,256
2027-02-13 02:00:00,-9.10,93,-12.70,,0.00,1.80,217
2027-02-13 03:00:00,-9.60,94,-13.10,,0.00,1.80,217
2027-02-13 04:00:00,-10.00,95,-13.70,,0.00,2.60,214
2027-02-13 05:00:00,-10.30,97,-14.00,,0.00,3.10,225
2027-02-13 06:00:00,-10.90,98,-14.60,,0.00,2.70,247
2027-02-13 07:00:00,-11.00,100,-14.80,,0.00,3.00,256
2027-02-13 08:00:00,-11.50,100,-15.30,,0.00,2.50,262
2027-02-13 09:00:00,-11.60,100,-15.40,,0.00,2.50,270
2027-02-13 10:00:00,-11.00,100,-14.60,,0.00,1.60,243
2027-02-13 11:00:00,-9.10,92,-12.90,,0.00,3.10,234
2027-02-13 12:00:00,-7.20,89,-11.00,,0.00,3.90,202
2027-02-13 13:00:00,-5.60,79,-9.50,,0.00,5.50,212
2027-02-13 14:00:00,-4.50,76,-8.50,,0.00,6.00,205
2027-02-13 15:00:00,-3.20,76,-7.00,,0.00,5.50,212
2027-02-13 16:00:00,-3.10,74,-7.00,,0.00,6.10,208
2027-02-13 17:00:00,-3.40,76,-7.30,,0.00,5.70,198
2027-02-13 18:00:00,-4.50,81,-8.10,,0.00,4.30,185
2027-02-13 19:00:00,-5.20,84,-8.80,,0.00,3.60,180
2027-02-13 20:00:00,-5.60,86,-9.20,,0.00,3.60,174
2027-02-13 21:00:00,-6.30,86,-9.90,,0.00,3.60,174
2027-02-13 22:00:00,-6.30,86,-10.10,,0.00,4.30,180
2027-02-13 23:00:00,-6.50,87,-10.30,,0.00,4.70,189
2027-02-14 00:00:00,-7.20,88,-11.10,,0.00,4.70,189
2027-02-14 01:00:00,-7.50,89,-11.40,,0.00,4.80,193
2027-02-14 02:00:00,-7.80,89,-11.70,,0.00,4.70,189
2027-02-14 03:00:00,-8.50,92,-12.30,,0.00,4.00,170
2027-02-14 04:00:00,-8.80,92,-12.70,,0.00,4.40,171
2027-02-14 05:00:00,-9.10,92,-13.00,,0.00,4.50,166
2027-02-14 06:00:00,-9.10,92,-13.10,,0.00,4.60,162
2027-02-14 07:00:00,-9.00,91,-13.00,,0.00,4.50,166
2027-02-14 08:00:00,-8.70,89,-12.80,,0.00,5.20,168
2027-02-14 09:00:00,-7.90,89,-12.00,,0.00,5.50,169
2027-02-14 10:00:00,-6.40,84,-10.80,,0.00,8.00,172
2027-02-14 11:00:00,-4.90,80,-9.30,,0.00,9.40,178
2027-02-14 12:00:00,-3.50,79,-7.50,,0.00,7.20,177
2027-02-14 13:00:00,-2.30,77,-6.30,,0.00,7.20,183
2027-02-14 14:00:00,-1.70,78,-5.50,,0.00,7.10,195
2027-02-14 15:00:00,-1.10,80,-4.70,,0.00,6.40,196
2027-02-14 16:00:00,-1.90,90,-5.10,,0.20,4.40,189
2027-02-14 17:00:00,-2.10,95,-5.20,,0.60,4.00,180
2027-02-14 18:00:00,-2.10,96,-5.00,,0.70,2.40,207
2027-02-14 19:00:00,-2.40,97,-5.30,,0.70,2.60,214
2027-02-14 20:00:00,-2.50,97,-5.50,,0.50,3.10,249
2027-02-14 21:00:00,-2.40,97,-5.60,,0.60,4.10,285
2027-02-14 22:00:00,-2.70,96,-6.20,,0.40,6.10,310
2027-02-14 23:00:00,-3.10,95,-6.80,,0.30,7.00,325
2027-02-15 00:00:00,-3.40,94,-7.40,,0.10,9.10,326
2027-02-15 01:00:00,-3.90,93,-8.00,,0.20,9.50,335
2027-02-15 02:00:00,-4.50,91,-8.90,,0.10,10.50,333
2027-02-15 03:00:00,-4.90,90,-9.50,,0.10,11.60,330
2027-02-15 04:00:00,-5.90,87,-10.90,,0.10,13.20,334
2027-02-15 05:00:00,-6.60,86,-11.60,,0.00,12.70,335
2027-02-15 06:00:00,-6.90,87,-11.80,,0.00,11.90,331
2027-02-15 07:00:00,-7.50,86,-12.50,,0.00,12.30,328
2027-02-15 08:00:00,-8.20,84,-13.00,,0.00,10.60,325
2027-02-15 09:00:00,-8.10,84,-13.30,,0.00,12.80,322
2027-02-15 10:00:00,-7.80,81,-13.00,,0.00,12.60,329
2027-02-15 11:00:00,-7.00,80,-11.90,,0.00,11.80,333
2027-02-15 12:00:00,-6.50,80,-11.50,,0.00,12.20,326
2027-02-15 13:00:00,-5.80,71,-11.00,,0.00,13.00,332
2027-02-15 14:00:00,-5.70,71,-10.90,,0.00,13.00,332
2027-02-15 15:00:00,-5.90,70,-11.00,,0.00,12.30,322
2027-02-15 16:00:00,-6.20,70,-11.20,,0.00,11.80,320
2027-02-15 17:00:00,-6.60,73,-11.40,,0.00,10.20,315
2027-02-15 18:00:00,-7.00,75,-11.40,,0.00,7.40,313
2027-02-15 19:00:00,-7.50,79,-11.60,,0.00,5.90,308
2027-02-15 20:00:00,-7.80,85,-12.00,,0.10,6.90,298
2027-02-15 21:00:00,-8.80,80,-13.00,,0.00,5.50,293
2027-02-15 22:00:00,-9.70,79,-13.70,,0.00,3.50,294
2027-02-15 23:00:00,-10.00,79,-14.10,,0.00,3.80,287
2027-02-16 00:00:00,-9.60,79,-13.60,,0.00,3.90,292
2027-02-16 01:00:00,-10.30,81,-14.40,,0.00,4.00,275
2027-02-16 02:00:00,-11.00,83,-15.00,,0.00,3.70,281
2027-02-16 03:00:00,-10.80,86,-14.80,,0.00,3.50,294
2027-02-16 04:00:00,-10.80,86,-14.80,,0.00,3.40,288
2027-02-16 05:00:00,-11.00,87,-15.20,,0.00,5.00,291
2027-02-16 06:00:00,-11.00,90,-15.50,,0.00,6.80,295
2027-02-16 07:00:00,-11.00,90,-15.40,,0.00,6.90,298
2027-02-16 08:00:00,-11.00,90,-15.50,,0.00,7.10,294
2027-02-16 09:00:00,-11.20,88,-15.40,,0.00,4.90,287
2027-02-16 10:00:00,-10.00,85,-14.80,,0.00,9.60,304
2027-02-16 11:00:00,-8.70,75,-13.60,,0.00,10.40,314
2027-02-16 12:00:00,-7.90,70,-13.10,,0.00,11.70,315
2027-02-16 13:00:00,-7.20,58,-12.50,,0.00,12.00,311
2027-02-16 14:00:00,-7.20,58,-12.50,,0.00,12.50,303
2027-02-16 15:00:00,-6.80,57,-12.00,,0.00,11.40,294
2027-02-16 16:00:00,-6.80,57,-12.10,,0.00,11.70,288
2027-02-16 17:00:00,-7.20,61,-12.20,,0.00,9.90,280
2027-02-16 18:00:00,-7.90,65,-12.70,,0.00,8.90,284
2027-02-16 19:00:00,-9.50,71,-13.80,,0.00,5.80,270
2027-02-16 20:00:00,-9.90,72,-14.20,,0.00,5.10,262
2027-02-16 21:00:00,-10.60,78,-14.80,,0.00,5.10,262
2027-02-16 22:00:00,-10.90,78,-15.10,,0.00,4.30,246
2027-02-16 23:00:00,-11.50,80,-15.70,,0.00,4.50,241
2027-02-17 00:00:00,-12.30,83,-16.50,,0.00,4.60,252
2027-02-17 01:00:00,-12.00,83,-16.20,,0.00,4.30,265
2027-02-17 02:00:00,-12.30,86,-16.50,,0.00,4.30,265
2027-02-17 03:00:00,-13.20,89,-17.20,,0.00,3.30,276
2027-02-17 04:00:00,-13.60,92,-17.70,,0.00,3.20,270
2027-02-17 05:00:00,-14.30,95,-18.20,,0.00,2.20,279
2027-02-17 06:00:00,-15.10,97,-19.10,,0.00,2.50,270
2027-02-17 07:00:00,-15.30,97,-19.30,,0.00,2.50,262
2027-02-17 08:00:00,-15.50,97,-19.50,,0.00,2.50,278
2027-02-17 09:00:00,-15.10,96,-19.00,,0.00,2.20,279
2027-02-17 10:00:00,-12.40,89,-16.50,,0.00,3.80,287
2027-02-17 11:00:00,-10.30,82,-14.40,,0.00,4.70,274
2027-02-17 12:00:00,-8.20,75,-12.40,,0.00,5.60,255
2027-02-17 13:00:00,-7.20,69,-11.90,,0.00,8.70,263
2027-02-17 14:00:00,-7.10,61,-12.20,,0.00,10.40,268
2027-02-17 15:00:00,-6.50,50,-11.70,,0.00,10.80,274
2027-02-17 16:00:00,-6.60,53,-11.50,,0.00,9.00,254
2027-02-17 17:00:00,-6.90,57,-11.80,,0.00,9.40,252
2027-02-17 18:00:00,-7.10,59,-12.00,,0.00,8.90,230
2027-02-17 19:00:00,-8.10,64,-12.70,,0.00,7.70,217
2027-02-17 20:00:00,-8.10,62,-13.10,,0.00,10.00,218
2027-02-17 21:00:00,-8.00,63,-13.00,,0.00,10.60,215
2027-02-17 22:00:00,-8.10,64,-13.40,,0.00,12.00,219
2027-02-17 23:00:00,-8.40,67,-13.60,,0.00,11.70,223
2027-02-18 00:00:00,-8.50,73,-13.50,,0.00,10.90,226
2027-02-18 01:00:00,-8.90,75,-13.90,,0.00,10.90,226
2027-02-18 02:00:00,-9.20,77,-14.30,,0.00,11.20,225
2027-02-18 03:00:00,-9.00,78,-14.00,,0.00,10.40,226
2027-02-18 04:00:00,-9.30,80,-14.20,,0.00,10.00,229
2027-02-18 05:00:00,-9.60,82,-14.50,,0.00,9.70,228
2027-02-18 06:00:00,-9.60,84,-14.20,,0.00,8.40,230
2027-02-18 07:00:00,-9.70,84,-14.40,,0.00,8.40,230
2027-02-18 08:00:00,-9.90,85,-14.60,,0.00,8.70,228
2027-02-18 09:00:00,-9.70,85,-14.40,,0.00,8.40,227
2027-02-18 10:00:00,-8.40,83,-13.30,,0.00,10.50,232
2027-02-18 11:00:00,-6.90,80,-11.80,,0.00,11.10,234
2027-02-18 12:00:00,-5.30,74,-10.00,,0.00,10.70,230
2027-02-18 13:00:00,-4.20,71,-9.10,,0.00,12.00,231
2027-02-18 14:00:00,-3.30,68,-8.30,,0.00,12.50,231
2027-02-18 15:00:00,-2.90,68,-7.60,,0.00,11.50,226
2027-02-18 16:00:00,-2.70,66,-7.60,,0.00,12.40,234
2027-02-18 17:00:00,-3.20,67,-8.00,,0.00,11.30,233
2027-02-18 18:00:00,-3.90,71,-8.20,,0.00,8.40,230
2027-02-18 19:00:00,-5.00,73,-9.20,,0.00,7.40,223
2027-02-18 20:00:00,-5.70,73,-10.10,,0.00,7.90,219
2027-02-18 21:00:00,-5.80,72,-10.30,,0.00,7.90,223
2027-02-18 22:00:00,-6.40,73,-10.90,,0.00,8.20,218
2027-02-18 23:00:00,-6.80,73,-11.40,,0.00,8.90,220
2027-02-19 00:00:00,-6.60,74,-11.20,,0.00,8.40,220
2027-02-19 01:00:00,-7.10,74,-11.80,,0.00,9.30,216
2027-02-19 02:00:00,-7.30,74,-12.10,,0.00,9.60,214
2027-02-19 03:00:00,-7.20,75,-11.90,,0.00,9.30,216
2027-02-19 04:00:00,-7.50,75,-12.20,,0.00,9.40,220
2027-02-19 05:00:00,-7.60,75,-12.30,,0.00,9.20,231
2027-02-19 06:00:00,-7.50,78,-12.10,,0.30,8.50,234
2027-02-19 07:00:00,-7.70,83,-12.30,,0.10,9.30,234
2027-02-19 08:00:00,-8.00,84,-12.40,,0.00,7.70,233
2027-02-19 09:00:00,-7.70,84,-12.00,,0.00,7.10,229
2027-02-19 10:00:00,-6.80,82,-11.20,,0.00,8.00,234
2027-02-19 11:00:00,-5.20,79,-9.70,,0.00,9.10,236
2027-02-19 12:00:00,-4.10,74,-8.60,,0.00,9.50,233
2027-02-19 13:00:00,-3.10,72,-7.80,,0.00,11.20,230
2027-02-19 14:00:00,-2.40,70,-7.20,,0.00,11.70,225
2027-02-19 15:00:00,-1.90,61,-7.20,,0.00,15.20,265
2027-02-19 16:00:00,-2.60,72,-7.70,,0.20,14.80,271
2027-02-19 17:00:00,-2.60,71,-7.40,,0.00,11.90,270
2027-02-19 18:00:00,-3.00,84,-7.10,,0.10,8.60,272
2027-02-19 19:00:00,-3.60,90,-7.30,,0.40,6.50,270
2027-02-19 20:00:00,-3.80,90,-7.50,,0.40,6.40,297
2027-02-19 21:00:00,-3.90,83,-8.20,,0.10,9.20,339
2027-02-19 22:00:00,-4.80,82,-9.20,,0.00,9.40,4
2027-02-19 23:00:00,-5.50,76,-9.50,,0.00,5.80,7
2027-02-20 00:00:00,-5.60,77,-9.50,,0.00,4.80,347
2027-02-20 01:00:00,-6.20,78,-10.20,,0.00,5.50,349
2027-02-20 02:00:00,-6.60,80,-10.50,,0.00,4.70,337
2027-02-20 03:00:00,-8.10,81,-12.10,,0.00,4.70,337
2027-02-20 04:00:00,-8.40,82,-12.60,,0.00,5.80,338
2027-02-20 05:00:00,-8.60,82,-12.80,,0.00,5.70,342
2027-02-20 06:00:00,-8.80,85,-12.90,,0.00,5.70,342
2027-02-20 07:00:00,-9.10,85,-13.30,,0.00,6.00,343
2027-02-20 08:00:00,-9.50,86,-13.70,,0.00,6.20,339
2027-02-20 09:00:00,-9.30,87,-13.60,,0.00,6.50,341
2027-02-20 10:00:00,-7.90,85,-12.40,,0.00,8.10,347
2027-02-20 11:00:00,-6.40,80,-10.90,,0.00,9.30,347
2027-02-20 12:00:00,-5.60,67,-11.10,,0.00,14.80,4
2027-02-20 13:00:00,-4.80,58,-10.50,,0.00,16.10,10
2027-02-20 14:00:00,-4.40,54,-10.10,,0.00,15.50,13
2027-02-20 15:00:00,-4.90,59,-10.30,,0.00,13.70,3
2027-02-20 16:00:00,-5.20,61,-10.40,,0.00,12.70,7
2027-02-20 17:00:00,-5.60,64,-10.80,,0.00,12.40,8
2027-02-20 18:00:00,-6.10,66,-10.80,,0.00,9.40,7
2027-02-20 19:00:00,-7.10,70,-11.40,,0.00,5.80,360
2027-02-20 20:00:00,-8.10,72,-12.30,,0.00,5.40,356
2027-02-20 21:00:00,-7.90,72,-12.00,,0.00,5.10,4
2027-02-20 22:00:00,-8.30,72,-12.40,,0.00,4.30,5
2027-02-20 23:00:00,-8.60,73,-12.80,,0.00,5.10,8
2027-02-21 00:00:00,-8.40,72,-12.40,,0.00,3.60,6
2027-02-21 01:00:00,-8.60,71,-12.60,,0.00,3.70,11
2027-02-21 02:00:00,-8.70,72,-12.70,,0.00,3.70,11
2027-02-21 03:00:00,-8.60,72,-12.50,,0.00,3.30,13
2027-02-21 04:00:00,-8.80,72,-12.80,,0.00,3.70,11
2027-02-21 05:00:00,-9.10,73,-13.10,,0.00,3.80,17
2027-02-21 06:00:00,-9.20,77,-13.20,,0.00,3.90,22
2027-02-21 07:00:00,-9.60,78,-13.60,,0.00,3.90,22
2027-02-21 08:00:00,-9.90,78,-14.00,,0.00,3.90,22
2027-02-21 09:00:00,-9.50,76,-13.50,,0.00,3.90,22
2027-02-21 10:00:00,-8.10,73,-12.40,,0.00,6.00,33
2027-02-21 11:00:00,-6.70,69,-11.10,,0.00,7.40,39
2027-02-21 12:00:00,-5.90,60,-10.30,,0.00,7.00,55
2027-02-21 13:00:00,-5.60,60,-9.90,,0.00,6.10,45
2027-02-21 14:00:00,-5.40,59,-9.70,,0.00,6.00,33
2027-02-21 15:00:00,-4.80,58,-9.10,,0.00,5.60,27
2027-02-21 16:00:00,-4.90,58,-9.20,,0.00,5.60,27
2027-02-21 17:00:00,-5.20,58,-9.40,,0.00,5.30,28
2027-02-21 18:00:00,-6.40,61,-10.40,,0.00,3.80,41
2027-02-21 19:00:00,-7.30,65,-11.20,,0.00,3.10,54
2027-02-21 20:00:00,-8.00,66,-11.90,,0.00,3.00,76
2027-02-21 21:00:00,-9.50,74,-13.20,,0.00,1.40,90
2027-02-21 22:00:00,-9.80,74,-13.50,,0.00,1.10,72
2027-02-21 23:00:00,-10.30,76,-13.90,,0.00,0.80,63
2027-02-22 00:00:00,-11.60,82,-15.20,,0.00,0.50,45
2027-02-22 01:00:00,-11.90,83,-15.60,,0.00,1.00,135
2027-02-22 02:00:00,-12.30,83,-16.10,,0.00,1.50,166
2027-02-22 03:00:00,-12.20,85,-15.90,,0.00,1.10,180
2027-02-22 04:00:00,-12.50,86,-16.40,,0.00,1.80,281
2027-02-22 05:00:00,-12.60,87,-16.50,,0.00,2.10,301
2027-02-22 06:00:00,-12.90,88,-16.80,,0.00,1.80,307
2027-02-22 07:00:00,-12.90,89,-16.60,,0.00,1.00,315
2027-02-22 08:00:00,-13.20,90,-16.90,,0.00,0.80,27
2027-02-22 09:00:00,-13.00,91,-16.60,,0.00,0.50,315
2027-02-22 10:00:00,-11.00,85,-14.60,,0.00,0.80,297
2027-02-22 11:00:00,-8.70,76,-12.50,,0.00,2.30,288
2027-02-22 12:00:00,-6.30,63,-10.20,,0.00,3.40,288
2027-02-22 13:00:00,-5.40,61,-9.30,,0.00,3.60,270
2027-02-22 14:00:00,-4.60,56,-8.60,,0.00,4.00,270
2027-02-22 15:00:00,-3.90,54,-7.80,,0.00,3.70,259
2027-02-22 16:00:00,-3.70,54,-7.70,,0.00,3.80,253
2027-02-22 17:00:00,-4.00,55,-7.90,,0.00,3.90,248
2027-02-22 18:00:00,-5.30,60,-9.20,,0.00,3.40,238
2027-02-22 19:00:00,-6.90,64,-10.90,,0.00,3.60,233
2027-02-22 20:00:00,-7.90,65,-11.90,,0.00,3.70,241
2027-02-22 21:00:00,-8.90,69,-12.90,,0.00,3.30,257
2027-02-22 22:00:00,-9.20,68,-13.30,,0.00,3.30,283
2027-02-22 23:00:00,-9.50,69,-13.50,,0.00,3.10,291
2027-02-23 00:00:00,-10.00,72,-14.20,,0.00,4.00,297
2027-02-23 01:00:00,-10.30,72,-14.40,,0.00,3.90,292
2027-02-23 02:00:00,-10.50,72,-14.70,,0.00,4.30,294
2027-02-23 03:00:00,-10.80,75,-15.10,,0.00,5.20,295
2027-02-23 04:00:00,-10.70,75,-15.10,,0.00,5.40,307
2027-02-23 05:00:00,-10.90,75,-15.20,,0.00,4.80,318
2027-02-23 06:00:00,-11.50,77,-15.80,,0.00,4.70,328
2027-02-23 07:00:00,-11.70,77,-16.00,,0.00,4.70,328
2027-02-23 08:00:00,-11.80,77,-16.00,,0.00,4.20,329
2027-02-23 09:00:00,-11.20,76,-15.40,,0.00,4.40,325
2027-02-23 10:00:00,-9.40,73,-13.80,,0.00,6.40,322
2027-02-23 11:00:00,-7.40,69,-12.00,,0.00,7.80,326
2027-02-23 12:00:00,-4.50,60,-8.90,,0.00,7.10,330
2027-02-23 13:00:00,-3.50,56,-7.90,,0.00,6.90,332
2027-02-23 14:00:00,-2.50,52,-6.90,,0.00,7.30,327
2027-02-23 15:00:00,-1.10,48,-5.60,,0.00,8.20,331
2027-02-23 16:00:00,-1.00,47,-5.60,,0.00,8.70,330
2027-02-23 17:00:00,-1.30,50,-5.80,,0.00,7.90,336
2027-02-23 18:00:00,-2.10,52,-6.20,,0.00,5.40,340
2027-02-23 19:00:00,-3.60,56,-7.40,,0.00,3.30,354
2027-02-23 20:00:00,-4.40,58,-8.20,,0.00,3.30,354
2027-02-23 21:00:00,-6.00,66,-9.80,,0.00,3.20,360
2027-02-23 22:00:00,-6.50,67,-10.30,,0.00,2.90,353
2027-02-23 23:00:00,-7.00,69,-10.80,,0.00,2.90,353
2027-02-24 00:00:00,-8.50,76,-12.30,,0.00,2.90,360
2027-02-24 01:00:00,-8.70,76,-12.50,,0.00,2.50,360
2027-02-24 02:00:00,-9.10,78,-12.90,,0.00,2.20,360
2027-02-24 03:00:00,-10.20,80,-14.10,,0.00,2.90,353
2027-02-24 04:00:00,-10.60,81,-14.60,,0.00,3.10,339
2027-02-24 05:00:00,-11.00,81,-14.90,,0.00,3.00,346
2027-02-24 06:00:00,-11.60,81,-15.60,,0.00,2.90,353
2027-02-24 07:00:00,-11.70,82,-15.60,,0.00,2.90,353
2027-02-24 08:00:00,-11.90,82,-15.90,,0.00,2.50,352
2027-02-24 09:00:00,-10.90,80,-14.80,,0.00,2.40,333
2027-02-24 10:00:00,-8.80,77,-12.60,,0.00,2.70,337
2027-02-24 11:00:00,-6.20,68,-10.40,,0.00,5.40,352
2027-02-24 12:00:00,-3.20,56,-7.60,,0.00,6.80,3
2027-02-24 13:00:00,-2.00,49,-6.40,,0.00,7.60,3
2027-02-24 14:00:00,-1.10,43,-5.70,,0.00,7.90,360
2027-02-24 15:00:00,-0.50,40,-5.30,,0.00,9.40,358
2027-02-24 16:00:00,-0.40,41,-5.10,,0.00,8.60,358
2027-02-24 17:00:00,-1.00,45,-5.50,,0.00,7.60,355
2027-02-24 18:00:00,-1.70,46,-5.90,,0.00,5.90,346
2027-02-24 19:00:00,-3.50,51,-7.70,,0.00,5.40,352
2027-02-24 20:00:00,-4.30,50,-8.40,,0.00,4.40,351
2027-02-24 21:00:00,-5.60,53,-9.80,,0.00,4.30,355
2027-02-24 22:00:00,-6.40,53,-10.50,,0.00,4.00,355
2027-02-24 23:00:00,-7.00,54,-11.20,,0.00,4.30,360
2027-02-25 00:00:00,-7.30,56,-11.50,,0.00,4.30,360
2027-02-25 01:00:00,-7.80,57,-12.00,,0.00,4.00,5
2027-02-25 02:00:00,-8.20,56,-12.40,,0.00,4.10,15
2027-02-25 03:00:00,-8.80,59,-13.00,,0.00,3.70,11
2027-02-25 04:00:00,-9.00,58,-13.20,,0.00,3.40,18
2027-02-25 05:00:00,-9.30,58,-13.50,,0.00,3.50,24
2027-02-25 06:00:00,-9.90,61,-14.00,,0.00,3.20,27
2027-02-25 07:00:00,-10.30,61,-14.40,,0.00,2.90,30
2027-02-25 08:00:00,-10.50,62,-14.60,,0.00,2.90,30
2027-02-25 09:00:00,-9.80,63,-13.70,,0.00,2.30,39
2027-02-25 10:00:00,-8.00,64,-11.80,,0.00,1.80,53
2027-02-25 11:00:00,-6.00,58,-9.90,,0.00,3.00,76
2027-02-25 12:00:00,-3.10,50,-6.80,,0.00,1.60,117
2027-02-25 13:00:00,-2.00,46,-5.60,,0.00,0.70,270
2027-02-25 14:00:00,-0.90,42,-4.70,,0.00,2.10,301
2027-02-25 15:00:00,0.30,36,-3.70,,0.00,3.60,323
2027-02-25 16:00:00,0.50,36,-3.50,,0.00,3.60,323
2027-02-25 17:00:00,0.20,37,-3.80,,0.00,3.70,331
2027-02-25 18:00:00,-0.70,40,-4.50,,0.00,2.30,321
2027-02-25 19:00:00,-1.50,42,-5.30,,0.00,1.90,338
2027-02-25 20:00:00,-2.30,41,-6.00,,0.00,1.10,342
2027-02-25 21:00:00,-3.80,47,-7.50,,0.00,1.50,346
2027-02-25 22:00:00,-4.40,46,-8.00,,0.00,0.50,45
2027-02-25 23:00:00,-5.10,47,-8.90,,0.00,1.10,288
2027-02-26 00:00:00,-6.30,54,-10.00,,0.00,1.10,252
2027-02-26 01:00:00,-6.90,56,-10.60,,0.00,1.10,198
2027-02-26 02:00:00,-7.40,58,-11.30,,0.00,1.80,191
2027-02-26 03:00:00,-8.20,62,-12.00,,0.00,1.80,180
2027-02-26 04:00:00,-8.50,63,-12.40,,0.00,2.20,189
2027-02-26 05:00:00,-8.80,66,-12.70,,0.00,2.30,162
2027-02-26 06:00:00,-9.50,71,-13.40,,0.00,2.30,129
2027-02-26 07:00:00,-10.00,73,-14.00,,0.00,2.80,130
2027-02-26 08:00:00,-10.50,76,-14.60,,0.00,3.40,148
2027-02-26 09:00:00,-9.60,78,-13.50,,0.00,3.00,166
2027-02-26 10:00:00,-7.50,77,-11.40,,0.00,3.40,162
2027-02-26 11:00:00,-4.70,69,-8.90,,0.00,6.30,167
2027-02-26 12:00:00,-2.10,53,-6.30,,0.00,6.60,151
2027-02-26 13:00:00,-1.00,51,-5.30,,0.00,6.90,152
2027-02-26 14:00:00,-0.40,47,-4.70,,0.00,7.20,153
2027-02-26 15:00:00,0.80,43,-3.60,,0.00,7.60,161
2027-02-26 16:00:00,0.70,43,-3.80,,0.00,8.40,155
2027-02-26 17:00:00,0.20,49,-4.20,,0.00,8.10,148
2027-02-26 18:00:00,-0.60,52,-4.70,,0.00,6.40,133
2027-02-26 19:00:00,-1.50,56,-5.70,,0.00,6.90,141
2027-02-26 20:00:00,-2.70,60,-6.90,,0.00,7.10,150
2027-02-26 21:00:00,-3.40,62,-7.70,,0.00,7.70,152
2027-02-26 22:00:00,-4.20,65,-8.60,,0.00,7.80,158
2027-02-26 23:00:00,-4.90,67,-9.30,,0.00,7.60,161
2027-02-27 00:00:00,-5.10,68,-9.40,,0.00,7.00,159
2027-02-27 01:00:00,-5.60,71,-9.80,,0.00,6.50,161
2027-02-27 02:00:00,-6.20,73,-10.40,,0.00,6.30,156
2027-02-27 03:00:00,-6.60,74,-10.80,,0.00,6.00,155
2027-02-27 04:00:00,-7.00,77,-11.20,,0.00,6.30,156
2027-02-27 05:00:00,-7.40,78,-11.60,,0.00,6.00,163
2027-02-27 06:00:00,-7.80,79,-11.80,,0.00,5.00,159
2027-02-27 07:00:00,-8.10,80,-12.20,,0.00,4.80,153
2027-02-27 08:00:00,-8.30,81,-12.40,,0.00,5.30,152
2027-02-27 09:00:00,-7.30,79,-11.50,,0.00,6.10,152
2027-02-27 10:00:00,-5.60,75,-10.10,,0.00,8.70,163
2027-02-27 11:00:00,-3.70,70,-8.20,,0.00,9.50,171
2027-02-27 12:00:00,-1.70,65,-6.00,,0.00,8.40,173
2027-02-27 13:00:00,-0.40,61,-4.70,,0.00,8.60,182
2027-02-27 14:00:00,0.50,60,-3.60,,0.00,7.90,180
2027-02-27 15:00:00,2.20,58,-1.90,,0.00,9.00,182
2027-02-27 16:00:00,2.30,59,-1.70,,0.00,8.30,180
2027-02-27 17:00:00,2.10,62,-1.70,,0.00,7.20,177
2027-02-27 18:00:00,1.00,67,-2.50,,0.00,5.10,172
2027-02-27 19:00:00,0.20,70,-3.30,,0.00,5.20,168
2027-02-27 20:00:00,-0.30,70,-3.80,,0.00,4.80,167
2027-02-27 21:00:00,-1.10,72,-4.50,,0.00,3.50,156
2027-02-27 22:00:00,-1.70,73,-5.20,,0.00,4.00,170
2027-02-27 23:00:00,-2.30,74,-5.80,,0.00,4.00,180
2027-02-28 00:00:00,-3.20,76,-6.80,,0.00,4.30,180
2027-02-28 01:00:00,-3.50,76,-7.20,,0.00,4.30,180
2027-02-28 02:00:00,-4.00,76,-7.70,,0.00,4.30,180
2027-02-28 03:00:00,-4.60,78,-8.20,,0.00,4.00,175
2027-02-28 04:00:00,-4.90,77,-8.60,,0.00,3.70,169
2027-02-28 05:00:00,-5.30,77,-9.00,,0.00,3.90,158
2027-02-28 06:00:00,-5.50,77,-9.20,,0.00,3.50,156
2027-02-28 07:00:00,-5.80,77,-9.50,,0.00,3.70,151
2027-02-28 08:00:00,-6.00,76,-9.80,,0.00,4.00,153
2027-02-28 09:00:00,-4.90,74,-8.70,,0.00,4.30,156
2027-02-28 10:00:00,-3.20,68,-7.20,,0.00,6.50,161
2027-02-28 11:00:00,-1.50,62,-5.80,,0.00,8.20,165
2027-02-28 12:00:00,0.30,57,-3.80,,0.00,7.30,160
2027-02-28 13:00:00,1.40,52,-2.80,,0.00,8.20,165
2027-02-28 14:00:00,2.20,48,-2.10,,0.00,8.60,165
2027-02-28 15:00:00,2.80,46,-1.60,,0.00,9.30,167
2027-02-28 16:00:00,2.70,47,-1.70,,0.00,9.10,162
2027-02-28 17:00:00,2.10,48,-2.10,,0.00,8.00,162
2027-02-28 18:00:00,1.20,50,-2.70,,0.00,5.40,160
2027-02-28 19:00:00,0.40,53,-3.40,,0.00,5.20,155
2027-02-28 20:00:00,-0.40,56,-4.20,,0.00,5.20,155
2027-02-28 21:00:00,-0.50,58,-4.30,,0.00,4.50,151
2027-02-28 22:00:00,-1.00,59,-4.90,,0.00,5.60,153
2027-02-28 23:00:00,-1.30,60,-5.30,,0.00,5.80,158
2027-03-01 00:00:00,-1.50,63,-5.40,,0.00,6.00,163
2027-03-01 01:00:00,-2.00,66,-6.00,,0.00,6.40,164
2027-03-01 02:00:00,-2.50,68,-6.50,,0.00,6.40,164
2027-03-01 03:00:00,-3.00,73,-7.10,,0.00,7.10,156
2027-03-01 04:00:00,-3.30,74,-7.40,,0.00,7.40,157
2027-03-01 05:00:00,-3.50,75,-7.70,,0.00,8.00,162
2027-03-01 06:00:00,-3.50,77,-7.70,,0.00,8.30,162
2027-03-01 07:00:00,-3.70,78,-7.90,,0.00,8.30,162
2027-03-01 08:00:00,-3.80,79,-8.20,,0.00,9.60,160
2027-03-01 09:00:00,-3.40,80,-7.80,,0.00,9.80,163
2027-03-01 10:00:00,-2.70,78,-7.10,,0.00,10.00,167
2027-03-01 11:00:00,-1.70,74,-6.30,,0.00,11.90,175
2027-03-01 12:00:00,-0.80,73,-5.00,,0.00,9.70,176
2027-03-01 13:00:00,-0.10,71,-4.50,,0.00,10.80,182
2027-03-01 14:00:00,0.20,70,-4.00,,0.00,10.10,182
2027-03-01 15:00:00,0.10,75,-4.10,,0.00,10.40,182
2027-03-01 16:00:00,-0.10,79,-4.10,,0.00,10.10,176
2027-03-01 17:00:00,-0.50,84,-4.40,,0.10,9.70,178
2027-03-01 18:00:00,-0.60,87,-4.60,,0.10,10.80,182
2027-03-01 19:00:00,-0.80,89,-4.80,,0.10,10.70,192
2027-03-01 20:00:00,-0.90,91,-4.90,,0.10,10.20,198
2027-03-01 21:00:00,-1.00,94,-4.70,,0.10,8.90,201
2027-03-01 22:00:00,-1.10,95,-4.70,,0.10,8.20,203
2027-03-01 23:00:00,-1.10,95,-4.70,,0.20,8.60,202
2027-03-02 00:00:00,-1.00,95,-4.60,,0.00,8.10,201
2027-03-02 01:00:00,-1.10,95,-4.60,,0.00,7.90,204
2027-03-02 02:00:00,-1.10,96,-4.60,,0.00,7.20,207
2027-03-02 03:00:00,-0.90,96,-4.10,,0.00,6.00,197
2027-03-02 04:00:00,-0.90,96,-4.20,,0.00,6.50,199
2027-03-02 05:00:00,-0.90,96,-4.30,,0.00,7.10,195
2027-03-02 06:00:00,-0.80,96,-4.20,,0.00,7.30,200
2027-03-02 07:00:00,-0.80,97,-4.10,,0.00,6.90,208
2027-03-02 08:00:00,-0.80,97,-4.10,,0.00,6.60,221
2027-03-02 09:00:00,-0.60,96,-4.00,,0.00,6.90,219
2027-03-02 10:00:00,-0.20,95,-3.80,,0.00,8.70,225
2027-03-02 11:00:00,0.60,90,-3.10,,0.00,9.80,242
2027-03-02 12:00:00,0.40,95,-3.00,,0.00,8.80,235
2027-03-02 13:00:00,1.30,87,-2.40,,0.00,10.00,240
2027-03-02 14:00:00,1.70,84,-2.00,,0.00,10.50,243
2027-03-02 15:00:00,1.30,91,-2.20,,0.00,9.30,234
2027-03-02 16:00:00,1.50,88,-2.20,,0.00,10.50,243
2027-03-02 17:00:00,1.20,92,-2.30,,0.00,8.90,243
2027-03-02 18:00:00,1.20,93,-1.80,,0.00,5.60,243
2027-03-02 19:00:00,0.90,95,-2.10,,0.00,6.20,249
2027-03-02 20:00:00,0.70,96,-2.40,,0.00,6.60,225
2027-03-02 21:00:00,0.60,97,-2.60,,0.40,7.10,240
2027-03-02 22:00:00,0.50,96,-2.70,,0.00,7.60,245
2027-03-02 23:00:00,0.50,96,-2.70,,0.00,7.20,243
2027-03-03 00:00:00,0.50,96,-2.90,,0.00,8.10,249
2027-03-03 01:00:00,0.50,96,-3.10,,0.00,9.70,266
2027-03-03 02:00:00,0.20,94,-3.50,,0.00,10.40,272
2027-03-03 03:00:00,0.30,94,-2.90,,0.00,6.80,252
2027-03-03 04:00:00,0.20,94,-3.30,,0.20,9.10,263
2027-03-03 05:00:00,0.10,92,-3.40,,0.00,8.20,255
2027-03-03 06:00:00,0.20,92,-3.30,,0.00,8.90,243
2027-03-03 07:00:00,0.10,93,-3.60,,0.00,10.20,247
2027-03-03 08:00:00,0.00,93,-3.80,,0.00,10.30,241
2027-03-03 09:00:00,0.50,92,-3.30,,0.00,10.80,249
2027-03-03 10:00:00,0.60,92,-3.20,,0.00,10.70,250
2027-03-03 11:00:00,1.10,91,-2.90,,0.00,12.80,259
2027-03-03 12:00:00,1.50,88,-2.50,,0.00,12.80,259
2027-03-03 13:00:00,2.30,84,-1.80,,0.00,13.20,259
2027-03-03 14:00:00,2.40,85,-1.50,,0.10,12.60,246
2027-03-03 15:00:00,2.50,83,-1.50,,0.00,12.70,235
2027-03-03 16:00:00,2.50,85,-1.50,,0.00,12.90,247
2027-03-03 17:00:00,2.40,86,-1.20,,0.00,10.70,237
2027-03-03 18:00:00,2.40,87,-1.00,,0.00,9.50,241
2027-03-03 19:00:00,2.20,90,-1.30,,0.00,10.00,240
2027-03-03 20:00:00,2.00,92,-1.50,,0.00,10.40,236
2027-03-03 21:00:00,2.20,91,-1.50,,0.00,11.40,242
2027-03-03 22:00:00,2.10,92,-1.60,,0.00,11.30,239
2027-03-03 23:00:00,2.10,93,-1.70,,0.10,12.60,246
2027-03-04 00:00:00,2.30,92,-1.60,,0.00,13.40,250
2027-03-04 01:00:00,2.20,91,-1.70,,0.00,13.10,254
2027-03-04 02:00:00,2.10,90,-1.70,,0.00,12.20,251
2027-03-04 03:00:00,2.30,84,-1.50,,0.00,11.20,264
2027-03-04 04:00:00,2.20,82,-1.70,,0.00,11.50,274
2027-03-04 05:00:00,2.00,81,-1.70,,0.00,10.10,268
2027-03-04 06:00:00,2.30,78,-1.40,,0.00,9.40,263
2027-03-04 07:00:00,1.90,81,-1.80,,0.00,9.70,266
2027-03-04 08:00:00,2.00,80,-1.90,,0.00,11.20,272
2027-03-04 09:00:00,2.60,80,-1.10,,0.00,10.30,245
2027-03-04 10:00:00,3.10,79,-1.00,,0.00,13.20,259
2027-03-04 11:00:00,3.70,77,-0.60,,0.00,14.80,266
2027-03-04 12:00:00,4.30,75,-0.30,,0.00,17.30,275
2027-03-04 13:00:00,5.10,71,0.30,,0.00,18.00,267
2027-03-04 14:00:00,5.30,69,0.60,,0.00,18.00,250
2027-03-04 15:00:00,5.90,66,0.90,,0.00,19.10,273
2027-03-04 16:00:00,6.00,64,1.40,,0.00,16.90,270
2027-03-04 17:00:00,5.90,65,1.70,,0.00,14.40,270
2027-03-04 18:00:00,5.60,68,1.50,,0.00,13.70,273
2027-03-04 19:00:00,5.10,71,1.20,,0.00,12.20,272
2027-03-04 20:00:00,4.90,73,1.00,,0.00,12.60,268
2027-03-04 21:00:00,5.00,72,0.80,,0.00,14.50,263
2027-03-04 22:00:00,4.80,73,0.50,,0.00,15.30,262
2027-03-04 23:00:00,4.80,73,0.30,,0.00,16.20,266
2027-03-05 00:00:00,4.90,71,0.30,,0.00,16.60,272
2027-03-05 01:00:00,4.50,73,0.00,,0.00,16.30,276
2027-03-05 02:00:00,4.10,75,-0.40,,0.00,16.30,276
2027-03-05 03:00:00,4.10,73,-0.40,,0.00,15.70,286
2027-03-05 04:00:00,3.90,75,-0.50,,0.00,15.30,289
2027-03-05 05:00:00,3.60,76,-0.60,,0.00,14.10,289
2027-03-05 06:00:00,3.30,78,-0.80,,0.00,13.10,286
2027-03-05 07:00:00,2.70,82,-1.20,,0.00,12.10,280
2027-03-05 08:00:00,2.40,86,-1.40,,0.00,11.50,274
2027-03-05 09:00:00,3.30,82,-0.60,,0.00,12.60,273
2027-03-05 10:00:00,4.00,79,0.10,,0.00,13.30,273
2027-03-05 11:00:00,5.10,73,1.10,,0.00,13.30,268
2027-03-05 12:00:00,6.50,67,2.30,,0.00,14.80,273
2027-03-05 13:00:00,7.40,62,3.10,,0.00,15.90,267
2027-03-05 14:00:00,7.60,63,3.10,,0.00,17.70,266
2027-03-05 15:00:00,8.20,63,3.70,,0.00,17.50,256
2027-03-05 16:00:00,8.70,59,3.90,,0.00,19.40,255
2027-03-05 17:00:00,8.60,58,3.90,,0.00,18.10,253
2027-03-05 18:00:00,8.50,59,3.90,,0.00,18.10,253
2027-03-05 19:00:00,7.80,62,3.70,,0.00,14.90,263
2027-03-05 20:00:00,7.60,64,3.50,,0.10,14.80,267
2027-03-05 21:00:00,7.80,62,3.70,,0.00,14.80,267
2027-03-05 22:00:00,7.70,58,3.30,,0.00,15.50,271
2027-03-05 23:00:00,8.00,54,3.50,,0.00,15.80,269
2027-03-06 00:00:00,8.30,49,3.60,,0.00,15.50,267
2027-03-06 01:00:00,7.90,47,3.10,,0.00,15.50,269
2027-03-06 02:00:00,7.70,46,3.00,,0.00,14.80,267
2027-03-06 03:00:00,7.60,45,2.90,,0.00,14.10,266
2027-03-06 04:00:00,7.30,47,2.60,,0.00,14.10,267
2027-03-06 05:00:00,7.00,49,2.60,,0.00,13.00,264
2027-03-06 06:00:00,7.00,51,2.60,,0.00,12.60,267
2027-03-06 07:00:00,6.30,54,2.10,,0.00,11.90,265
2027-03-06 08:00:00,5.90,56,1.70,,0.00,12.40,260
2027-03-06 09:00:00,6.90,53,2.60,,0.00,12.80,259
2027-03-06 10:00:00,8.20,51,3.70,,0.00,15.20,263
2027-03-06 11:00:00,9.70,50,5.20,,0.00,16.00,262
2027-03-06 12:00:00,12.10,47,7.60,,0.00,17.40,264
2027-03-06 13:00:00,13.60,45,9.00,,0.00,18.80,266
2027-03-06 14:00:00,14.70,43,10.10,,0.00,19.50,272
2027-03-06 15:00:00,15.70,39,11.00,,0.00,19.40,269
2027-03-06 16:00:00,15.90,38,11.40,,0.00,18.00,270
2027-03-06 17:00:00,15.80,35,11.20,,0.00,17.50,278
2027-03-06 18:00:00,15.70,23,10.40,,0.00,16.90,282
2027-03-06 19:00:00,13.90,24,8.70,,0.00,15.20,275
2027-03-06 20:00:00,12.50,29,7.50,,0.00,14.80,267
2027-03-06 21:00:00,11.60,33,6.80,,0.00,14.20,263
2027-03-06 22:00:00,10.80,36,6.00,,0.00,14.80,269
2027-03-06 23:00:00,10.20,37,5.50,,0.00,14.00,269
2027-03-07 00:00:00,9.80,37,5.10,,0.00,13.30,267
2027-03-07 01:00:00,9.10,40,4.60,,0.00,13.00,268
2027-03-07 02:00:00,8.40,43,4.00,,0.00,12.30,267
2027-03-07 03:00:00,8.00,42,3.60,,0.00,11.60,265
2027-03-07 04:00:00,7.20,45,3.00,,0.00,10.90,264
2027-03-07 05:00:00,6.40,48,2.30,,0.00,9.50,261
2027-03-07 06:00:00,5.70,50,1.80,,0.00,8.40,263
2027-03-07 07:00:00,5.10,52,1.20,,0.00,8.00,262
2027-03-07 08:00:00,4.60,54,0.80,,0.00,8.00,260
2027-03-07 09:00:00,6.20,50,2.30,,0.00,8.50,258
2027-03-07 10:00:00,8.10,46,4.10,,0.00,10.20,262
2027-03-07 11:00:00,10.50,41,6.50,,0.00,10.90,264
2027-03-07 12:00:00,13.10,36,9.00,,0.00,11.90,268
2027-03-07 13:00:00,14.70,32,10.50,,0.00,11.90,272
2027-03-07 14:00:00,15.90,29,11.60,,0.00,12.60,273
2027-03-07 15:00:00,17.00,24,12.40,,0.00,13.60,282
2027-03-07 16:00:00,16.90,24,12.30,,0.00,13.40,284
2027-03-07 17:00:00,16.30,25,12.00,,0.00,10.70,284
2027-03-07 18:00:00,14.90,28,11.20,,0.00,7.30,279
2027-03-07 19:00:00,12.70,33,9.20,,0.00,5.80,277
2027-03-07 20:00:00,11.80,35,8.60,,0.00,4.40,279
2027-03-07 21:00:00,10.20,38,7.00,,0.00,4.00,280
2027-03-07 22:00:00,9.80,39,6.50,,0.00,4.10,285
2027-03-07 23:00:00,9.30,40,6.10,,0.00,3.90,292
2027-03-08 00:00:00,7.80,46,4.80,,0.00,3.10,291
2027-03-08 01:00:00,7.50,46,4.40,,0.00,3.20,270
2027-03-08 02:00:00,7.10,48,4.10,,0.00,3.20,270
2027-03-08 03:00:00,5.20,56,2.30,,0.00,2.40,297
2027-03-08 04:00:00,4.90,57,2.00,,0.00,2.30,288
2027-03-08 05:00:00,4.30,59,1.50,,0.00,1.90,292
2027-03-08 06:00:00,2.40,64,-0.50,,0.00,1.50,284
2027-03-08 07:00:00,1.90,66,-0.90,,0.00,1.10,270
2027-03-08 08:00:00,1.50,69,-1.30,,0.00,1.10,270
2027-03-08 09:00:00,3.40,65,0.80,,0.00,1.10,270
2027-03-08 10:00:00,6.30,61,4.00,,0.00,0.50,225
2027-03-08 11:00:00,9.50,48,6.90,,0.00,2.10,239
2027-03-08 12:00:00,13.00,40,10.30,,0.00,3.20,243
2027-03-08 13:00:00,14.60,35,11.60,,0.00,5.10,262
2027-03-08 14:00:00,15.50,31,12.40,,0.00,5.10,274
2027-03-08 15:00:00,16.40,29,13.40,,0.00,4.00,297
2027-03-08 16:00:00,16.20,29,13.30,,0.00,3.70,299
2027-03-08 17:00:00,15.70,31,12.90,,0.00,2.80,310
2027-03-08 18:00:00,14.70,36,12.40,,0.00,1.30,304
2027-03-08 19:00:00,12.60,34,9.90,,0.00,1.00,135
2027-03-08 20:00:00,10.80,37,7.90,,0.00,1.90,158
2027-03-08 21:00:00,8.90,47,6.30,,0.00,1.80,169
2027-03-08 22:00:00,8.30,50,5.60,,0.00,2.20,189
2027-03-08 23:00:00,7.80,53,5.20,,0.00,1.80,191
2027-03-09 00:00:00,6.20,62,3.70,,0.00,1.80,217
2027-03-09 01:00:00,5.80,62,3.20,,0.00,2.30,198
2027-03-09 02:00:00,5.40,64,2.70,,0.00,2.60,196
2027-03-09 03:00:00,4.30,68,1.70,,0.00,1.90,202
2027-03-09 04:00:00,3.90,70,1.30,,0.00,2.20,189
2027-03-09 05:00:00,3.40,71,0.80,,0.00,2.20,180
2027-03-09 06:00:00,2.70,72,-0.00,,0.00,2.20,189
2027-03-09 07:00:00,2.30,73,-0.40,,0.00,2.20,180
2027-03-09 08:00:00,2.20,74,-0.50,,0.00,2.20,171
2027-03-09 09:00:00,4.00,68,1.30,,0.00,2.20,180
2027-03-09 10:00:00,7.70,58,5.10,,0.00,2.90,180
2027-03-09 11:00:00,10.90,46,8.20,,0.00,4.00,190
2027-03-09 12:00:00,13.80,39,11.10,,0.00,3.80,197
2027-03-09 13:00:00,15.30,33,12.20,,0.00,5.50,203
2027-03-09 14:00:00,16.00,31,12.70,,0.00,6.50,199
2027-03-09 15:00:00,16.90,29,13.70,,0.00,6.30,204
2027-03-09 16:00:00,16.70,29,13.30,,0.00,7.10,204
2027-03-09 17:00:00,16.20,31,12.90,,0.00,6.40,207
2027-03-09 18:00:00,14.90,34,12.10,,0.00,3.80,197
2027-03-09 19:00:00,12.60,39,10.00,,0.00,2.60,164
2027-03-09 20:00:00,11.20,39,8.30,,0.00,3.20,153
2027-03-09 21:00:00,9.40,48,6.60,,0.00,3.20,153
2027-03-09 22:00:00,8.40,48,5.40,,0.00,3.70,151
2027-03-09 23:00:00,7.50,50,4.40,,0.00,4.20,160
2027-03-10 00:00:00,6.80,53,3.70,,0.00,4.50,166
2027-03-10 01:00:00,6.00,57,2.80,,0.00,5.10,172
2027-03-10 02:00:00,5.60,60,2.40,,0.00,5.40,176
2027-03-10 03:00:00,4.80,65,1.80,,0.00,4.70,180
2027-03-10 04:00:00,4.40,65,1.30,,0.00,5.10,176
2027-03-10 05:00:00,4.20,64,1.00,,0.00,5.40,180
2027-03-10 06:00:00,3.60,65,0.30,,0.00,5.40,176
2027-03-10 07:00:00,3.20,67,-0.00,,0.00,5.40,176
2027-03-10 08:00:00,3.30,67,-0.00,,0.00,5.80,173
2027-03-10 09:00:00,4.80,65,1.50,,0.00,6.80,177
2027-03-10 10:00:00,7.10,59,3.70,,0.00,8.30,175
2027-03-10 11:00:00,9.20,55,5.90,,0.00,8.70,173
2027-03-10 12:00:00,11.90,51,8.70,,0.00,9.80,174
2027-03-10 13:00:00,13.70,47,10.20,,0.00,12.30,173
2027-03-10 14:00:00,14.50,43,10.70,,0.00,13.70,177
2027-03-10 15:00:00,14.90,39,10.90,,0.00,14.10,183
2027-03-10 16:00:00,14.80,41,10.90,,0.00,13.70,182
2027-03-10 17:00:00,14.20,42,10.40,,0.00,12.60,180
2027-03-10 18:00:00,13.40,43,9.90,,0.00,10.50,174
2027-03-10 19:00:00,11.00,51,7.80,,0.00,9.00,164
2027-03-10 20:00:00,9.40,58,6.10,,0.00,9.90,161
2027-03-10 21:00:00,9.20,55,5.70,,0.00,10.00,165
2027-03-10 22:00:00,8.20,58,4.60,,0.00,10.30,168
2027-03-10 23:00:00,7.30,61,3.80,,0.00,9.80,172
2027-03-11 00:00:00,6.70,64,3.30,,0.00,9.10,171
2027-03-11 01:00:00,6.20,69,2.90,,0.00,9.50,171
2027-03-11 02:00:00,5.90,73,2.60,,0.00,9.40,173
2027-03-11 03:00:00,5.30,78,2.10,,0.00,9.10,171
2027-03-11 04:00:00,4.80,83,1.60,,0.00,9.50,169
2027-03-11 05:00:00,4.40,87,1.20,,0.00,10.20,172
2027-03-11 06:00:00,4.10,89,0.90,,0.00,10.00,167
2027-03-11 07:00:00,4.20,91,1.00,,0.00,10.70,168
2027-03-11 08:00:00,4.50,92,1.10,,0.00,12.40,170
2027-03-11 09:00:00,4.60,92,1.10,,0.00,13.30,180
2027-03-11 10:00:00,5.50,87,1.70,,0.00,15.50,183
2027-03-11 11:00:00,6.40,82,2.80,,0.00,14.10,183
2027-03-11 12:00:00,7.30,77,3.60,,0.00,14.80,181
2027-03-11 13:00:00,9.00,69,5.10,,0.00,15.90,186
2027-03-11 14:00:00,10.00,64,6.30,,0.00,15.20,185
2027-03-11 15:00:00,10.70,61,7.20,,0.00,13.40,185
2027-03-11 16:00:00,11.30,60,8.00,,0.00,13.00,175
2027-03-11 17:00:00,11.20,61,7.90,,0.00,12.60,175
2027-03-11 18:00:00,10.60,66,7.50,,0.00,11.60,175
2027-03-11 19:00:00,9.30,72,6.30,,0.00,11.30,173
2027-03-11 20:00:00,8.10,78,5.20,,0.00,10.50,176
2027-03-11 21:00:00,7.50,79,4.60,,0.00,10.10,178
2027-03-11 22:00:00,6.90,82,4.10,,0.00,9.40,178
2027-03-11 23:00:00,6.50,83,3.70,,0.00,9.40,176
2027-03-12 00:00:00,6.40,84,3.90,,0.00,7.60,180
2027-03-12 01:00:00,6.20,85,3.80,,0.00,6.10,180
2027-03-12 02:00:00,5.90,85,3.60,,0.00,5.40,172
2027-03-12 03:00:00,5.50,87,3.30,,0.00,4.40,171
2027-03-12 04:00:00,5.50,87,3.40,,0.00,4.20,160
2027-03-12 05:00:00,5.30,87,3.00,,0.00,4.90,163
2027-03-12 06:00:00,5.30,87,2.80,,0.00,6.60,167
2027-03-12 07:00:00,5.50,89,2.90,,0.00,7.60,185
2027-03-12 08:00:00,5.80,91,3.40,,0.20,6.70,196
2027-03-12 09:00:00,5.80,94,3.90,,0.70,4.60,162
2027-03-12 10:00:00,6.30,94,4.30,,0.50,6.30,167
2027-03-12 11:00:00,6.90,93,4.60,,0.20,8.80,189
2027-03-12 12:00:00,6.40,96,4.40,,0.50,6.20,216
2027-03-12 13:00:00,6.90,94,4.70,,0.50,8.00,234
2027-03-12 14:00:00,7.70,91,5.30,,0.10,9.80,246
2027-03-12 15:00:00,8.00,91,5.60,,0.00,10.40,250
2027-03-12 16:00:00,9.10,87,7.10,,0.00,7.90,246
2027-03-12 17:00:00,9.30,88,7.00,,0.00,11.00,247
2027-03-12 18:00:00,9.40,89,7.70,,0.00,7.30,250
2027-03-12 19:00:00,8.60,92,7.00,,0.00,6.70,234
2027-03-12 20:00:00,8.30,94,6.60,,0.00,6.90,231
2027-03-12 21:00:00,8.00,95,6.20,,0.00,7.10,225
2027-03-12 22:00:00,7.40,96,5.50,,0.00,7.10,225
2027-03-12 23:00:00,6.90,97,5.10,,0.00,5.90,218
2027-03-13 00:00:00,6.40,97,4.60,,0.00,5.50,212
2027-03-13 01:00:00,6.10,97,4.30,,0.00,5.00,201
2027-03-13 02:00:00,6.10,96,4.20,,0.00,5.50,191
2027-03-13 03:00:00,5.70,97,3.80,,0.00,5.40,180
2027-03-13 04:00:00,5.50,94,3.40,,0.00,5.10,172
2027-03-13 05:00:00,5.30,92,3.00,,0.00,6.10,177
2027-03-13 06:00:00,5.10,93,2.90,,0.00,5.40,176
2027-03-13 07:00:00,5.10,91,2.80,,0.00,5.40,172
2027-03-13 08:00:00,5.60,89,3.20,,0.00,6.00,163
2027-03-13 09:00:00,6.80,86,4.10,,0.00,9.10,162
2027-03-13 10:00:00,8.80,81,6.10,,0.00,11.60,164
2027-03-13 11:00:00,10.70,77,8.20,,0.00,11.80,157
2027-03-13 12:00:00,12.50,69,10.00,,0.00,11.50,148
2027-03-13 13:00:00,13.60,65,10.90,,0.00,13.40,144
2027-03-13 14:00:00,14.50,61,11.50,,0.00,15.30,141
2027-03-13 15:00:00,15.70,56,12.30,,0.00,17.60,149
2027-03-13 16:00:00,15.20,60,12.20,,0.00,16.30,145
2027-03-13 17:00:00,14.30,69,11.40,,0.20,17.40,156
2027-03-13 18:00:00,13.00,81,10.80,,1.30,14.60,142
2027-03-13 19:00:00,12.30,87,10.10,,0.90,15.00,145
2027-03-13 20:00:00,12.00,92,9.80,,2.10,16.60,150
2027-03-13 21:00:00,12.20,93,9.80,,3.70,19.20,174
2027-03-13 22:00:00,12.20,90,9.50,,1.40,19.30,189
2027-03-13 23:00:00,12.00,91,9.20,,4.10,19.90,197
2027-03-14 00:00:00,12.20,88,9.70,,1.50,17.10,202
2027-03-14 01:00:00,11.80,87,9.30,,0.00,16.60,198
2027-03-14 02:00:00,11.10,88,8.60,,0.00,15.60,195
2027-03-14 03:00:00,10.50,88,8.00,,0.00,14.00,192
2027-03-14 04:00:00,9.80,89,7.20,,0.00,14.30,192
2027-03-14 05:00:00,9.00,90,6.30,,0.00,14.10,195
2027-03-14 06:00:00,8.80,90,6.00,,0.00,14.00,198
2027-03-14 07:00:00,8.60,90,5.70,,0.00,14.70,208
2027-03-14 08:00:00,8.70,89,5.70,,0.00,15.20,211
2027-03-14 09:00:00,9.90,83,6.70,,0.00,17.10,215
2027-03-14 10:00:00,11.50,73,7.80,,0.00,19.20,218
2027-03-14 11:00:00,12.10,65,7.20,,0.00,26.10,244
2027-03-14 12:00:00,11.80,63,7.10,,0.00,24.10,253
2027-03-14 13:00:00,11.70,56,6.70,,0.00,23.30,257
2027-03-14 14:00:00,11.50,57,6.80,,0.00,21.50,261
2027-03-14 15:00:00,12.00,55,7.60,,0.00,19.50,265
2027-03-14 16:00:00,11.80,53,7.60,,0.00,17.40,264
2027-03-14 17:00:00,11.50,56,7.60,,0.00,15.30,262
2027-03-14 18:00:00,10.80,58,7.50,,0.00,11.60,263
2027-03-14 19:00:00,9.00,67,6.60,,0.00,5.80,266
2027-03-14 20:00:00,7.80,72,5.70,,0.00,3.80,287
2027-03-14 21:00:00,6.80,74,4.50,,0.00,3.60,307
2027-03-14 22:00:00,6.00,77,3.80,,0.00,3.20,333
2027-03-14 23:00:00,5.40,78,3.20,,0.00,2.90,7
2027-03-15 00:00:00,4.60,81,2.20,,0.00,3.70,11
2027-03-15 01:00:00,4.20,82,1.70,,0.00,4.10,38
2027-03-15 02:00:00,3.70,84,0.90,,0.00,6.30,59
2027-03-15 03:00:00,3.70,80,0.60,,0.00,7.10,66
2027-03-15 04:00:00,3.70,82,0.40,,0.20,9.10,81
2027-03-15 05:00:00,3.70,85,-0.10,,0.50,12.80,80
2027-03-15 06:00:00,3.70,87,-0.00,,0.30,12.60,88
2027-03-15 07:00:00,3.70,90,0.10,,0.90,12.30,69
2027-03-15 08:00:00,3.50,92,-0.10,,0.40,13.00,51
2027-03-15 09:00:00,3.60,90,0.00,,0.10,12.40,36
2027-03-15 10:00:00,3.80,86,-0.20,,0.10,14.60,33
2027-03-15 11:00:00,3.20,83,-1.00,,0.10,14.20,21
2027-03-15 12:00:00,3.10,82,-1.50,,0.00,16.80,15
2027-03-15 13:00:00,2.90,80,-1.80,,0.00,17.20,16
2027-03-15 14:00:00,2.60,80,-2.10,,0.00,17.20,10
2027-03-15 15:00:00,2.20,80,-2.90,,0.00,19.60,17
2027-03-15 16:00:00,2.20,78,-2.80,,0.00,18.40,23
2027-03-15 17:00:00,2.00,77,-2.70,,0.00,16.40,26
2027-03-15 18:00:00,1.60,79,-2.80,,0.00,13.80,28
2027-03-15 19:00:00,1.20,80,-3.50,,0.00,15.20,31
2027-03-15 20:00:00,0.90,81,-3.60,,0.00,14.40,32
2027-03-15 21:00:00,0.30,83,-4.20,,0.00,13.90,31
2027-03-15 22:00:00,0.20,83,-4.20,,0.00,13.40,27
2027-03-15 23:00:00,-0.00,83,-4.60,,0.00,14.30,34
2027-03-16 00:00:00,-0.60,84,-5.20,,0.00,13.80,41
2027-03-16 01:00:00,-0.90,84,-5.50,,0.00,13.50,42
2027-03-16 02:00:00,-1.10,83,-5.60,,0.00,12.30,40
2027-03-16 03:00:00,-0.90,85,-4.90,,0.00,9.80,36
2027-03-16 04:00:00,-0.80,86,-4.80,,0.10,10.00,38
2027-03-16 05:00:00,-1.00,86,-5.00,,0.10,10.10,35
2027-03-16 06:00:00,-1.50,85,-5.70,,0.00,10.50,31
2027-03-16 07:00:00,-1.80,84,-6.00,,0.00,10.60,28
2027-03-16 08:00:00,-2.00,84,-6.10,,0.00,9.50,25
2027-03-16 09:00:00,-1.50,83,-5.50,,0.00,9.10,18
2027-03-16 10:00:00,-0.70,80,-4.70,,0.00,8.80,12
2027-03-16 11:00:00,0.50,75,-3.50,,0.00,9.20,11
2027-03-16 12:00:00,2.80,65,-1.10,,0.00,9.20,11
2027-03-16 13:00:00,4.20,58,0.40,,0.00,9.70,4
2027-03-16 14:00:00,5.40,48,1.20,,0.00,10.80,356
2027-03-16 15:00:00,6.00,44,1.50,,0.00,11.20,356
2027-03-16 16:00:00,5.90,41,1.40,,0.00,10.20,352
2027-03-16 17:00:00,5.30,39,1.00,,0.00,8.80,348
2027-03-16 18:00:00,4.60,40,0.50,,0.00,7.00,339
2027-03-16 19:00:00,2.60,51,-1.00,,0.00,4.30,336
2027-03-16 20:00:00,1.70,53,-1.60,,0.00,2.60,326
2027-03-16 21:00:00,0.90,55,-2.50,,0.00,2.60,326
2027-03-16 22:00:00,0.30,58,-3.10,,0.00,2.80,310
2027-03-16 23:00:00,-0.10,60,-3.50,,0.00,3.20,297
2027-03-17 00:00:00,-0.70,65,-4.00,,0.00,2.60,286
2027-03-17 01:00:00,-1.10,65,-4.50,,0.00,2.90,263
2027-03-17 02:00:00,-1.40,66,-4.90,,0.00,3.30,257
2027-03-17 03:00:00,-1.90,70,-5.40,,0.00,3.20,243
2027-03-17 04:00:00,-2.20,71,-5.70,,0.00,3.40,238
2027-03-17 05:00:00,-2.40,73,-5.90,,0.00,3.30,229
2027-03-17 06:00:00,-3.10,78,-6.60,,0.00,3.60,233
2027-03-17 07:00:00,-3.40,79,-6.90,,0.00,3.30,229
2027-03-17 08:00:00,-3.00,78,-6.50,,0.00,3.60,217
2027-03-17 09:00:00,-1.00,74,-4.50,,0.00,4.70,212
2027-03-17 10:00:00,1.30,68,-2.40,,0.00,7.10,225
2027-03-17 11:00:00,2.90,65,-0.90,,0.00,8.20,232
2027-03-17 12:00:00,4.50,56,0.40,,0.00,9.80,246
2027-03-17 13:00:00,4.60,54,0.50,,0.00,10.20,262
2027-03-17 14:00:00,5.00,51,0.80,,0.00,10.60,280
2027-03-17 15:00:00,4.70,57,0.40,,0.00,11.60,296
2027-03-17 16:00:00,3.30,69,-1.20,,0.00,14.40,307
2027-03-17 17:00:00,1.30,90,-2.70,,0.30,12.10,333
2027-03-17 18:00:00,-0.30,90,-5.20,,0.40,16.70,346
2027-03-17 19:00:00,-0.90,87,-6.10,,0.30,18.40,1
2027-03-17 20:00:00,-1.70,86,-7.20,,0.20,19.40,1
2027-03-17 21:00:00,-2.30,84,-7.90,,0.20,19.20,6
2027-03-17 22:00:00,-2.70,85,-8.10,,0.10,18.00,359
2027-03-17 23:00:00,-3.20,77,-9.00,,0.00,19.10,1
2027-03-18 00:00:00,-3.40,74,-9.20,,0.00,18.50,8
2027-03-18 01:00:00,-3.60,73,-9.10,,0.00,17.10,7
2027-03-18 02:00:00,-3.60,70,-8.80,,0.00,14.10,6
2027-03-18 03:00:00,-3.90,67,-8.90,,0.00,12.40,352
2027-03-18 04:00:00,-4.10,63,-9.30,,0.00,13.50,351
2027-03-18 05:00:00,-4.30,63,-9.50,,0.00,13.60,349
2027-03-18 06:00:00,-4.90,65,-10.10,,0.00,12.70,345
2027-03-18 07:00:00,-5.70,68,-10.80,,0.00,12.30,339
2027-03-18 08:00:00,-5.80,67,-10.90,,0.00,12.10,337
2027-03-18 09:00:00,-4.50,62,-9.50,,0.00,11.70,342
2027-03-18 10:00:00,-2.90,57,-8.10,,0.00,12.80,344
2027-03-18 11:00:00,-1.20,49,-6.50,,0.00,13.70,342
2027-03-18 12:00:00,0.60,42,-4.60,,0.00,14.20,339
2027-03-18 13:00:00,1.40,37,-3.70,,0.00,14.80,334
2027-03-18 14:00:00,2.10,34,-3.00,,0.00,14.10,328
2027-03-18 15:00:00,2.70,31,-2.80,,0.00,14.60,327
2027-03-18 16:00:00,2.40,37,-3.00,,0.00,14.50,316
2027-03-18 17:00:00,1.90,43,-3.20,,0.00,13.00,312
2027-03-18 18:00:00,1.20,52,-3.40,,0.00,10.20,312
2027-03-18 19:00:00,0.10,61,-3.70,,0.00,5.30,298
2027-03-18 20:00:00,-0.40,65,-4.10,,0.00,5.00,291
2027-03-18 21:00:00,-0.90,67,-4.40,,0.00,3.40,288
2027-03-18 22:00:00,-1.30,71,-4.90,,0.00,4.70,266
2027-03-18 23:00:00,-1.80,77,-5.30,,0.00,5.10,266
2027-03-19 00:00:00,-2.20,85,-5.60,,0.00,4.70,274
2027-03-19 01:00:00,-2.60,89,-6.00,,0.00,4.30,275
2027-03-19 02:00:00,-2.50,92,-5.70,,0.00,3.70,259
2027-03-19 03:00:00,-1.80,93,-5.00,,0.00,4.70,266
2027-03-19 04:00:00,-1.70,94,-4.90,,0.00,4.70,270
2027-03-19 05:00:00,-1.80,95,-4.80,,0.00,3.40,252
2027-03-19 06:00:00,-1.50,95,-4.50,,0.00,3.30,257
2027-03-19 07:00:00,-1.40,94,-4.30,,0.00,3.40,238
2027-03-19 08:00:00,-0.90,92,-4.10,,0.00,5.20,245
2027-03-19 09:00:00,-0.10,91,-3.50,,0.00,7.20,243
2027-03-19 10:00:00,0.90,88,-2.60,,0.00,8.50,242
2027-03-19 11:00:00,2.20,84,-1.70,,0.00,11.40,246
2027-03-19 12:00:00,2.70,80,-1.10,,0.00,11.30,253
2027-03-19 13:00:00,3.20,81,-0.60,,0.00,11.50,256
2027-03-19 14:00:00,4.00,79,0.40,,0.00,11.30,263
2027-03-19 15:00:00,4.60,76,1.10,,0.00,9.90,260
2027-03-19 16:00:00,4.90,76,1.50,,0.00,9.80,262
2027-03-19 17:00:00,5.20,74,1.70,,0.00,10.20,260
2027-03-19 18:00:00,5.10,76,2.10,,0.00,7.80,248
2027-03-19 19:00:00,3.90,84,1.00,,0.00,6.80,245
2027-03-19 20:00:00,3.20,85,0.20,,0.00,6.40,232
2027-03-19 21:00:00,3.20,84,0.30,,0.00,6.40,223
2027-03-19 22:00:00,2.80,86,-0.20,,0.00,6.70,234
2027-03-19 23:00:00,2.70,84,-0.60,,0.00,8.00,252
2027-03-20 00:00:00,2.70,81,-0.70,,0.00,8.30,265
2027-03-20 01:00:00,2.20,82,-1.20,,0.00,7.90,267
2027-03-20 02:00:00,2.00,83,-1.40,,0.00,7.60,273
2027-03-20 03:00:00,1.40,84,-2.00,,0.00,7.40,284
2027-03-20 04:00:00,0.80,85,-2.50,,0.00,6.60,292
2027-03-20 05:00:00,0.40,86,-2.90,,0.00,6.60,299
2027-03-20 06:00:00,-0.00,88,-3.20,,0.00,5.30,298
2027-03-20 07:00:00,-0.30,89,-3.60,,0.00,5.60,297
2027-03-20 08:00:00,-0.20,89,-3.60,,0.00,6.70,306
2027-03-20 09:00:00,2.20,83,-1.10,,0.00,7.40,313
2027-03-20 10:00:00,4.10,76,0.80,,0.00,8.20,319
2027-03-20 11:00:00,6.10,71,3.00,,0.00,7.70,323
2027-03-20 12:00:00,7.90,64,5.00,,0.00,7.00,325
2027-03-20 13:00:00,9.20,57,6.40,,0.00,7.70,323
2027-03-20 14:00:00,9.90,52,7.00,,0.00,8.00,324
2027-03-20 15:00:00,10.80,47,7.60,,0.00,7.10,319
2027-03-20 16:00:00,10.80,46,7.70,,0.00,6.10,320
2027-03-20 17:00:00,10.50,46,7.50,,0.00,5.10,315
2027-03-20 18:00:00,10.40,44,7.50,,0.00,3.40,288
2027-03-20 19:00:00,8.90,51,6.30,,0.00,2.10,239
2027-03-20 20:00:00,7.90,50,5.10,,0.00,2.90,210
2027-03-20 21:00:00,6.30,56,3.50,,0.00,2.20,189
2027-03-20 22:00:00,5.70,57,2.90,,0.00,2.90,187
2027-03-20 23:00:00,5.10,61,2.20,,0.00,3.60,186
2027-03-21 00:00:00,3.40,67,0.50,,0.00,3.20,180
2027-03-21 01:00:00,2.90,70,-0.10,,0.00,4.00,185
2027-03-21 02:00:00,2.40,74,-0.70,,0.00,4.30,185
2027-03-21 03:00:00,1.50,79,-1.50,,0.00,4.30,185
2027-03-21 04:00:00,1.20,80,-1.90,,0.00,4.40,189
2027-03-21 05:00:00,0.90,81,-2.20,,0.00,4.70,189
2027-03-21 06:00:00,0.50,81,-2.70,,0.00,4.70,184
2027-03-21 07:00:00,0.40,82,-2.80,,0.00,5.10,188
2027-03-21 08:00:00,0.80,82,-2.50,,0.00,5.50,191
2027-03-21 09:00:00,3.20,77,0.00,,0.00,6.70,196
2027-03-21 10:00:00,5.40,70,2.10,,0.00,8.10,201
2027-03-21 11:00:00,7.70,61,4.40,,0.00,8.50,208
2027-03-21 12:00:00,11.20,45,7.70,,0.00,9.40,220
2027-03-21 13:00:00,12.40,37,8.70,,0.00,11.80,239
2027-03-21 14:00:00,12.80,34,9.00,,0.00,11.80,243
2027-03-21 15:00:00,12.90,31,8.90,,0.00,9.50,245
2027-03-21 16:00:00,12.90,32,8.90,,0.00,9.00,247
2027-03-21 17:00:00,12.40,32,8.60,,0.00,7.80,248
2027-03-21 18:00:00,12.30,32,8.90,,0.00,4.80,257
2027-03-21 19:00:00,10.40,40,7.60,,0.00,2.00,225
2027-03-21 20:00:00,9.30,39,6.40,,0.00,1.30,146
2027-03-21 21:00:00,7.30,48,4.50,,0.00,1.50,104
2027-03-21 22:00:00,6.20,50,3.20,,0.00,2.20,81
2027-03-21 23:00:00,5.40,54,2.40,,0.00,2.60,74
2027-03-22 00:00:00,4.00,63,1.00,,0.00,3.20,63
2027-03-22 01:00:00,3.40,65,0.40,,0.00,3.80,73
2027-03-22 02:00:00,3.00,70,0.00,,0.00,3.80,73
2027-03-22 03:00:00,2.30,73,-0.60,,0.00,3.20,63
2027-03-22 04:00:00,1.60,78,-1.30,,0.00,3.70,61
2027-03-22 05:00:00,1.00,82,-1.90,,0.00,3.90,56
2027-03-22 06:00:00,1.00,82,-2.10,,0.00,4.50,61
2027-03-22 07:00:00,0.60,83,-2.50,,0.00,4.70,58
2027-03-22 08:00:00,1.30,82,-1.90,,0.00,5.30,62
2027-03-22 09:00:00,3.90,71,0.60,,0.00,7.10,60
2027-03-22 10:00:00,6.40,62,2.90,,0.00,9.20,64
2027-03-22 11:00:00,9.20,55,5.60,,0.00,10.40,70
2027-03-22 12:00:00,11.50,46,7.50,,0.00,12.60,70
2027-03-22 13:00:00,12.10,36,7.70,,0.00,12.80,74
2027-03-22 14:00:00,12.40,34,8.00,,0.00,12.80,68
2027-03-22 15:00:00,12.40,34,7.90,,0.00,13.30,57
2027-03-22 16:00:00,12.20,34,7.40,,0.00,15.30,56
2027-03-22 17:00:00,10.60,45,5.70,,0.00,18.40,55
2027-03-22 18:00:00,9.80,50,5.20,,0.00,17.20,61
2027-03-22 19:00:00,7.60,66,3.40,,0.00,16.30,59
2027-03-22 20:00:00,5.90,74,1.80,,0.00,15.40,57
2027-03-22 21:00:00,5.10,75,0.90,,0.00,15.20,54
2027-03-22 22:00:00,4.00,74,-0.60,,0.00,16.30,55
2027-03-22 23:00:00,3.20,71,-1.40,,0.00,15.70,58
2027-03-23 00:00:00,3.10,72,-1.40,,0.00,14.20,60
2027-03-23 01:00:00,2.50,76,-1.80,,0.00,14.00,64
2027-03-23 02:00:00,2.30,80,-2.00,,0.00,13.90,65
2027-03-23 03:00:00,2.10,83,-2.20,,0.10,14.30,62
2027-03-23 04:00:00,1.70,87,-2.50,,0.20,13.90,59
2027-03-23 05:00:00,1.30,89,-3.00,,0.20,14.80,61
2027-03-23 06:00:00,1.30,90,-3.00,,0.00,14.70,65
2027-03-23 07:00:00,0.90,92,-3.40,,0.00,14.90,70
2027-03-23 08:00:00,1.30,91,-2.80,,0.00,13.60,73
2027-03-23 09:00:00,2.60,87,-1.50,,0.00,14.00,89
2027-03-23 10:00:00,4.10,83,0.30,,0.10,12.70,82
2027-03-23 11:00:00,5.40,79,1.80,,0.00,12.40,80
2027-03-23 12:00:00,6.00,76,2.50,,0.00,11.90,88
2027-03-23 13:00:00,8.10,65,4.90,,0.00,9.70,129
2027-03-23 14:00:00,9.30,61,6.30,,0.00,8.40,137
2027-03-23 15:00:00,9.70,65,7.20,,0.10,6.40,128
2027-03-23 16:00:00,9.90,65,7.40,,0.10,6.80,122
2027-03-23 17:00:00,9.30,71,7.00,,0.20,6.40,133
2027-03-23 18:00:00,9.20,73,7.00,,0.40,6.50,84
2027-03-23 19:00:00,8.00,80,5.60,,0.00,7.70,79
2027-03-23 20:00:00,6.90,76,4.30,,0.00,6.50,93
2027-03-23 21:00:00,7.00,63,3.80,,0.00,7.90,129
2027-03-23 22:00:00,6.50,68,3.40,,0.10,7.20,96
2027-03-23 23:00:00,6.10,67,3.00,,0.00,7.60,115
2027-03-24 00:00:00,6.10,64,2.90,,0.00,7.10,131
2027-03-24 01:00:00,5.90,63,2.50,,0.00,8.40,133
2027-03-24 02:00:00,5.70,62,2.10,,0.00,8.70,132
2027-03-24 03:00:00,5.60,62,2.10,,0.00,8.10,122
2027-03-24 04:00:00,5.10,64,1.50,,0.00,9.10,124
2027-03-24 05:00:00,4.80,65,0.90,,0.00,10.70,123
2027-03-24 06:00:00,4.70,64,0.60,,0.00,11.70,124
2027-03-24 07:00:00,4.60,64,0.20,,0.00,14.00,134
2027-03-24 08:00:00,4.80,64,0.40,,0.00,14.50,138
2027-03-24 09:00:00,5.80,61,1.50,,0.00,13.10,143
2027-03-24 10:00:00,6.50,58,2.00,,0.00,14.80,154
2027-03-24 11:00:00,7.00,60,2.70,,0.10,14.50,153
2027-03-24 12:00:00,8.20,56,3.00,,0.10,20.50,158
2027-03-24 13:00:00,8.80,52,3.10,,0.00,23.80,160
2027-03-24 14:00:00,9.20,50,3.70,,0.00,22.70,157
2027-03-24 15:00:00,8.80,53,3.80,,0.00,19.50,155
2027-03-24 16:00:00,8.90,53,3.90,,0.10,19.30,153
2027-03-24 17:00:00,8.80,54,3.90,,0.00,18.50,147
2027-03-24 18:00:00,8.60,56,3.90,,0.00,17.50,148
2027-03-24 19:00:00,8.30,57,3.80,,0.00,16.90,156
2027-03-24 20:00:00,7.30,69,2.80,,0.60,18.40,168
2027-03-24 21:00:00,6.80,74,2.60,,0.50,17.40,158
2027-03-24 22:00:00,6.60,76,2.70,,0.40,15.00,156
2027-03-24 23:00:00,6.50,77,2.40,,0.90,16.70,155
2027-03-25 00:00:00,6.50,80,2.70,,1.00,14.80,154
2027-03-25 01:00:00,6.20,80,2.40,,1.20,14.40,148
2027-03-25 02:00:00,5.80,84,2.10,,2.20,14.50,145
2027-03-25 03:00:00,5.70,86,2.00,,1.90,15.00,145
2027-03-25 04:00:00,5.50,88,1.90,,2.50,14.20,153
2027-03-25 05:00:00,5.30,90,2.00,,2.30,12.80,148
2027-03-25 06:00:00,5.30,91,2.20,,1.20,11.50,148
2027-03-25 07:00:00,5.20,93,2.20,,2.30,10.60,156
2027-03-25 08:00:00,5.20,94,2.50,,4.10,8.90,153
2027-03-25 09:00:00,5.10,94,2.50,,5.20,8.20,151
2027-03-25 10:00:00,5.40,93,2.80,,3.00,8.60,158
2027-03-25 11:00:00,5.70,93,3.30,,1.00,7.70,169
2027-03-25 12:00:00,6.00,93,3.60,,0.30,7.90,183
2027-03-25 13:00:00,6.40,92,4.20,,0.00,6.50,180
2027-03-25 14:00:00,6.70,91,4.60,,0.00,6.20,201
2027-03-25 15:00:00,6.90,92,5.10,,0.00,5.30,208
2027-03-25 16:00:00,7.10,93,5.40,,0.00,5.10,225
2027-03-25 17:00:00,7.30,93,5.50,,0.00,5.80,240
2027-03-25 18:00:00,7.10,96,5.30,,0.10,5.80,263
2027-03-25 19:00:00,6.90,97,5.30,,0.30,4.30,270
2027-03-25 20:00:00,6.70,97,5.30,,0.00,3.00,256
2027-03-25 21:00:00,6.70,97,5.10,,0.00,4.50,256
2027-03-25 22:00:00,6.60,98,4.80,,0.00,5.40,262
2027-03-25 23:00:00,6.60,98,4.80,,0.00,6.20,280
2027-03-26 00:00:00,6.50,98,4.80,,0.00,5.30,298
2027-03-26 01:00:00,6.40,98,4.60,,0.10,5.50,293
2027-03-26 02:00:00,6.20,98,4.30,,0.00,5.60,285
2027-03-26 03:00:00,5.90,98,4.10,,0.00,4.70,293
2027-03-26 04:00:00,5.80,98,4.00,,0.00,4.60,288
2027-03-26 05:00:00,5.70,98,3.90,,0.00,4.70,293
2027-03-26 06:00:00,5.70,98,3.80,,0.10,4.90,306
2027-03-26 07:00:00,5.60,97,3.60,,0.00,5.60,315
2027-03-26 08:00:00,5.70,96,3.60,,0.00,6.10,315
2027-03-26 09:00:00,5.80,94,3.70,,0.00,5.90,317
2027-03-26 10:00:00,6.40,89,4.10,,0.00,7.40,317
2027-03-26 11:00:00,7.00,87,4.80,,0.00,6.60,315
2027-03-26 12:00:00,7.40,85,5.20,,0.00,6.90,317
2027-03-26 13:00:00,7.50,83,5.40,,0.00,5.90,313
2027-03-26 14:00:00,7.70,83,5.70,,0.00,5.40,307
2027-03-26 15:00:00,9.00,74,6.60,,0.00,7.10,300
2027-03-26 16:00:00,8.90,74,6.40,,0.00,8.30,288
2027-03-26 17:00:00,9.20,70,6.60,,0.00,8.40,280
2027-03-26 18:00:00,9.10,66,6.50,,0.00,6.50,276
2027-03-26 19:00:00,7.70,72,5.60,,0.00,3.60,264
2027-03-26 20:00:00,6.80,74,4.70,,0.00,2.60,254
2027-03-26 21:00:00,6.30,76,4.20,,0.00,2.50,225
2027-03-26 22:00:00,5.80,77,3.60,,0.00,2.70,247
2027-03-26 23:00:00,5.40,78,3.20,,0.00,2.40,243
2027-03-27 00:00:00,4.80,79,2.60,,0.00,2.50,188
2027-03-27 01:00:00,4.30,79,1.90,,0.00,2.90,180
2027-03-27 02:00:00,3.80,81,1.20,,0.00,3.70,191
2027-03-27 03:00:00,3.30,85,0.80,,0.00,3.80,197
2027-03-27 04:00:00,3.00,87,0.50,,0.00,3.90,202
2027-03-27 05:00:00,2.80,87,0.10,,0.00,4.20,200
2027-03-27 06:00:00,2.50,86,-0.30,,0.00,4.50,194
2027-03-27 07:00:00,2.20,87,-0.60,,0.00,4.40,189
2027-03-27 08:00:00,2.60,84,-0.20,,0.00,4.70,189
2027-03-27 09:00:00,4.30,78,1.40,,0.00,6.20,190
2027-03-27 10:00:00,6.20,72,3.10,,0.00,8.50,192
2027-03-27 11:00:00,8.20,67,5.20,,0.00,8.90,194
2027-03-27 12:00:00,10.50,59,7.50,,0.00,10.20,203
2027-03-27 13:00:00,11.70,56,9.20,,0.00,9.60,214
2027-03-27 14:00:00,12.30,51,9.40,,0.00,8.00,234
2027-03-27 15:00:00,12.80,48,10.10,,0.00,6.60,241
2027-03-27 16:00:00,13.00,48,10.30,,0.00,6.30,239
2027-03-27 17:00:00,12.80,47,10.10,,0.00,5.60,243
2027-03-27 18:00:00,12.10,51,9.70,,0.00,4.60,231
2027-03-27 19:00:00,10.90,60,8.90,,0.00,2.70,203
2027-03-27 20:00:00,9.70,62,7.50,,0.00,3.20,207
2027-03-27 21:00:00,9.10,66,7.00,,0.00,3.10,201
2027-03-27 22:00:00,8.30,66,6.10,,0.00,3.10,201
2027-03-27 23:00:00,8.10,66,5.90,,0.00,2.70,247
2027-03-28 00:00:00,7.50,70,5.30,,0.00,3.20,297
2027-03-28 01:00:00,7.10,77,5.10,,0.00,3.10,324
2027-03-28 02:00:00,6.80,87,5.10,,0.30,2.90,360
2027-03-28 03:00:00,6.30,89,4.70,,0.50,2.20,351
2027-03-28 04:00:00,5.80,91,4.10,,0.00,2.80,320
2027-03-28 05:00:00,5.50,92,3.60,,0.00,3.60,315
2027-03-28 06:00:00,4.90,96,2.90,,0.00,4.20,329
2027-03-28 07:00:00,4.70,98,2.50,,0.00,5.70,342
2027-03-28 08:00:00,4.70,99,2.30,,0.00,7.40,337
2027-03-28 09:00:00,5.20,98,3.00,,0.00,6.20,339
2027-03-28 10:00:00,6.50,88,4.20,,0.00,7.00,348
2027-03-28 11:00:00,8.20,74,5.80,,0.00,6.50,3
2027-03-28 12:00:00,9.60,65,6.80,,0.00,8.70,5
2027-03-28 13:00:00,10.40,61,7.40,,0.00,9.70,358
2027-03-28 14:00:00,11.00,57,7.80,,0.00,10.40,358
2027-03-28 15:00:00,11.90,47,8.70,,0.00,8.40,350
2027-03-28 16:00:00,11.70,48,8.30,,0.00,9.40,356
2027-03-28 17:00:00,11.30,47,7.90,,0.00,9.10,7
2027-03-28 18:00:00,10.80,50,7.50,,0.00,8.90,21
2027-03-28 19:00:00,9.60,56,6.60,,0.00,6.90,28
2027-03-28 20:00:00,8.10,63,5.40,,0.00,6.00,33
2027-03-28 21:00:00,7.20,65,4.60,,0.00,4.40,35
2027-03-28 22:00:00,6.40,70,3.80,,0.00,4.60,39
2027-03-28 23:00:00,5.80,73,3.20,,0.00,4.60,39
2027-03-29 00:00:00,4.80,80,2.20,,0.00,4.80,42
2027-03-29 01:00:00,4.20,83,1.60,,0.00,5.40,48
2027-03-29 02:00:00,3.70,86,0.90,,0.00,6.10,50
2027-03-29 03:00:00,3.30,88,0.70,,0.00,5.40,48
2027-03-29 04:00:00,2.90,90,0.10,,0.00,5.90,47
2027-03-29 05:00:00,2.50,94,-0.40,,0.00,6.90,51
2027-03-29 06:00:00,1.90,96,-1.00,,0.00,6.60,49
2027-03-29 07:00:00,2.00,99,-1.00,,0.00,7.50,55
2027-03-29 08:00:00,2.70,97,-0.30,,0.00,8.90,58
2027-03-29 09:00:00,4.40,91,1.10,,0.00,11.60,64
2027-03-29 10:00:00,5.60,85,2.00,,0.00,13.80,75
2027-03-29 11:00:00,7.00,84,3.90,,0.00,12.20,71
2027-03-29 12:00:00,7.80,80,4.40,,0.00,13.70,76
2027-03-29 13:00:00,9.00,74,5.90,,0.00,12.20,76
2027-03-29 14:00:00,10.60,62,6.90,,0.00,14.80,77
2027-03-29 15:00:00,11.60,55,7.80,,0.00,14.80,77
2027-03-29 16:00:00,11.20,58,7.40,,0.00,15.20,76
2027-03-29 17:00:00,11.30,56,7.70,,0.00,13.20,79
2027-03-29 18:00:00,10.20,63,6.70,,0.00,13.30,77
2027-03-29 19:00:00,8.90,69,6.10,,0.00,9.00,74
2027-03-29 20:00:00,7.40,77,4.90,,0.00,6.60,61
2027-03-29 21:00:00,7.10,75,4.40,,0.00,6.90,62
2027-03-29 22:00:00,6.20,80,3.60,,0.00,7.00,69
2027-03-29 23:00:00,5.80,83,3.20,,0.00,7.10,75
2027-03-30 00:00:00,5.50,83,2.80,,0.00,7.10,75
2027-03-30 01:00:00,5.00,87,2.30,,0.00,7.30,81
2027-03-30 02:00:00,4.60,89,1.90,,0.00,7.60,85
2027-03-30 03:00:00,4.10,91,1.50,,0.00,6.80,87
2027-03-30 04:00:00,3.80,92,1.10,,0.00,6.60,81
2027-03-30 05:00:00,3.50,93,0.80,,0.00,7.10,75
2027-03-30 06:00:00,3.00,94,0.20,,0.00,7.10,75
2027-03-30 07:00:00,2.90,94,-0.00,,0.00,7.40,76
2027-03-30 08:00:00,3.70,92,0.70,,0.00,8.60,75
2027-03-30 09:00:00,5.50,90,2.70,,0.00,8.80,78
2027-03-30 10:00:00,7.20,82,4.40,,0.00,9.80,84
2027-03-30 11:00:00,9.10,74,6.20,,0.00,10.90,82
2027-03-30 12:00:00,11.10,59,7.30,,0.00,14.80,104
2027-03-30 13:00:00,11.90,52,7.90,,0.00,15.50,112
2027-03-30 14:00:00,12.40,51,8.60,,0.00,14.00,113
2027-03-30 15:00:00,12.50,49,8.90,,0.00,12.50,108
2027-03-30 16:00:00,12.50,49,9.00,,0.00,12.10,107
2027-03-30 17:00:00,12.20,52,8.80,,0.00,11.20,105
2027-03-30 18:00:00,11.90,55,9.10,,0.00,8.70,107
2027-03-30 19:00:00,10.80,61,8.30,,0.00,6.60,77
2027-03-30 20:00:00,9.60,67,7.10,,0.00,6.80,72
2027-03-30 21:00:00,9.70,72,7.50,,0.00,7.00,69
2027-03-30 22:00:00,9.30,74,6.80,,0.10,8.00,80
2027-03-30 23:00:00,8.90,79,6.40,,0.40,9.40,86
2027-03-31 00:00:00,8.60,84,6.10,,0.40,10.20,67
2027-03-31 01:00:00,8.40,86,5.90,,0.60,10.30,65
2027-03-31 02:00:00,8.40,85,5.70,,0.20,11.50,70
2027-03-31 03:00:00,8.40,86,6.00,,0.20,9.90,80
2027-03-31 04:00:00,8.20,88,5.80,,0.30,9.90,80
2027-03-31 05:00:00,8.00,90,5.70,,0.00,9.20,79
2027-03-31 06:00:00,8.00,89,5.70,,0.00,9.00,74
2027-03-31 07:00:00,7.90,90,5.60,,0.00,9.30,77
2027-03-31 08:00:00,8.00,90,5.70,,0.00,10.00,75
2027-03-31 09:00:00,8.20,92,6.00,,0.00,9.40,72
2027-03-31 10:00:00,8.30,91,6.10,,0.00,9.60,70
2027-03-31 11:00:00,8.50,90,6.20,,0.10,10.30,78
2027-03-31 12:00:00,8.60,90,6.30,,0.20,10.80,86
2027-03-31 13:00:00,9.00,91,7.00,,0.60,9.10,81
2027-03-31 14:00:00,9.50,90,7.50,,0.40,10.10,73
2027-03-31 15:00:00,9.80,91,7.80,,0.40,10.60,66
2027-03-31 16:00:00,10.00,90,7.80,,0.10,11.60,60
2027-03-31 17:00:00,9.90,90,7.80,,0.10,11.50,51
2027-03-31 18:00:00,9.60,93,7.70,,0.20,10.20,45
2027-03-31 19:00:00,9.50,94,7.60,,0.70,10.40,46
2027-03-31 20:00:00,9.40,94,7.40,,1.10,11.20,48
2027-03-31 21:00:00,9.50,95,7.60,,0.90,10.50,52
2027-03-31 22:00:00,9.30,95,7.50,,0.70,10.00,49
2027-03-31 23:00:00,9.30,95,7.50,,0.80,9.40,43
2027-04-01 00:00:00,9.30,96,7.40,,0.60,10.40,34
2027-04-01 01:00:00,9.30,94,7.20,,0.40,11.00,38
2027-04-01 02:00:00,9.20,94,7.10,,0.60,11.20,45
2027-04-01 03:00:00,8.90,95,6.80,,0.40,10.70,42
2027-04-01 04:00:00,8.70,94,6.40,,0.40,11.30,37
2027-04-01 05:00:00,8.50,94,6.20,,0.20,11.20,33
2027-04-01 06:00:00,8.40,95,6.20,,0.30,10.80,30
2027-04-01 07:00:00,8.20,94,6.00,,0.50,10.70,33
2027-04-01 08:00:00,8.20,94,5.90,,1.20,11.00,32
2027-04-01 09:00:00,8.20,94,5.90,,0.70,11.20,33
2027-04-01 10:00:00,8.30,94,5.90,,0.80,11.80,40
2027-04-01 11:00:00,8.50,92,6.00,,0.40,12.00,39
2027-04-01 12:00:00,8.30,93,5.80,,0.90,12.40,36
2027-04-01 13:00:00,8.20,93,5.90,,0.60,11.10,36
2027-04-01 14:00:00,8.30,93,6.20,,0.60,9.40,40
2027-04-01 15:00:00,8.40,94,6.30,,1.10,9.60,34
2027-04-01 16:00:00,8.50,95,6.60,,1.10,8.70,30
2027-04-01 17:00:00,8.60,95,6.70,,1.40,8.70,24
2027-04-01 18:00:00,8.60,96,6.70,,1.50,8.90,32
2027-04-01 19:00:00,8.40,96,6.60,,1.10,8.40,25
2027-04-01 20:00:00,8.30,97,6.60,,0.80,7.20,27
2027-04-01 21:00:00,8.50,97,6.90,,1.20,6.90,28
2027-04-01 22:00:00,8.30,97,6.70,,0.60,7.10,30
2027-04-01 23:00:00,8.30,97,6.60,,0.20,7.30,33
2027-04-02 00:00:00,8.40,97,6.60,,0.50,8.00,27
2027-04-02 01:00:00,8.30,97,6.60,,0.10,7.60,25
2027-04-02 02:00:00,8.20,97,6.40,,0.10,8.10,21
2027-04-02 03:00:00,8.30,98,6.60,,0.00,8.40,31
2027-04-02 04:00:00,8.30,99,6.60,,0.00,7.70,37
2027-04-02 05:00:00,8.40,99,6.90,,0.10,7.10,41
2027-04-02 06:00:00,8.60,99,7.10,,0.40,7.50,55
2027-04-02 07:00:00,8.60,99,7.10,,0.10,7.90,60
2027-04-02 08:00:00,8.80,98,7.30,,0.00,7.40,67
2027-04-02 09:00:00,9.10,96,7.40,,0.00,9.30,74
2027-04-02 10:00:00,9.60,93,7.50,,0.00,11.30,73
2027-04-02 11:00:00,9.50,92,7.60,,0.00,10.20,67
2027-04-02 12:00:00,9.50,93,7.50,,0.00,10.90,56
2027-04-02 13:00:00,9.70,92,7.60,,0.60,11.90,55
2027-04-02 14:00:00,9.90,90,7.40,,0.70,14.60,50
2027-04-02 15:00:00,9.50,93,6.80,,0.80,15.90,38
2027-04-02 16:00:00,9.10,91,5.90,,0.50,17.70,39
2027-04-02 17:00:00,8.70,89,5.30,,0.20,18.10,41
2027-04-02 18:00:00,8.40,88,5.00,,0.10,17.30,42
2027-04-02 19:00:00,8.20,88,4.80,,0.00,16.60,41
2027-04-02 20:00:00,8.00,88,4.50,,0.10,17.30,43
2027-04-02 21:00:00,8.00,87,4.50,,0.00,17.10,48
2027-04-02 22:00:00,7.80,87,4.30,,0.00,16.30,49
2027-04-02 23:00:00,7.50,88,4.20,,0.00,15.00,48
2027-04-03 00:00:00,7.10,89,3.90,,0.00,14.30,49
2027-04-03 01:00:00,6.70,89,3.60,,0.00,13.20,45
2027-04-03 02:00:00,6.10,89,3.00,,0.00,11.50,41
2027-04-03 03:00:00,5.60,90,2.70,,0.00,10.30,36
2027-04-03 04:00:00,5.40,91,2.50,,0.00,9.70,31
2027-04-03 05:00:00,5.20,92,2.40,,0.00,9.00,29
2027-04-03 06:00:00,4.70,94,2.00,,0.00,8.00,27
2027-04-03 07:00:00,4.50,91,1.80,,0.00,7.70,28
2027-04-03 08:00:00,5.40,85,2.60,,0.00,8.00,27
2027-04-03 09:00:00,7.90,75,5.10,,0.00,8.90,21
2027-04-03 10:00:00,9.60,67,6.70,,0.00,9.60,20
2027-04-03 11:00:00,11.40,61,8.60,,0.00,9.70,15
2027-04-03 12:00:00,13.30,43,10.20,,0.00,11.40,18
2027-04-03 13:00:00,14.10,41,11.10,,0.00,12.50,18
2027-04-03 14:00:00,14.80,41,11.90,,0.00,11.90,14
2027-04-03 15:00:00,15.90,38,12.80,,0.00,10.70,14
2027-04-03 16:00:00,15.90,40,12.60,,0.00,10.10,4
2027-04-03 17:00:00,15.70,41,12.60,,0.00,9.40,356
2027-04-03 18:00:00,16.00,44,13.40,,0.00,7.60,357
2027-04-03 19:00:00,14.30,55,12.60,,0.00,3.80,343
2027-04-03 20:00:00,13.20,58,11.50,,0.00,3.10,339
2027-04-03 21:00:00,12.00,62,10.30,,0.00,3.10,324
2027-04-03 22:00:00,11.30,64,9.50,,0.00,3.40,328
2027-04-03 23:00:00,10.80,66,9.00,,0.00,3.10,339
2027-04-04 00:00:00,9.90,69,8.20,,0.00,2.70,337
2027-04-04 01:00:00,9.60,70,7.90,,0.00,2.30,321
2027-04-04 02:00:00,9.00,71,7.30,,0.00,2.10,301
2027-04-04 03:00:00,8.30,74,6.60,,0.00,2.10,301
2027-04-04 04:00:00,7.80,76,5.90,,0.00,2.70,293
2027-04-04 05:00:00,7.50,77,5.60,,0.00,3.00,284
2027-04-04 06:00:00,7.10,79,5.10,,0.00,3.30,276
2027-04-04 07:00:00,7.10,80,5.10,,0.00,3.60,276
2027-04-04 08:00:00,8.10,81,6.30,,0.00,4.00,270
2027-04-04 09:00:00,10.90,72,9.10,,0.00,5.80,266
2027-04-04 10:00:00,13.20,65,11.10,,0.00,8.60,268
2027-04-04 11:00:00,15.30,58,13.10,,0.00,9.40,270
2027-04-04 12:00:00,16.90,45,14.10,,0.00,13.60,292
2027-04-04 13:00:00,17.50,44,14.80,,0.00,14.10,283
2027-04-04 14:00:00,17.80,42,14.80,,0.00,14.90,277
2027-04-04 15:00:00,18.20,39,14.90,,0.00,14.40,271
2027-04-04 16:00:00,18.10,39,14.60,,0.00,14.10,267
2027-04-04 17:00:00,17.80,38,14.20,,0.00,13.70,265
2027-04-04 18:00:00,17.70,37,14.20,,0.00,12.70,262
2027-04-04 19:00:00,15.90,45,13.20,,0.00,8.60,248
2027-04-04 20:00:00,14.00,55,11.60,,0.00,8.30,236
2027-04-04 21:00:00,13.80,57,11.50,,0.00,7.90,240
2027-04-04 22:00:00,13.00,60,10.80,,0.00,7.70,242
2027-04-04 23:00:00,12.10,62,9.90,,0.00,7.00,235
2027-04-05 00:00:00,11.60,63,9.30,,0.00,7.10,229
2027-04-05 01:00:00,11.50,63,9.20,,0.00,6.50,251
2027-04-05 02:00:00,11.00,64,8.80,,0.00,5.40,274
2027-04-05 03:00:00,10.10,67,8.20,,0.00,3.60,276
2027-04-05 04:00:00,9.30,71,7.40,,0.00,3.60,264
2027-04-05 05:00:00,8.90,72,7.10,,0.00,2.50,278
2027-04-05 06:00:00,8.10,75,6.30,,0.00,2.30,288
2027-04-05 07:00:00,7.80,76,5.80,,0.00,4.10,285
2027-04-05 08:00:00,8.40,75,6.80,,0.00,1.80,307
2027-04-05 09:00:00,9.50,69,7.50,,0.00,3.60,307
2027-04-05 10:00:00,11.00,63,8.90,,0.00,4.70,302
2027-04-05 11:00:00,12.30,56,10.20,,0.00,4.10,308
2027-04-05 12:00:00,13.20,49,10.70,,0.00,5.80,300
2027-04-05 13:00:00,13.20,47,10.50,,0.00,6.20,291
2027-04-05 14:00:00,12.10,55,9.70,,0.40,5.80,266
2027-04-05 15:00:00,11.90,58,9.40,,0.20,7.40,14
2027-04-05 16:00:00,10.70,66,8.30,,1.10,7.90,321
2027-04-05 17:00:00,8.90,79,5.90,,1.60,12.70,315
2027-04-05 18:00:00,7.00,84,4.30,,2.70,9.50,335
2027-04-05 19:00:00,6.50,83,3.90,,2.60,7.90,360
2027-04-05 20:00:00,5.70,83,2.90,,1.90,8.30,355
2027-04-05 21:00:00,5.10,85,2.20,,0.70,8.20,345
2027-04-05 22:00:00,5.00,85,2.30,,0.10,7.00,339
2027-04-05 23:00:00,4.80,85,2.00,,0.00,7.00,325
2027-04-06 00:00:00,5.10,86,2.30,,0.00,7.90,294
2027-04-06 01:00:00,4.80,88,1.90,,0.10,9.20,301
2027-04-06 02:00:00,4.30,82,1.00,,0.00,9.10,304
2027-04-06 03:00:00,4.20,86,1.00,,0.00,9.10,304
2027-04-06 04:00:00,3.90,86,0.80,,0.10,8.40,301
2027-04-06 05:00:00,3.60,86,0.30,,0.20,9.20,301
2027-04-06 06:00:00,3.20,88,-0.10,,0.10,9.50,307
2027-04-06 07:00:00,3.00,89,-0.40,,0.10,10.20,302
2027-04-06 08:00:00,2.50,92,-1.00,,0.60,10.80,291
2027-04-06 09:00:00,2.10,94,-1.30,,0.90,9.40,288
2027-04-06 10:00:00,2.50,92,-0.80,,0.70,9.30,298
2027-04-06 11:00:00,3.00,91,-0.20,,0.50,9.20,301
2027-04-06 12:00:00,3.50,89,0.30,,0.60,8.90,313
2027-04-06 13:00:00,3.80,88,0.80,,0.60,8.10,328
2027-04-06 14:00:00,3.50,88,0.20,,0.70,10.20,350
2027-04-06 15:00:00,2.90,87,-0.60,,0.60,10.10,343
2027-04-06 16:00:00,1.80,96,-1.30,,0.90,8.10,328
2027-04-06 17:00:00,1.10,98,-2.00,,1.00,7.90,321
2027-04-06 18:00:00,1.10,91,-2.50,,0.50,9.80,343
2027-04-06 19:00:00,0.70,89,-2.90,,0.10,8.90,333
2027-04-06 20:00:00,-0.10,94,-3.20,,0.30,6.00,295
2027-04-06 21:00:00,-0.00,92,-3.60,,0.10,8.60,268
2027-04-06 22:00:00,-0.20,91,-4.10,,0.00,10.10,253
2027-04-06 23:00:00,-0.20,90,-4.40,,0.00,12.40,240
2027-04-07 00:00:00,-0.50,90,-4.90,,0.00,13.40,239
2027-04-07 01:00:00,-1.00,89,-5.80,,0.00,15.90,231
2027-04-07 02:00:00,-1.20,86,-6.10,,0.00,16.10,228
2027-04-07 03:00:00,-1.40,86,-6.00,,0.00,14.10,220
2027-04-07 04:00:00,-1.50,86,-6.30,,0.00,14.70,211
2027-04-07 05:00:00,-2.00,87,-7.00,,0.00,16.10,220
2027-04-07 06:00:00,-1.70,88,-6.90,,0.00,17.40,220
2027-04-07 07:00:00,-1.60,86,-6.50,,0.00,15.90,219
2027-04-07 08:00:00,-1.30,82,-6.70,,0.00,18.60,226
2027-04-07 09:00:00,-1.00,85,-6.20,,0.30,18.10,223
2027-04-07 10:00:00,-0.40,82,-5.60,,0.30,18.30,227
2027-04-07 11:00:00,0.30,77,-5.00,,0.30,18.30,234
2027-04-07 12:00:00,0.50,73,-4.90,,0.30,18.60,234
2027-04-07 13:00:00,1.00,69,-4.50,,0.30,19.00,237
2027-04-07 14:00:00,1.00,67,-4.60,,0.20,19.20,242
2027-04-07 15:00:00,1.20,65,-4.20,,0.30,17.80,249
2027-04-07 16:00:00,1.00,65,-4.20,,0.10,16.90,250
2027-04-07 17:00:00,0.80,65,-4.20,,0.10,15.50,252
2027-04-07 18:00:00,-0.20,73,-4.90,,0.00,13.40,256
2027-04-07 19:00:00,-0.80,79,-5.10,,0.10,11.40,257
2027-04-07 20:00:00,-1.10,79,-5.30,,0.00,10.00,255
2027-04-07 21:00:00,-1.20,78,-5.50,,0.00,10.60,252
2027-04-07 22:00:00,-1.60,83,-5.70,,0.00,9.70,248
2027-04-07 23:00:00,-1.70,84,-5.80,,0.00,9.20,244
2027-04-08 00:00:00,-1.50,83,-5.50,,0.00,8.70,240
2027-04-08 01:00:00,-1.70,86,-5.90,,0.00,10.60,235
2027-04-08 02:00:00,-1.10,83,-5.90,,0.10,14.80,247
2027-04-08 03:00:00,-1.30,90,-5.50,,0.50,11.30,248
2027-04-08 04:00:00,-1.40,90,-5.80,,0.50,12.30,277
2027-04-08 05:00:00,-1.60,89,-6.00,,0.40,12.90,283
2027-04-08 06:00:00,-1.70,89,-6.10,,0.20,12.50,282
2027-04-08 07:00:00,-1.80,90,-6.30,,0.10,12.60,283
2027-04-08 08:00:00,-1.70,87,-6.30,,0.10,13.60,292
2027-04-08 09:00:00,-1.40,85,-5.90,,0.10,12.90,293
2027-04-08 10:00:00,-1.10,81,-5.90,,0.00,14.00,293
2027-04-08 11:00:00,-0.70,77,-5.40,,0.00,14.10,289
2027-04-08 12:00:00,-0.40,76,-5.30,,0.00,15.20,292
2027-04-08 13:00:00,-0.10,77,-5.20,,0.40,16.40,299
2027-04-08 14:00:00,0.00,76,-5.10,,0.40,16.80,298
2027-04-08 15:00:00,0.10,73,-5.00,,0.20,16.90,297
2027-04-08 16:00:00,0.10,71,-5.00,,0.10,16.30,298
2027-04-08 17:00:00,-0.30,74,-5.30,,0.10,15.30,297
2027-04-08 18:00:00,-0.70,76,-5.40,,0.00,13.20,296
2027-04-08 19:00:00,-0.90,76,-5.30,,0.10,11.40,294
2027-04-08 20:00:00,-1.00,74,-5.50,,0.10,11.80,297
2027-04-08 21:00:00,-1.50,82,-5.70,,0.10,10.10,287
2027-04-08 22:00:00,-1.60,86,-5.70,,0.20,10.00,283
2027-04-08 23:00:00,-1.70,86,-5.90,,0.20,10.30,282
2027-04-09 00:00:00,-1.70,86,-5.70,,0.00,9.50,279
2027-04-09 01:00:00,-1.70,84,-5.80,,0.00,9.20,281
2027-04-09 02:00:00,-1.80,84,-5.90,,0.00,9.10,279
2027-04-09 03:00:00,-2.20,85,-6.10,,0.00,8.10,283
2027-04-09 04:00:00,-2.60,86,-6.30,,0.00,6.90,276
2027-04-09 05:00:00,-2.90,86,-6.70,,0.00,6.80,270
2027-04-09 06:00:00,-3.10,88,-6.90,,0.00,6.60,261
2027-04-09 07:00:00,-3.20,87,-7.00,,0.00,7.00,258
2027-04-09 08:00:00,-2.40,82,-6.40,,0.00,8.10,257
2027-04-09 09:00:00,-1.10,76,-5.10,,0.00,8.20,255
2027-04-09 10:00:00,0.20,69,-4.00,,0.00,9.30,257
2027-04-09 11:00:00,0.70,63,-3.70,,0.00,10.60,288
2027-04-09 12:00:00,1.30,51,-3.40,,0.00,11.50,302
2027-04-09 13:00:00,1.70,47,-3.10,,0.00,11.30,292
2027-04-09 14:00:00,2.30,45,-2.60,,0.00,12.00,277
2027-04-09 15:00:00,2.40,43,-2.50,,0.00,12.20,268
2027-04-09 16:00:00,2.50,42,-2.60,,0.00,13.40,265
2027-04-09 17:00:00,2.10,43,-3.00,,0.00,13.00,267
2027-04-09 18:00:00,2.00,45,-3.00,,0.00,12.60,270
2027-04-09 19:00:00,1.20,50,-3.50,,0.00,10.80,270
2027-04-09 20:00:00,0.50,60,-3.30,,0.00,6.10,242
2027-04-09 21:00:00,0.50,58,-3.40,,0.00,6.40,227
2027-04-09 22:00:00,0.20,61,-3.90,,0.00,7.40,219
2027-04-09 23:00:00,-0.20,63,-4.40,,0.00,8.70,204
2027-04-10 00:00:00,-0.30,63,-4.70,,0.00,9.60,200
2027-04-10 01:00:00,-0.60,64,-5.20,,0.00,10.80,201
2027-04-10 02:00:00,-0.70,64,-5.20,,0.00,10.80,201
2027-04-10 03:00:00,-0.80,67,-5.40,,0.00,11.60,210
2027-04-10 04:00:00,-1.40,82,-5.90,,0.10,12.40,206
2027-04-10 05:00:00,-1.40,89,-5.80,,0.20,13.00,194
2027-04-10 06:00:00,-1.20,92,-5.70,,0.30,14.20,189
2027-04-10 07:00:00,-1.10,93,-5.60,,0.70,14.10,186
2027-04-10 08:00:00,-0.80,93,-5.10,,0.70,12.60,183
2027-04-10 09:00:00,-0.40,93,-4.50,,0.80,12.10,192
2027-04-10 10:00:00,-0.00,94,-4.00,,0.70,11.60,206
2027-04-10 11:00:00,0.30,94,-3.40,,0.70,9.80,208
2027-04-10 12:00:00,1.10,89,-2.60,,0.30,9.70,222
2027-04-10 13:00:00,1.80,80,-1.70,,0.30,8.00,262
2027-04-10 14:00:00,1.80,81,-1.80,,0.50,8.90,317
2027-04-10 15:00:00,1.30,87,-2.40,,0.60,9.80,336
2027-04-10 16:00:00,1.10,87,-2.60,,0.60,9.70,329
2027-04-10 17:00:00,0.70,89,-3.10,,0.40,10.50,322
2027-04-10 18:00:00,0.20,92,-3.70,,0.40,10.80,334
2027-04-10 19:00:00,-0.20,94,-4.10,,0.40,10.80,334
2027-04-10 20:00:00,-0.50,91,-4.60,,0.40,11.80,337
2027-04-10 21:00:00,-0.40,89,-4.40,,0.10,10.70,340
2027-04-10 22:00:00,-0.70,87,-4.60,,0.10,10.00,334
2027-04-10 23:00:00,-0.90,87,-4.80,,0.00,9.00,337
2027-04-11 00:00:00,-1.10,84,-5.10,,0.00,9.30,344
2027-04-11 01:00:00,-1.40,85,-5.30,,0.00,8.60,345
2027-04-11 02:00:00,-1.80,88,-5.50,,0.00,7.80,326
2027-04-11 03:00:00,-2.10,88,-5.70,,0.00,6.90,332
2027-04-11 04:00:00,-2.40,90,-6.00,,0.00,6.50,341
2027-04-11 05:00:00,-2.70,91,-6.20,,0.00,5.70,342
2027-04-11 06:00:00,-3.10,92,-6.50,,0.00,4.80,333
2027-04-11 07:00:00,-2.90,92,-6.30,,0.00,4.80,333
2027-04-11 08:00:00,-2.10,89,-5.70,,0.00,6.30,347
2027-04-11 09:00:00,-1.20,85,-4.70,,0.00,5.90,349
2027-04-11 10:00:00,-0.60,84,-3.90,,0.00,5.60,345
2027-04-11 11:00:00,0.10,81,-3.30,,0.00,5.70,342
2027-04-11 12:00:00,1.20,73,-2.40,,0.10,6.60,351
2027-04-11 13:00:00,1.90,70,-1.50,,0.00,5.80,4
2027-04-11 14:00:00,2.90,66,-0.10,,0.00,3.90,22
2027-04-11 15:00:00,3.60,64,0.60,,0.00,3.30,77
2027-04-11 16:00:00,3.90,63,1.00,,0.00,2.80,140
2027-04-11 17:00:00,4.10,63,1.20,,0.00,3.20,180
2027-04-11 18:00:00,4.40,59,1.40,,0.00,3.40,238
2027-04-11 19:00:00,3.90,61,0.70,,0.00,4.10,255
2027-04-11 20:00:00,2.80,68,-0.20,,0.00,3.50,246
2027-04-11 21:00:00,2.40,67,-0.50,,0.00,2.60,214
2027-04-11 22:00:00,2.10,68,-0.90,,0.00,2.70,203
2027-04-11 23:00:00,1.90,68,-1.10,,0.00,2.60,214
2027-04-12 00:00:00,1.90,70,-1.10,,0.00,2.60,214
2027-04-12 01:00:00,1.70,70,-1.30,,0.00,2.80,220
2027-04-12 02:00:00,1.40,70,-1.70,,0.00,3.30,229
2027-04-12 03:00:00,0.80,75,-2.20,,0.00,3.40,238
2027-04-12 04:00:00,0.70,74,-2.40,,0.00,3.30,229
2027-04-12 05:00:00,0.70,72,-2.50,,0.00,3.40,238
2027-04-12 06:00:00,0.50,72,-2.70,,0.00,3.30,229
2027-04-12 07:00:00,0.50,71,-2.70,,0.00,3.10,225
2027-04-12 08:00:00,1.40,71,-1.70,,0.00,3.10,234
2027-04-12 09:00:00,2.80,63,-0.50,,0.00,4.90,253
2027-04-12 10:00:00,4.20,62,0.90,,0.00,5.80,240
2027-04-12 11:00:00,5.50,62,2.20,,0.00,7.40,241
2027-04-12 12:00:00,6.10,61,2.70,,0.00,8.80,261
2027-04-12 13:00:00,6.70,63,3.40,,0.00,8.40,260
2027-04-12 14:00:00,7.20,58,3.60,,0.00,9.10,263
2027-04-12 15:00:00,7.50,57,3.90,,0.00,9.40,274
2027-04-12 16:00:00,7.70,57,4.20,,0.00,9.10,279
2027-04-12 17:00:00,7.80,57,4.40,,0.00,8.40,280
2027-04-12 18:00:00,7.70,59,4.40,,0.00,8.30,275
2027-04-12 19:00:00,6.80,66,4.00,,0.00,5.40,270
2027-04-12 20:00:00,5.80,74,3.40,,0.00,3.30,257
2027-04-12 21:00:00,5.10,77,2.80,,0.00,2.90,263
2027-04-12 22:00:00,4.90,78,2.70,,0.00,1.90,248
2027-04-12 23:00:00,4.60,78,2.40,,0.00,2.10,211
2027-04-13 00:00:00,3.90,82,1.50,,0.00,3.20,243
2027-04-13 01:00:00,3.70,84,1.20,,0.00,3.60,225
2027-04-13 02:00:00,3.40,86,0.90,,0.00,3.70,209
2027-04-13 03:00:00,2.80,88,0.20,,0.00,3.80,221
2027-04-13 04:00:00,2.40,91,-0.20,,0.00,4.30,222
2027-04-13 05:00:00,2.30,92,-0.30,,0.00,4.40,215
2027-04-13 06:00:00,2.40,91,-0.20,,0.00,4.70,212
2027-04-13 07:00:00,2.80,86,-0.10,,0.00,6.20,216
2027-04-13 08:00:00,3.70,83,0.60,,0.00,7.40,223
2027-04-13 09:00:00,5.30,82,2.30,,0.00,8.40,227
2027-04-13 10:00:00,6.90,77,3.90,,0.00,9.70,228
2027-04-13 11:00:00,8.30,67,4.80,,0.00,12.00,231
2027-04-13 12:00:00,9.30,61,5.70,,0.00,12.50,237
2027-04-13 13:00:00,10.00,56,6.30,,0.00,12.50,237
2027-04-13 14:00:00,10.40,57,6.90,,0.00,12.10,233
2027-04-13 15:00:00,11.60,51,8.20,,0.00,10.50,239
2027-04-13 16:00:00,11.40,53,8.30,,0.00,8.90,238
2027-04-13 17:00:00,11.40,55,8.70,,0.00,7.40,241
2027-04-13 18:00:00,11.70,54,9.20,,0.00,5.70,235
2027-04-13 19:00:00,10.90,60,8.60,,0.00,5.10,225
2027-04-13 20:00:00,10.00,63,7.90,,0.00,4.00,207
2027-04-13 21:00:00,9.60,62,7.30,,0.00,4.40,215
2027-04-13 22:00:00,9.00,65,6.80,,0.00,3.60,217
2027-04-13 23:00:00,8.90,64,6.70,,0.00,2.70,203
2027-04-14 00:00:00,8.40,66,6.40,,0.00,2.10,149
2027-04-14 01:00:00,8.10,66,5.90,,0.00,2.90,150
2027-04-14 02:00:00,7.70,69,5.40,,0.00,3.40,162
2027-04-14 03:00:00,7.10,73,4.90,,0.00,3.10,159
2027-04-14 04:00:00,6.60,73,4.30,,0.00,3.70,169
2027-04-14 05:00:00,6.30,73,3.80,,0.00,4.00,170
2027-04-14 06:00:00,5.80,74,3.20,,0.00,4.40,171
2027-04-14 07:00:00,6.00,73,3.40,,0.00,4.70,176
2027-04-14 08:00:00,7.40,71,4.60,,0.00,6.80,180
2027-04-14 09:00:00,10.10,62,7.40,,0.00,7.60,185
2027-04-14 10:00:00,12.00,56,9.10,,0.00,9.50,191
2027-04-14 11:00:00,14.00,53,11.50,,0.00,9.90,190
2027-04-14 12:00:00,16.10,41,13.50,,0.00,12.20,204
2027-04-14 13:00:00,16.70,37,13.80,,0.00,14.20,204
2027-04-14 14:00:00,17.10,36,14.10,,0.00,14.20,201
2027-04-14 15:00:00,17.60,35,14.10,,0.00,15.70,200
2027-04-14 16:00:00,17.20,35,13.10,,0.00,15.70,200
2027-04-14 17:00:00,16.80,37,12.70,,0.00,15.80,201
2027-04-14 18:00:00,16.40,35,12.20,,0.00,14.60,200
2027-04-14 19:00:00,15.00,37,11.30,,0.00,11.20,195
2027-04-14 20:00:00,12.80,45,9.70,,0.00,7.90,183
2027-04-14 21:00:00,12.00,46,8.70,,0.00,8.30,180
2027-04-14 22:00:00,10.80,52,7.60,,0.00,8.70,173
2027-04-14 23:00:00,10.10,53,6.90,,0.00,8.70,173
2027-04-15 00:00:00,9.60,54,6.30,,0.00,8.30,178
2027-04-15 01:00:00,8.90,55,5.60,,0.00,8.30,180
2027-04-15 02:00:00,8.40,57,5.00,,0.00,8.60,178
2027-04-15 03:00:00,8.00,59,4.70,,0.00,8.30,180
2027-04-15 04:00:00,7.60,61,4.30,,0.00,8.60,182
2027-04-15 05:00:00,7.20,62,3.90,,0.00,8.30,180
2027-04-15 06:00:00,6.60,63,3.20,,0.00,8.30,178
2027-04-15 07:00:00,6.50,63,3.00,,0.00,9.10,173
2027-04-15 08:00:00,7.40,59,3.70,,0.00,10.90,174
2027-04-15 09:00:00,9.60,52,5.80,,0.00,11.50,178
2027-04-15 10:00:00,11.50,42,7.10,,0.00,14.60,189
2027-04-15 11:00:00,13.50,31,8.80,,0.00,16.30,194
2027-04-15 12:00:00,14.60,27,10.30,,0.00,16.20,197
2027-04-15 13:00:00,15.10,24,10.20,,0.00,15.60,199
2027-04-15 14:00:00,15.20,26,10.40,,0.00,14.30,198
2027-04-15 15:00:00,16.30,26,11.70,,0.00,13.90,190
2027-04-15 16:00:00,16.30,27,11.80,,0.00,13.80,186
2027-04-15 17:00:00,16.30,28,12.00,,0.00,12.60,182
2027-04-15 18:00:00,16.40,26,12.10,,0.00,11.90,183
2027-04-15 19:00:00,15.10,31,11.50,,0.00,8.30,175
2027-04-15 20:00:00,13.10,37,9.80,,0.00,6.30,167
2027-04-15 21:00:00,12.30,36,8.90,,0.00,5.90,169
2027-04-15 22:00:00,11.20,38,7.80,,0.00,5.90,169
2027-04-15 23:00:00,10.50,37,7.10,,0.00,4.80,167
2027-04-16 00:00:00,9.90,39,6.70,,0.00,4.60,162
2027-04-16 01:00:00,9.50,40,6.20,,0.00,4.80,153
2027-04-16 02:00:00,9.10,45,5.90,,0.00,5.20,155
2027-04-16 03:00:00,8.60,52,5.60,,0.00,4.70,157
2027-04-16 04:00:00,8.30,56,5.50,,0.00,4.70,157
2027-04-16 05:00:00,8.10,58,5.40,,0.00,4.60,162
2027-04-16 06:00:00,7.30,61,4.50,,0.00,4.70,157
2027-04-16 07:00:00,7.70,62,5.00,,0.00,4.70,157
2027-04-16 08:00:00,9.50,58,6.80,,0.00,6.20,159
2027-04-16 09:00:00,12.60,47,9.60,,0.00,7.40,157
2027-04-16 10:00:00,14.60,42,11.40,,0.00,8.80,161
2027-04-16 11:00:00,16.40,39,13.40,,0.00,8.90,153
2027-04-16 12:00:00,18.00,32,14.10,,0.00,13.40,166
2027-04-16 13:00:00,18.20,33,14.10,,0.00,15.10,177
2027-04-16 14:00:00,18.10,34,14.00,,0.00,15.60,187
2027-04-16 15:00:00,18.50,35,14.60,,0.00,15.30,188
2027-04-16 16:00:00,18.20,36,14.50,,0.00,14.00,192
2027-04-16 17:00:00,18.00,38,14.70,,0.00,12.20,199
2027-04-16 18:00:00,16.90,45,13.30,,0.00,16.10,219
2027-04-16 19:00:00,15.50,53,13.00,,0.00,10.20,212
2027-04-16 20:00:00,14.10,61,12.10,,0.00,7.60,180
2027-04-16 21:00:00,13.50,62,11.70,,0.10,6.00,163
2027-04-16 22:00:00,12.90,64,10.80,,0.20,7.70,143
2027-04-16 23:00:00,12.70,63,10.50,,0.10,8.40,133
2027-04-17 00:00:00,12.70,64,10.50,,0.00,7.70,143
2027-04-17 01:00:00,12.70,65,10.50,,0.00,8.10,148
2027-04-17 02:00:00,12.50,67,10.30,,0.00,9.00,151
2027-04-17 03:00:00,12.40,70,10.30,,0.00,9.70,153
2027-04-17 04:00:00,12.20,70,9.70,,0.00,11.30,149
2027-04-17 05:00:00,11.70,75,9.50,,0.00,10.50,158
2027-04-17 06:00:00,11.60,77,9.50,,0.00,9.70,158
2027-04-17 07:00:00,11.60,78,9.50,,0.10,10.00,159
2027-04-17 08:00:00,12.30,75,10.20,,0.00,10.30,155
2027-04-17 09:00:00,13.30,71,11.40,,0.10,10.00,165
2027-04-17 10:00:00,13.80,70,11.60,,0.10,12.40,154
2027-04-17 11:00:00,15.90,61,13.40,,0.00,13.60,158
2027-04-17 12:00:00,18.20,52,15.30,,0.00,16.60,176
2027-04-17 13:00:00,19.80,40,16.60,,0.00,18.20,189
2027-04-17 14:00:00,20.80,36,17.50,,0.00,18.90,193
2027-04-17 15:00:00,20.70,36,17.30,,0.00,18.30,190
2027-04-17 16:00:00,21.00,34,17.00,,0.00,18.10,193
2027-04-17 17:00:00,20.20,37,16.60,,0.00,16.30,188
2027-04-17 18:00:00,20.30,37,17.00,,0.00,14.50,187
2027-04-17 19:00:00,19.10,39,16.30,,0.00,10.80,182
2027-04-17 20:00:00,17.10,45,14.70,,0.00,8.00,175
2027-04-17 21:00:00,16.60,47,14.30,,0.00,7.90,177
2027-04-17 22:00:00,15.60,53,13.30,,0.00,8.60,178
2027-04-17 23:00:00,15.00,55,12.70,,0.00,8.60,178
2027-04-18 00:00:00,14.70,53,12.30,,0.00,8.60,178
2027-04-18 01:00:00,14.00,55,11.60,,0.00,8.60,178
2027-04-18 02:00:00,13.40,56,10.90,,0.00,8.60,182
2027-04-18 03:00:00,12.70,58,10.10,,0.00,8.30,185
2027-04-18 04:00:00,12.10,61,9.60,,0.00,8.30,185
2027-04-18 05:00:00,11.80,64,9.50,,0.00,7.60,188
2027-04-18 06:00:00,10.90,69,8.70,,0.00,6.90,186
2027-04-18 07:00:00,11.20,68,8.90,,0.00,8.00,185
2027-04-18 08:00:00,12.80,63,10.30,,0.00,9.90,190
2027-04-18 09:00:00,15.60,55,13.00,,0.00,11.50,200
2027-04-18 10:00:00,17.90,49,15.40,,0.00,11.60,202
2027-04-18 11:00:00,19.90,42,17.30,,0.00,14.00,203
2027-04-18 12:00:00,21.40,38,18.90,,0.00,15.10,198
2027-04-18 13:00:00,22.10,30,19.30,,0.00,15.50,193
2027-04-18 14:00:00,22.50,29,19.60,,0.00,15.20,194
2027-04-18 15:00:00,23.10,29,20.00,,0.00,14.20,196
2027-04-18 16:00:00,22.90,29,19.50,,0.00,13.10,196
2027-04-18 17:00:00,22.50,30,19.40,,0.00,11.50,194
2027-04-18 18:00:00,22.40,32,19.70,,0.00,9.90,190
2027-04-18 19:00:00,20.70,38,18.80,,0.00,5.80,180
2027-04-18 20:00:00,18.70,45,17.20,,0.00,4.10,165
2027-04-18 21:00:00,17.90,46,16.30,,0.00,4.10,165
2027-04-18 22:00:00,16.80,49,15.20,,0.00,4.20,160
2027-04-18 23:00:00,16.10,50,14.40,,0.00,4.20,160
2027-04-19 00:00:00,15.40,53,13.70,,0.00,4.10,165
2027-04-19 01:00:00,14.60,55,12.90,,0.00,4.10,165
2027-04-19 02:00:00,14.10,55,12.30,,0.00,4.10,165
2027-04-19 03:00:00,13.50,56,11.70,,0.00,4.00,170
2027-04-19 04:00:00,13.20,55,11.20,,0.00,4.10,165
2027-04-19 05:00:00,12.90,54,10.80,,0.00,3.90,158
2027-04-19 06:00:00,12.20,55,10.10,,0.00,3.80,163
2027-04-19 07:00:00,12.40,56,10.30,,0.00,4.20,160
2027-04-19 08:00:00,14.20,56,12.50,,0.00,4.40,171
2027-04-19 09:00:00,16.90,48,14.90,,0.00,6.60,171
2027-04-19 10:00:00,19.10,43,17.20,,0.00,6.60,167
2027-04-19 11:00:00,21.00,39,19.20,,0.00,6.60,167
2027-04-19 12:00:00,22.20,31,20.00,,0.00,8.90,166
2027-04-19 13:00:00,22.90,28,20.50,,0.00,11.80,157
2027-04-19 14:00:00,23.30,27,20.90,,0.00,12.60,153
2027-04-19 15:00:00,23.80,24,20.80,,0.00,13.00,152
2027-04-19 16:00:00,23.50,23,20.00,,0.00,12.40,150
2027-04-19 17:00:00,23.00,24,19.40,,0.00,11.80,153
2027-04-19 18:00:00,22.80,25,19.40,,0.00,10.40,160
2027-04-19 19:00:00,21.10,29,18.40,,0.00,6.20,159
2027-04-19 20:00:00,19.00,36,16.90,,0.00,3.70,151
2027-04-19 21:00:00,17.70,38,15.50,,0.00,3.90,158
2027-04-19 22:00:00,16.30,39,14.00,,0.00,3.90,158
2027-04-19 23:00:00,15.60,39,13.20,,0.00,3.70,169
2027-04-20 00:00:00,13.90,45,11.70,,0.00,3.00,166
2027-04-20 01:00:00,13.50,46,11.20,,0.00,3.40,148
2027-04-20 02:00:00,12.70,48,10.40,,0.00,3.60,135
2027-04-20 03:00:00,11.60,55,9.40,,0.00,3.70,119
2027-04-20 04:00:00,10.80,55,8.40,,0.00,4.00,117
2027-04-20 05:00:00,10.20,56,7.80,,0.00,4.20,121
2027-04-20 06:00:00,9.20,59,6.70,,0.00,4.20,121
2027-04-20 07:00:00,10.30,59,8.00,,0.00,4.10,128
2027-04-20 08:00:00,13.10,56,11.20,,0.00,4.30,138
2027-04-20 09:00:00,16.60,40,14.00,,0.00,6.30,149
2027-04-20 10:00:00,18.90,36,16.40,,0.00,7.10,150
2027-04-20 11:00:00,21.10,32,19.30,,0.00,6.70,144
2027-04-20 12:00:00,22.90,24,20.40,,0.00,10.80,154
2027-04-20 13:00:00,23.40,24,21.40,,0.00,10.30,155
2027-04-20 14:00:00,23.80,24,21.80,,0.00,10.20,157
2027-04-20 15:00:00,24.40,24,22.10,,0.00,10.20,157
2027-04-20 16:00:00,24.20,23,21.30,,0.00,9.40,157
2027-04-20 17:00:00,23.90,24,20.80,,0.00,8.60,158
2027-04-20 18:00:00,23.60,24,20.70,,0.00,7.60,155
2027-04-20 19:00:00,21.60,29,19.30,,0.00,4.50,151
2027-04-20 20:00:00,19.20,35,17.10,,0.00,3.60,135
2027-04-20 21:00:00,18.00,38,16.00,,0.00,3.60,127
2027-04-20 22:00:00,16.90,37,14.60,,0.00,3.40,122
2027-04-20 23:00:00,16.20,37,13.80,,0.00,3.30,103
2027-04-21 00:00:00,15.20,40,12.80,,0.00,3.60,84
2027-04-21 01:00:00,14.20,39,11.60,,0.00,4.00,90
2027-04-21 02:00:00,13.70,40,11.00,,0.00,4.50,104
2027-04-21 03:00:00,13.00,42,10.30,,0.00,3.80,107
2027-04-21 04:00:00,12.60,42,9.90,,0.00,3.90,112
2027-04-21 05:00:00,11.90,44,9.10,,0.00,4.70,122
2027-04-21 06:00:00,11.10,47,8.40,,0.00,4.30,132
2027-04-21 07:00:00,11.90,50,9.40,,0.00,4.60,135
2027-04-21 08:00:00,14.40,49,12.10,,0.00,6.10,140
2027-04-21 09:00:00,17.10,41,14.60,,0.00,6.80,148
2027-04-21 10:00:00,19.40,39,17.00,,0.00,7.70,152
2027-04-21 11:00:00,21.60,37,20.10,,0.00,7.90,156
2027-04-21 12:00:00,23.10,34,21.90,,0.00,9.00,157
2027-04-21 13:00:00,24.00,31,22.60,,0.00,11.20,165
2027-04-21 14:00:00,24.40,31,23.00,,0.00,10.80,165
2027-04-21 15:00:00,24.60,29,22.80,,0.00,10.20,162
2027-04-21 16:00:00,24.40,29,22.00,,0.00,9.80,163
2027-04-21 17:00:00,23.90,29,21.20,,0.00,9.30,164
2027-04-21 18:00:00,23.50,28,20.80,,0.00,8.60,165
2027-04-21 19:00:00,21.70,32,19.60,,0.00,5.40,160
2027-04-21 20:00:00,19.20,38,17.30,,0.00,3.90,146
2027-04-21 21:00:00,18.20,40,16.20,,0.00,3.90,146
2027-04-21 22:00:00,17.20,41,15.20,,0.00,3.70,151
2027-04-21 23:00:00,16.40,43,14.40,,0.00,3.90,146
2027-04-22 00:00:00,15.60,44,13.50,,0.00,3.70,151
2027-04-22 01:00:00,14.90,44,12.70,,0.00,4.00,153
2027-04-22 02:00:00,14.30,46,12.00,,0.00,4.00,153
2027-04-22 03:00:00,13.80,49,11.70,,0.00,3.70,151
2027-04-22 04:00:00,13.10,50,10.90,,0.00,4.00,153
2027-04-22 05:00:00,12.60,53,10.40,,0.00,4.30,156
2027-04-22 06:00:00,11.70,60,9.80,,0.00,3.50,156
2027-04-22 07:00:00,12.60,60,10.90,,0.00,3.10,159
2027-04-22 08:00:00,14.90,60,13.90,,0.00,1.80,169
2027-04-22 09:00:00,17.80,45,16.30,,0.00,3.00,166
2027-04-22 10:00:00,20.20,40,18.70,,0.00,3.70,169
2027-04-22 11:00:00,22.00,35,20.90,,0.00,5.40,160
2027-04-22 12:00:00,23.50,29,22.20,,0.00,7.70,169
2027-04-22 13:00:00,24.20,27,23.00,,0.00,7.90,180
2027-04-22 14:00:00,24.80,24,23.20,,0.00,8.40,190
2027-04-22 15:00:00,25.20,25,23.70,,0.00,6.50,180
2027-04-22 16:00:00,25.00,26,23.20,,0.00,5.40,180
2027-04-22 17:00:00,24.80,25,22.50,,0.00,4.70,176
2027-04-22 18:00:00,24.20,25,22.10,,0.00,3.40,162
2027-04-22 19:00:00,22.70,37,21.80,,0.00,1.50,166
2027-04-22 20:00:00,20.80,33,19.20,,0.00,0.50,225
2027-04-22 21:00:00,19.10,35,17.30,,0.00,1.10,342
2027-04-22 22:00:00,17.40,39,15.60,,0.00,1.60,27
2027-04-22 23:00:00,16.10,42,14.00,,0.00,3.00,76
2027-04-23 00:00:00,15.60,47,13.80,,0.00,2.90,60
2027-04-23 01:00:00,15.10,49,13.40,,0.00,2.50,45
2027-04-23 02:00:00,14.40,51,12.70,,0.00,2.60,34
2027-04-23 03:00:00,13.70,59,12.30,,0.00,2.30,51
2027-04-23 04:00:00,13.30,59,11.70,,0.00,2.90,90
2027-04-23 05:00:00,13.30,58,11.80,,0.00,2.60,74
2027-04-23 06:00:00,13.20,61,11.70,,0.00,2.60,56
2027-04-23 07:00:00,13.60,63,12.40,,0.00,2.60,56
2027-04-23 08:00:00,15.90,65,15.50,,0.00,1.80,53
2027-04-23 09:00:00,19.70,44,18.60,,0.00,1.80,101
2027-04-23 10:00:00,22.30,35,21.10,,0.00,1.60,117
2027-04-23 11:00:00,23.80,28,22.80,,0.00,2.10,121
2027-04-23 12:00:00,25.10,24,24.30,,0.00,2.70,157
2027-04-23 13:00:00,25.40,23,24.00,,0.00,5.40,188
2027-04-23 14:00:00,25.70,23,24.00,,0.00,6.50,199
2027-04-23 15:00:00,26.20,21,24.10,,0.00,5.80,202
2027-04-23 16:00:00,25.90,22,23.40,,0.00,6.00,213
2027-04-23 17:00:00,25.50,23,23.10,,0.00,4.60,231
2027-04-23 18:00:00,25.00,25,23.00,,0.00,3.20,243
2027-04-23 19:00:00,23.40,33,22.00,,0.00,2.90,330
2027-04-23 20:00:00,21.20,37,19.80,,0.00,2.90,353
2027-04-23 21:00:00,20.00,40,18.60,,0.00,2.30,342
2027-04-23 22:00:00,18.90,40,17.40,,0.00,1.80,323
2027-04-23 23:00:00,18.00,41,16.50,,0.00,1.30,326
2027-04-24 00:00:00,17.60,44,16.20,,0.00,1.10,342
2027-04-24 01:00:00,16.70,46,15.10,,0.00,2.40,63
2027-04-24 02:00:00,15.40,49,13.50,,0.00,4.10,75
2027-04-24 03:00:00,15.40,52,14.00,,0.00,2.10,59
2027-04-24 04:00:00,15.40,51,14.10,,0.00,1.30,34
2027-04-24 05:00:00,14.90,53,13.50,,0.00,1.50,14
2027-04-24 06:00:00,14.50,55,13.20,,0.00,1.80,360
2027-04-24 07:00:00,14.70,58,13.50,,0.00,1.90,338
2027-04-24 08:00:00,16.70,58,16.10,,0.00,0.80,333
2027-04-24 09:00:00,19.60,51,19.30,,0.00,1.00,225
2027-04-24 10:00:00,22.20,41,21.40,,0.00,2.30,219
2027-04-24 11:00:00,24.10,35,23.60,,0.00,2.80,220
2027-04-24 12:00:00,25.60,25,24.40,,0.00,4.50,241
2027-04-24 13:00:00,26.10,23,24.10,,0.00,6.70,234
2027-04-24 14:00:00,26.20,23,23.90,,0.00,10.00,257
2027-04-24 15:00:00,25.70,24,22.60,,0.00,10.80,307
2027-04-24 16:00:00,25.60,25,22.80,,0.00,9.30,332
2027-04-24 17:00:00,25.20,26,22.50,,0.00,9.20,334
2027-04-24 18:00:00,24.70,26,22.10,,0.00,7.70,332
2027-04-24 19:00:00,22.70,31,20.60,,0.00,5.60,345
2027-04-24 20:00:00,19.60,39,17.50,,0.00,6.30,329
2027-04-24 21:00:00,18.20,47,16.60,,0.00,5.00,330
2027-04-24 22:00:00,17.00,54,15.60,,0.00,5.20,344
2027-04-24 23:00:00,16.10,60,15.00,,0.00,4.30,355
2027-04-25 00:00:00,15.60,65,14.80,,0.00,4.00,5
2027-04-25 01:00:00,15.10,68,14.40,,0.00,3.30,6
2027-04-25 02:00:00,14.90,69,14.20,,0.00,3.20,360
2027-04-25 03:00:00,14.30,72,13.50,,0.00,3.70,349
2027-04-25 04:00:00,13.40,75,12.60,,0.00,3.90,338
2027-04-25 05:00:00,12.80,78,11.90,,0.00,4.20,340
2027-04-25 06:00:00,12.20,81,11.20,,0.00,4.50,346
2027-04-25 07:00:00,13.00,80,12.30,,0.00,4.10,345
2027-04-25 08:00:00,15.00,72,13.80,,0.00,8.60,358
2027-04-25 09:00:00,16.70,66,15.60,,0.00,8.00,5
2027-04-25 10:00:00,18.90,59,17.90,,0.00,8.70,5
2027-04-25 11:00:00,20.40,52,19.60,,0.00,10.40,2
2027-04-25 12:00:00,21.80,40,20.80,,0.00,9.80,354
2027-04-25 13:00:00,22.30,36,21.20,,0.00,10.00,347
2027-04-25 14:00:00,22.60,35,21.20,,0.00,10.50,354
2027-04-25 15:00:00,23.00,32,20.50,,0.00,11.20,354
2027-04-25 16:00:00,22.50,31,19.60,,0.00,11.90,358
2027-04-25 17:00:00,21.70,31,18.60,,0.00,11.20,358
2027-04-25 18:00:00,20.90,31,17.70,,0.00,10.50,352
2027-04-25 19:00:00,19.20,38,16.40,,0.00,10.20,352
2027-04-25 20:00:00,17.50,46,14.90,,0.00,10.10,358
2027-04-25 21:00:00,16.10,55,13.70,,0.00,10.80,360
2027-04-25 22:00:00,15.00,59,12.50,,0.00,11.30,9
2027-04-25 23:00:00,14.30,57,11.60,,0.00,11.70,9
2027-04-26 00:00:00,13.80,56,10.70,,0.00,13.30,3
2027-04-26 01:00:00,12.50,63,9.40,,0.00,13.70,3
2027-04-26 02:00:00,11.30,73,8.60,,0.10,13.00,3
2027-04-26 03:00:00,10.40,81,8.10,,0.40,11.20,2
2027-04-26 04:00:00,9.70,87,7.90,,0.90,8.30,2
2027-04-26 05:00:00,9.40,88,7.60,,1.30,7.90,360
2027-04-26 06:00:00,8.90,90,6.80,,1.00,10.00,13
2027-04-26 07:00:00,8.00,74,4.70,,0.10,12.60,13
2027-04-26 08:00:00,7.60,70,4.00,,0.00,13.10,8
2027-04-26 09:00:00,7.80,67,3.90,,0.00,14.20,9
2027-04-26 10:00:00,8.40,61,4.20,,0.00,15.20,7
2027-04-26 11:00:00,9.30,49,5.00,,0.00,16.00,8
2027-04-26 12:00:00,9.60,46,5.90,,0.00,15.10,359
2027-04-26 13:00:00,9.80,42,5.90,,0.00,14.60,350
2027-04-26 14:00:00,9.50,39,4.80,,0.00,14.80,342
2027-04-26 15:00:00,9.80,35,4.80,,0.00,15.20,338
2027-04-26 16:00:00,9.90,31,4.70,,0.00,15.50,338
2027-04-26 17:00:00,9.40,32,4.10,,0.00,16.10,344
2027-04-26 18:00:00,8.80,32,3.80,,0.00,13.80,340
2027-04-26 19:00:00,7.90,32,3.00,,0.00,12.80,344
2027-04-26 20:00:00,6.80,34,1.80,,0.00,12.70,345
2027-04-26 21:00:00,5.90,41,1.70,,0.00,8.70,343
2027-04-26 22:00:00,4.80,47,0.90,,0.00,6.60,338
2027-04-26 23:00:00,3.90,53,0.30,,0.00,5.20,326
2027-04-27 00:00:00,2.90,57,-0.80,,0.00,6.60,319
2027-04-27 01:00:00,2.10,60,-1.50,,0.00,6.10,320
2027-04-27 02:00:00,1.50,62,-2.00,,0.00,5.10,309
2027-04-27 03:00:00,0.80,65,-2.90,,0.00,6.10,310
2027-04-27 04:00:00,0.50,68,-3.40,,0.00,7.60,315
2027-04-27 05:00:00,0.40,72,-3.50,,0.00,8.50,324
2027-04-27 06:00:00,0.30,77,-3.80,,0.00,9.90,327
2027-04-27 07:00:00,1.00,77,-3.30,,0.00,11.80,329
2027-04-27 08:00:00,2.30,69,-2.10,,0.00,12.90,337
2027-04-27 09:00:00,3.60,62,-1.40,,0.00,16.30,338
2027-04-27 10:00:00,4.70,52,-0.50,,0.00,17.40,333
2027-04-27 11:00:00,5.60,46,0.20,,0.00,18.70,335
2027-04-27 12:00:00,6.10,43,1.10,,0.10,17.40,333
2027-04-27 13:00:00,6.40,40,1.40,,0.00,18.50,333
2027-04-27 14:00:00,6.50,38,0.90,,0.00,19.20,337
2027-04-27 15:00:00,6.60,35,0.90,,0.00,18.30,338
2027-04-27 16:00:00,6.90,33,1.20,,0.00,17.40,338
2027-04-27 17:00:00,6.80,32,1.20,,0.00,17.10,342
2027-04-27 18:00:00,6.70,32,1.40,,0.00,14.70,343
2027-04-27 19:00:00,6.00,33,0.90,,0.00,12.70,345
2027-04-27 20:00:00,4.60,39,0.30,,0.00,8.10,339
2027-04-27 21:00:00,3.30,47,-0.30,,0.00,4.10,345
2027-04-27 22:00:00,2.60,50,-0.80,,0.00,3.30,347
2027-04-27 23:00:00,2.20,52,-1.20,,0.00,3.00,346
2027-04-28 00:00:00,0.50,64,-2.80,,0.00,2.90,330
2027-04-28 01:00:00,0.30,62,-3.00,,0.00,2.50,315
2027-04-28 02:00:00,-0.10,62,-3.40,,0.00,2.30,309
2027-04-28 03:00:00,-0.60,67,-3.80,,0.00,2.00,315
2027-04-28 04:00:00,-0.90,67,-4.20,,0.00,2.40,297
2027-04-28 05:00:00,-1.00,68,-4.30,,0.00,2.90,277
2027-04-28 06:00:00,-1.30,72,-4.60,,0.00,2.90,277
2027-04-28 07:00:00,-0.10,71,-3.30,,0.00,2.90,270
2027-04-28 08:00:00,2.60,66,-0.50,,0.00,3.60,276
2027-04-28 09:00:00,6.00,47,2.30,,0.00,6.20,263
2027-04-28 10:00:00,7.60,41,3.60,,0.00,8.70,277
2027-04-28 11:00:00,8.80,37,5.60,,0.00,8.40,280
2027-04-28 12:00:00,9.90,32,7.00,,0.00,8.70,287
2027-04-28 13:00:00,10.80,32,8.20,,0.00,9.00,275
2027-04-28 14:00:00,11.50,31,8.70,,0.00,9.40,270
2027-04-28 15:00:00,12.90,27,9.60,,0.00,9.40,263
2027-04-28 16:00:00,13.00,26,9.10,,0.00,9.80,262
2027-04-28 17:00:00,13.00,27,8.70,,0.00,9.80,264
2027-04-28 18:00:00,13.10,27,9.10,,0.00,8.30,268
2027-04-28 19:00:00,12.10,30,8.50,,0.00,5.20,258
2027-04-28 20:00:00,10.60,39,7.60,,0.00,3.10,234
2027-04-28 21:00:00,9.50,43,6.60,,0.00,3.30,229
2027-04-28 22:00:00,8.60,43,5.60,,0.00,2.70,203
2027-04-28 23:00:00,8.10,42,5.00,,0.00,3.00,194
2027-04-29 00:00:00,7.20,48,4.10,,0.00,3.70,191
2027-04-29 01:00:00,6.50,51,3.30,,0.00,4.00,185
2027-04-29 02:00:00,5.60,56,2.50,,0.00,4.00,180
2027-04-29 03:00:00,4.90,62,1.80,,0.00,4.70,189
2027-04-29 04:00:00,4.30,64,1.20,,0.00,4.70,189
2027-04-29 05:00:00,4.30,65,1.20,,0.00,4.70,189
2027-04-29 06:00:00,4.70,62,1.60,,0.00,4.90,197
2027-04-29 07:00:00,5.90,61,2.60,,0.00,6.60,202
2027-04-29 08:00:00,7.80,58,4.50,,0.00,8.00,207
2027-04-29 09:00:00,10.20,51,6.80,,0.00,8.70,218
2027-04-29 10:00:00,13.00,45,9.50,,0.00,10.50,221
2027-04-29 11:00:00,15.00,38,10.80,,0.00,15.00,235
2027-04-29 12:00:00,16.70,32,12.40,,0.00,17.20,244
2027-04-29 13:00:00,17.40,31,13.20,,0.00,17.60,242
2027-04-29 14:00:00,17.60,34,13.20,,0.00,17.70,241
2027-04-29 15:00:00,18.00,28,13.10,,0.00,18.60,248
2027-04-29 16:00:00,17.60,30,13.00,,0.00,16.70,251
2027-04-29 17:00:00,17.20,31,12.90,,0.00,15.00,260
2027-04-29 18:00:00,17.20,30,12.70,,0.00,15.20,277
2027-04-29 19:00:00,14.90,38,10.90,,0.20,13.30,289
2027-04-29 20:00:00,11.90,63,9.80,,0.80,6.20,291
2027-04-29 21:00:00,12.60,59,10.80,,0.30,3.30,257
2027-04-29 22:00:00,11.80,62,9.80,,0.00,4.50,241
2027-04-29 23:00:00,11.00,63,8.80,,0.00,5.50,238
2027-04-30 00:00:00,11.10,57,8.60,,0.00,5.50,247
2027-04-30 01:00:00,10.10,60,7.50,,0.00,6.30,257
2027-04-30 02:00:00,9.70,61,7.20,,0.00,5.80,270
2027-04-30 03:00:00,9.30,63,6.90,,0.00,4.40,279
2027-04-30 04:00:00,8.60,68,6.30,,0.00,4.50,284
2027-04-30 05:00:00,8.00,73,5.80,,0.00,4.30,294
2027-04-30 06:00:00,8.00,78,5.80,,0.00,5.40,307
2027-04-30 07:00:00,9.20,76,7.60,,0.00,2.80,310
2027-04-30 08:00:00,10.50,72,8.40,,0.00,7.00,305
2027-04-30 09:00:00,11.80,65,9.70,,0.00,6.90,309
2027-04-30 10:00:00,13.60,57,11.40,,0.00,6.90,313
2027-04-30 11:00:00,14.80,47,11.80,,0.00,10.60,298
2027-04-30 12:00:00,15.90,40,12.50,,0.00,12.70,295
2027-04-30 13:00:00,16.80,38,13.50,,0.00,12.70,299
2027-04-30 14:00:00,17.60,30,14.10,,0.00,13.80,303
2027-04-30 15:00:00,18.30,28,14.80,,0.00,12.20,298
2027-04-30 16:00:00,17.80,28,13.80,,0.00,12.30,302
2027-04-30 17:00:00,17.40,29,13.30,,0.00,12.30,308
2027-04-30 18:00:00,17.10,31,13.60,,0.00,9.20,309
2027-04-30 19:00:00,15.90,33,12.50,,0.00,8.10,315
2027-04-30 20:00:00,13.70,41,11.00,,0.00,4.30,318
2027-04-30 21:00:00,12.20,51,10.20,,0.00,1.80,323
2027-04-30 22:00:00,11.30,51,9.20,,0.00,1.10,252
2027-04-30 23:00:00,10.20,54,8.00,,0.00,1.80,180
2027-05-01 00:00:00,8.80,62,6.70,,0.00,2.20,171
2027-05-01 01:00:00,8.70,61,6.30,,0.00,3.60,180
2027-05-01 02:00:00,8.30,62,5.60,,0.00,5.00,180
2027-05-01 03:00:00,8.20,65,5.60,,0.00,5.10,184
2027-05-01 04:00:00,8.40,64,5.70,,0.00,6.20,190
2027-05-01 05:00:00,7.90,67,5.00,,0.00,7.80,193
2027-05-01 06:00:00,8.00,66,4.90,,0.00,8.90,194
2027-05-01 07:00:00,9.00,63,5.90,,0.00,9.40,203
2027-05-01 08:00:00,10.30,63,7.30,,0.00,10.10,207
2027-05-01 09:00:00,11.80,55,8.50,,0.00,11.40,259
2027-05-01 10:00:00,10.50,71,8.10,,1.00,9.10,261
2027-05-01 11:00:00,10.90,75,8.30,,0.30,12.20,251
2027-05-01 12:00:00,13.20,59,10.20,,0.00,13.00,246
2027-05-01 13:00:00,13.80,48,9.20,,0.00,20.00,284
2027-05-01 14:00:00,13.80,46,9.30,,0.00,22.10,294
2027-05-01 15:00:00,14.00,43,9.40,,0.00,20.00,296
2027-05-01 16:00:00,13.60,45,9.00,,0.00,19.20,304
2027-05-01 17:00:00,12.90,45,8.10,,0.00,19.50,308
2027-05-01 18:00:00,11.70,51,7.30,,0.00,17.80,318
2027-05-01 19:00:00,9.60,54,4.80,,0.00,18.60,324
2027-05-01 20:00:00,8.20,53,3.70,,0.00,15.20,329
2027-05-01 21:00:00,7.30,57,3.10,,0.00,13.50,326
2027-05-01 22:00:00,6.40,62,2.70,,0.00,10.40,314
2027-05-01 23:00:00,6.00,64,2.40,,0.00,9.70,309
2027-05-02 00:00:00,5.90,62,2.10,,0.00,10.40,316
2027-05-02 01:00:00,4.90,65,1.10,,0.00,10.70,315
2027-05-02 02:00:00,3.90,67,-0.00,,0.00,10.90,326
2027-05-02 03:00:00,3.00,68,-0.70,,0.00,8.50,324
2027-05-02 04:00:00,2.10,71,-1.60,,0.00,8.20,322
2027-05-02 05:00:00,1.40,73,-2.30,,0.00,7.40,317
2027-05-02 06:00:00,1.20,70,-2.50,,0.00,7.00,305
2027-05-02 07:00:00,2.80,65,-1.20,,0.00,9.50,307
2027-05-02 08:00:00,5.10,56,1.10,,0.00,9.90,314
2027-05-02 09:00:00,7.40,44,3.00,,0.00,12.00,327
2027-05-02 10:00:00,9.40,37,4.90,,0.00,13.20,331
2027-05-02 11:00:00,10.70,32,6.80,,0.00,13.90,329
2027-05-02 12:00:00,11.60,30,8.00,,0.00,14.60,322
2027-05-02 13:00:00,12.60,28,9.20,,0.00,14.50,316
2027-05-02 14:00:00,13.40,25,9.80,,0.00,14.50,314
2027-05-02 15:00:00,14.20,24,10.70,,0.00,12.50,316
2027-05-02 16:00:00,14.40,25,10.50,,0.00,11.20,318
2027-05-02 17:00:00,14.20,26,10.00,,0.00,9.70,312
2027-05-02 18:00:00,14.10,27,10.10,,0.00,8.90,310
2027-05-02 19:00:00,13.10,30,9.50,,0.00,6.20,306
2027-05-02 20:00:00,11.10,39,8.10,,0.00,3.10,291
2027-05-02 21:00:00,9.80,42,7.00,,0.00,1.80,270
2027-05-02 22:00:00,8.80,41,5.90,,0.00,1.80,217
2027-05-02 23:00:00,7.90,43,4.90,,0.00,2.20,189
2027-05-03 00:00:00,6.60,50,3.60,,0.00,2.50,188
2027-05-03 01:00:00,6.30,48,3.10,,0.00,3.70,191
2027-05-03 02:00:00,5.50,52,2.20,,0.00,4.30,180
2027-05-03 03:00:00,4.00,58,0.70,,0.00,4.70,184
2027-05-03 04:00:00,3.60,59,0.20,,0.00,5.10,184
2027-05-03 05:00:00,3.60,58,-0.10,,0.00,6.80,183
2027-05-03 06:00:00,4.40,55,0.50,,0.00,8.00,188
2027-05-03 07:00:00,5.90,50,1.70,,0.00,10.10,186
2027-05-03 08:00:00,8.20,49,4.10,,0.00,11.30,187
2027-05-03 09:00:00,12.10,41,8.00,,0.00,12.40,188
2027-05-03 10:00:00,14.20,41,10.20,,0.00,14.40,193
2027-05-03 11:00:00,16.00,40,12.10,,0.00,15.00,197
2027-05-03 12:00:00,18.10,37,14.30,,0.00,15.10,208
2027-05-03 13:00:00,18.00,41,15.00,,0.30,11.70,227
2027-05-03 14:00:00,19.00,40,15.70,,0.00,13.80,223
2027-05-03 15:00:00,18.40,43,15.20,,0.10,14.30,227
2027-05-03 16:00:00,16.40,61,14.30,,0.40,12.70,235
2027-05-03 17:00:00,16.00,70,14.90,,0.70,8.20,203
2027-05-03 18:00:00,15.80,74,15.10,,0.00,6.60,193
2027-05-03 19:00:00,15.60,76,15.10,,0.00,6.60,193
2027-05-03 20:00:00,14.60,80,13.90,,0.00,7.20,198
2027-05-03 21:00:00,14.20,79,13.20,,0.00,7.60,205
2027-05-03 22:00:00,13.90,82,13.20,,0.00,6.90,219
2027-05-03 23:00:00,13.40,86,12.70,,0.00,6.90,227
2027-05-04 00:00:00,12.70,88,12.10,,0.00,5.60,230
2027-05-04 01:00:00,12.30,90,11.70,,0.00,5.40,228
2027-05-04 02:00:00,11.80,91,11.20,,0.00,4.80,222
2027-05-04 03:00:00,11.10,93,10.50,,0.00,4.20,211
2027-05-04 04:00:00,11.00,93,10.40,,0.00,3.90,202
2027-05-04 05:00:00,10.60,93,9.90,,0.00,3.60,174
2027-05-04 06:00:00,10.40,94,9.50,,0.00,4.70,184
2027-05-04 07:00:00,12.00,92,11.40,,0.00,6.10,180
2027-05-04 08:00:00,14.00,86,13.20,,0.00,9.40,184
2027-05-04 09:00:00,15.70,81,15.00,,0.00,9.40,187
2027-05-04 10:00:00,17.60,75,17.00,,0.00,10.80,182
2027-05-04 11:00:00,19.80,64,18.80,,0.00,14.20,189
2027-05-04 12:00:00,20.30,59,18.60,,0.00,15.50,208
2027-05-04 13:00:00,20.20,58,19.10,,0.10,10.70,194
2027-05-04 14:00:00,21.90,51,20.30,,0.00,13.60,191
2027-05-04 15:00:00,22.80,49,21.30,,0.00,14.00,209
2027-05-04 16:00:00,21.60,55,20.80,,0.10,9.90,213
2027-05-04 17:00:00,23.00,51,22.30,,0.00,10.00,201
2027-05-04 18:00:00,22.50,45,21.30,,0.20,8.70,225
2027-05-04 19:00:00,20.60,57,20.30,,0.10,5.40,228
2027-05-04 20:00:00,18.30,74,17.60,,0.40,12.30,232
2027-05-04 21:00:00,17.10,81,17.00,,0.40,9.10,236
2027-05-04 22:00:00,16.30,85,16.30,,0.10,8.70,222
2027-05-04 23:00:00,15.50,90,15.60,,0.00,7.60,225
2027-05-05 00:00:00,14.90,92,15.00,,0.00,6.90,227
2027-05-05 01:00:00,14.40,94,14.70,,0.00,5.70,235
2027-05-05 02:00:00,13.80,95,14.00,,0.00,5.40,262
2027-05-05 03:00:00,13.60,95,13.60,,0.00,6.00,303
2027-05-05 04:00:00,12.90,81,11.60,,0.00,7.90,336
2027-05-05 05:00:00,12.10,72,10.30,,0.00,7.30,340
2027-05-05 06:00:00,11.20,70,9.20,,0.00,6.80,342
2027-05-05 07:00:00,11.10,71,9.30,,0.00,5.40,352
2027-05-05 08:00:00,11.00,71,9.20,,0.00,4.70,351
2027-05-05 09:00:00,11.20,70,9.50,,0.10,4.70,360
2027-05-05 10:00:00,11.70,66,9.80,,0.00,5.70,342
2027-05-05 11:00:00,12.20,65,10.50,,0.00,3.90,326
2027-05-05 12:00:00,13.00,62,11.40,,0.10,3.60,270
2027-05-05 13:00:00,13.70,60,12.00,,0.00,4.90,253
2027-05-05 14:00:00,14.40,58,12.60,,0.00,5.70,252
2027-05-05 15:00:00,14.80,58,13.00,,0.00,6.70,254
2027-05-05 16:00:00,14.60,57,12.60,,0.00,7.40,241
2027-05-05 17:00:00,14.30,63,12.40,,0.00,7.70,217
2027-05-05 18:00:00,14.20,62,12.40,,0.00,6.90,223
2027-05-05 19:00:00,13.60,67,12.10,,0.00,6.20,216
2027-05-05 20:00:00,12.70,73,11.20,,0.00,6.90,219
2027-05-05 21:00:00,11.80,78,10.50,,0.00,4.90,253
2027-05-05 22:00:00,11.20,66,9.20,,0.00,5.40,307
2027-05-05 23:00:00,10.60,63,7.20,,0.00,12.70,352
2027-05-06 00:00:00,9.40,66,6.10,,0.00,11.90,355
2027-05-06 01:00:00,8.10,71,5.20,,0.00,9.40,7
2027-05-06 02:00:00,6.90,77,3.90,,0.00,9.50,9
2027-05-06 03:00:00,5.60,78,2.60,,0.00,8.70,7
2027-05-06 04:00:00,4.70,78,1.50,,0.00,8.10,13
2027-05-06 05:00:00,3.80,76,0.50,,0.00,7.60,19
2027-05-06 06:00:00,3.20,77,-0.00,,0.00,6.90,28
2027-05-06 07:00:00,4.20,73,0.90,,0.00,7.70,37
2027-05-06 08:00:00,5.70,63,2.00,,0.00,9.70,51
2027-05-06 09:00:00,7.60,52,3.80,,0.00,9.80,54
2027-05-06 10:00:00,9.00,46,5.30,,0.00,8.80,55
2027-05-06 11:00:00,10.30,43,7.20,,0.00,7.30,57
2027-05-06 12:00:00,11.20,40,8.70,,0.00,4.90,54
2027-05-06 13:00:00,11.90,39,9.50,,0.00,2.70,67
2027-05-06 14:00:00,12.50,37,10.40,,0.00,0.40,180
2027-05-06 15:00:00,13.70,36,11.10,,0.00,1.60,153
2027-05-06 16:00:00,13.70,38,11.10,,0.00,3.30,186
2027-05-06 17:00:00,13.40,40,10.60,,0.00,4.70,184
2027-05-06 18:00:00,13.30,41,10.70,,0.00,3.50,204
2027-05-06 19:00:00,12.70,49,10.60,,0.00,2.30,231
2027-05-06 20:00:00,12.00,55,10.30,,0.00,1.10,288
2027-05-06 21:00:00,11.60,53,9.80,,0.00,0.50,315
2027-05-06 22:00:00,11.20,56,9.20,,0.00,2.10,301
2027-05-06 23:00:00,10.90,54,8.80,,0.00,2.00,315
2027-05-07 00:00:00,10.10,64,8.30,,0.00,1.80,307
2027-05-07 01:00:00,9.50,66,7.60,,0.20,2.40,297
2027-05-07 02:00:00,8.70,73,6.80,,0.50,3.10,291
2027-05-07 03:00:00,8.20,81,6.70,,1.00,2.50,278
2027-05-07 04:00:00,7.80,84,6.40,,0.70,1.60,207
2027-05-07 05:00:00,7.60,86,6.10,,0.30,2.00,225
2027-05-07 06:00:00,7.50,89,6.10,,0.10,2.60,254
2027-05-07 07:00:00,8.00,87,6.40,,0.00,4.00,275
2027-05-07 08:00:00,8.70,83,6.80,,0.00,6.00,287
2027-05-07 09:00:00,10.10,72,8.00,,0.10,6.00,295
2027-05-07 10:00:00,11.30,64,9.20,,0.00,5.90,322
2027-05-07 11:00:00,12.80,52,10.80,,0.00,6.10,332
2027-05-07 12:00:00,13.50,48,12.20,,0.00,6.90,317
2027-05-07 13:00:00,14.40,45,13.00,,0.00,7.90,317
2027-05-07 14:00:00,14.90,41,13.10,,0.00,8.20,319
2027-05-07 15:00:00,15.90,36,13.50,,0.00,8.20,319
2027-05-07 16:00:00,15.70,35,12.60,,0.00,8.60,327
2027-05-07 17:00:00,15.20,35,11.60,,0.00,9.80,332
2027-05-07 18:00:00,14.70,35,11.00,,0.00,10.00,339
2027-05-07 19:00:00,13.70,37,10.30,,0.00,8.10,339
2027-05-07 20:00:00,12.20,44,9.70,,0.00,2.30,321
2027-05-07 21:00:00,11.50,44,8.20,,0.00,7.30,327
2027-05-07 22:00:00,9.70,44,6.30,,0.00,6.20,339
2027-05-07 23:00:00,8.60,47,5.10,,0.00,7.30,340
2027-05-08 00:00:00,7.50,55,4.10,,0.00,7.30,340
2027-05-08 01:00:00,6.60,61,3.20,,0.00,7.80,338
2027-05-08 02:00:00,5.80,68,2.40,,0.00,8.60,338
2027-05-08 03:00:00,4.90,71,1.50,,0.00,8.70,343
2027-05-08 04:00:00,4.30,73,0.80,,0.00,9.00,344
2027-05-08 05:00:00,3.60,76,0.20,,0.00,8.10,347
2027-05-08 06:00:00,3.20,79,0.00,,0.00,7.30,340
2027-05-08 07:00:00,4.50,76,1.30,,0.00,8.20,345
2027-05-08 08:00:00,6.30,69,2.90,,0.00,9.50,351
2027-05-08 09:00:00,8.30,65,5.20,,0.00,8.70,343
2027-05-08 10:00:00,9.80,56,6.90,,0.00,8.70,336
2027-05-08 11:00:00,10.70,48,8.10,,0.00,9.10,326
2027-05-08 12:00:00,10.90,46,8.20,,0.00,10.00,339
2027-05-08 13:00:00,11.40,43,8.70,,0.00,9.20,339
2027-05-08 14:00:00,11.90,41,8.80,,0.00,8.60,338
2027-05-08 15:00:00,12.40,39,9.00,,0.00,7.60,335
2027-05-08 16:00:00,12.00,40,8.60,,0.00,7.70,332
2027-05-08 17:00:00,11.80,40,8.40,,0.00,7.60,329
2027-05-08 18:00:00,11.30,40,7.70,,0.00,8.40,329
2027-05-08 19:00:00,10.80,40,7.20,,0.00,7.90,336
2027-05-08 20:00:00,9.50,46,6.30,,0.00,6.00,335
2027-05-08 21:00:00,8.60,49,5.50,,0.00,5.20,348
2027-05-08 22:00:00,7.70,51,4.50,,0.00,5.50,349
2027-05-08 23:00:00,7.00,52,3.60,,0.00,6.80,342
2027-05-09 00:00:00,6.40,55,2.90,,0.00,7.80,347
2027-05-09 01:00:00,6.00,57,2.60,,0.00,6.90,6
2027-05-09 02:00:00,5.50,59,2.10,,0.00,6.60,9
2027-05-09 03:00:00,4.90,61,1.50,,0.00,6.20,21
2027-05-09 04:00:00,4.80,61,1.60,,0.00,5.00,21
2027-05-09 05:00:00,4.60,62,1.60,,0.00,3.50,24
2027-05-09 06:00:00,4.50,67,1.80,,0.00,2.20,351
2027-05-09 07:00:00,5.40,64,2.40,,0.00,5.10,8
2027-05-09 08:00:00,6.40,59,2.90,,0.00,8.30,18
2027-05-09 09:00:00,7.60,50,3.80,,0.00,9.40,18
2027-05-09 10:00:00,9.10,45,5.10,,0.00,10.60,18
2027-05-09 11:00:00,10.20,41,6.80,,0.00,10.30,12
2027-05-09 12:00:00,10.40,40,7.40,,0.00,9.00,2
2027-05-09 13:00:00,10.30,39,6.50,,0.00,8.80,9
2027-05-09 14:00:00,10.30,38,6.50,,0.00,8.60,15
2027-05-09 15:00:00,10.60,39,7.00,,0.00,7.30,20
2027-05-09 16:00:00,10.50,39,6.80,,0.00,7.80,13
2027-05-09 17:00:00,10.60,42,7.10,,0.00,7.50,17
2027-05-09 18:00:00,10.50,41,7.20,,0.00,5.20,16
2027-05-09 19:00:00,10.00,40,6.60,,0.00,5.90,11
2027-05-09 20:00:00,8.70,47,5.70,,0.00,4.00,360
2027-05-09 21:00:00,7.50,50,4.40,,0.00,4.10,345
2027-05-09 22:00:00,6.90,51,3.90,,0.00,3.10,339
2027-05-09 23:00:00,6.70,51,3.70,,0.00,3.30,311
2027-05-10 00:00:00,6.90,52,4.00,,0.00,3.40,302
2027-05-10 01:00:00,6.70,53,3.60,,0.00,4.00,297
2027-05-10 02:00:00,5.90,55,2.80,,0.00,4.20,301
2027-05-10 03:00:00,5.90,54,2.70,,0.00,4.40,305
2027-05-10 04:00:00,5.40,58,2.30,,0.00,4.20,301
2027-05-10 05:00:00,5.10,60,2.10,,0.00,4.40,305
2027-05-10 06:00:00,5.00,60,1.40,,0.00,7.90,309
2027-05-10 07:00:00,5.90,62,2.30,,0.00,8.70,318
2027-05-10 08:00:00,7.40,63,4.10,,0.00,8.70,336
2027-05-10 09:00:00,8.70,56,5.40,,0.00,8.10,328
2027-05-10 10:00:00,9.20,57,6.10,,0.10,8.10,302
2027-05-10 11:00:00,9.40,59,6.30,,0.20,8.70,294
2027-05-10 12:00:00,10.70,48,7.70,,0.10,10.10,297
2027-05-10 13:00:00,10.90,51,8.10,,0.10,10.30,299
2027-05-10 14:00:00,10.90,54,8.00,,0.30,9.70,301
2027-05-10 15:00:00,10.60,55,7.30,,0.40,10.50,301
2027-05-10 16:00:00,10.20,59,7.10,,0.20,9.70,301
2027-05-10 17:00:00,9.90,58,7.00,,0.20,7.90,300
2027-05-10 18:00:00,9.40,65,6.90,,0.00,6.60,292
2027-05-10 19:00:00,8.90,67,6.60,,0.20,4.80,283
2027-05-10 20:00:00,7.90,70,5.60,,0.10,4.30,294
2027-05-10 21:00:00,6.60,77,4.50,,0.00,2.90,300
2027-05-10 22:00:00,5.90,77,3.70,,0.00,2.80,310
2027-05-10 23:00:00,5.40,79,3.30,,0.00,2.50,315
2027-05-11 00:00:00,4.70,84,2.40,,0.00,3.10,324
2027-05-11 01:00:00,4.60,86,2.50,,0.00,2.50,315
2027-05-11 02:00:00,4.50,86,2.50,,0.00,2.10,329
2027-05-11 03:00:00,4.20,85,2.00,,0.00,2.10,301
2027-05-11 04:00:00,4.00,85,1.80,,0.00,2.30,321
2027-05-11 05:00:00,3.50,87,1.20,,0.00,2.70,337
2027-05-11 06:00:00,3.30,88,1.10,,0.00,2.50,352
2027-05-11 07:00:00,4.70,86,2.60,,0.00,2.50,360
2027-05-11 08:00:00,6.70,78,4.50,,0.00,4.50,14
2027-05-11 09:00:00,8.70,68,6.30,,0.00,4.90,17
2027-05-11 10:00:00,9.40,65,6.80,,0.10,6.70,16
2027-05-11 11:00:00,10.80,48,7.90,,0.10,7.60,355
2027-05-11 12:00:00,11.70,42,8.60,,0.00,10.40,340
2027-05-11 13:00:00,12.00,37,8.70,,0.00,10.00,330
2027-05-11 14:00:00,12.20,36,8.20,,0.00,10.60,325
2027-05-11 15:00:00,12.70,33,8.60,,0.00,10.80,330
2027-05-11 16:00:00,12.80,36,9.10,,0.00,9.80,332
2027-05-11 17:00:00,12.50,35,8.70,,0.00,9.00,331
2027-05-11 18:00:00,12.20,36,8.70,,0.00,7.00,339
2027-05-11 19:00:00,11.30,37,7.90,,0.00,6.40,344
2027-05-11 20:00:00,9.60,47,6.70,,0.00,3.90,338
2027-05-11 21:00:00,8.50,52,6.00,,0.00,1.80,349
2027-05-11 22:00:00,7.70,51,5.10,,0.00,1.80,360
2027-05-11 23:00:00,7.00,52,4.30,,0.00,1.80,360
2027-05-12 00:00:00,6.00,59,3.40,,0.00,2.20,351
2027-05-12 01:00:00,5.50,60,2.90,,0.00,1.60,333
2027-05-12 02:00:00,4.90,62,2.30,,0.00,1.60,333
2027-05-12 03:00:00,4.20,67,1.60,,0.00,1.80,349
2027-05-12 04:00:00,3.70,68,1.10,,0.00,1.90,338
2027-05-12 05:00:00,3.30,70,0.60,,0.00,1.80,349
2027-05-12 06:00:00,3.50,71,0.80,,0.00,2.40,333
2027-05-12 07:00:00,5.10,72,2.70,,0.00,2.60,326
2027-05-12 08:00:00,7.80,65,5.40,,0.00,4.00,333
2027-05-12 09:00:00,9.90,52,7.10,,0.00,5.30,332
2027-05-12 10:00:00,11.00,44,8.00,,0.00,7.70,319
2027-05-12 11:00:00,11.50,41,8.60,,0.00,8.10,315
2027-05-12 12:00:00,11.90,38,8.60,,0.00,9.40,310
2027-05-12 13:00:00,12.20,37,8.60,,0.00,8.70,300
2027-05-12 14:00:00,12.40,35,8.50,,0.00,9.50,299
2027-05-12 15:00:00,12.50,34,8.70,,0.00,8.60,303
2027-05-12 16:00:00,12.40,35,8.70,,0.00,8.50,306
2027-05-12 17:00:00,12.20,37,8.40,,0.00,9.50,299
2027-05-12 18:00:00,11.60,40,7.80,,0.00,9.40,320
2027-05-12 19:00:00,10.80,42,7.20,,0.00,8.50,324
2027-05-12 20:00:00,9.10,51,6.10,,0.00,4.80,318
2027-05-12 21:00:00,7.40,61,4.80,,0.00,3.90,326
2027-05-12 22:00:00,6.80,65,4.30,,0.00,3.30,319
2027-05-12 23:00:00,6.40,69,3.90,,0.00,3.50,294
2027-05-13 00:00:00,5.90,77,3.70,,0.00,2.70,293
2027-05-13 01:00:00,5.30,78,3.00,,0.10,2.80,310
2027-05-13 02:00:00,4.70,83,2.40,,0.10,3.60,307
2027-05-13 03:00:00,4.60,89,2.50,,0.10,2.80,320
2027-05-13 04:00:00,4.20,92,2.10,,0.00,3.10,306
2027-05-13 05:00:00,4.10,94,2.00,,0.00,3.40,302
2027-05-13 06:00:00,4.70,94,2.60,,0.00,4.20,301
2027-05-13 07:00:00,5.80,91,3.50,,0.00,6.60,315
2027-05-13 08:00:00,7.20,86,5.00,,0.00,6.60,319
2027-05-13 09:00:00,8.30,75,5.80,,0.00,7.90,330
2027-05-13 10:00:00,9.50,65,6.50,,0.00,9.20,329
2027-05-13 11:00:00,10.20,58,6.80,,0.00,11.20,327
2027-05-13 12:00:00,10.70,59,7.60,,0.20,10.50,329
2027-05-13 13:00:00,11.30,61,8.80,,0.20,10.50,329
2027-05-13 14:00:00,11.70,60,9.30,,0.10,10.10,333
2027-05-13 15:00:00,13.90,40,11.20,,0.00,8.40,335
2027-05-13 16:00:00,13.90,36,10.20,,0.00,9.80,332
2027-05-13 17:00:00,14.10,34,10.30,,0.00,9.70,329
2027-05-13 18:00:00,13.50,36,9.70,,0.00,9.90,316
2027-05-13 19:00:00,12.60,39,9.10,,0.00,8.70,315
2027-05-13 20:00:00,10.80,48,7.80,,0.00,6.20,306
2027-05-13 21:00:00,9.20,55,6.20,,0.00,6.20,306
2027-05-13 22:00:00,7.70,67,5.30,,0.00,4.10,308
2027-05-13 23:00:00,7.00,73,4.70,,0.00,3.60,315
2027-05-14 00:00:00,6.60,77,4.40,,0.00,3.60,315
2027-05-14 01:00:00,6.10,80,4.00,,0.00,3.10,315
2027-05-14 02:00:00,5.60,82,3.50,,0.00,2.90,300
2027-05-14 03:00:00,5.40,82,3.20,,0.00,2.90,277
2027-05-14 04:00:00,4.70,85,2.40,,0.00,3.70,281
2027-05-14 05:00:00,4.20,89,1.90,,0.00,3.80,287
2027-05-14 06:00:00,4.00,92,1.80,,0.00,3.80,287
2027-05-14 07:00:00,5.90,88,4.00,,0.00,3.70,281
2027-05-14 08:00:00,8.50,78,6.40,,0.00,5.40,278
2027-05-14 09:00:00,11.00,67,8.90,,0.00,6.10,273
2027-05-14 10:00:00,12.00,65,9.90,,0.30,6.80,270
2027-05-14 11:00:00,13.20,55,11.00,,0.10,9.00,293
2027-05-14 12:00:00,13.90,44,10.80,,0.00,8.20,311
2027-05-14 13:00:00,14.00,45,11.20,,0.00,7.40,293
2027-05-14 14:00:00,13.10,57,10.40,,0.40,10.10,305
2027-05-14 15:00:00,14.10,50,11.00,,0.30,10.90,262
2027-05-14 16:00:00,14.60,42,11.70,,0.00,9.40,263
2027-05-14 17:00:00,14.30,42,11.10,,0.00,9.00,268
2027-05-14 18:00:00,14.20,40,11.10,,0.00,7.60,262
2027-05-14 19:00:00,13.70,42,10.80,,0.00,6.00,237
2027-05-14 20:00:00,11.90,52,9.50,,0.00,4.00,180
2027-05-14 21:00:00,10.40,54,7.80,,0.00,4.70,176
2027-05-14 22:00:00,9.30,58,6.70,,0.00,5.10,172
2027-05-14 23:00:00,8.50,62,5.60,,0.00,7.00,168
2027-05-15 00:00:00,7.90,66,4.90,,0.00,7.90,177
2027-05-15 01:00:00,7.50,67,4.50,,0.00,8.40,173
2027-05-15 02:00:00,7.10,70,4.00,,0.00,8.80,168
2027-05-15 03:00:00,6.90,73,4.00,,0.00,8.00,162
2027-05-15 04:00:00,6.60,75,3.60,,0.00,8.30,162
2027-05-15 05:00:00,6.40,76,3.30,,0.00,9.10,162
2027-05-15 06:00:00,7.20,75,4.20,,0.00,9.30,164
2027-05-15 07:00:00,8.80,71,5.70,,0.00,10.70,166
2027-05-15 08:00:00,11.00,66,8.00,,0.00,11.90,175
2027-05-15 09:00:00,12.40,66,9.40,,0.00,13.70,183
2027-05-15 10:00:00,12.30,72,8.80,,0.10,19.30,201
2027-05-15 11:00:00,12.40,75,9.30,,0.40,17.50,199
2027-05-15 12:00:00,12.70,75,9.80,,0.20,16.40,199
2027-05-15 13:00:00,13.30,74,10.80,,0.10,15.00,201
2027-05-15 14:00:00,14.40,70,11.80,,0.20,16.20,197
2027-05-15 15:00:00,15.70,64,13.20,,0.10,15.30,189
2027-05-15 16:00:00,15.80,62,13.30,,0.10,14.60,190
2027-05-15 17:00:00,14.20,78,12.60,,1.20,11.30,187
2027-05-15 18:00:00,14.80,70,12.80,,0.10,12.60,177
2027-05-15 19:00:00,14.70,69,13.00,,0.00,10.10,178
2027-05-15 20:00:00,13.90,71,12.70,,0.00,5.80,150
2027-05-15 21:00:00,13.30,73,12.00,,0.00,6.30,149
2027-05-15 22:00:00,12.80,74,11.10,,0.30,8.40,155
2027-05-15 23:00:00,12.50,71,10.50,,0.10,9.00,157
2027-05-16 00:00:00,11.90,79,10.60,,0.10,5.80,187
2027-05-16 01:00:00,11.70,79,10.00,,0.00,8.70,150
2027-05-16 02:00:00,11.90,76,9.60,,0.00,11.70,162
2027-05-16 03:00:00,11.20,81,9.40,,0.00,9.00,157
2027-05-16 04:00:00,11.10,79,8.80,,0.00,11.30,158
2027-05-16 05:00:00,10.80,81,8.60,,0.00,10.70,166
2027-05-16 06:00:00,10.70,84,8.70,,0.00,10.70,166
2027-05-16 07:00:00,11.30,82,9.10,,0.00,11.90,166
2027-05-16 08:00:00,12.00,79,9.70,,0.00,13.20,169
2027-05-16 09:00:00,12.60,76,10.00,,0.00,14.80,177
2027-05-16 10:00:00,13.30,71,10.40,,0.00,15.90,185
2027-05-16 11:00:00,14.50,65,11.70,,0.00,15.50,184
2027-05-16 12:00:00,15.10,63,12.20,,0.00,16.30,188
2027-05-16 13:00:00,16.00,60,12.90,,0.00,18.40,192
2027-05-16 14:00:00,15.00,68,12.80,,0.00,13.50,222
2027-05-16 15:00:00,12.90,76,10.70,,0.00,12.70,299
2027-05-16 16:00:00,10.90,79,8.60,,0.00,11.00,311
2027-05-16 17:00:00,10.10,78,7.80,,0.00,9.40,328
2027-05-16 18:00:00,9.00,79,7.00,,0.00,6.50,360
2027-05-16 19:00:00,9.00,79,6.80,,0.00,7.30,349
2027-05-16 20:00:00,8.40,80,6.30,,0.00,6.50,19
2027-05-16 21:00:00,8.20,79,6.00,,0.00,5.90,43
2027-05-16 22:00:00,7.80,82,5.50,,0.00,7.30,57
2027-05-16 23:00:00,7.60,85,5.20,,0.00,8.70,60
2027-05-17 00:00:00,7.70,86,5.20,,0.00,9.40,67
2027-05-17 01:00:00,8.10,87,5.80,,0.00,8.50,78
2027-05-17 02:00:00,8.60,84,6.70,,0.00,6.20,97
2027-05-17 03:00:00,8.50,89,7.00,,0.00,4.70,94
2027-05-17 04:00:00,9.50,78,7.50,,0.00,6.20,111
2027-05-17 05:00:00,10.20,71,7.90,,0.00,7.60,115
2027-05-17 06:00:00,10.60,72,8.50,,0.00,7.20,117
2027-05-17 07:00:00,11.40,73,9.40,,0.00,8.30,124
2027-05-17 08:00:00,12.00,74,10.00,,0.10,8.70,132
2027-05-17 09:00:00,12.90,75,11.30,,0.30,8.20,128
2027-05-17 10:00:00,13.70,79,12.50,,0.10,8.20,119
2027-05-17 11:00:00,14.20,81,12.60,,0.40,13.20,125
2027-05-17 12:00:00,14.70,76,13.30,,0.40,10.10,107
2027-05-17 13:00:00,14.60,75,13.00,,0.30,11.80,117
2027-05-17 14:00:00,14.20,86,13.50,,1.60,9.20,79
2027-05-17 15:00:00,15.30,79,14.10,,0.40,11.40,103
2027-05-17 16:00:00,15.30,81,14.30,,0.30,11.30,81
2027-05-17 17:00:00,15.40,83,14.50,,0.20,11.50,76
2027-05-17 18:00:00,15.20,85,14.40,,0.10,11.50,90
2027-05-17 19:00:00,15.00,85,15.00,,0.40,5.40,110
2027-05-17 20:00:00,14.00,92,14.40,,1.90,3.10,111
2027-05-17 21:00:00,13.60,95,14.20,,1.80,1.30,124
2027-05-17 22:00:00,13.20,96,13.70,,1.50,1.60,27
2027-05-17 23:00:00,12.90,96,13.20,,1.00,2.70,113
2027-05-18 00:00:00,12.80,96,13.00,,1.00,3.10,144
2027-05-18 01:00:00,12.50,99,12.40,,4.40,5.60,195
2027-05-18 02:00:00,12.10,95,11.90,,4.10,4.10,255
2027-05-18 03:00:00,11.60,98,11.50,,1.20,3.60,217
2027-05-18 04:00:00,11.40,99,11.30,,1.40,3.20,270
2027-05-18 05:00:00,11.20,96,10.60,,0.90,4.70,279
2027-05-18 06:00:00,11.10,97,10.60,,0.20,5.10,278
2027-05-18 07:00:00,11.10,95,10.30,,0.20,6.40,286
2027-05-18 08:00:00,11.50,92,10.50,,0.10,7.90,286
2027-05-18 09:00:00,12.00,87,10.50,,0.00,10.20,278
2027-05-18 10:00:00,12.90,81,11.20,,0.00,11.50,268
2027-05-18 11:00:00,12.70,83,11.00,,0.00,11.20,266
2027-05-18 12:00:00,13.20,79,11.30,,0.00,12.60,257
2027-05-18 13:00:00,13.90,74,11.80,,0.00,13.00,256
2027-05-18 14:00:00,14.40,68,12.20,,0.00,12.00,261
2027-05-18 15:00:00,14.50,65,12.30,,0.00,11.60,265
2027-05-18 16:00:00,14.20,64,12.10,,0.00,9.70,266
2027-05-18 17:00:00,14.20,63,12.30,,0.00,8.50,258
2027-05-18 18:00:00,14.90,60,13.10,,0.00,7.10,255
2027-05-18 19:00:00,14.00,66,13.00,,0.00,3.10,249
2027-05-18 20:00:00,13.70,69,12.80,,0.00,2.60,196
2027-05-18 21:00:00,13.10,65,11.80,,0.00,2.50,188
2027-05-18 22:00:00,12.30,65,10.90,,0.00,2.50,188
2027-05-18 23:00:00,11.90,66,10.30,,0.00,3.70,209
2027-05-19 00:00:00,10.70,72,9.10,,0.00,3.90,236
2027-05-19 01:00:00,10.40,72,8.70,,0.00,4.10,225
2027-05-19 02:00:00,9.90,74,8.20,,0.00,4.00,207
2027-05-19 03:00:00,9.10,80,7.60,,0.00,2.60,196
2027-05-19 04:00:00,8.80,81,7.30,,0.00,2.70,203
2027-05-19 05:00:00,8.10,83,6.50,,0.00,3.00,194
2027-05-19 06:00:00,8.10,87,6.50,,0.00,4.00,185
2027-05-19 07:00:00,9.20,89,7.90,,0.00,4.80,193
2027-05-19 08:00:00,10.70,87,9.40,,0.00,6.30,204
2027-05-19 09:00:00,12.80,76,11.40,,0.00,7.10,210
2027-05-19 10:00:00,14.40,72,12.90,,0.10,8.60,213
2027-05-19 11:00:00,14.50,73,13.20,,0.40,9.50,217
2027-05-19 12:00:00,16.00,60,14.50,,0.20,9.90,213
2027-05-19 13:00:00,15.60,62,13.80,,0.10,9.30,216
2027-05-19 14:00:00,15.30,61,13.60,,0.10,8.00,207
2027-05-19 15:00:00,16.20,55,14.40,,0.00,7.20,233
2027-05-19 16:00:00,15.30,62,13.70,,0.20,6.80,252
2027-05-19 17:00:00,14.90,67,13.60,,0.30,6.30,283
2027-05-19 18:00:00,13.90,77,13.30,,0.70,4.40,305
2027-05-19 19:00:00,13.20,80,12.50,,0.60,4.10,308
2027-05-19 20:00:00,12.50,85,12.40,,0.00,0.40,180
2027-05-19 21:00:00,11.30,85,10.60,,0.00,2.50,180
2027-05-19 22:00:00,10.30,85,9.30,,0.00,2.90,187
2027-05-19 23:00:00,9.70,86,8.50,,0.00,3.70,209
2027-05-20 00:00:00,8.40,93,7.20,,0.00,3.60,217
2027-05-20 01:00:00,8.20,92,6.90,,0.00,3.60,233
2027-05-20 02:00:00,8.00,91,6.50,,0.00,3.80,229
2027-05-20 03:00:00,7.20,92,5.70,,0.00,3.60,233
2027-05-20 04:00:00,6.90,91,5.30,,0.00,3.30,257
2027-05-20 05:00:00,6.80,88,5.10,,0.00,2.90,270
2027-05-20 06:00:00,7.60,86,6.00,,0.00,2.90,300
2027-05-20 07:00:00,9.80,82,8.70,,0.00,2.40,297
2027-05-20 08:00:00,12.30,71,11.00,,0.00,4.20,290
2027-05-20 09:00:00,14.00,65,12.70,,0.00,4.50,284
2027-05-20 10:00:00,15.60,57,14.20,,0.00,7.90,286
2027-05-20 11:00:00,16.00,50,13.60,,0.00,10.40,290
2027-05-20 12:00:00,16.30,46,13.50,,0.00,10.60,288
2027-05-20 13:00:00,17.20,43,14.40,,0.00,11.80,293
2027-05-20 14:00:00,17.00,46,14.00,,0.00,12.60,297
2027-05-20 15:00:00,15.80,54,13.10,,0.00,12.90,297
2027-05-20 16:00:00,16.10,53,13.40,,0.00,12.30,291
2027-05-20 17:00:00,15.80,53,13.10,,0.00,12.00,291
2027-05-20 18:00:00,14.50,67,12.70,,0.00,9.50,299
2027-05-20 19:00:00,14.00,73,12.60,,0.00,8.20,299
2027-05-20 20:00:00,12.90,79,11.90,,0.00,5.10,278
2027-05-20 21:00:00,11.70,84,10.80,,0.00,4.10,285
2027-05-20 22:00:00,10.80,88,10.00,,0.00,3.60,270
2027-05-20 23:00:00,10.20,90,9.20,,0.00,4.00,260
2027-05-21 00:00:00,9.70,91,8.70,,0.00,4.00,260
2027-05-21 01:00:00,9.30,93,8.20,,0.00,4.20,250
2027-05-21 02:00:00,8.90,95,7.80,,0.00,4.20,250
2027-05-21 03:00:00,8.80,97,7.70,,0.00,4.30,246
2027-05-21 04:00:00,8.60,97,7.40,,0.00,4.40,235
2027-05-21 05:00:00,8.50,97,7.30,,0.00,4.60,225
2027-05-21 06:00:00,9.00,96,7.70,,0.00,5.40,222
2027-05-21 07:00:00,10.70,91,9.40,,0.00,7.20,233
2027-05-21 08:00:00,12.90,82,11.60,,0.00,8.60,237
2027-05-21 09:00:00,15.60,71,14.30,,0.00,9.70,239
2027-05-21 10:00:00,17.10,66,15.80,,0.00,11.80,247
2027-05-21 11:00:00,18.70,59,17.90,,0.00,12.60,246
2027-05-21 12:00:00,20.50,48,19.50,,0.00,14.80,256
2027-05-21 13:00:00,21.60,40,20.10,,0.00,16.00,261
2027-05-21 14:00:00,22.20,37,20.20,,0.00,16.70,264
2027-05-21 15:00:00,22.70,33,20.10,,0.00,15.50,273
2027-05-21 16:00:00,22.50,35,19.80,,0.00,14.60,279
2027-05-21 17:00:00,22.30,33,19.10,,0.00,14.30,280
2027-05-21 18:00:00,21.70,34,18.80,,0.00,11.80,293
2027-05-21 19:00:00,20.90,36,18.30,,0.00,9.40,293
2027-05-21 20:00:00,18.70,47,17.30,,0.00,4.00,275
2027-05-21 21:00:00,17.30,52,16.10,,0.00,3.30,264
2027-05-21 22:00:00,16.40,51,15.00,,0.00,2.80,230
2027-05-21 23:00:00,15.80,53,14.30,,0.00,3.40,212
2027-05-22 00:00:00,13.60,61,12.20,,0.00,3.40,212
2027-05-22 01:00:00,13.20,61,11.80,,0.00,2.90,210
2027-05-22 02:00:00,12.50,63,10.90,,0.00,3.30,193
2027-05-22 03:00:00,12.30,64,10.60,,0.00,4.10,195
2027-05-22 04:00:00,11.50,68,9.90,,0.00,3.20,180
2027-05-22 05:00:00,11.20,70,9.60,,0.00,3.60,180
2027-05-22 06:00:00,11.50,73,10.20,,0.00,3.60,186
2027-05-22 07:00:00,13.00,73,12.00,,0.00,3.60,186
2027-05-22 08:00:00,14.90,72,14.10,,0.00,5.20,192
2027-05-22 09:00:00,17.10,65,16.40,,0.00,6.20,187
2027-05-22 10:00:00,19.60,58,18.90,,0.00,6.90,186
2027-05-22 11:00:00,21.80,51,22.00,,0.00,7.60,185
2027-05-22 12:00:00,23.00,38,22.30,,0.00,9.40,212
2027-05-22 13:00:00,23.30,35,21.40,,0.00,11.80,203
2027-05-22 14:00:00,23.50,38,22.10,,0.00,11.00,199
2027-05-22 15:00:00,23.90,37,22.80,,0.00,8.40,187
2027-05-22 16:00:00,23.40,38,21.50,,0.00,9.40,198
2027-05-22 17:00:00,23.10,38,21.30,,0.00,9.10,198
2027-05-22 18:00:00,22.30,42,21.00,,0.10,6.70,196
2027-05-22 19:00:00,21.70,48,21.10,,0.00,4.10,135
2027-05-22 20:00:00,20.00,57,19.80,,0.00,3.60,127
2027-05-22 21:00:00,19.50,49,18.60,,0.00,3.70,151
2027-05-22 22:00:00,18.30,50,16.90,,0.00,5.20,164
2027-05-22 23:00:00,17.10,52,15.60,,0.00,5.10,172
2027-05-23 00:00:00,16.40,57,15.20,,0.00,4.60,162
2027-05-23 01:00:00,15.50,60,14.20,,0.00,5.30,152
2027-05-23 02:00:00,14.80,63,13.30,,0.00,6.60,151
2027-05-23 03:00:00,14.30,65,12.70,,0.00,7.00,159
2027-05-23 04:00:00,14.00,68,12.50,,0.00,6.40,164
2027-05-23 05:00:00,13.50,72,12.20,,0.00,6.40,164
2027-05-23 06:00:00,13.80,73,12.60,,0.00,6.30,156
2027-05-23 07:00:00,15.10,72,14.00,,0.00,7.20,153
2027-05-23 08:00:00,16.60,70,15.90,,0.00,7.40,151
2027-05-23 09:00:00,18.80,62,17.80,,0.00,9.90,161
2027-05-23 10:00:00,20.00,58,18.90,,0.00,10.50,164
2027-05-23 11:00:00,21.10,50,19.70,,0.00,11.20,165
2027-05-23 12:00:00,21.40,49,20.00,,0.00,11.30,163
2027-05-23 13:00:00,22.60,44,21.00,,0.00,11.40,162
2027-05-23 14:00:00,22.70,44,20.90,,0.00,12.00,173
2027-05-23 15:00:00,23.30,42,21.80,,0.00,9.80,174
2027-05-23 16:00:00,24.50,32,22.20,,0.00,10.00,154
2027-05-23 17:00:00,24.50,30,21.80,,0.00,10.80,154
2027-05-23 18:00:00,23.90,32,21.60,,0.00,9.50,155
2027-05-23 19:00:00,22.80,35,20.90,,0.00,6.60,151
2027-05-23 20:00:00,20.50,43,19.20,,0.00,4.30,138
2027-05-23 21:00:00,19.10,40,17.20,,0.00,4.60,135
2027-05-23 22:00:00,17.90,42,16.00,,0.00,4.60,129
2027-05-23 23:00:00,17.20,43,15.00,,0.00,5.40,127
2027-05-24 00:00:00,16.70,48,14.90,,0.00,4.90,126
2027-05-24 01:00:00,16.00,51,14.10,,0.00,5.50,122
2027-05-24 02:00:00,15.70,55,13.90,,0.00,6.60,112
2027-05-24 03:00:00,15.20,59,13.60,,0.00,5.60,105
2027-05-24 04:00:00,14.60,61,13.10,,0.00,5.70,108
2027-05-24 05:00:00,14.00,66,12.30,,0.00,7.20,108
2027-05-24 06:00:00,14.30,68,12.90,,0.00,6.70,106
2027-05-24 07:00:00,15.80,66,14.60,,0.00,7.40,119
2027-05-24 08:00:00,17.80,63,16.80,,0.00,8.10,122
2027-05-24 09:00:00,21.20,50,20.10,,0.00,8.20,128
2027-05-24 10:00:00,23.30,45,22.40,,0.00,9.50,127
2027-05-24 11:00:00,25.10,36,23.80,,0.00,12.40,144
2027-05-24 12:00:00,25.80,33,23.10,,0.00,15.30,161
2027-05-24 13:00:00,26.70,29,25.20,,0.00,13.70,153
2027-05-24 14:00:00,26.50,28,23.40,,0.00,15.60,154
2027-05-24 15:00:00,26.40,28,23.40,,0.00,14.50,157
2027-05-24 16:00:00,25.80,32,23.30,,0.10,12.70,155
2027-05-24 17:00:00,25.50,33,23.30,,0.10,11.40,152
2027-05-24 18:00:00,24.50,38,23.00,,0.10,8.80,145
2027-05-24 19:00:00,23.00,45,22.40,,0.10,5.10,129
2027-05-24 20:00:00,21.40,50,20.70,,0.00,6.20,111
2027-05-24 21:00:00,20.20,56,20.00,,0.00,3.60,127
2027-05-24 22:00:00,19.20,59,18.60,,0.00,6.00,123
2027-05-24 23:00:00,18.60,63,18.20,,0.00,5.40,184
2027-05-25 00:00:00,17.00,76,16.80,,0.00,7.00,235
2027-05-25 01:00:00,16.40,89,17.40,,0.00,3.90,304
2027-05-25 02:00:00,16.10,91,17.30,,0.10,2.20,351
2027-05-25 03:00:00,15.70,91,16.90,,0.00,1.50,45
2027-05-25 04:00:00,15.40,91,16.30,,0.00,2.90,30
2027-05-25 05:00:00,15.00,93,15.90,,0.00,2.50,82
2027-05-25 06:00:00,15.40,91,15.60,,0.40,7.20,63
2027-05-25 07:00:00,16.20,88,16.00,,0.10,10.50,59
2027-05-25 08:00:00,17.10,85,17.10,,0.00,9.70,68
2027-05-25 09:00:00,18.40,74,18.30,,0.00,9.10,81
2027-05-25 10:00:00,19.30,71,19.30,,0.00,8.80,99
2027-05-25 11:00:00,22.30,62,22.40,,0.00,10.00,103
2027-05-25 12:00:00,24.40,53,25.30,,0.00,10.60,114
2027-05-25 13:00:00,26.30,39,25.90,,0.00,14.30,135
2027-05-25 14:00:00,27.30,32,25.10,,0.00,17.70,147
2027-05-25 15:00:00,27.50,29,25.00,,0.00,18.60,144
2027-05-25 16:00:00,27.40,29,24.60,,0.00,17.90,150
2027-05-25 17:00:00,27.00,30,24.20,,0.00,15.30,146
2027-05-25 18:00:00,26.30,33,24.10,,0.00,13.00,134
2027-05-25 19:00:00,25.40,36,23.70,,0.00,10.30,126
2027-05-25 20:00:00,23.60,40,22.20,,0.00,8.10,111
2027-05-25 21:00:00,22.10,42,20.30,,0.00,9.80,107
2027-05-25 22:00:00,21.80,42,19.60,,0.00,11.60,112
2027-05-25 23:00:00,21.40,43,19.30,,0.00,11.30,121
2027-05-26 00:00:00,21.20,45,19.20,,0.00,11.40,108
2027-05-26 01:00:00,20.50,46,18.60,,0.00,10.30,155
2027-05-26 02:00:00,18.70,59,17.50,,0.30,9.10,97
2027-05-26 03:00:00,18.90,51,16.90,,0.00,11.00,101
2027-05-26 04:00:00,18.30,51,16.30,,0.00,10.50,112
2027-05-26 05:00:00,17.60,53,15.60,,0.00,10.30,115
2027-05-26 06:00:00,18.40,52,16.50,,0.00,9.90,123
2027-05-26 07:00:00,18.50,55,16.80,,0.00,10.40,124
2027-05-26 08:00:00,19.20,57,17.60,,0.00,12.00,136
2027-05-26 09:00:00,19.30,59,18.00,,0.10,10.70,147
2027-05-26 10:00:00,20.10,61,19.20,,0.00,10.90,153
2027-05-26 11:00:00,20.00,64,19.50,,0.10,9.80,156
2027-05-26 12:00:00,20.50,61,19.80,,0.10,10.80,143
2027-05-26 13:00:00,20.80,65,21.30,,0.10,5.70,162
2027-05-26 14:00:00,22.00,64,22.80,,0.00,5.20,164
2027-05-26 15:00:00,22.50,61,23.20,,0.10,5.40,184
2027-05-26 16:00:00,21.90,64,22.40,,0.20,7.70,139
2027-05-26 17:00:00,21.90,59,21.90,,0.00,7.50,125
2027-05-26 18:00:00,22.30,45,19.80,,0.00,16.30,137
2027-05-26 19:00:00,21.70,45,19.50,,0.00,13.60,127
2027-05-26 20:00:00,21.40,40,18.60,,0.00,14.50,145
2027-05-26 21:00:00,20.00,44,16.70,,0.10,17.90,150
2027-05-26 22:00:00,18.60,54,16.60,,0.20,12.20,124
2027-05-26 23:00:00,18.30,55,17.10,,0.10,6.50,96
2027-05-27 00:00:00,18.70,51,16.90,,0.10,9.10,99
2027-05-27 01:00:00,18.30,52,16.60,,0.10,8.60,112
2027-05-27 02:00:00,17.70,55,16.50,,0.00,5.80,173
2027-05-27 03:00:00,17.60,58,16.60,,0.00,5.40,143
2027-05-27 04:00:00,17.30,58,16.40,,0.00,4.10,135
2027-05-27 05:00:00,17.00,57,15.80,,0.00,5.20,102
2027-05-27 06:00:00,17.20,53,15.20,,0.00,9.40,108
2027-05-27 07:00:00,17.60,49,15.20,,0.00,11.00,109
2027-05-27 08:00:00,17.90,46,15.40,,0.00,10.60,108
2027-05-27 09:00:00,19.90,38,16.90,,0.00,12.40,116
2027-05-27 10:00:00,22.00,34,18.90,,0.00,12.90,117
2027-05-27 11:00:00,23.90,31,20.90,,0.00,15.30,124
2027-05-27 12:00:00,24.80,27,21.50,,0.00,18.10,133
2027-05-27 13:00:00,25.90,25,22.10,,0.00,20.40,135
2027-05-27 14:00:00,25.80,25,21.80,,0.00,19.60,131
2027-05-27 15:00:00,25.70,26,21.80,,0.00,18.30,122
2027-05-27 16:00:00,26.40,23,22.20,,0.00,18.40,113
2027-05-27 17:00:00,26.20,24,22.00,,0.00,19.40,121
2027-05-27 18:00:00,24.90,25,20.90,,0.00,17.00,126
2027-05-27 19:00:00,24.00,27,20.60,,0.00,13.20,119
2027-05-27 20:00:00,22.70,30,19.80,,0.00,10.40,88
2027-05-27 21:00:00,21.40,32,18.30,,0.00,11.50,76
2027-05-27 22:00:00,20.40,34,17.10,,0.00,13.10,74
2027-05-27 23:00:00,19.80,36,16.40,,0.00,14.10,77
2027-05-28 00:00:00,19.40,38,16.10,,0.00,13.80,81
2027-05-28 01:00:00,19.40,38,16.00,,0.00,14.40,91
2027-05-28 02:00:00,19.40,37,15.90,,0.00,14.70,112
2027-05-28 03:00:00,19.00,39,16.20,,0.00,10.80,111
2027-05-28 04:00:00,17.80,42,15.30,,0.00,8.40,97
2027-05-28 05:00:00,17.30,44,14.70,,0.00,9.00,88
2027-05-28 06:00:00,17.20,45,14.80,,0.00,8.60,88
2027-05-28 07:00:00,17.80,44,15.00,,0.00,11.30,99
2027-05-28 08:00:00,18.90,42,16.00,,0.00,12.40,107
2027-05-28 09:00:00,20.80,36,17.90,,0.00,12.00,106
2027-05-28 10:00:00,21.10,37,18.20,,0.00,12.90,120
2027-05-28 11:00:00,21.20,39,18.50,,0.00,12.50,123
2027-05-28 12:00:00,22.10,40,19.50,,0.00,13.90,111
2027-05-28 13:00:00,22.90,36,19.70,,0.00,16.60,120
2027-05-28 14:00:00,19.50,49,15.90,,0.10,21.60,118
2027-05-28 15:00:00,19.50,55,17.90,,0.60,11.40,114
2027-05-28 16:00:00,21.60,50,19.40,,0.00,16.30,137
2027-05-28 17:00:00,21.60,49,20.00,,0.00,11.50,148
2027-05-28 18:00:00,20.90,54,20.40,,0.00,5.70,162
2027-05-28 19:00:00,20.30,58,20.20,,0.00,4.60,135
2027-05-28 20:00:00,20.20,51,18.10,,0.00,13.50,119
2027-05-28 21:00:00,18.30,61,16.70,,0.00,12.10,117
2027-05-28 22:00:00,17.40,65,16.80,,0.00,6.10,135
2027-05-28 23:00:00,16.80,68,16.10,,0.00,6.00,107
2027-05-29 00:00:00,16.80,67,16.00,,0.00,6.50,96
2027-05-29 01:00:00,16.40,69,15.40,,0.00,8.60,88
2027-05-29 02:00:00,16.10,72,15.10,,0.00,8.80,102
2027-05-29 03:00:00,15.90,81,15.70,,0.00,7.00,111
2027-05-29 04:00:00,15.70,86,15.50,,0.50,8.10,111
2027-05-29 05:00:00,15.30,90,15.20,,1.00,8.60,105
2027-05-29 06:00:00,15.00,94,15.10,,2.60,8.30,108
2027-05-29 07:00:00,14.80,93,14.60,,2.20,9.90,100
2027-05-29 08:00:00,15.30,95,15.20,,2.00,10.50,112
2027-05-29 09:00:00,15.90,91,15.70,,0.60,11.30,121
2027-05-29 10:00:00,16.00,87,15.80,,0.20,10.00,128
2027-05-29 11:00:00,16.80,83,16.50,,0.00,10.70,123
2027-05-29 12:00:00,16.90,84,16.30,,0.00,13.90,115
2027-05-29 13:00:00,17.10,73,15.60,,0.00,14.80,119
2027-05-29 14:00:00,17.00,70,15.10,,0.00,15.90,115
2027-05-29 15:00:00,17.80,68,16.20,,0.00,14.90,127
2027-05-29 16:00:00,18.10,67,16.80,,0.00,12.80,122
2027-05-29 17:00:00,18.80,64,17.60,,0.00,12.00,131
2027-05-29 18:00:00,18.40,68,17.70,,0.00,9.30,144
2027-05-29 19:00:00,18.20,72,18.20,,0.00,6.10,140
2027-05-29 20:00:00,17.40,77,17.70,,0.00,5.10,129
2027-05-29 21:00:00,16.80,79,17.40,,0.00,2.90,120
2027-05-29 22:00:00,16.60,79,17.00,,0.00,3.20,117
2027-05-29 23:00:00,16.10,80,16.50,,0.00,2.80,130
2027-05-30 00:00:00,15.40,82,15.60,,0.00,3.10,126
2027-05-30 01:00:00,14.90,84,15.10,,0.00,3.10,135
2027-05-30 02:00:00,14.40,85,14.50,,0.00,2.80,140
2027-05-30 03:00:00,13.70,87,13.80,,0.00,2.40,117
2027-05-30 04:00:00,13.20,89,13.20,,0.00,2.50,98
2027-05-30 05:00:00,12.60,92,12.60,,0.00,3.30,84
2027-05-30 06:00:00,12.80,93,13.00,,0.00,2.60,74
2027-05-30 07:00:00,14.70,90,15.30,,0.00,2.90,83
2027-05-30 08:00:00,16.50,85,17.40,,0.00,2.50,90
2027-05-30 09:00:00,18.30,79,19.70,,0.00,0.70,90
2027-05-30 10:00:00,19.20,73,20.40,,0.00,1.10,180
2027-05-30 11:00:00,19.70,72,20.90,,0.10,3.10,216
2027-05-30 12:00:00,20.40,69,22.20,,0.10,4.40,235
2027-05-30 13:00:00,21.30,65,23.10,,0.00,4.10,255
2027-05-30 14:00:00,22.10,61,23.50,,0.00,4.50,256
2027-05-30 15:00:00,22.30,55,22.90,,0.00,5.40,270
2027-05-30 16:00:00,22.50,52,22.30,,0.00,6.80,267
2027-05-30 17:00:00,22.10,56,21.80,,0.00,8.40,277
2027-05-30 18:00:00,22.20,55,22.30,,0.10,5.50,302
2027-05-30 19:00:00,21.50,55,21.60,,0.00,3.70,331
2027-05-30 20:00:00,20.80,61,21.60,,0.00,1.00,315
2027-05-30 21:00:00,19.30,64,19.60,,0.00,2.80,310
2027-05-30 22:00:00,17.90,68,17.70,,0.00,5.20,286
2027-05-30 23:00:00,15.90,80,15.80,,0.00,6.00,287
2027-05-31 00:00:00,15.20,84,15.10,,0.00,5.80,300
2027-05-31 01:00:00,14.50,86,14.20,,0.00,6.10,310
2027-05-31 02:00:00,13.90,89,13.50,,0.00,6.60,319
2027-05-31 03:00:00,13.30,92,12.90,,0.00,6.60,319
2027-05-31 04:00:00,12.90,95,12.50,,0.00,6.90,317
2027-05-31 05:00:00,12.70,96,12.30,,0.00,7.10,315
2027-05-31 06:00:00,13.20,95,13.00,,0.00,6.40,317
2027-05-31 07:00:00,14.60,90,14.60,,0.00,6.40,317
2027-05-31 08:00:00,16.40,83,16.60,,0.00,6.40,313
2027-05-31 09:00:00,18.20,77,18.40,,0.00,7.60,295
2027-05-31 10:00:00,19.70,67,19.60,,0.00,9.10,304
2027-05-31 11:00:00,20.60,61,20.00,,0.00,9.50,299
2027-05-31 12:00:00,21.70,55,21.80,,0.00,9.20,291
2027-05-31 13:00:00,22.40,49,22.20,,0.00,10.40,290
2027-05-31 14:00:00,22.90,47,22.40,,0.00,10.80,291
2027-05-31 15:00:00,22.90,47,21.90,,0.00,11.80,297
2027-05-31 16:00:00,22.80,45,21.30,,0.00,12.30,302
2027-05-31 17:00:00,22.50,45,20.70,,0.00,12.30,310
2027-05-31 18:00:00,22.20,42,20.30,,0.00,10.70,310
2027-05-31 19:00:00,21.40,40,19.40,,0.00,8.90,313
2027-05-31 20:00:00,19.60,45,18.20,,0.00,4.30,318
2027-05-31 21:00:00,18.70,51,17.70,,0.00,3.60,307
2027-05-31 22:00:00,17.30,60,16.80,,0.00,2.60,304
2027-05-31 23:00:00,17.20,61,16.60,,0.00,3.30,276
2027-06-01 00:00:00,16.30,63,15.60,,0.00,3.70,281
2027-06-01 01:00:00,15.50,68,14.90,,0.00,3.50,294
2027-06-01 02:00:00,14.90,72,14.40,,0.00,3.40,288
2027-06-01 03:00:00,14.40,75,13.80,,0.00,4.20,290
2027-06-01 04:00:00,13.90,79,13.30,,0.00,4.30,294
2027-06-01 05:00:00,13.30,84,12.70,,0.00,5.40,307
2027-06-01 06:00:00,13.70,87,13.40,,0.00,5.40,312
2027-06-01 07:00:00,15.40,85,15.40,,0.00,5.90,322
2027-06-01 08:00:00,17.20,79,17.40,,0.00,6.40,317
2027-06-01 09:00:00,19.10,71,19.30,,0.00,6.90,317
2027-06-01 10:00:00,20.10,61,19.40,,0.00,9.20,318
2027-06-01 11:00:00,20.90,54,19.90,,0.00,11.00,319
2027-06-01 12:00:00,21.70,48,20.60,,0.00,11.20,312
2027-06-01 13:00:00,22.30,43,20.80,,0.00,11.50,314
2027-06-01 14:00:00,22.60,40,20.90,,0.00,11.80,310
2027-06-01 15:00:00,23.20,38,21.30,,0.00,11.40,305
2027-06-01 16:00:00,23.20,37,21.20,,0.00,11.20,310
2027-06-01 17:00:00,22.90,37,20.70,,0.00,10.40,314
2027-06-01 18:00:00,22.90,36,20.80,,0.00,8.90,317
2027-06-01 19:00:00,22.00,38,20.20,,0.00,7.20,323
2027-06-01 20:00:00,20.30,46,19.30,,0.00,3.50,336
2027-06-01 21:00:00,18.50,52,17.60,,0.00,3.40,328
2027-06-01 22:00:00,17.60,56,16.80,,0.00,3.10,339
2027-06-01 23:00:00,16.80,58,16.00,,0.00,2.50,315
2027-06-02 00:00:00,14.60,68,13.90,,0.00,2.40,297
2027-06-02 01:00:00,14.10,69,13.30,,0.00,2.70,293
2027-06-02 02:00:00,13.30,71,12.40,,0.00,3.10,291
2027-06-02 03:00:00,12.50,77,11.80,,0.00,1.60,333
2027-06-02 04:00:00,12.10,79,11.50,,0.00,1.60,27
2027-06-02 05:00:00,11.40,82,10.80,,0.00,1.10,288
2027-06-02 06:00:00,11.90,84,11.60,,0.00,0.70,360
2027-06-02 07:00:00,14.50,85,15.00,,0.00,0.40,90
2027-06-02 08:00:00,17.10,73,17.40,,0.00,3.00,166
2027-06-02 09:00:00,19.30,60,18.80,,0.00,5.80,187
2027-06-02 10:00:00,20.70,54,20.40,,0.00,7.40,223
2027-06-02 11:00:00,21.80,48,22.00,,0.00,7.90,240
2027-06-02 12:00:00,22.80,45,23.40,,0.00,7.60,251
2027-06-02 13:00:00,24.00,41,24.50,,0.00,8.80,251
2027-06-02 14:00:00,24.80,39,25.00,,0.00,9.20,244
2027-06-02 15:00:00,25.30,36,25.00,,0.00,9.70,239
2027-06-02 16:00:00,25.40,34,24.20,,0.00,10.50,239
2027-06-02 17:00:00,25.00,36,23.10,,0.00,10.50,239
2027-06-02 18:00:00,24.60,37,23.00,,0.00,8.40,239
2027-06-02 19:00:00,23.90,42,23.00,,0.00,6.60,225
2027-06-02 20:00:00,22.10,52,22.00,,0.00,4.00,207
2027-06-02 21:00:00,20.80,56,20.70,,0.00,3.70,191
2027-06-02 22:00:00,19.80,56,19.40,,0.00,4.30,180
2027-06-02 23:00:00,19.50,59,19.20,,0.00,4.70,180
2027-06-03 00:00:00,19.10,63,18.90,,0.00,5.10,188
2027-06-03 01:00:00,18.40,68,18.40,,0.00,5.40,200
2027-06-03 02:00:00,18.00,72,18.10,,0.00,4.90,234
2027-06-03 03:00:00,17.40,80,18.30,,0.00,2.40,243
2027-06-03 04:00:00,16.90,81,17.70,,0.00,2.30,219
2027-06-03 05:00:00,16.40,82,17.20,,0.00,2.00,225
2027-06-03 06:00:00,17.00,81,17.90,,0.00,1.80,259
2027-06-03 07:00:00,18.90,81,20.50,,0.00,1.80,281
2027-06-03 08:00:00,20.90,76,22.60,,0.00,3.30,283
2027-06-03 09:00:00,22.50,71,24.80,,0.00,1.00,225
2027-06-03 10:00:00,23.80,65,25.50,,0.00,4.60,231
2027-06-03 11:00:00,24.80,59,26.00,,0.00,7.20,233
2027-06-03 12:00:00,26.20,51,27.20,,0.00,8.00,234
2027-06-03 13:00:00,27.10,47,28.00,,0.00,8.60,237
2027-06-03 14:00:00,27.20,44,27.50,,0.00,10.30,245
2027-06-03 15:00:00,27.70,43,27.50,,0.00,9.70,239
2027-06-03 16:00:00,27.40,44,27.50,,0.00,8.60,237
2027-06-03 17:00:00,26.50,48,26.80,,0.00,8.30,252
2027-06-03 18:00:00,21.40,80,23.40,,0.40,5.40,340
2027-06-03 19:00:00,21.10,82,23.40,,0.10,4.20,121
2027-06-03 20:00:00,20.60,87,23.50,,0.00,1.30,146
2027-06-03 21:00:00,19.30,91,21.50,,0.00,4.10,322
2027-06-03 22:00:00,18.60,94,21.20,,1.00,0.80,333
2027-06-03 23:00:00,18.20,96,20.50,,1.10,3.30,276
2027-06-04 00:00:00,18.20,99,21.10,,5.20,0.50,225
2027-06-04 01:00:00,18.00,99,20.40,,1.30,2.60,286
2027-06-04 02:00:00,17.70,96,18.30,,4.40,13.30,311
2027-06-04 03:00:00,17.00,93,16.90,,4.70,14.30,321
2027-06-04 04:00:00,15.70,89,14.50,,0.40,16.90,344
2027-06-04 05:00:00,15.00,88,14.00,,0.00,13.10,339
2027-06-04 06:00:00,14.40,86,13.40,,0.00,11.10,331
2027-06-04 07:00:00,14.90,85,13.50,,0.00,14.10,341
2027-06-04 08:00:00,16.10,81,15.20,,0.00,12.30,353
2027-06-04 09:00:00,16.70,78,16.10,,0.00,10.60,350
2027-06-04 10:00:00,17.20,74,16.50,,0.00,10.00,339
2027-06-04 11:00:00,18.30,68,17.50,,0.00,10.90,333
2027-06-04 12:00:00,19.60,61,19.20,,0.00,10.60,336
2027-06-04 13:00:00,20.50,55,20.20,,0.00,11.10,335
2027-06-04 14:00:00,21.10,50,20.40,,0.00,11.40,336
2027-06-04 15:00:00,21.60,47,20.70,,0.00,11.90,335
2027-06-04 16:00:00,21.90,45,20.60,,0.00,11.60,334
2027-06-04 17:00:00,21.60,46,19.90,,0.00,10.90,333
2027-06-04 18:00:00,21.60,46,20.00,,0.00,9.50,335
2027-06-04 19:00:00,21.00,50,20.20,,0.00,5.80,338
2027-06-04 20:00:00,19.70,60,19.90,,0.00,2.60,344
2027-06-04 21:00:00,18.30,63,18.30,,0.00,2.30,321
2027-06-04 22:00:00,17.40,62,17.10,,0.00,1.90,292
2027-06-04 23:00:00,16.50,63,16.00,,0.00,2.40,243
2027-06-05 00:00:00,14.90,74,14.50,,0.00,3.20,243
2027-06-05 01:00:00,14.40,75,14.00,,0.00,3.20,243
2027-06-05 02:00:00,14.10,77,13.70,,0.00,3.10,234
2027-06-05 03:00:00,13.60,79,13.20,,0.00,2.80,230
2027-06-05 04:00:00,13.10,80,12.60,,0.00,2.80,230
2027-06-05 05:00:00,12.90,82,12.40,,0.00,2.80,230
2027-06-05 06:00:00,13.60,83,13.40,,0.00,2.80,220
2027-06-05 07:00:00,15.70,84,16.40,,0.00,1.90,202
2027-06-05 08:00:00,18.10,78,18.90,,0.00,3.70,209
2027-06-05 09:00:00,20.10,65,20.30,,0.00,5.50,203
2027-06-05 10:00:00,21.20,55,20.60,,0.00,7.90,204
2027-06-05 11:00:00,21.80,47,20.50,,0.00,9.20,206
2027-06-05 12:00:00,22.80,42,21.20,,0.00,11.00,203
2027-06-05 13:00:00,23.70,39,22.70,,0.00,11.80,200
2027-06-05 14:00:00,24.00,37,22.50,,0.00,12.20,199
2027-06-05 15:00:00,24.60,37,23.60,,0.00,11.20,195
2027-06-05 16:00:00,24.70,40,23.80,,0.00,11.60,202
2027-06-05 17:00:00,24.60,40,22.90,,0.00,11.30,207
2027-06-05 18:00:00,24.60,40,22.90,,0.00,11.90,205
2027-06-05 19:00:00,23.80,42,22.40,,0.00,9.90,199
2027-06-05 20:00:00,22.00,50,21.30,,0.00,6.80,183
2027-06-05 21:00:00,20.30,53,19.50,,0.00,6.10,177
2027-06-05 22:00:00,19.10,58,18.30,,0.00,6.50,177
2027-06-05 23:00:00,18.60,58,17.50,,0.00,8.40,173
2027-06-06 00:00:00,18.10,61,16.80,,0.00,9.60,167
2027-06-06 01:00:00,17.80,63,16.60,,0.00,9.40,178
2027-06-06 02:00:00,17.60,63,16.60,,0.00,7.80,214
2027-06-06 03:00:00,17.20,68,16.20,,0.40,9.10,173
2027-06-06 04:00:00,17.00,69,15.60,,0.00,11.90,182
2027-06-06 05:00:00,16.80,74,15.80,,0.00,11.20,184
2027-06-06 06:00:00,17.30,74,16.80,,0.00,8.80,189
2027-06-06 07:00:00,18.70,72,18.30,,0.00,10.00,195
2027-06-06 08:00:00,20.70,69,20.70,,0.00,10.60,204
2027-06-06 09:00:00,22.40,65,22.90,,0.00,9.60,214
2027-06-06 10:00:00,24.40,63,25.80,,0.00,9.50,217
2027-06-06 11:00:00,26.20,59,28.60,,0.00,9.00,217
2027-06-06 12:00:00,28.20,54,31.30,,0.00,8.70,204
2027-06-06 13:00:00,29.70,48,32.60,,0.00,9.90,213
2027-06-06 14:00:00,30.80,43,33.10,,0.00,11.20,213
2027-06-06 15:00:00,31.90,38,33.40,,0.00,11.00,221
2027-06-06 16:00:00,31.40,36,31.20,,0.00,12.10,233
2027-06-06 17:00:00,30.40,40,30.20,,0.20,13.80,227
2027-06-06 18:00:00,25.20,68,27.90,,0.60,3.70,241
2027-06-06 19:00:00,25.70,67,28.60,,0.00,3.80,197
2027-06-06 20:00:00,25.10,69,27.80,,0.00,5.00,180
2027-06-06 21:00:00,23.50,70,25.40,,0.00,5.90,191
2027-06-06 22:00:00,22.70,75,24.80,,0.00,5.50,203
2027-06-06 23:00:00,22.00,75,23.80,,0.00,5.00,201
2027-06-07 00:00:00,20.20,83,21.90,,0.00,5.50,191
2027-06-07 01:00:00,20.00,84,21.90,,0.00,4.90,197
2027-06-07 02:00:00,19.40,87,21.30,,0.00,4.40,189
2027-06-07 03:00:00,18.50,89,20.00,,0.00,5.40,184
2027-06-07 04:00:00,18.40,89,19.70,,0.00,6.70,196
2027-06-07 05:00:00,18.20,89,19.60,,0.00,6.00,205
2027-06-07 06:00:00,18.90,86,20.10,,0.00,7.00,201
2027-06-07 07:00:00,20.60,81,22.00,,0.00,8.20,221
2027-06-07 08:00:00,22.50,75,24.00,,0.00,9.40,220
2027-06-07 09:00:00,23.70,72,25.30,,0.00,9.70,225
2027-06-07 10:00:00,25.70,66,27.90,,0.00,9.70,219
2027-06-07 11:00:00,27.30,60,29.80,,0.00,11.00,221
2027-06-07 12:00:00,28.00,59,31.30,,0.00,10.70,225
2027-06-07 13:00:00,29.50,50,32.00,,0.00,12.40,240
2027-06-07 14:00:00,29.80,46,31.30,,0.00,13.60,248
2027-06-07 15:00:00,30.00,46,31.70,,0.00,11.30,243
2027-06-07 16:00:00,29.40,48,30.40,,0.00,10.80,240
2027-06-07 17:00:00,29.10,49,30.30,,0.00,9.40,238
2027-06-07 18:00:00,28.10,52,29.10,,0.00,10.90,224
2027-06-07 19:00:00,26.70,65,29.20,,0.00,7.70,208
2027-06-07 20:00:00,25.40,73,28.30,,0.00,6.60,209
2027-06-07 21:00:00,23.70,77,26.70,,0.00,3.80,197
2027-06-07 22:00:00,22.60,79,25.20,,0.00,4.00,180
2027-06-07 23:00:00,22.00,80,24.30,,0.00,4.70,171
2027-06-08 00:00:00,21.40,81,23.70,,0.00,4.50,166
2027-06-08 01:00:00,20.90,83,23.00,,0.00,4.90,163
2027-06-08 02:00:00,20.50,86,22.60,,0.00,5.70,162
2027-06-08 03:00:00,20.20,88,22.40,,0.00,5.20,164
2027-06-08 04:00:00,20.00,88,21.70,,0.00,7.50,163
2027-06-08 05:00:00,19.90,87,21.60,,0.00,7.60,172
2027-06-08 06:00:00,20.60,86,22.40,,0.00,8.30,175
2027-06-08 07:00:00,21.80,81,23.40,,0.00,9.70,184
2027-06-08 08:00:00,23.40,76,25.20,,0.00,10.80,195
2027-06-08 09:00:00,25.10,67,26.60,,0.00,11.00,203
2027-06-08 10:00:00,26.70,63,28.70,,0.00,11.50,200
2027-06-08 11:00:00,28.20,56,30.60,,0.00,12.00,196
2027-06-08 12:00:00,29.30,49,31.20,,0.00,14.50,199
2027-06-08 13:00:00,30.10,43,31.60,,0.00,14.70,202
2027-06-08 14:00:00,30.60,41,31.90,,0.00,14.60,196
2027-06-08 15:00:00,30.70,41,31.60,,0.00,14.80,193
2027-06-08 16:00:00,30.60,42,31.10,,0.00,15.50,193
2027-06-08 17:00:00,30.20,41,29.90,,0.00,15.20,194
2027-06-08 18:00:00,29.60,45,29.80,,0.00,13.60,202
2027-06-08 19:00:00,26.90,54,26.60,,0.00,18.80,267
2027-06-08 20:00:00,23.20,81,26.80,,0.00,1.10,270
2027-06-08 21:00:00,22.00,84,25.00,,0.00,3.40,238
2027-06-08 22:00:00,21.20,87,24.00,,0.00,3.20,180
2027-06-08 23:00:00,20.50,86,22.90,,0.00,3.80,163
2027-06-09 00:00:00,20.60,83,22.60,,0.00,4.50,151
2027-06-09 01:00:00,20.60,81,22.40,,0.00,5.20,146
2027-06-09 02:00:00,21.00,77,22.20,,0.00,7.70,152
2027-06-09 03:00:00,20.40,67,20.30,,0.00,9.40,173
2027-06-09 04:00:00,19.70,67,19.50,,0.00,9.10,187
2027-06-09 05:00:00,19.10,73,19.10,,0.20,8.90,223
2027-06-09 06:00:00,19.00,79,19.50,,0.00,8.90,194
2027-06-09 07:00:00,20.20,84,21.40,,0.00,9.80,208
2027-06-09 08:00:00,21.80,81,22.60,,0.00,15.80,246
2027-06-09 09:00:00,22.90,74,23.60,,0.00,14.60,250
2027-06-09 10:00:00,23.10,71,23.70,,0.00,14.80,256
2027-06-09 11:00:00,23.40,66,23.60,,0.00,14.50,256
2027-06-09 12:00:00,23.10,60,22.50,,0.00,15.20,256
2027-06-09 13:00:00,23.40,53,22.20,,0.00,15.30,261
2027-06-09 14:00:00,24.30,48,23.70,,0.00,15.30,262
2027-06-09 15:00:00,24.60,46,23.70,,0.00,16.70,263
2027-06-09 16:00:00,23.70,50,22.40,,0.00,16.60,268
2027-06-09 17:00:00,23.40,44,21.20,,0.00,15.60,263
2027-06-09 18:00:00,22.00,48,19.90,,0.00,15.50,267
2027-06-09 19:00:00,20.90,52,18.90,,0.00,14.80,276
2027-06-09 20:00:00,19.50,53,17.90,,0.00,10.30,282
2027-06-09 21:00:00,18.20,53,16.50,,0.00,8.40,277
2027-06-09 22:00:00,16.40,63,15.30,,0.00,6.10,267
2027-06-09 23:00:00,15.20,68,13.90,,0.00,7.10,294
2027-06-10 00:00:00,14.00,73,12.80,,0.00,6.40,297
2027-06-10 01:00:00,13.00,76,11.70,,0.00,6.40,297
2027-06-10 02:00:00,12.30,80,11.40,,0.00,4.60,288
2027-06-10 03:00:00,11.80,84,10.90,,0.00,4.50,299
2027-06-10 04:00:00,11.20,86,10.40,,0.00,3.70,299
2027-06-10 05:00:00,10.80,87,9.80,,0.00,4.30,294
2027-06-10 06:00:00,11.50,85,10.40,,0.00,6.00,287
2027-06-10 07:00:00,13.20,79,12.00,,0.00,7.10,294
2027-06-10 08:00:00,14.70,71,13.40,,0.00,8.30,304
2027-06-10 09:00:00,15.80,64,14.30,,0.00,7.90,317
2027-06-10 10:00:00,16.90,56,15.40,,0.00,7.60,315
2027-06-10 11:00:00,17.60,50,15.90,,0.00,8.90,291
2027-06-10 12:00:00,18.30,47,16.70,,0.00,9.60,283
2027-06-10 13:00:00,18.30,50,16.70,,0.00,11.20,285
2027-06-10 14:00:00,18.80,49,17.10,,0.00,11.30,292
2027-06-10 15:00:00,19.00,48,17.30,,0.00,11.40,294
2027-06-10 16:00:00,18.90,48,16.70,,0.00,11.60,300
2027-06-10 17:00:00,18.60,48,16.40,,0.00,10.60,298
2027-06-10 18:00:00,18.20,50,16.40,,0.00,8.40,301
2027-06-10 19:00:00,17.60,48,15.60,,0.00,7.50,305
2027-06-10 20:00:00,16.30,55,14.80,,0.00,5.40,312
2027-06-10 21:00:00,14.80,66,13.90,,0.00,3.10,324
2027-06-10 22:00:00,13.70,70,12.90,,0.00,2.30,321
2027-06-10 23:00:00,12.80,70,11.90,,0.00,1.10,288
2027-06-11 00:00:00,11.30,81,10.60,,0.00,1.40,270
2027-06-11 01:00:00,10.70,82,9.90,,0.00,0.80,297
2027-06-11 02:00:00,10.20,84,9.60,,0.00,0.00,270
2027-06-11 03:00:00,9.30,90,8.50,,0.00,1.50,135
2027-06-11 04:00:00,9.00,91,8.10,,0.00,1.80,127
2027-06-11 05:00:00,8.90,90,7.90,,0.00,2.30,141
2027-06-11 06:00:00,10.10,88,9.40,,0.00,1.80,143
2027-06-11 07:00:00,12.80,86,12.60,,0.00,2.40,153
2027-06-11 08:00:00,14.60,77,14.10,,0.00,4.30,156
2027-06-11 09:00:00,16.60,61,15.40,,0.00,6.00,163
2027-06-11 10:00:00,17.30,53,15.80,,0.10,5.90,169
2027-06-11 11:00:00,18.20,50,16.60,,0.00,6.90,174
2027-06-11 12:00:00,19.40,43,18.60,,0.00,5.40,176
2027-06-11 13:00:00,19.80,39,18.00,,0.00,7.10,195
2027-06-11 14:00:00,20.20,38,18.00,,0.00,7.30,191
2027-06-11 15:00:00,20.10,39,18.10,,0.00,6.20,201
2027-06-11 16:00:00,19.90,39,17.90,,0.00,6.10,208
2027-06-11 17:00:00,19.50,43,17.60,,0.00,6.70,216
2027-06-11 18:00:00,18.80,50,17.90,,0.00,2.30,162
2027-06-11 19:00:00,18.10,57,17.50,,0.00,2.60,106
2027-06-11 20:00:00,17.10,60,16.40,,0.00,3.10,111
2027-06-11 21:00:00,16.50,60,15.60,,0.00,3.30,103
2027-06-11 22:00:00,15.80,58,14.60,,0.00,3.30,103
2027-06-11 23:00:00,15.40,59,14.10,,0.00,4.00,100
2027-06-12 00:00:00,15.00,62,13.80,,0.00,3.70,101
2027-06-12 01:00:00,14.70,61,13.30,,0.00,4.10,105
2027-06-12 02:00:00,14.40,63,13.20,,0.00,3.80,107
2027-06-12 03:00:00,14.40,67,13.50,,0.10,2.60,146
2027-06-12 04:00:00,14.20,69,13.20,,0.10,4.10,75
2027-06-12 05:00:00,14.00,70,12.90,,0.00,5.10,176
2027-06-12 06:00:00,13.80,77,13.20,,0.00,3.90,202
2027-06-12 07:00:00,13.70,85,13.50,,0.20,3.90,248
2027-06-12 08:00:00,14.10,88,14.20,,0.30,4.00,260
2027-06-12 09:00:00,13.80,89,13.90,,0.80,3.40,198
2027-06-12 10:00:00,14.60,85,14.10,,0.30,7.80,202
2027-06-12 11:00:00,14.60,91,14.70,,0.70,6.20,216
2027-06-12 12:00:00,14.80,89,15.00,,0.60,5.40,222
2027-06-12 13:00:00,15.10,87,15.10,,0.90,6.10,273
2027-06-12 14:00:00,15.00,83,13.80,,1.20,13.20,281
2027-06-12 15:00:00,15.20,79,13.60,,0.30,13.90,291
2027-06-12 16:00:00,14.60,79,12.80,,0.00,14.10,283
2027-06-12 17:00:00,14.90,79,13.40,,0.10,12.70,278
2027-06-12 18:00:00,14.00,81,12.30,,0.60,13.10,278
2027-06-12 19:00:00,13.80,77,11.80,,0.10,13.40,284
2027-06-12 20:00:00,13.00,86,11.70,,0.30,10.10,270
2027-06-12 21:00:00,12.30,88,11.00,,0.00,9.80,262
2027-06-12 22:00:00,11.50,89,10.20,,0.00,8.00,252
2027-06-12 23:00:00,11.10,90,9.70,,0.10,8.80,258
2027-06-13 00:00:00,11.00,93,9.70,,0.00,8.80,258
2027-06-13 01:00:00,11.00,94,9.60,,0.10,9.30,257
2027-06-13 02:00:00,11.10,95,9.80,,2.00,9.00,247
2027-06-13 03:00:00,11.30,95,10.10,,1.60,8.80,235
2027-06-13 04:00:00,11.40,95,10.10,,1.40,9.80,246
2027-06-13 05:00:00,11.40,94,10.10,,0.30,10.10,243
2027-06-13 06:00:00,11.50,94,10.20,,0.60,9.80,262
2027-06-13 07:00:00,11.70,93,10.50,,0.30,9.80,278
2027-06-13 08:00:00,12.60,90,11.60,,0.00,8.90,297
2027-06-13 09:00:00,13.60,82,12.30,,0.00,10.20,309
2027-06-13 10:00:00,13.80,86,12.90,,0.00,9.20,312
2027-06-13 11:00:00,14.50,79,12.90,,0.10,12.50,342
2027-06-13 12:00:00,14.90,84,13.70,,0.10,12.80,349
2027-06-13 13:00:00,16.30,70,14.10,,0.00,16.60,356
2027-06-13 14:00:00,17.50,76,16.70,,0.10,12.60,329
2027-06-13 15:00:00,18.20,76,17.40,,1.30,14.00,331
2027-06-13 16:00:00,18.80,75,18.00,,0.10,14.80,321
2027-06-13 17:00:00,17.10,83,16.40,,1.60,13.80,327
2027-06-13 18:00:00,17.00,85,17.00,,0.60,9.90,316
2027-06-13 19:00:00,16.50,84,16.20,,0.90,10.40,314
2027-06-13 20:00:00,15.70,90,15.20,,0.70,12.70,315
2027-06-13 21:00:00,15.20,89,14.60,,0.20,11.40,305
2027-06-13 22:00:00,14.60,88,13.90,,0.00,10.50,308
2027-06-13 23:00:00,14.00,90,13.30,,0.00,10.10,305
2027-06-14 00:00:00,13.50,90,12.60,,0.00,9.70,309
2027-06-14 01:00:00,13.20,91,12.30,,0.00,9.70,312
2027-06-14 02:00:00,13.00,90,12.00,,0.00,9.70,312
2027-06-14 03:00:00,12.80,91,11.80,,0.00,9.20,312
2027-06-14 04:00:00,12.40,92,11.40,,0.00,9.70,312
2027-06-14 05:00:00,12.20,93,11.10,,0.00,10.20,315
2027-06-14 06:00:00,12.60,92,11.50,,0.00,10.70,320
2027-06-14 07:00:00,13.50,88,12.00,,0.00,13.00,336
2027-06-14 08:00:00,14.10,85,12.70,,0.00,13.10,339
2027-06-14 09:00:00,14.70,84,13.60,,0.00,11.90,331
2027-06-14 10:00:00,15.40,79,14.10,,0.00,13.00,332
2027-06-14 11:00:00,15.70,80,14.70,,0.10,12.00,327
2027-06-14 12:00:00,15.70,86,14.90,,0.50,13.10,323
2027-06-14 13:00:00,15.90,84,14.90,,0.40,13.60,320
2027-06-14 14:00:00,16.30,83,15.40,,0.30,14.10,320
2027-06-14 15:00:00,16.70,77,15.20,,0.50,15.50,335
2027-06-14 16:00:00,15.70,83,14.40,,0.20,14.40,328
2027-06-14 17:00:00,15.70,85,14.70,,0.20,13.20,331
2027-06-14 18:00:00,15.60,84,14.70,,0.10,12.50,327
2027-06-14 19:00:00,15.50,83,14.60,,0.20,12.10,330
2027-06-14 20:00:00,15.20,84,14.50,,0.00,10.60,325
2027-06-14 21:00:00,15.00,86,14.10,,0.00,11.30,329
2027-06-14 22:00:00,14.70,83,13.80,,0.10,10.50,333
2027-06-14 23:00:00,14.30,84,13.20,,0.00,10.50,329
2027-06-15 00:00:00,13.90,82,12.60,,0.00,11.10,331
2027-06-15 01:00:00,13.70,82,12.20,,0.30,11.40,342
2027-06-15 02:00:00,13.40,85,12.20,,0.20,10.20,337
2027-06-15 03:00:00,13.30,87,12.00,,0.00,10.80,339
2027-06-15 04:00:00,13.00,88,11.80,,0.00,10.40,340
2027-06-15 05:00:00,13.00,88,11.60,,0.00,11.40,342
2027-06-15 06:00:00,13.10,87,11.90,,0.00,10.50,338
2027-06-15 07:00:00,13.50,86,12.20,,0.00,11.70,342
2027-06-15 08:00:00,14.20,82,12.40,,0.00,14.90,352
2027-06-15 09:00:00,15.40,77,13.80,,0.00,13.70,358
2027-06-15 10:00:00,16.40,75,15.40,,0.00,10.50,333
2027-06-15 11:00:00,18.40,67,17.60,,0.00,12.50,327
2027-06-15 12:00:00,18.00,66,16.60,,0.10,12.80,350
2027-06-15 13:00:00,19.70,58,17.90,,0.00,14.30,350
2027-06-15 14:00:00,19.90,51,17.50,,0.00,15.80,360
2027-06-15 15:00:00,20.50,50,18.10,,0.00,15.60,353
2027-06-15 16:00:00,19.80,54,17.90,,0.00,13.40,352
2027-06-15 17:00:00,19.90,52,18.20,,0.00,11.30,353
2027-06-15 18:00:00,19.70,59,18.90,,0.00,8.90,346
2027-06-15 19:00:00,19.70,57,18.80,,0.00,7.90,344
2027-06-15 20:00:00,18.40,62,17.80,,0.00,6.00,335
2027-06-15 21:00:00,17.50,65,16.90,,0.00,5.60,320
2027-06-15 22:00:00,16.40,66,15.70,,0.00,4.80,318
2027-06-15 23:00:00,15.60,67,14.80,,0.00,4.40,325
2027-06-16 00:00:00,14.90,72,14.20,,0.00,4.10,315
2027-06-16 01:00:00,14.70,71,14.00,,0.00,4.10,322
2027-06-16 02:00:00,14.40,74,13.70,,0.00,4.40,305
2027-06-16 03:00:00,13.90,77,13.20,,0.00,4.10,322
2027-06-16 04:00:00,13.10,80,12.40,,0.00,4.10,315
2027-06-16 05:00:00,12.70,82,12.00,,0.00,4.60,315
2027-06-16 06:00:00,13.30,81,12.60,,0.00,5.40,318
2027-06-16 07:00:00,14.90,80,14.50,,0.00,6.20,324
2027-06-16 08:00:00,16.80,74,16.40,,0.00,7.50,325
2027-06-16 09:00:00,18.70,67,18.20,,0.00,8.50,332
2027-06-16 10:00:00,20.40,63,20.60,,0.00,8.60,338
2027-06-16 11:00:00,21.90,58,22.80,,0.00,9.10,342
2027-06-16 12:00:00,23.10,48,23.40,,0.00,11.00,349
2027-06-16 13:00:00,23.40,44,22.40,,0.00,12.20,2
2027-06-16 14:00:00,23.40,44,22.00,,0.00,12.00,353
2027-06-16 15:00:00,24.80,42,24.20,,0.00,9.80,354
2027-06-16 16:00:00,24.60,41,23.30,,0.00,10.20,352
2027-06-16 17:00:00,24.60,44,23.80,,0.00,8.70,343
2027-06-16 18:00:00,24.50,42,23.20,,0.00,10.20,350
2027-06-16 19:00:00,23.90,44,23.10,,0.00,7.80,347
2027-06-16 20:00:00,22.20,51,21.80,,0.00,5.50,328
2027-06-16 21:00:00,20.50,57,20.30,,0.00,4.70,328
2027-06-16 22:00:00,19.30,61,19.20,,0.00,3.90,326
2027-06-16 23:00:00,18.90,63,18.90,,0.00,3.60,315
