time,temperature_2m,relative_humidity_2m,apparent_temperature,precipitation_probability,precipitation,wind_speed_10m,wind_direction_10m
2024-06-02 00:00:00,18.70,75,19.50,,0.00,3.60,90
2024-06-02 01:00:00,18.40,74,19.20,,0.00,2.30,129
2024-06-02 02:00:00,18.00,77,18.50,,0.00,5.10,98
2024-06-02 03:00:00,18.20,74,18.80,,0.10,3.60,135
2024-06-02 04:00:00,18.10,73,18.60,,0.00,3.30,167
2024-06-02 05:00:00,17.60,76,18.20,,0.10,3.40,122
2024-06-02 06:00:00,17.70,79,18.60,,0.20,2.60,146
2024-06-02 07:00:00,19.50,75,20.70,,0.00,3.50,156
2024-06-02 08:00:00,21.00,73,22.20,,0.00,5.50,169
2024-06-02 09:00:00,21.60,74,22.40,,0.00,10.90,197
2024-06-02 10:00:00,21.00,81,22.70,,0.10,7.00,215
2024-06-02 11:00:00,21.70,78,23.10,,0.00,9.60,214
2024-06-02 12:00:00,23.10,70,24.60,,0.00,9.70,202
2024-06-02 13:00:00,24.30,62,25.20,,0.00,12.90,203
2024-06-02 14:00:00,24.60,61,25.20,,0.20,11.40,208
2024-06-02 15:00:00,24.50,63,25.50,,0.60,10.10,207
2024-06-02 16:00:00,24.90,60,26.00,,0.00,8.70,210
2024-06-02 17:00:00,24.40,65,25.70,,0.10,9.60,214
2024-06-02 18:00:00,24.90,61,26.10,,0.10,8.10,201
2024-06-02 19:00:00,23.90,64,25.00,,0.10,8.40,211
2024-06-02 20:00:00,20.30,83,21.30,,0.90,11.40,252
2024-06-02 21:00:00,19.10,83,20.30,,0.10,6.00,245
2024-06-02 22:00:00,17.80,90,19.30,,0.00,4.00,265
2024-06-02 23:00:00,17.00,92,18.60,,0.00,2.30,288
2024-06-03 00:00:00,16.30,93,17.70,,0.00,2.20,180
2024-06-03 01:00:00,15.60,97,17.00,,0.00,2.60,196
2024-06-03 02:00:00,15.30,98,16.40,,0.00,3.50,204
2024-06-03 03:00:00,15.00,97,15.90,,0.00,4.30,222
2024-06-03 04:00:00,15.00,96,15.70,,0.00,4.80,222
2024-06-03 05:00:00,14.70,97,15.20,,0.00,5.90,223
2024-06-03 06:00:00,15.30,95,15.90,,0.00,5.90,232
2024-06-03 07:00:00,16.80,88,17.30,,0.00,7.40,241
2024-06-03 08:00:00,18.40,80,18.80,,0.00,8.90,243
2024-06-03 09:00:00,19.20,75,19.40,,0.00,9.60,236
2024-06-03 10:00:00,20.40,66,19.80,,0.00,12.50,237
2024-06-03 11:00:00,20.80,60,19.50,,0.00,14.40,238
2024-06-03 12:00:00,21.40,59,20.10,,0.00,14.90,238
2024-06-03 13:00:00,22.50,58,22.40,,0.00,13.20,227
2024-06-03 14:00:00,22.70,56,22.00,,0.00,14.80,241
2024-06-03 15:00:00,23.50,54,23.00,,0.00,13.30,237
2024-06-03 16:00:00,23.40,53,22.40,,0.00,13.70,243
2024-06-03 17:00:00,23.60,51,22.60,,0.00,12.90,247
2024-06-03 18:00:00,22.90,57,22.50,,0.00,11.30,248
2024-06-03 19:00:00,22.50,57,22.20,,0.00,9.80,246
2024-06-03 20:00:00,21.20,64,21.60,,0.00,6.00,237
2024-06-03 21:00:00,19.70,72,20.60,,0.00,3.90,214
2024-06-03 22:00:00,18.60,75,19.40,,0.00,3.90,214
2024-06-03 23:00:00,17.90,76,18.40,,0.00,4.40,215
2024-06-04 00:00:00,17.20,80,17.80,,0.00,4.10,218
2024-06-04 01:00:00,16.80,80,17.20,,0.00,4.60,219
2024-06-04 02:00:00,16.40,83,16.80,,0.00,4.40,215
2024-06-04 03:00:00,16.20,84,16.80,,0.00,3.50,204
2024-06-04 04:00:00,15.80,85,16.30,,0.00,3.50,204
2024-06-04 05:00:00,15.60,87,16.10,,0.00,3.90,214
2024-06-04 06:00:00,16.20,87,17.00,,0.00,3.70,209
2024-06-04 07:00:00,17.10,86,18.10,,0.00,3.70,209
2024-06-04 08:00:00,18.10,85,19.40,,0.00,3.80,221
2024-06-04 09:00:00,20.40,76,21.80,,0.00,4.60,231
2024-06-04 10:00:00,22.30,69,23.50,,0.00,6.60,241
2024-06-04 11:00:00,22.80,64,23.50,,0.00,8.20,241
2024-06-04 12:00:00,23.80,59,24.30,,0.00,8.20,247
2024-06-04 13:00:00,24.30,56,25.00,,0.00,7.90,246
2024-06-04 14:00:00,25.30,52,26.40,,0.00,7.40,247
2024-06-04 15:00:00,26.40,46,26.80,,0.00,8.00,243
2024-06-04 16:00:00,26.60,45,26.60,,0.00,8.00,234
2024-06-04 17:00:00,26.60,46,26.80,,0.00,7.70,229
2024-06-04 18:00:00,26.30,47,26.80,,0.00,5.40,222
2024-06-04 19:00:00,25.70,51,26.70,,0.00,3.60,225
2024-06-04 20:00:00,24.60,64,27.00,,0.00,1.10,252
2024-06-04 21:00:00,23.10,63,24.70,,0.00,1.80,90
2024-06-04 22:00:00,21.60,67,22.90,,0.00,2.40,63
2024-06-04 23:00:00,20.70,68,21.90,,0.00,2.30,51
2024-06-05 00:00:00,20.00,70,20.70,,0.10,4.80,42
2024-06-05 01:00:00,19.10,75,20.10,,0.10,3.20,180
2024-06-05 02:00:00,18.10,81,18.90,,0.30,5.80,176
2024-06-05 03:00:00,17.10,92,18.90,,0.80,1.10,288
2024-06-05 04:00:00,16.90,93,18.60,,3.70,1.80,180
2024-06-05 05:00:00,17.00,94,18.50,,1.20,3.40,162
2024-06-05 06:00:00,17.30,94,18.80,,0.20,4.70,171
2024-06-05 07:00:00,18.30,92,19.50,,0.00,9.00,182
2024-06-05 08:00:00,19.30,88,20.50,,0.00,9.90,199
2024-06-05 09:00:00,20.30,83,21.60,,0.00,9.00,196
2024-06-05 10:00:00,21.60,77,22.80,,0.00,10.20,198
2024-06-05 11:00:00,22.00,76,23.10,,0.30,11.40,198
2024-06-05 12:00:00,24.00,67,25.60,,0.50,11.00,203
2024-06-05 13:00:00,23.70,66,24.70,,0.30,9.50,209
2024-06-05 14:00:00,22.40,71,23.20,,0.40,11.00,203
2024-06-05 15:00:00,24.50,60,25.00,,0.10,11.60,196
2024-06-05 16:00:00,24.20,59,24.40,,0.00,11.80,211
2024-06-05 17:00:00,22.00,73,22.60,,1.00,12.30,201
2024-06-05 18:00:00,21.70,77,23.60,,1.00,5.60,220
2024-06-05 19:00:00,20.70,82,22.30,,0.70,6.90,223
2024-06-05 20:00:00,20.10,85,22.10,,0.00,4.70,212
2024-06-05 21:00:00,18.60,90,20.50,,0.00,3.10,201
2024-06-05 22:00:00,17.80,92,19.50,,0.00,3.60,217
2024-06-05 23:00:00,17.30,94,19.10,,0.10,2.90,210
2024-06-06 00:00:00,16.70,94,18.20,,0.00,3.20,207
2024-06-06 01:00:00,16.20,96,17.60,,0.00,3.00,194
2024-06-06 02:00:00,15.70,97,17.00,,0.00,3.00,194
2024-06-06 03:00:00,15.20,96,16.20,,0.00,3.40,198
2024-06-06 04:00:00,15.00,96,15.90,,0.00,3.70,209
2024-06-06 05:00:00,15.10,94,15.70,,0.00,5.10,225
2024-06-06 06:00:00,15.40,92,16.00,,0.00,5.40,233
2024-06-06 07:00:00,16.40,90,16.80,,0.00,7.60,245
2024-06-06 08:00:00,17.40,84,17.60,,0.00,8.80,261
2024-06-06 09:00:00,18.10,87,18.80,,0.10,8.60,268
2024-06-06 10:00:00,19.20,80,19.80,,0.10,8.80,282
2024-06-06 11:00:00,20.00,76,20.70,,0.20,8.00,297
2024-06-06 12:00:00,21.30,70,22.60,,0.10,9.20,296
2024-06-06 13:00:00,22.10,66,22.80,,0.00,10.00,291
2024-06-06 14:00:00,22.70,60,22.60,,0.00,10.50,286
2024-06-06 15:00:00,23.20,59,23.00,,0.20,11.90,267
2024-06-06 16:00:00,20.40,81,21.20,,1.50,11.40,283
2024-06-06 17:00:00,20.70,81,21.70,,1.30,10.90,279
2024-06-06 18:00:00,19.50,87,20.40,,2.20,11.80,282
2024-06-06 19:00:00,19.30,87,20.00,,0.50,12.10,287
2024-06-06 20:00:00,18.90,88,20.00,,0.20,9.30,283
2024-06-06 21:00:00,18.70,90,20.00,,0.00,8.00,280
2024-06-06 22:00:00,18.30,93,19.60,,0.00,8.30,288
2024-06-06 23:00:00,18.00,95,19.50,,0.00,7.60,295
2024-06-07 00:00:00,17.70,95,18.90,,0.00,8.20,293
2024-06-07 01:00:00,17.40,95,18.50,,0.00,8.20,299
2024-06-07 02:00:00,16.80,95,17.70,,0.00,7.80,304
2024-06-07 03:00:00,16.10,94,16.90,,0.00,6.50,304
2024-06-07 04:00:00,15.70,94,16.30,,0.00,6.50,304
2024-06-07 05:00:00,15.30,94,15.80,,0.00,6.20,306
2024-06-07 06:00:00,15.80,91,16.30,,0.00,6.40,297
2024-06-07 07:00:00,17.30,87,17.90,,0.00,7.60,301
2024-06-07 08:00:00,18.90,80,19.50,,0.00,8.70,308
2024-06-07 09:00:00,20.10,76,20.80,,0.00,8.20,308
2024-06-07 10:00:00,21.00,70,21.30,,0.00,10.20,309
2024-06-07 11:00:00,21.70,64,21.60,,0.00,11.20,312
2024-06-07 12:00:00,22.40,61,22.60,,0.00,10.40,316
2024-06-07 13:00:00,23.30,57,23.60,,0.00,10.40,314
2024-06-07 14:00:00,23.70,53,23.70,,0.00,10.70,312
2024-06-07 15:00:00,24.40,52,24.80,,0.00,9.70,315
2024-06-07 16:00:00,24.60,48,24.20,,0.00,10.00,308
2024-06-07 17:00:00,24.50,48,23.90,,0.00,9.60,304
2024-06-07 18:00:00,23.70,48,23.10,,0.00,8.90,297
2024-06-07 19:00:00,23.10,50,22.60,,0.00,7.70,298
2024-06-07 20:00:00,21.80,55,21.80,,0.00,5.00,300
2024-06-07 21:00:00,20.50,63,21.20,,0.00,2.50,315
2024-06-07 22:00:00,19.70,66,20.30,,0.00,2.50,315
2024-06-07 23:00:00,19.30,65,19.90,,0.00,1.60,297
2024-06-08 00:00:00,18.40,70,18.90,,0.00,2.50,315
2024-06-08 01:00:00,17.90,70,18.30,,0.00,2.20,360
2024-06-08 02:00:00,17.80,71,18.30,,0.00,1.80,11
2024-06-08 03:00:00,17.40,76,18.10,,0.00,1.90,22
2024-06-08 04:00:00,17.20,76,17.80,,0.00,2.10,59
2024-06-08 05:00:00,16.70,79,17.20,,0.00,2.60,74
2024-06-08 06:00:00,17.00,80,17.80,,0.00,1.90,112
2024-06-08 07:00:00,18.50,81,19.90,,0.00,2.10,149
2024-06-08 08:00:00,19.90,71,20.70,,0.00,4.30,180
2024-06-08 09:00:00,21.60,63,22.20,,0.00,5.50,191
2024-06-08 10:00:00,22.90,57,23.10,,0.00,7.70,217
2024-06-08 11:00:00,23.80,54,24.50,,0.00,9.40,230
2024-06-08 12:00:00,24.80,51,25.40,,0.00,11.40,242
2024-06-08 13:00:00,24.70,51,24.60,,0.00,12.30,249
2024-06-08 14:00:00,25.10,49,25.20,,0.00,10.80,255
2024-06-08 15:00:00,25.30,50,24.90,,0.10,11.80,258
2024-06-08 16:00:00,25.00,48,24.40,,0.00,11.20,255
2024-06-08 17:00:00,24.30,50,23.70,,0.00,11.50,250
2024-06-08 18:00:00,23.60,50,22.70,,0.10,12.00,279
2024-06-08 19:00:00,22.30,57,22.20,,0.00,8.40,295
2024-06-08 20:00:00,21.20,65,22.10,,0.00,4.00,270
2024-06-08 21:00:00,19.40,72,20.10,,0.00,4.20,340
2024-06-08 22:00:00,18.20,77,18.90,,0.00,4.30,360
2024-06-08 23:00:00,17.20,83,18.00,,0.00,3.90,304
2024-06-09 00:00:00,16.40,89,17.10,,0.00,5.90,308
2024-06-09 01:00:00,15.40,91,15.70,,0.00,7.10,319
2024-06-09 02:00:00,14.60,93,14.80,,0.00,6.30,336
2024-06-09 03:00:00,14.20,97,14.60,,0.00,5.30,332
2024-06-09 04:00:00,13.90,97,14.20,,0.00,5.50,337
2024-06-09 05:00:00,14.00,97,14.30,,0.00,5.20,335
2024-06-09 06:00:00,14.40,94,14.70,,0.00,5.20,335
2024-06-09 07:00:00,14.90,91,15.30,,0.00,4.80,333
2024-06-09 08:00:00,16.10,85,16.60,,0.00,4.10,315
2024-06-09 09:00:00,17.60,74,18.00,,0.00,2.90,277
2024-06-09 10:00:00,19.00,66,19.20,,0.00,4.70,247
2024-06-09 11:00:00,20.10,61,20.80,,0.00,6.60,241
2024-06-09 12:00:00,20.80,55,21.80,,0.00,6.00,237
2024-06-09 13:00:00,21.80,52,23.00,,0.00,5.90,223
2024-06-09 14:00:00,22.60,47,23.30,,0.00,7.90,227
2024-06-09 15:00:00,23.30,47,23.90,,0.00,7.70,233
2024-06-09 16:00:00,23.40,45,23.40,,0.00,7.40,231
2024-06-09 17:00:00,22.90,47,22.00,,0.00,8.10,238
2024-06-09 18:00:00,22.10,51,21.60,,0.00,6.10,230
2024-06-09 19:00:00,21.90,56,22.30,,0.00,3.00,194
2024-06-09 20:00:00,20.60,64,21.30,,0.00,3.40,148
2024-06-09 21:00:00,19.70,64,20.10,,0.00,3.10,159
2024-06-09 22:00:00,18.90,63,18.80,,0.00,4.10,142
2024-06-09 23:00:00,18.70,62,18.20,,0.00,5.90,142
2024-06-10 00:00:00,18.60,64,18.10,,0.00,6.60,139
2024-06-10 01:00:00,18.40,61,17.50,,0.00,7.50,145
2024-06-10 02:00:00,18.50,59,17.50,,0.00,7.80,146
2024-06-10 03:00:00,18.40,62,17.50,,0.00,8.20,142
2024-06-10 04:00:00,17.50,70,17.30,,0.10,6.00,245
2024-06-10 05:00:00,16.60,81,17.40,,0.30,1.80,307
2024-06-10 06:00:00,16.40,87,17.00,,0.40,5.50,79
2024-06-10 07:00:00,17.60,81,18.20,,0.00,5.30,118
2024-06-10 08:00:00,18.50,81,19.20,,0.00,6.90,141
2024-06-10 09:00:00,18.90,80,19.70,,0.00,6.70,126
2024-06-10 10:00:00,20.10,77,21.10,,0.00,7.20,143
2024-06-10 11:00:00,19.50,85,21.00,,0.30,6.20,159
2024-06-10 12:00:00,19.90,85,21.40,,1.20,8.00,153
2024-06-10 13:00:00,20.10,85,21.40,,0.50,9.70,180
2024-06-10 14:00:00,20.40,87,22.30,,0.80,7.20,177
2024-06-10 15:00:00,22.40,77,24.00,,0.30,9.70,184
2024-06-10 16:00:00,22.60,81,24.70,,0.30,9.20,169
2024-06-10 17:00:00,22.40,82,24.40,,0.70,9.40,180
2024-06-10 18:00:00,23.10,78,25.00,,1.40,10.10,178
2024-06-10 19:00:00,22.30,84,24.70,,0.00,7.60,177
2024-06-10 20:00:00,21.20,90,24.00,,0.30,5.40,180
2024-06-10 21:00:00,21.30,87,23.80,,0.00,6.00,147
2024-06-10 22:00:00,20.20,91,22.40,,1.30,7.40,157
2024-06-10 23:00:00,20.00,90,21.90,,0.10,7.70,139
2024-06-11 00:00:00,20.10,83,21.50,,0.00,7.10,150
2024-06-11 01:00:00,19.90,81,21.00,,0.00,8.00,153
2024-06-11 02:00:00,19.60,81,20.50,,0.00,8.60,165
2024-06-11 03:00:00,19.50,80,20.20,,0.00,9.10,162
2024-06-11 04:00:00,19.30,83,20.00,,0.00,10.10,178
2024-06-11 05:00:00,19.10,86,19.90,,0.00,10.10,176
2024-06-11 06:00:00,19.20,88,20.20,,0.00,10.10,174
2024-06-11 07:00:00,20.20,85,21.20,,0.00,11.50,182
2024-06-11 08:00:00,20.90,81,21.50,,0.00,13.80,187
2024-06-11 09:00:00,21.10,82,22.40,,0.00,11.00,191
2024-06-11 10:00:00,22.10,80,23.70,,0.00,10.40,200
2024-06-11 11:00:00,23.20,74,24.20,,0.00,13.80,200
2024-06-11 12:00:00,20.70,89,22.00,,2.80,13.00,183
2024-06-11 13:00:00,20.30,90,21.40,,1.30,14.20,187
2024-06-11 14:00:00,20.40,89,21.30,,1.10,14.80,193
2024-06-11 15:00:00,22.30,83,23.80,,0.80,13.10,196
2024-06-11 16:00:00,23.20,80,25.00,,0.10,12.20,199
2024-06-11 17:00:00,21.30,89,22.90,,2.60,13.70,207
2024-06-11 18:00:00,22.20,85,24.10,,0.00,11.40,198
2024-06-11 19:00:00,22.50,86,25.50,,0.00,5.60,195
2024-06-11 20:00:00,22.10,89,25.60,,0.00,3.20,153
2024-06-11 21:00:00,21.20,91,24.60,,0.80,2.20,90
2024-06-11 22:00:00,20.50,91,23.10,,0.90,4.60,129
2024-06-11 23:00:00,20.30,89,23.20,,0.10,1.10,198
2024-06-12 00:00:00,19.40,90,21.80,,0.00,3.10,111
2024-06-12 01:00:00,19.10,90,21.30,,0.00,3.10,144
2024-06-12 02:00:00,18.90,92,21.20,,0.30,3.20,180
2024-06-12 03:00:00,19.20,90,21.50,,0.10,2.30,129
2024-06-12 04:00:00,18.60,92,20.80,,0.10,3.00,104
2024-06-12 05:00:00,18.40,93,20.60,,0.00,2.90,90
2024-06-12 06:00:00,18.90,92,21.40,,0.00,1.50,135
2024-06-12 07:00:00,19.40,94,22.30,,0.00,1.50,14
2024-06-12 08:00:00,20.30,92,23.20,,0.10,2.90,90
2024-06-12 09:00:00,20.90,86,23.00,,0.10,6.40,117
2024-06-12 10:00:00,21.40,77,22.60,,0.00,9.00,88
2024-06-12 11:00:00,23.40,71,25.00,,0.00,11.90,115
2024-06-12 12:00:00,24.00,65,25.30,,0.00,13.40,156
2024-06-12 13:00:00,24.50,59,24.80,,0.00,13.70,166
2024-06-12 14:00:00,24.90,59,25.20,,0.00,13.00,161
2024-06-12 15:00:00,25.30,60,25.80,,0.70,13.00,161
2024-06-12 16:00:00,24.30,69,25.70,,0.10,11.10,167
2024-06-12 17:00:00,23.20,77,24.80,,0.80,11.80,153
2024-06-12 18:00:00,20.90,89,22.70,,4.00,11.20,159
2024-06-12 19:00:00,20.20,91,22.10,,1.40,9.00,151
2024-06-12 20:00:00,19.70,94,21.90,,1.70,6.80,162
2024-06-12 21:00:00,18.90,96,21.50,,0.40,3.40,148
2024-06-12 22:00:00,18.60,96,21.10,,0.80,2.30,342
2024-06-12 23:00:00,17.90,96,19.00,,0.70,10.30,324
2024-06-13 00:00:00,16.50,94,16.20,,0.00,15.20,329
2024-06-13 01:00:00,16.00,93,15.20,,0.00,16.00,324
2024-06-13 02:00:00,15.80,91,14.70,,0.00,17.30,324
2024-06-13 03:00:00,15.70,91,14.40,,0.10,18.20,330
2024-06-13 04:00:00,15.40,90,13.90,,0.50,18.00,327
2024-06-13 05:00:00,14.90,91,13.60,,0.30,16.40,320
2024-06-13 06:00:00,14.90,91,13.60,,0.00,16.80,315
2024-06-13 07:00:00,14.80,90,13.30,,0.00,17.10,314
2024-06-13 08:00:00,15.40,89,14.10,,0.00,16.80,312
2024-06-13 09:00:00,16.40,84,15.00,,0.00,17.30,324
2024-06-13 10:00:00,17.40,80,15.80,,0.00,19.30,327
2024-06-13 11:00:00,18.80,73,17.50,,0.00,17.50,328
2024-06-13 12:00:00,19.60,71,18.90,,0.00,15.30,326
2024-06-13 13:00:00,20.40,66,19.80,,0.00,15.00,325
2024-06-13 14:00:00,21.20,61,20.70,,0.00,14.90,328
2024-06-13 15:00:00,21.50,59,20.50,,0.00,14.40,328
2024-06-13 16:00:00,21.70,58,20.70,,0.00,13.00,332
2024-06-13 17:00:00,21.70,57,20.80,,0.00,11.80,333
2024-06-13 18:00:00,21.40,58,20.80,,0.00,9.80,332
2024-06-13 19:00:00,20.80,58,20.30,,0.00,8.20,337
2024-06-13 20:00:00,19.60,64,19.70,,0.00,5.20,335
2024-06-13 21:00:00,18.40,66,18.50,,0.00,3.40,328
2024-06-13 22:00:00,17.40,69,17.50,,0.00,2.80,320
2024-06-13 23:00:00,16.80,68,16.80,,0.00,2.00,315
2024-06-14 00:00:00,16.00,73,16.00,,0.00,2.00,315
2024-06-14 01:00:00,15.50,73,15.40,,0.00,1.50,315
2024-06-14 02:00:00,15.00,75,14.90,,0.00,1.60,333
2024-06-14 03:00:00,14.20,79,14.00,,0.00,2.50,352
2024-06-14 04:00:00,14.00,79,13.80,,0.00,2.50,360
2024-06-14 05:00:00,13.80,80,13.50,,0.00,3.40,32
2024-06-14 06:00:00,14.30,80,14.20,,0.00,2.60,34
2024-06-14 07:00:00,15.90,83,16.50,,0.00,2.30,51
2024-06-14 08:00:00,17.50,77,18.10,,0.00,3.70,79
2024-06-14 09:00:00,18.50,74,19.50,,0.00,1.50,76
2024-06-14 10:00:00,19.90,72,21.10,,0.00,2.30,72
2024-06-14 11:00:00,21.10,62,22.00,,0.00,3.10,69
2024-06-14 12:00:00,20.90,55,20.70,,0.00,4.00,85
2024-06-14 13:00:00,22.20,52,22.70,,0.00,4.30,95
2024-06-14 14:00:00,22.40,48,22.30,,0.00,4.70,113
2024-06-14 15:00:00,22.00,51,21.80,,0.00,3.70,151
2024-06-14 16:00:00,21.70,55,22.00,,0.00,2.60,164
2024-06-14 17:00:00,22.20,53,22.80,,0.00,0.80,117
2024-06-14 18:00:00,22.50,54,23.20,,0.00,1.30,34
2024-06-14 19:00:00,21.90,60,22.70,,0.00,2.30,51
2024-06-14 20:00:00,20.80,67,21.80,,0.00,3.10,45
2024-06-14 21:00:00,19.80,70,20.60,,0.00,3.30,49
2024-06-14 22:00:00,18.90,72,19.50,,0.00,3.90,56
2024-06-14 23:00:00,18.10,75,18.50,,0.00,4.90,73
2024-06-15 00:00:00,17.40,83,18.20,,0.00,4.30,66
2024-06-15 01:00:00,16.80,83,17.40,,0.00,4.70,67
2024-06-15 02:00:00,16.50,83,17.00,,0.00,4.50,61
2024-06-15 03:00:00,16.20,87,16.70,,0.00,5.00,60
2024-06-15 04:00:00,15.90,88,16.40,,0.00,5.20,56
2024-06-15 05:00:00,15.70,90,16.20,,0.00,5.60,50
2024-06-15 06:00:00,16.10,92,16.80,,0.00,6.10,50
2024-06-15 07:00:00,16.90,90,17.50,,0.00,7.40,51
2024-06-15 08:00:00,17.80,88,18.60,,0.00,8.40,50
2024-06-15 09:00:00,19.40,83,20.40,,0.00,8.60,57
2024-06-15 10:00:00,20.60,78,21.50,,0.00,9.20,59
2024-06-15 11:00:00,20.50,77,21.30,,0.00,10.00,69
2024-06-15 12:00:00,21.30,75,22.20,,0.00,9.40,67
2024-06-15 13:00:00,21.80,70,22.40,,0.00,10.60,66
2024-06-15 14:00:00,21.70,68,22.30,,0.00,9.10,56
2024-06-15 15:00:00,21.40,70,22.20,,0.00,7.70,49
2024-06-15 16:00:00,21.20,74,22.60,,0.00,5.70,55
2024-06-15 17:00:00,21.00,76,22.50,,0.10,5.10,82
2024-06-15 18:00:00,20.70,76,22.10,,0.20,5.40,70
2024-06-15 19:00:00,20.10,81,21.80,,0.00,4.80,42
2024-06-15 20:00:00,19.60,84,21.30,,0.00,4.70,58
2024-06-15 21:00:00,19.20,84,20.90,,0.00,3.50,66
2024-06-15 22:00:00,18.60,86,20.30,,0.00,3.40,58
2024-06-15 23:00:00,18.20,87,19.80,,0.00,3.30,41
2024-06-16 00:00:00,18.10,88,19.50,,0.00,4.20,31
2024-06-16 01:00:00,17.90,86,19.10,,0.00,4.80,42
2024-06-16 02:00:00,17.80,84,18.60,,0.00,6.40,43
2024-06-16 03:00:00,17.40,83,17.70,,0.00,7.40,39
2024-06-16 04:00:00,17.20,83,17.40,,0.00,7.90,43
2024-06-16 05:00:00,16.70,85,17.00,,0.00,7.20,53
2024-06-16 06:00:00,16.80,86,17.10,,0.00,8.30,56
2024-06-16 07:00:00,17.30,85,17.50,,0.00,9.70,48
2024-06-16 08:00:00,17.90,84,18.10,,0.00,10.20,51
2024-06-16 09:00:00,17.80,85,17.90,,0.60,11.80,59
2024-06-16 10:00:00,18.40,86,18.70,,0.30,11.50,49
2024-06-16 11:00:00,18.70,84,18.70,,0.10,13.90,59
2024-06-16 12:00:00,18.30,85,18.50,,1.50,11.50,49
2024-06-16 13:00:00,18.80,83,18.80,,0.10,13.30,33
2024-06-16 14:00:00,18.70,81,18.70,,0.20,12.20,43
2024-06-16 15:00:00,20.10,77,20.30,,0.10,12.40,30
2024-06-16 16:00:00,19.30,81,19.60,,0.10,12.30,40
2024-06-16 17:00:00,19.40,82,20.00,,0.50,10.60,35
2024-06-16 18:00:00,19.40,85,20.20,,0.30,11.00,41
2024-06-16 19:00:00,18.80,80,18.90,,0.10,11.30,31
2024-06-16 20:00:00,18.40,87,19.10,,0.20,10.00,21
2024-06-16 21:00:00,18.00,88,18.60,,0.60,9.70,15
2024-06-16 22:00:00,17.70,90,18.50,,0.20,8.50,12
2024-06-16 23:00:00,17.60,90,18.40,,0.40,8.80,19
2024-06-17 00:00:00,17.60,93,18.90,,1.20,6.20,7
2024-06-17 01:00:00,17.40,96,18.90,,1.30,6.10,3
2024-06-17 02:00:00,17.50,96,19.00,,1.30,5.80,360
2024-06-17 03:00:00,17.50,97,19.20,,1.30,4.70,351
2024-06-17 04:00:00,17.40,98,19.20,,1.20,4.20,329
2024-06-17 05:00:00,17.30,98,19.00,,0.90,4.90,324
2024-06-17 06:00:00,17.30,98,19.00,,0.80,4.60,321
2024-06-17 07:00:00,17.40,97,19.30,,0.40,3.80,319
2024-06-17 08:00:00,17.80,96,19.70,,0.30,4.30,312
2024-06-17 09:00:00,18.10,95,19.90,,0.30,5.80,277
2024-06-17 10:00:00,18.30,94,19.90,,0.50,6.90,279
2024-06-17 11:00:00,18.70,92,20.20,,0.20,7.90,294
2024-06-17 12:00:00,19.50,91,21.20,,0.20,8.00,275
2024-06-17 13:00:00,20.20,88,21.70,,0.30,10.10,272
2024-06-17 14:00:00,20.30,89,21.80,,0.30,10.50,262
2024-06-17 15:00:00,20.60,85,21.70,,0.50,12.10,282
2024-06-17 16:00:00,20.40,86,21.40,,0.30,12.80,281
2024-06-17 17:00:00,20.60,83,21.40,,0.10,13.30,283
2024-06-17 18:00:00,20.40,87,21.80,,0.00,10.50,278
2024-06-17 19:00:00,20.00,89,21.50,,0.50,10.40,268
2024-06-17 20:00:00,19.60,92,21.10,,0.40,9.90,260
2024-06-17 21:00:00,19.40,92,21.30,,0.30,7.20,264
2024-06-17 22:00:00,18.90,94,20.70,,0.00,6.90,261
2024-06-17 23:00:00,18.40,94,20.00,,0.00,6.70,254
2024-06-18 00:00:00,17.90,94,19.40,,0.00,6.80,252
2024-06-18 01:00:00,17.60,95,18.90,,0.00,7.40,256
2024-06-18 02:00:00,17.20,95,18.30,,0.00,7.20,264
2024-06-18 03:00:00,16.90,96,18.10,,0.00,6.80,267
2024-06-18 04:00:00,16.80,97,18.10,,0.00,6.50,270
2024-06-18 05:00:00,16.70,97,17.80,,0.00,6.80,267
2024-06-18 06:00:00,17.20,96,18.40,,0.00,7.20,267
2024-06-18 07:00:00,18.30,92,19.20,,0.00,10.40,284
2024-06-18 08:00:00,19.60,86,20.50,,0.00,11.20,285
2024-06-18 09:00:00,21.20,78,22.20,,0.00,10.60,280
2024-06-18 10:00:00,22.20,73,22.80,,0.00,12.80,281
2024-06-18 11:00:00,23.20,66,23.80,,0.00,14.00,282
2024-06-18 12:00:00,24.40,61,25.10,,0.00,14.00,288
2024-06-18 13:00:00,25.00,56,25.70,,0.00,14.30,288
2024-06-18 14:00:00,25.50,52,25.30,,0.00,14.20,291
2024-06-18 15:00:00,25.80,51,26.10,,0.00,14.00,293
2024-06-18 16:00:00,26.10,49,26.10,,0.00,13.70,293
2024-06-18 17:00:00,25.90,47,25.10,,0.00,13.40,297
2024-06-18 18:00:00,25.80,48,25.50,,0.00,10.30,299
2024-06-18 19:00:00,25.10,51,25.40,,0.00,7.40,299
2024-06-18 20:00:00,23.70,61,25.10,,0.00,3.60,276
2024-06-18 21:00:00,22.00,68,23.30,,0.00,4.10,255
2024-06-18 22:00:00,21.00,70,22.30,,0.00,3.70,241
2024-06-18 23:00:00,20.30,70,21.30,,0.00,3.90,214
2024-06-19 00:00:00,19.50,78,20.70,,0.00,4.00,207
2024-06-19 01:00:00,19.00,79,20.20,,0.00,4.40,215
2024-06-19 02:00:00,18.60,81,19.60,,0.00,4.90,216
2024-06-19 03:00:00,18.00,87,19.30,,0.00,4.80,222
2024-06-19 04:00:00,17.60,87,18.80,,0.00,4.60,225
2024-06-19 05:00:00,17.30,88,18.40,,0.00,4.30,228
2024-06-19 06:00:00,17.90,87,19.30,,0.00,3.60,225
2024-06-19 07:00:00,19.50,83,21.20,,0.00,4.10,225
2024-06-19 08:00:00,21.00,80,22.90,,0.00,5.60,230
2024-06-19 09:00:00,23.00,72,24.80,,0.00,6.40,227
2024-06-19 10:00:00,24.20,69,26.10,,0.00,7.40,223
2024-06-19 11:00:00,25.90,62,28.40,,0.00,9.20,222
2024-06-19 12:00:00,27.20,50,28.90,,0.00,11.70,227
2024-06-19 13:00:00,27.70,48,28.60,,0.00,12.50,231
2024-06-19 14:00:00,28.40,46,29.50,,0.00,13.50,228
2024-06-19 15:00:00,28.50,45,29.70,,0.00,12.50,231
2024-06-19 16:00:00,28.20,46,28.40,,0.00,13.10,233
2024-06-19 17:00:00,27.70,46,27.70,,0.00,11.50,229
2024-06-19 18:00:00,27.50,50,28.00,,0.00,11.20,220
2024-06-19 19:00:00,26.70,53,27.40,,0.00,9.60,214
2024-06-19 20:00:00,25.00,62,26.60,,0.00,6.60,202
2024-06-19 21:00:00,23.40,66,24.80,,0.00,6.60,202
2024-06-19 22:00:00,22.20,70,23.40,,0.00,7.00,192
2024-06-19 23:00:00,21.60,73,22.80,,0.00,6.90,189
2024-06-20 00:00:00,21.10,72,22.00,,0.00,8.00,185
2024-06-20 01:00:00,20.40,76,21.20,,0.00,8.60,182
2024-06-20 02:00:00,19.90,79,20.60,,0.00,9.40,182
2024-06-20 03:00:00,19.30,80,20.00,,0.00,9.00,180
2024-06-20 04:00:00,19.10,78,19.40,,0.00,9.70,178
2024-06-20 05:00:00,19.00,79,19.20,,0.00,10.50,176
2024-06-20 06:00:00,19.70,79,20.20,,0.00,10.40,180
2024-06-20 07:00:00,20.80,77,21.40,,0.00,11.50,180
2024-06-20 08:00:00,21.30,78,22.00,,0.10,12.60,200
2024-06-20 09:00:00,21.00,80,21.50,,0.20,15.00,224
2024-06-20 10:00:00,20.10,89,20.70,,1.50,17.00,257
2024-06-20 11:00:00,18.10,79,16.40,,0.90,22.00,302
2024-06-20 12:00:00,16.20,83,14.50,,0.40,18.40,296
2024-06-20 13:00:00,17.00,75,14.80,,0.00,20.70,310
2024-06-20 14:00:00,16.90,66,13.90,,0.00,21.20,318
2024-06-20 15:00:00,17.50,64,15.10,,0.00,17.80,315
2024-06-20 16:00:00,18.50,57,16.20,,0.00,16.30,311
2024-06-20 17:00:00,18.70,54,15.70,,0.00,18.90,309
2024-06-20 18:00:00,18.70,53,15.90,,0.00,17.60,317
2024-06-20 19:00:00,18.30,57,16.10,,0.00,14.30,321
2024-06-20 20:00:00,17.60,62,16.00,,0.00,11.00,319
2024-06-20 21:00:00,16.40,68,15.40,,0.00,7.70,307
2024-06-20 22:00:00,15.10,75,14.30,,0.00,7.30,290
2024-06-20 23:00:00,14.60,77,13.60,,0.00,7.60,278
2024-06-21 00:00:00,14.20,80,13.40,,0.00,7.20,273
2024-06-21 01:00:00,14.00,79,12.90,,0.00,8.20,285
2024-06-21 02:00:00,13.70,80,12.50,,0.00,8.40,290
2024-06-21 03:00:00,13.40,81,12.40,,0.00,7.80,292
2024-06-21 04:00:00,13.00,82,11.90,,0.00,7.60,289
2024-06-21 05:00:00,12.80,84,11.70,,0.00,7.90,286
2024-06-21 06:00:00,13.60,83,12.70,,0.00,7.60,289
2024-06-21 07:00:00,15.10,81,14.50,,0.00,7.90,294
2024-06-21 08:00:00,16.90,76,16.50,,0.00,8.50,298
2024-06-21 09:00:00,18.90,68,18.70,,0.00,7.70,298
2024-06-21 10:00:00,20.40,65,20.50,,0.00,9.60,283
2024-06-21 11:00:00,21.70,56,21.50,,0.00,12.80,286
2024-06-21 12:00:00,22.20,54,21.90,,0.00,15.00,291
2024-06-21 13:00:00,22.90,50,22.80,,0.00,15.30,294
2024-06-21 14:00:00,23.40,47,23.10,,0.00,15.10,295
2024-06-21 15:00:00,23.70,44,22.90,,0.00,14.70,298
2024-06-21 16:00:00,23.80,42,22.30,,0.00,15.00,297
2024-06-21 17:00:00,23.30,43,21.30,,0.00,13.70,297
2024-06-21 18:00:00,22.80,47,21.10,,0.00,13.20,299
2024-06-21 19:00:00,22.30,49,21.10,,0.00,9.80,298
2024-06-21 20:00:00,21.10,55,20.60,,0.00,6.50,289
2024-06-21 21:00:00,19.60,62,19.60,,0.00,4.30,275
2024-06-21 22:00:00,18.10,68,18.10,,0.00,4.30,275
2024-06-21 23:00:00,17.20,70,17.10,,0.00,4.40,279
2024-06-22 00:00:00,16.10,75,16.00,,0.00,4.00,280
2024-06-22 01:00:00,15.80,74,15.50,,0.00,4.20,290
2024-06-22 02:00:00,15.30,76,15.10,,0.00,3.70,299
2024-06-22 03:00:00,14.60,79,14.30,,0.00,3.80,311
2024-06-22 04:00:00,14.20,80,13.90,,0.00,3.30,311
2024-06-22 05:00:00,14.00,79,13.70,,0.00,2.60,304
2024-06-22 06:00:00,14.70,78,14.70,,0.00,2.30,321
2024-06-22 07:00:00,16.60,79,17.10,,0.00,2.60,326
2024-06-22 08:00:00,18.30,74,18.90,,0.00,3.80,319
2024-06-22 09:00:00,20.90,63,21.50,,0.00,3.50,294
2024-06-22 10:00:00,22.50,58,23.60,,0.00,4.10,285
2024-06-22 11:00:00,23.70,50,24.80,,0.00,6.20,277
2024-06-22 12:00:00,24.20,48,25.40,,0.00,7.60,275
2024-06-22 13:00:00,24.90,46,26.10,,0.00,8.00,278
2024-06-22 14:00:00,25.40,44,26.60,,0.00,7.60,278
2024-06-22 15:00:00,25.60,43,26.40,,0.00,7.10,285
2024-06-22 16:00:00,25.70,43,25.90,,0.00,7.10,285
2024-06-22 17:00:00,25.50,44,25.20,,0.00,6.80,288
2024-06-22 18:00:00,24.60,49,24.70,,0.00,6.40,297
2024-06-22 19:00:00,24.20,52,24.60,,0.00,5.30,298
2024-06-22 20:00:00,22.90,61,24.20,,0.00,2.60,286
2024-06-22 21:00:00,21.80,64,22.90,,0.10,3.10,249
2024-06-22 22:00:00,20.60,69,21.50,,0.00,4.20,250
2024-06-22 23:00:00,20.50,70,21.80,,0.00,2.10,239
2024-06-23 00:00:00,19.90,72,21.30,,0.00,0.80,207
2024-06-23 01:00:00,19.20,74,20.30,,0.00,2.20,171
2024-06-23 02:00:00,18.70,76,19.80,,0.00,2.20,180
2024-06-23 03:00:00,18.80,77,19.90,,0.00,2.90,173
2024-06-23 04:00:00,18.70,77,19.90,,0.00,2.60,196
2024-06-23 05:00:00,18.80,77,19.80,,0.00,3.40,148
2024-06-23 06:00:00,18.60,80,19.70,,0.00,3.60,174
2024-06-23 07:00:00,19.70,79,21.10,,0.00,4.30,180
2024-06-23 08:00:00,20.80,78,22.30,,0.00,6.10,183
2024-06-23 09:00:00,21.50,73,22.70,,0.00,7.00,192
2024-06-23 10:00:00,22.80,72,24.40,,0.00,7.40,194
2024-06-23 11:00:00,24.30,68,26.50,,0.00,8.10,212
2024-06-23 12:00:00,26.00,58,28.50,,0.00,7.90,219
2024-06-23 13:00:00,26.50,56,27.90,,0.00,13.70,252
2024-06-23 14:00:00,25.30,64,26.50,,0.10,12.00,263
2024-06-23 15:00:00,25.30,66,26.80,,0.00,10.90,262
2024-06-23 16:00:00,24.20,70,25.40,,0.20,12.70,262
2024-06-23 17:00:00,21.40,89,23.50,,1.50,9.80,262
2024-06-23 18:00:00,20.60,92,22.60,,1.70,10.00,291
2024-06-23 19:00:00,19.40,80,20.40,,0.50,6.50,273
2024-06-23 20:00:00,18.90,86,20.10,,0.00,7.20,252
2024-06-23 21:00:00,19.00,91,20.60,,0.00,7.40,256
2024-06-23 22:00:00,18.50,95,20.10,,0.00,8.30,265
2024-06-23 23:00:00,18.50,94,19.90,,0.00,8.60,270
2024-06-24 00:00:00,18.40,93,19.70,,0.00,8.80,279
2024-06-24 01:00:00,17.90,91,18.90,,0.00,8.20,293
2024-06-24 02:00:00,17.40,87,17.90,,0.00,8.30,304
2024-06-24 03:00:00,16.40,87,16.70,,0.00,7.30,303
2024-06-24 04:00:00,15.60,88,15.70,,0.00,7.20,297
2024-06-24 05:00:00,15.00,90,15.00,,0.00,7.30,290
2024-06-24 06:00:00,15.30,90,15.40,,0.00,7.30,290
2024-06-24 07:00:00,16.40,87,16.60,,0.00,8.20,293
2024-06-24 08:00:00,17.80,83,18.20,,0.00,7.80,304
2024-06-24 09:00:00,19.10,78,19.60,,0.00,8.60,303
2024-06-24 10:00:00,19.70,73,19.70,,0.00,11.10,306
2024-06-24 11:00:00,19.70,71,19.50,,0.00,11.40,305
2024-06-24 12:00:00,20.30,68,19.70,,0.00,12.90,306
2024-06-24 13:00:00,21.20,67,20.90,,0.00,12.60,301
2024-06-24 14:00:00,22.00,63,22.30,,0.00,12.20,304
2024-06-24 15:00:00,22.50,62,22.40,,0.10,13.20,313
2024-06-24 16:00:00,21.60,65,21.50,,0.40,11.00,322
2024-06-24 17:00:00,20.70,74,21.10,,0.20,10.90,326
2024-06-24 18:00:00,19.90,79,20.30,,0.30,12.20,326
2024-06-24 19:00:00,19.30,78,19.50,,0.40,11.40,325
2024-06-24 20:00:00,18.40,83,18.90,,0.20,8.60,327
2024-06-24 21:00:00,17.50,89,18.50,,0.60,6.60,338
2024-06-24 22:00:00,16.90,92,17.80,,0.00,6.90,351
2024-06-24 23:00:00,16.70,90,17.60,,0.00,5.40,360
2024-06-25 00:00:00,16.10,88,16.50,,0.00,5.80,356
2024-06-25 01:00:00,15.70,88,16.20,,0.00,5.10,356
2024-06-25 02:00:00,15.50,89,16.00,,0.00,5.20,335
2024-06-25 03:00:00,15.10,92,15.50,,0.00,5.30,332
2024-06-25 04:00:00,15.20,93,15.80,,0.00,4.80,333
2024-06-25 05:00:00,15.00,92,15.30,,0.00,6.10,332
2024-06-25 06:00:00,15.30,91,15.60,,0.00,6.30,329
2024-06-25 07:00:00,16.40,89,16.90,,0.00,7.20,333
2024-06-25 08:00:00,17.90,84,18.50,,0.00,7.60,335
2024-06-25 09:00:00,19.40,76,19.70,,0.00,9.10,342
2024-06-25 10:00:00,20.50,71,21.20,,0.00,9.70,345
2024-06-25 11:00:00,21.20,63,21.50,,0.00,10.20,350
2024-06-25 12:00:00,21.80,58,22.10,,0.00,10.50,354
2024-06-25 13:00:00,21.70,57,21.60,,0.00,11.90,358
2024-06-25 14:00:00,22.30,56,22.30,,0.00,11.90,357
2024-06-25 15:00:00,22.90,48,21.80,,0.00,13.80,6
2024-06-25 16:00:00,23.10,45,21.40,,0.00,14.20,7
2024-06-25 17:00:00,22.90,44,20.80,,0.00,14.90,8
2024-06-25 18:00:00,22.30,40,19.70,,0.00,14.30,12
2024-06-25 19:00:00,21.60,36,18.80,,0.00,12.00,16
2024-06-25 20:00:00,20.20,40,18.30,,0.00,6.30,13
2024-06-25 21:00:00,18.80,55,18.30,,0.00,2.60,344
2024-06-25 22:00:00,17.80,57,17.20,,0.00,2.80,320
2024-06-25 23:00:00,17.30,58,16.50,,0.00,3.10,324
2024-06-26 00:00:00,16.10,65,15.40,,0.00,3.70,331
2024-06-26 01:00:00,15.60,67,14.90,,0.00,3.80,319
2024-06-26 02:00:00,15.10,70,14.40,,0.00,3.80,319
2024-06-26 03:00:00,14.20,75,13.60,,0.00,3.80,319
2024-06-26 04:00:00,13.80,78,13.10,,0.00,4.30,312
2024-06-26 05:00:00,13.60,81,13.00,,0.00,4.40,305
2024-06-26 06:00:00,14.50,79,14.10,,0.00,4.40,305
2024-06-26 07:00:00,16.10,79,15.90,,0.00,6.40,308
2024-06-26 08:00:00,18.00,74,18.00,,0.00,7.50,305
2024-06-26 09:00:00,20.60,62,20.20,,0.00,9.60,304
2024-06-26 10:00:00,22.30,56,22.00,,0.00,11.80,310
2024-06-26 11:00:00,23.10,52,22.70,,0.00,12.10,330
2024-06-26 12:00:00,23.80,46,22.30,,0.00,13.50,335
2024-06-26 13:00:00,24.20,46,22.90,,0.00,12.90,333
2024-06-26 14:00:00,24.30,45,23.20,,0.00,11.10,324
2024-06-26 15:00:00,25.60,42,24.10,,0.00,13.90,335
2024-06-26 16:00:00,25.30,43,24.00,,0.00,12.80,338
2024-06-26 17:00:00,25.40,43,24.10,,0.00,12.60,340
2024-06-26 18:00:00,25.30,47,24.60,,0.00,11.40,342
2024-06-26 19:00:00,24.70,48,24.20,,0.00,9.70,345
2024-06-26 20:00:00,23.30,54,23.50,,0.00,6.00,343
2024-06-26 21:00:00,22.00,61,22.90,,0.00,3.40,342
2024-06-26 22:00:00,20.70,64,21.40,,0.00,3.20,333
2024-06-26 23:00:00,20.10,64,20.70,,0.00,2.80,320
2024-06-27 00:00:00,19.20,70,20.00,,0.00,2.70,337
2024-06-27 01:00:00,18.80,71,19.50,,0.00,2.50,315
2024-06-27 02:00:00,18.40,73,19.30,,0.00,1.50,14
2024-06-27 03:00:00,18.00,77,18.90,,0.00,2.40,333
2024-06-27 04:00:00,17.40,79,18.20,,0.00,2.50,8
2024-06-27 05:00:00,16.80,82,17.60,,0.00,2.60,56
2024-06-27 06:00:00,17.20,82,18.30,,0.00,1.60,27
2024-06-27 07:00:00,18.80,83,20.30,,0.00,2.90,60
2024-06-27 08:00:00,20.30,78,21.80,,0.00,4.70,81
2024-06-27 09:00:00,22.00,69,23.20,,0.00,5.60,75
2024-06-27 10:00:00,23.10,66,24.80,,0.00,6.10,50
2024-06-27 11:00:00,24.20,60,25.80,,0.00,8.50,36
2024-06-27 12:00:00,24.90,55,26.50,,0.00,8.70,24
2024-06-27 13:00:00,25.60,50,26.60,,0.00,10.60,18
2024-06-27 14:00:00,26.20,46,26.80,,0.00,11.00,23
2024-06-27 15:00:00,26.70,44,27.00,,0.00,12.00,33
2024-06-27 16:00:00,26.60,42,26.60,,0.00,10.60,35
2024-06-27 17:00:00,26.40,41,25.70,,0.00,9.80,36
2024-06-27 18:00:00,26.00,42,25.50,,0.00,7.90,39
2024-06-27 19:00:00,25.30,44,25.10,,0.00,6.20,36
2024-06-27 20:00:00,23.70,54,24.50,,0.00,3.10,36
2024-06-27 21:00:00,22.10,57,22.50,,0.00,4.00,27
2024-06-27 22:00:00,20.50,60,20.70,,0.00,3.70,29
2024-06-27 23:00:00,20.00,60,20.00,,0.00,3.60,37
2024-06-28 00:00:00,18.10,74,18.50,,0.00,4.10,52
2024-06-28 01:00:00,17.50,74,17.90,,0.00,3.10,54
2024-06-28 02:00:00,17.00,76,17.40,,0.00,2.80,50
2024-06-28 03:00:00,16.00,82,16.70,,0.00,1.90,68
2024-06-28 04:00:00,15.40,83,15.90,,0.00,2.30,39
2024-06-28 05:00:00,14.80,86,15.30,,0.00,1.90,22
2024-06-28 06:00:00,16.00,86,17.10,,0.00,0.50,225
2024-06-28 07:00:00,18.50,87,20.40,,0.00,1.50,14
2024-06-28 08:00:00,21.60,74,23.20,,0.00,4.70,9
2024-06-28 09:00:00,24.00,62,25.40,,0.00,5.20,16
2024-06-28 10:00:00,25.00,54,25.70,,0.00,7.80,34
2024-06-28 11:00:00,25.80,48,25.90,,0.00,9.40,47
2024-06-28 12:00:00,26.50,47,27.70,,0.00,7.70,37
2024-06-28 13:00:00,27.50,42,28.90,,0.00,6.70,36
2024-06-28 14:00:00,27.80,39,28.40,,0.00,7.30,33
2024-06-28 15:00:00,28.00,41,28.40,,0.00,7.20,37
2024-06-28 16:00:00,28.00,41,28.10,,0.00,6.40,38
2024-06-28 17:00:00,28.10,40,28.30,,0.00,5.70,35
2024-06-28 18:00:00,27.90,41,28.10,,0.00,5.50,32
2024-06-28 19:00:00,26.80,49,27.80,,0.00,4.90,36
2024-06-28 20:00:00,25.00,58,26.60,,0.00,3.60,45
2024-06-28 21:00:00,23.30,61,24.60,,0.00,3.30,49
2024-06-28 22:00:00,21.90,61,22.80,,0.00,3.10,36
2024-06-28 23:00:00,21.10,62,21.90,,0.00,2.70,23
2024-06-29 00:00:00,19.70,71,20.90,,0.00,1.80,37
2024-06-29 01:00:00,18.90,73,20.00,,0.00,1.40,360
2024-06-29 02:00:00,17.90,78,19.00,,0.00,1.80,37
2024-06-29 03:00:00,16.90,84,18.00,,0.00,1.90,68
2024-06-29 04:00:00,16.70,83,17.70,,0.00,1.60,117
2024-06-29 05:00:00,16.60,84,17.50,,0.00,1.80,143
2024-06-29 06:00:00,17.90,82,19.30,,0.00,1.30,124
2024-06-29 07:00:00,20.40,83,23.00,,0.00,0.80,117
2024-06-29 08:00:00,22.70,80,25.90,,0.00,1.30,214
2024-06-29 09:00:00,24.90,65,27.50,,0.00,1.90,202
2024-06-29 10:00:00,26.20,60,29.30,,0.00,1.90,202
2024-06-29 11:00:00,27.40,53,30.80,,0.00,1.80,191
2024-06-29 12:00:00,28.00,48,31.00,,0.00,1.80,217
2024-06-29 13:00:00,28.70,43,31.10,,0.00,2.00,225
2024-06-29 14:00:00,29.30,41,31.80,,0.00,2.30,231
2024-06-29 15:00:00,29.70,41,31.80,,0.00,3.40,212
2024-06-29 16:00:00,29.90,40,31.00,,0.00,3.60,225
2024-06-29 17:00:00,29.70,40,30.70,,0.00,3.50,246
2024-06-29 18:00:00,29.30,44,30.50,,0.00,5.20,254
2024-06-29 19:00:00,28.20,55,30.60,,0.00,3.90,214
2024-06-29 20:00:00,26.30,64,29.10,,0.00,4.00,175
2024-06-29 21:00:00,24.20,68,26.50,,0.00,4.00,185
2024-06-29 22:00:00,23.00,72,25.30,,0.00,3.50,204
2024-06-29 23:00:00,22.20,73,24.20,,0.00,3.60,225
2024-06-30 00:00:00,21.50,75,23.50,,0.00,2.70,247
2024-06-30 01:00:00,20.80,76,22.70,,0.00,2.60,236
2024-06-30 02:00:00,20.50,77,22.20,,0.00,2.80,220
2024-06-30 03:00:00,19.90,79,21.60,,0.00,2.80,220
2024-06-30 04:00:00,19.60,80,21.20,,0.00,3.10,234
2024-06-30 05:00:00,19.30,81,20.90,,0.00,3.30,221
2024-06-30 06:00:00,20.20,81,22.10,,0.00,3.30,229
2024-06-30 07:00:00,22.10,82,25.00,,0.00,2.80,220
2024-06-30 08:00:00,24.00,77,27.00,,0.00,4.30,228
2024-06-30 09:00:00,26.10,66,28.80,,0.00,5.40,222
2024-06-30 10:00:00,27.50,62,30.60,,0.00,6.40,218
2024-06-30 11:00:00,28.90,52,31.50,,0.00,8.40,220
2024-06-30 12:00:00,29.70,46,32.00,,0.00,7.90,223
2024-06-30 13:00:00,30.40,43,32.50,,0.00,8.40,227
2024-06-30 14:00:00,30.60,42,32.60,,0.00,8.70,225
2024-06-30 15:00:00,31.00,41,32.80,,0.00,8.20,232
2024-06-30 16:00:00,31.00,40,32.30,,0.00,8.40,239
2024-06-30 17:00:00,30.80,41,31.70,,0.00,7.90,240
2024-06-30 18:00:00,30.40,42,31.50,,0.00,6.30,239
2024-06-30 19:00:00,29.50,48,31.50,,0.00,4.60,225
2024-06-30 20:00:00,27.80,60,30.90,,0.00,2.60,196
2024-06-30 21:00:00,26.50,59,29.00,,0.00,2.50,180
2024-06-30 22:00:00,25.10,58,27.00,,0.00,2.20,171
2024-06-30 23:00:00,24.10,60,25.60,,0.00,3.30,167
2024-07-01 00:00:00,23.20,70,25.30,,0.00,4.00,185
2024-07-01 01:00:00,22.40,70,24.20,,0.00,4.00,190
2024-07-01 02:00:00,21.90,71,23.60,,0.00,4.00,190
2024-07-01 03:00:00,20.40,78,22.10,,0.00,3.60,180
2024-07-01 04:00:00,20.00,81,21.80,,0.00,3.60,174
2024-07-01 05:00:00,19.70,83,21.50,,0.00,3.80,163
2024-07-01 06:00:00,20.60,84,22.80,,0.00,3.80,163
2024-07-01 07:00:00,22.70,80,25.50,,0.00,4.00,170
2024-07-01 08:00:00,24.40,76,27.20,,0.00,6.50,174
2024-07-01 09:00:00,26.70,66,29.50,,0.00,6.50,177
2024-07-01 10:00:00,28.30,59,31.10,,0.00,8.00,185
2024-07-01 11:00:00,29.70,49,32.20,,0.00,9.20,191
2024-07-01 12:00:00,30.20,45,32.40,,0.00,8.50,192
2024-07-01 13:00:00,31.00,41,33.10,,0.00,8.40,190
2024-07-01 14:00:00,31.70,37,33.60,,0.00,9.20,191
2024-07-01 15:00:00,31.70,37,33.20,,0.00,8.80,189
2024-07-01 16:00:00,31.90,35,32.70,,0.00,8.70,197
2024-07-01 17:00:00,31.40,36,31.40,,0.00,9.70,207
2024-07-01 18:00:00,30.70,38,30.80,,0.00,9.50,205
2024-07-01 19:00:00,29.80,42,30.60,,0.00,7.20,198
2024-07-01 20:00:00,27.70,52,29.30,,0.00,5.80,184
2024-07-01 21:00:00,25.60,58,27.30,,0.00,4.40,171
2024-07-01 22:00:00,24.50,59,25.90,,0.00,4.70,171
2024-07-01 23:00:00,23.80,60,24.90,,0.00,4.80,167
2024-07-02 00:00:00,23.00,64,24.30,,0.00,4.70,157
2024-07-02 01:00:00,22.40,67,23.70,,0.00,5.00,159
2024-07-02 02:00:00,21.90,69,23.20,,0.00,5.30,152
2024-07-02 03:00:00,21.50,70,22.70,,0.00,5.50,148
2024-07-02 04:00:00,20.90,71,21.80,,0.00,6.60,151
2024-07-02 05:00:00,20.30,75,21.30,,0.00,6.90,152
2024-07-02 06:00:00,20.80,76,22.00,,0.00,7.10,156
2024-07-02 07:00:00,21.90,74,23.20,,0.00,8.10,159
2024-07-02 08:00:00,23.60,69,24.90,,0.00,9.30,167
2024-07-02 09:00:00,25.60,60,26.90,,0.00,9.20,169
2024-07-02 10:00:00,27.30,57,29.10,,0.00,9.70,176
2024-07-02 11:00:00,29.20,50,31.30,,0.00,10.10,180
2024-07-02 12:00:00,30.80,40,32.40,,0.00,10.50,184
2024-07-02 13:00:00,31.50,36,32.10,,0.00,11.70,189
2024-07-02 14:00:00,32.30,34,32.40,,0.00,14.00,192
2024-07-02 15:00:00,32.60,30,32.40,,0.00,13.10,196
2024-07-02 16:00:00,32.70,28,31.80,,0.00,12.60,193
2024-07-02 17:00:00,32.10,29,30.90,,0.00,12.40,206
2024-07-02 18:00:00,30.80,35,30.60,,0.00,9.50,209
2024-07-02 19:00:00,29.90,38,30.00,,0.00,8.70,204
2024-07-02 20:00:00,27.90,47,29.10,,0.00,4.40,171
2024-07-02 21:00:00,26.30,53,27.70,,0.00,4.20,160
2024-07-02 22:00:00,25.10,54,26.10,,0.00,5.10,141
2024-07-02 23:00:00,24.30,59,25.30,,0.00,6.60,139
2024-07-03 00:00:00,23.80,61,25.00,,0.00,5.30,152
2024-07-03 01:00:00,23.30,61,24.50,,0.00,4.00,180
2024-07-03 02:00:00,22.70,64,23.90,,0.00,4.10,165
2024-07-03 03:00:00,21.90,64,23.00,,0.00,3.70,151
2024-07-03 04:00:00,21.50,63,22.10,,0.00,5.20,146
2024-07-03 05:00:00,20.90,65,21.30,,0.00,6.60,135
2024-07-03 06:00:00,21.00,69,21.70,,0.00,6.80,148
2024-07-03 07:00:00,21.50,72,22.50,,0.00,7.80,158
2024-07-03 08:00:00,23.10,68,24.30,,0.00,8.40,173
2024-07-03 09:00:00,24.90,62,25.90,,0.00,10.50,188
2024-07-03 10:00:00,26.20,59,27.50,,0.00,11.20,195
2024-07-03 11:00:00,27.60,55,29.60,,0.00,11.30,202
2024-07-03 12:00:00,29.20,51,31.90,,0.00,10.40,214
2024-07-03 13:00:00,30.30,47,33.20,,0.00,10.60,215
2024-07-03 14:00:00,30.70,44,32.90,,0.00,10.80,210
2024-07-03 15:00:00,31.20,40,32.00,,0.00,10.60,204
2024-07-03 16:00:00,31.40,37,31.70,,0.00,10.70,200
2024-07-03 17:00:00,31.40,34,31.10,,0.00,10.20,190
2024-07-03 18:00:00,30.70,36,30.90,,0.00,7.40,219
2024-07-03 19:00:00,28.70,55,30.80,,0.00,8.30,304
2024-07-03 20:00:00,26.30,66,28.50,,0.00,9.70,360
2024-07-03 21:00:00,24.50,76,27.10,,0.00,8.30,5
2024-07-03 22:00:00,22.70,86,25.60,,0.00,7.90,24
2024-07-03 23:00:00,21.80,90,24.40,,0.00,9.20,42
2024-07-04 00:00:00,21.30,94,24.00,,0.00,9.30,54
2024-07-04 01:00:00,21.00,93,23.30,,0.00,10.30,65
2024-07-04 02:00:00,20.80,92,22.90,,0.00,10.70,70
2024-07-04 03:00:00,20.20,95,22.40,,0.00,9.70,75
2024-07-04 04:00:00,20.00,89,21.60,,0.00,9.10,83
2024-07-04 05:00:00,20.30,81,21.60,,0.00,7.60,93
2024-07-04 06:00:00,21.10,70,22.00,,0.00,6.50,109
2024-07-04 07:00:00,22.20,66,22.80,,0.00,8.40,110
2024-07-04 08:00:00,23.60,63,24.40,,0.00,8.40,110
2024-07-04 09:00:00,25.40,58,26.40,,0.00,8.60,112
2024-07-04 10:00:00,27.30,52,28.40,,0.00,10.00,128
2024-07-04 11:00:00,29.40,47,31.50,,0.00,8.60,123
2024-07-04 12:00:00,31.70,36,33.00,,0.00,11.40,145
2024-07-04 13:00:00,33.30,28,33.80,,0.00,12.80,164
2024-07-04 14:00:00,33.90,25,33.70,,0.00,13.50,164
2024-07-04 15:00:00,33.30,26,32.50,,0.00,14.10,165
2024-07-04 16:00:00,32.70,27,31.00,,0.00,14.10,177
2024-07-04 17:00:00,32.10,27,30.50,,0.00,12.60,177
2024-07-04 18:00:00,31.80,29,30.20,,0.00,14.10,193
2024-07-04 19:00:00,29.70,35,29.00,,0.00,10.20,188
2024-07-04 20:00:00,27.50,41,27.50,,0.00,6.80,183
2024-07-04 21:00:00,25.30,48,25.90,,0.00,3.70,169
2024-07-04 22:00:00,24.90,52,25.90,,0.00,2.80,140
2024-07-04 23:00:00,24.40,50,25.10,,0.00,2.10,149
2024-07-05 00:00:00,23.40,52,23.80,,0.00,3.10,201
2024-07-05 01:00:00,22.60,60,23.50,,0.00,3.70,299
2024-07-05 02:00:00,22.10,68,23.60,,0.00,3.20,333
2024-07-05 03:00:00,21.10,74,22.70,,0.00,3.90,326
2024-07-05 04:00:00,20.60,78,22.30,,0.00,4.60,309
2024-07-05 05:00:00,19.80,86,21.60,,0.10,6.00,303
2024-07-05 06:00:00,20.10,91,22.30,,0.00,6.60,338
2024-07-05 07:00:00,21.10,90,23.70,,0.10,5.90,346
2024-07-05 08:00:00,22.10,88,25.10,,0.00,6.10,315
2024-07-05 09:00:00,22.60,85,25.30,,0.00,7.20,297
2024-07-05 10:00:00,22.00,87,24.60,,1.20,7.60,270
2024-07-05 11:00:00,21.80,88,24.10,,1.10,9.70,268
2024-07-05 12:00:00,21.70,85,23.60,,1.40,10.10,274
2024-07-05 13:00:00,21.70,83,23.00,,1.20,12.60,270
2024-07-05 14:00:00,21.80,80,23.00,,0.40,12.00,279
2024-07-05 15:00:00,20.90,83,22.20,,0.60,10.40,272
2024-07-05 16:00:00,21.40,79,22.50,,0.40,11.00,281
2024-07-05 17:00:00,20.90,66,20.70,,0.00,11.50,302
2024-07-05 18:00:00,21.50,62,21.60,,0.00,7.70,307
2024-07-05 19:00:00,21.20,66,22.00,,0.00,5.00,300
2024-07-05 20:00:00,20.60,74,22.20,,0.00,2.90,270
2024-07-05 21:00:00,19.10,76,20.00,,0.00,5.00,270
2024-07-05 22:00:00,17.90,76,18.00,,0.00,7.20,288
2024-07-05 23:00:00,17.10,80,17.40,,0.00,5.90,281
2024-07-06 00:00:00,16.40,81,16.30,,0.00,7.20,288
2024-07-06 01:00:00,15.80,82,15.60,,0.00,7.30,303
2024-07-06 02:00:00,15.20,85,15.00,,0.00,7.40,309
2024-07-06 03:00:00,14.70,89,14.70,,0.00,6.60,315
2024-07-06 04:00:00,14.20,92,14.10,,0.00,6.40,322
2024-07-06 05:00:00,13.70,95,13.80,,0.00,6.00,327
2024-07-06 06:00:00,14.10,94,14.40,,0.00,4.80,333
2024-07-06 07:00:00,15.30,88,15.30,,0.00,6.80,342
2024-07-06 08:00:00,16.40,82,16.50,,0.00,6.50,341
2024-07-06 09:00:00,18.40,67,18.30,,0.00,5.60,345
2024-07-06 10:00:00,20.00,59,20.10,,0.00,6.20,350
2024-07-06 11:00:00,21.40,52,22.00,,0.00,6.50,357
2024-07-06 12:00:00,22.50,45,23.30,,0.00,6.00,343
2024-07-06 13:00:00,23.30,41,24.10,,0.00,5.70,325
2024-07-06 14:00:00,24.00,38,24.50,,0.00,5.60,315
2024-07-06 15:00:00,24.30,38,24.50,,0.00,5.10,315
2024-07-06 16:00:00,24.50,38,24.30,,0.00,4.40,325
2024-07-06 17:00:00,24.50,38,23.70,,0.00,3.90,338
2024-07-06 18:00:00,24.30,38,23.60,,0.00,3.10,339
2024-07-06 19:00:00,23.70,38,22.90,,0.00,3.00,14
2024-07-06 20:00:00,22.30,51,22.40,,0.00,2.70,67
2024-07-06 21:00:00,20.50,59,20.70,,0.00,3.30,84
2024-07-06 22:00:00,19.10,59,18.80,,0.00,3.70,101
2024-07-06 23:00:00,18.10,60,17.50,,0.00,4.40,99
2024-07-07 00:00:00,17.00,69,16.60,,0.00,5.40,110
2024-07-07 01:00:00,16.40,70,16.00,,0.00,4.70,113
2024-07-07 02:00:00,16.00,71,15.60,,0.00,4.50,119
2024-07-07 03:00:00,15.50,75,15.20,,0.00,3.80,107
2024-07-07 04:00:00,15.10,75,14.80,,0.00,3.70,101
2024-07-07 05:00:00,14.70,77,14.20,,0.00,4.30,95
2024-07-07 06:00:00,15.40,78,15.30,,0.00,4.00,85
2024-07-07 07:00:00,17.40,78,17.90,,0.00,4.30,85
2024-07-07 08:00:00,19.40,68,19.50,,0.00,6.90,96
2024-07-07 09:00:00,21.80,54,21.10,,0.00,9.10,108
2024-07-07 10:00:00,23.00,45,21.80,,0.00,12.10,117
2024-07-07 11:00:00,23.90,44,23.60,,0.00,11.40,118
2024-07-07 12:00:00,24.30,44,24.80,,0.00,9.90,123
2024-07-07 13:00:00,25.30,40,26.00,,0.00,8.90,117
2024-07-07 14:00:00,25.90,38,26.70,,0.00,8.10,111
2024-07-07 15:00:00,25.90,38,26.50,,0.00,7.50,107
2024-07-07 16:00:00,26.30,37,26.20,,0.00,8.00,100
2024-07-07 17:00:00,26.20,38,25.60,,0.00,7.60,98
2024-07-07 18:00:00,25.90,41,25.50,,0.00,6.60,99
2024-07-07 19:00:00,25.40,42,25.00,,0.00,5.80,94
2024-07-07 20:00:00,23.60,52,24.10,,0.00,3.80,73
2024-07-07 21:00:00,21.70,57,22.00,,0.00,4.10,75
2024-07-07 22:00:00,20.30,59,20.20,,0.00,4.50,76
2024-07-07 23:00:00,19.70,60,19.70,,0.00,3.70,79
2024-07-08 00:00:00,18.90,66,19.00,,0.00,4.50,76
2024-07-08 01:00:00,18.30,67,18.20,,0.00,5.10,82
2024-07-08 02:00:00,17.90,69,17.90,,0.00,4.50,76
2024-07-08 03:00:00,16.00,79,16.00,,0.00,4.70,67
2024-07-08 04:00:00,15.20,82,15.20,,0.00,4.80,63
2024-07-08 05:00:00,14.70,86,14.70,,0.00,4.80,63
2024-07-08 06:00:00,15.50,86,15.80,,0.00,4.80,63
2024-07-08 07:00:00,17.70,78,18.10,,0.00,5.70,72
2024-07-08 08:00:00,19.60,71,19.90,,0.00,7.30,79
2024-07-08 09:00:00,22.30,57,22.40,,0.00,6.90,81
2024-07-08 10:00:00,24.30,54,25.10,,0.00,7.00,78
2024-07-08 11:00:00,26.10,46,27.30,,0.00,7.60,71
2024-07-08 12:00:00,27.00,41,28.20,,0.00,8.20,67
2024-07-08 13:00:00,28.00,40,29.90,,0.00,7.10,66
2024-07-08 14:00:00,28.80,39,30.80,,0.00,6.50,71
2024-07-08 15:00:00,28.90,40,30.90,,0.00,5.50,58
2024-07-08 16:00:00,29.30,40,31.00,,0.00,4.60,45
2024-07-08 17:00:00,29.20,40,29.90,,0.00,5.20,25
2024-07-08 18:00:00,29.00,40,29.40,,0.00,5.80,7
2024-07-08 19:00:00,27.90,44,28.50,,0.00,5.40,352
2024-07-08 20:00:00,26.20,51,27.40,,0.00,4.30,360
2024-07-08 21:00:00,24.40,59,25.70,,0.00,4.40,9
2024-07-08 22:00:00,22.90,64,24.10,,0.00,4.90,17
2024-07-08 23:00:00,21.90,68,23.20,,0.00,4.30,5
2024-07-09 00:00:00,20.90,75,22.40,,0.00,4.30,355
2024-07-09 01:00:00,20.30,76,21.70,,0.00,4.30,355
2024-07-09 02:00:00,20.10,77,21.50,,0.00,4.70,356
2024-07-09 03:00:00,19.40,82,20.80,,0.00,5.00,360
2024-07-09 04:00:00,19.10,83,20.50,,0.00,4.70,4
2024-07-09 05:00:00,18.80,85,20.30,,0.00,4.70,9
2024-07-09 06:00:00,19.70,83,21.40,,0.00,4.00,5
2024-07-09 07:00:00,21.00,80,22.80,,0.00,5.80,4
2024-07-09 08:00:00,22.80,75,24.80,,0.00,6.50,6
2024-07-09 09:00:00,25.10,66,27.00,,0.00,7.60,360
2024-07-09 10:00:00,27.00,61,29.20,,0.00,7.90,3
2024-07-09 11:00:00,28.60,53,30.50,,0.00,10.70,14
2024-07-09 12:00:00,29.50,50,31.70,,0.00,11.20,21
2024-07-09 13:00:00,30.50,46,32.90,,0.00,10.70,20
2024-07-09 14:00:00,31.00,44,33.00,,0.00,10.80,15
2024-07-09 15:00:00,30.90,44,32.10,,0.00,11.30,7
2024-07-09 16:00:00,31.10,43,31.90,,0.00,10.90,9
2024-07-09 17:00:00,30.70,43,31.20,,0.00,12.00,7
2024-07-09 18:00:00,29.90,47,30.80,,0.00,11.60,7
2024-07-09 19:00:00,29.20,50,30.20,,0.00,11.60,16
2024-07-09 20:00:00,27.90,55,29.50,,0.00,8.90,14
2024-07-09 21:00:00,26.10,61,27.90,,0.00,7.10,15
2024-07-09 22:00:00,24.30,64,25.70,,0.00,6.90,9
2024-07-09 23:00:00,23.30,66,24.50,,0.00,7.30,9
2024-07-10 00:00:00,22.80,67,23.90,,0.00,8.00,8
2024-07-10 01:00:00,22.50,71,23.60,,0.00,9.30,16
2024-07-10 02:00:00,22.00,75,23.10,,0.00,10.40,20
2024-07-10 03:00:00,21.50,78,22.80,,0.00,9.60,20
2024-07-10 04:00:00,20.80,82,22.10,,0.00,9.70,27
2024-07-10 05:00:00,20.30,84,21.50,,0.00,10.00,30
2024-07-10 06:00:00,20.40,84,21.60,,0.00,9.90,33
2024-07-10 07:00:00,21.30,81,22.50,,0.00,11.30,37
2024-07-10 08:00:00,22.80,76,24.30,,0.00,10.50,31
2024-07-10 09:00:00,24.70,70,26.40,,0.00,10.50,27
2024-07-10 10:00:00,26.00,66,27.90,,0.00,11.00,23
2024-07-10 11:00:00,27.60,63,30.10,,0.00,11.30,22
2024-07-10 12:00:00,28.90,60,31.90,,0.00,11.20,21
2024-07-10 13:00:00,29.90,55,32.80,,0.00,12.10,23
2024-07-10 14:00:00,29.30,50,30.90,,0.10,10.60,35
2024-07-10 15:00:00,29.60,54,31.70,,0.00,12.40,26
2024-07-10 16:00:00,29.60,53,31.10,,0.10,12.50,49
2024-07-10 17:00:00,28.60,56,30.20,,0.20,12.10,60
2024-07-10 18:00:00,28.30,58,30.10,,0.10,11.80,52
2024-07-10 19:00:00,28.00,58,29.70,,0.00,10.80,53
2024-07-10 20:00:00,26.80,65,29.40,,0.00,7.40,51
2024-07-10 21:00:00,24.80,76,28.00,,0.00,5.60,63
2024-07-10 22:00:00,23.60,82,26.90,,0.00,5.00,60
2024-07-10 23:00:00,22.80,86,26.10,,0.00,5.20,56
2024-07-11 00:00:00,22.20,88,25.40,,0.00,4.80,48
2024-07-11 01:00:00,21.70,90,24.80,,0.00,4.80,48
2024-07-11 02:00:00,21.20,92,24.20,,0.00,5.60,50
2024-07-11 03:00:00,20.90,93,23.70,,0.00,6.20,54
2024-07-11 04:00:00,20.50,94,23.20,,0.00,6.30,59
2024-07-11 05:00:00,20.20,95,22.90,,0.00,6.30,59
2024-07-11 06:00:00,20.80,91,23.30,,0.00,6.40,63
2024-07-11 07:00:00,22.10,87,24.70,,0.00,8.00,63
2024-07-11 08:00:00,23.50,82,26.30,,0.00,8.50,62
2024-07-11 09:00:00,25.50,75,28.60,,0.00,7.90,60
2024-07-11 10:00:00,27.00,70,30.40,,0.00,7.90,60
2024-07-11 11:00:00,28.40,63,31.80,,0.00,9.00,67
2024-07-11 12:00:00,29.00,59,32.60,,0.00,8.70,66
2024-07-11 13:00:00,30.00,54,33.40,,0.00,8.90,63
2024-07-11 14:00:00,30.50,51,33.70,,0.00,8.60,57
2024-07-11 15:00:00,30.90,49,33.60,,0.00,9.00,61
2024-07-11 16:00:00,31.20,47,33.50,,0.00,8.90,63
2024-07-11 17:00:00,31.00,46,32.70,,0.00,8.60,68
2024-07-11 18:00:00,30.60,48,32.50,,0.00,7.30,70
2024-07-11 19:00:00,29.90,50,31.90,,0.00,6.80,65
2024-07-11 20:00:00,28.40,57,31.00,,0.00,5.40,53
2024-07-11 21:00:00,26.50,66,29.40,,0.00,5.50,58
2024-07-11 22:00:00,25.30,70,27.80,,0.00,6.90,62
2024-07-11 23:00:00,24.60,73,27.00,,0.00,7.60,71
2024-07-12 00:00:00,23.60,80,26.40,,0.00,6.90,81
2024-07-12 01:00:00,22.90,82,25.60,,0.00,6.90,81
2024-07-12 02:00:00,22.40,82,24.80,,0.00,7.60,85
2024-07-12 03:00:00,21.80,83,24.00,,0.00,6.90,81
2024-07-12 04:00:00,21.20,84,23.20,,0.00,6.80,87
2024-07-12 05:00:00,20.80,84,22.70,,0.00,6.80,93
2024-07-12 06:00:00,21.10,82,22.90,,0.00,7.00,102
2024-07-12 07:00:00,22.20,79,24.30,,0.00,6.70,106
2024-07-12 08:00:00,23.90,74,26.20,,0.00,7.00,111
2024-07-12 09:00:00,26.00,65,28.30,,0.00,7.00,125
2024-07-12 10:00:00,27.70,61,30.60,,0.00,6.60,131
2024-07-12 11:00:00,29.50,55,33.20,,0.00,6.00,123
2024-07-12 12:00:00,30.40,52,34.20,,0.00,6.10,118
2024-07-12 13:00:00,31.50,46,35.00,,0.00,6.10,130
2024-07-12 14:00:00,32.00,42,34.90,,0.00,4.80,138
2024-07-12 15:00:00,32.40,42,35.00,,0.00,5.70,145
2024-07-12 16:00:00,32.40,41,34.40,,0.00,4.60,162
2024-07-12 17:00:00,32.40,40,34.20,,0.00,4.20,160
2024-07-12 18:00:00,31.80,44,34.10,,0.00,4.20,149
2024-07-12 19:00:00,31.00,47,33.60,,0.00,3.60,127
2024-07-12 20:00:00,29.30,59,32.90,,0.00,2.90,97
2024-07-12 21:00:00,27.00,65,30.20,,0.00,4.30,95
2024-07-12 22:00:00,25.70,66,28.30,,0.00,4.70,113
2024-07-12 23:00:00,25.10,66,27.40,,0.00,4.90,126
2024-07-13 00:00:00,24.60,68,26.90,,0.00,5.10,135
2024-07-13 01:00:00,23.90,70,26.10,,0.00,4.80,138
2024-07-13 02:00:00,23.30,71,25.30,,0.00,5.40,143
2024-07-13 03:00:00,22.80,73,24.90,,0.00,4.50,151
2024-07-13 04:00:00,22.20,75,24.30,,0.00,4.50,151
2024-07-13 05:00:00,21.90,77,24.00,,0.00,4.30,156
2024-07-13 06:00:00,22.20,78,24.60,,0.00,3.90,158
2024-07-13 07:00:00,23.60,76,26.40,,0.00,4.60,162
2024-07-13 08:00:00,25.10,73,28.10,,0.00,5.90,169
2024-07-13 09:00:00,26.90,68,30.00,,0.00,6.60,171
2024-07-13 10:00:00,28.70,63,32.30,,0.00,6.50,180
2024-07-13 11:00:00,30.40,57,34.70,,0.00,6.80,183
2024-07-13 12:00:00,31.80,49,35.80,,0.00,7.50,197
2024-07-13 13:00:00,32.80,44,36.40,,0.00,7.90,196
2024-07-13 14:00:00,33.30,42,36.50,,0.00,8.40,200
2024-07-13 15:00:00,33.40,41,36.10,,0.00,8.10,201
2024-07-13 16:00:00,33.30,41,35.40,,0.00,8.10,201
2024-07-13 17:00:00,33.30,40,35.00,,0.00,7.60,205
2024-07-13 18:00:00,32.50,44,34.70,,0.00,7.20,207
2024-07-13 19:00:00,31.80,48,34.60,,0.00,4.90,197
2024-07-13 20:00:00,29.90,58,33.70,,0.00,3.30,174
2024-07-13 21:00:00,28.10,63,31.60,,0.00,3.50,156
2024-07-13 22:00:00,27.00,65,30.20,,0.00,3.60,174
2024-07-13 23:00:00,26.10,64,28.70,,0.00,4.30,175
2024-07-14 00:00:00,25.60,66,28.20,,0.00,4.00,180
2024-07-14 01:00:00,25.00,68,27.50,,0.00,4.30,185
2024-07-14 02:00:00,24.40,70,26.90,,0.00,4.70,184
2024-07-14 03:00:00,23.50,72,25.80,,0.00,4.40,189
2024-07-14 04:00:00,23.00,73,25.20,,0.00,4.50,194
2024-07-14 05:00:00,22.50,74,24.50,,0.00,4.50,194
2024-07-14 06:00:00,22.90,75,25.30,,0.00,3.60,186
2024-07-14 07:00:00,24.30,74,27.30,,0.00,4.00,185
2024-07-14 08:00:00,25.80,71,28.80,,0.00,6.30,193
2024-07-14 09:00:00,27.20,61,29.40,,0.00,8.10,201
2024-07-14 10:00:00,28.80,56,31.20,,0.00,8.60,202
2024-07-14 11:00:00,30.60,50,33.60,,0.00,8.60,202
2024-07-14 12:00:00,32.20,44,35.50,,0.00,8.40,211
2024-07-14 13:00:00,33.60,39,36.60,,0.00,9.00,217
2024-07-14 14:00:00,34.50,35,37.20,,0.00,9.20,222
2024-07-14 15:00:00,34.90,34,36.90,,0.00,10.40,236
2024-07-14 16:00:00,35.10,33,36.70,,0.00,9.70,239
2024-07-14 17:00:00,34.90,33,35.70,,0.00,9.20,249
2024-07-14 18:00:00,34.80,33,35.70,,0.00,8.50,258
2024-07-14 19:00:00,33.20,40,35.10,,0.10,6.10,267
2024-07-14 20:00:00,31.20,52,34.70,,0.00,3.30,264
2024-07-14 21:00:00,28.20,55,29.80,,0.00,9.80,352
2024-07-14 22:00:00,26.20,63,28.40,,0.00,7.20,18
2024-07-14 23:00:00,25.10,71,27.90,,0.00,4.80,42
2024-07-15 00:00:00,23.10,77,25.90,,0.00,3.60,90
2024-07-15 01:00:00,22.90,77,25.70,,0.00,2.80,140
2024-07-15 02:00:00,22.70,75,25.10,,0.00,3.10,144
2024-07-15 03:00:00,21.50,78,23.90,,0.00,2.30,141
2024-07-15 04:00:00,21.40,79,23.90,,0.00,1.60,117
2024-07-15 05:00:00,20.70,81,22.90,,0.00,2.80,40
2024-07-15 06:00:00,20.90,85,23.50,,0.00,2.90,7
2024-07-15 07:00:00,22.90,86,26.70,,0.00,1.60,27
2024-07-15 08:00:00,25.20,81,29.70,,0.00,1.10,72
2024-07-15 09:00:00,27.10,72,31.30,,0.00,3.10,135
2024-07-15 10:00:00,28.80,64,33.10,,0.00,3.30,174
2024-07-15 11:00:00,30.40,56,34.80,,0.00,4.60,219
2024-07-15 12:00:00,30.90,55,36.00,,0.00,4.70,238
2024-07-15 13:00:00,32.30,48,36.80,,0.00,6.50,251
2024-07-15 14:00:00,33.10,45,37.30,,0.00,7.30,250
2024-07-15 15:00:00,33.10,44,37.00,,0.00,6.20,260
2024-07-15 16:00:00,33.30,41,36.00,,0.00,7.60,262
2024-07-15 17:00:00,33.10,42,35.20,,0.00,7.20,276
2024-07-15 18:00:00,32.40,47,35.10,,0.00,6.30,294
2024-07-15 19:00:00,31.60,48,34.30,,0.00,5.40,312
2024-07-15 20:00:00,29.50,56,32.80,,0.00,3.30,319
2024-07-15 21:00:00,27.50,63,30.70,,0.00,3.70,331
2024-07-15 22:00:00,25.80,73,29.40,,0.00,4.00,350
2024-07-15 23:00:00,24.70,78,28.30,,0.00,3.90,22
2024-07-16 00:00:00,23.60,85,27.40,,0.00,3.20,27
2024-07-16 01:00:00,23.00,88,26.80,,0.00,3.10,21
2024-07-16 02:00:00,22.70,91,26.80,,0.00,2.90,30
2024-07-16 03:00:00,22.40,92,26.30,,0.00,3.00,14
2024-07-16 04:00:00,22.10,92,25.90,,0.00,3.00,14
2024-07-16 05:00:00,21.70,93,25.40,,0.00,3.00,14
2024-07-16 06:00:00,22.10,92,26.00,,0.00,2.20,9
2024-07-16 07:00:00,23.90,92,28.90,,0.00,1.80,349
2024-07-16 08:00:00,26.10,84,31.40,,0.00,2.50,352
2024-07-16 09:00:00,27.80,73,32.50,,0.00,3.90,326
2024-07-16 10:00:00,29.00,66,33.10,,0.00,5.20,335
2024-07-16 11:00:00,30.00,59,34.50,,0.00,5.90,346
2024-07-16 12:00:00,31.00,52,35.10,,0.00,6.90,351
2024-07-16 13:00:00,31.80,49,36.10,,0.00,6.90,351
2024-07-16 14:00:00,32.20,47,36.20,,0.00,6.90,354
2024-07-16 15:00:00,32.70,43,36.00,,0.00,6.50,354
2024-07-16 16:00:00,32.70,42,35.50,,0.00,5.90,349
2024-07-16 17:00:00,32.50,40,34.00,,0.00,6.50,354
2024-07-16 18:00:00,32.10,40,33.50,,0.00,6.60,351
2024-07-16 19:00:00,31.00,42,32.50,,0.00,5.60,15
2024-07-16 20:00:00,28.70,54,31.30,,0.00,3.90,34
2024-07-16 21:00:00,26.50,64,29.40,,0.00,3.80,49
2024-07-16 22:00:00,24.60,72,27.40,,0.00,4.50,61
2024-07-16 23:00:00,23.60,77,26.50,,0.00,4.20,70
2024-07-17 00:00:00,23.20,80,26.40,,0.00,3.40,58
2024-07-17 01:00:00,22.80,79,25.60,,0.00,3.70,61
2024-07-17 02:00:00,22.50,79,25.00,,0.00,4.30,66
2024-07-17 03:00:00,21.70,83,24.30,,0.00,4.20,70
2024-07-17 04:00:00,21.30,85,23.80,,0.00,4.50,76
2024-07-17 05:00:00,21.00,88,23.70,,0.00,4.40,81
2024-07-17 06:00:00,21.50,87,24.50,,0.00,3.70,79
2024-07-17 07:00:00,23.80,86,27.90,,0.00,2.50,82
2024-07-17 08:00:00,26.30,76,30.50,,0.00,3.20,117
2024-07-17 09:00:00,28.20,65,32.00,,0.00,4.10,135
2024-07-17 10:00:00,29.70,62,33.90,,0.00,4.70,157
2024-07-17 11:00:00,31.10,52,35.30,,0.00,4.70,189
2024-07-17 12:00:00,31.70,51,36.60,,0.00,3.60,217
2024-07-17 13:00:00,32.60,47,37.50,,0.00,3.70,209
2024-07-17 14:00:00,33.40,44,37.90,,0.00,4.80,207
2024-07-17 15:00:00,34.60,41,38.40,,0.00,5.90,223
2024-07-17 16:00:00,34.10,42,36.80,,0.10,7.60,251
2024-07-17 17:00:00,32.30,50,35.10,,0.60,9.10,261
2024-07-17 18:00:00,32.00,51,34.90,,0.20,8.60,285
2024-07-17 19:00:00,30.70,59,34.40,,0.00,7.90,300
2024-07-17 20:00:00,29.20,69,34.10,,0.00,3.70,281
2024-07-17 21:00:00,27.00,78,31.90,,0.00,3.30,276
2024-07-17 22:00:00,25.40,83,29.90,,0.00,4.00,280
2024-07-17 23:00:00,24.60,86,29.10,,0.00,3.10,306
2024-07-18 00:00:00,24.20,86,28.50,,0.00,2.80,310
2024-07-18 01:00:00,23.60,88,27.70,,0.00,3.20,297
2024-07-18 02:00:00,23.30,87,27.20,,0.00,2.60,286
2024-07-18 03:00:00,22.90,86,26.60,,0.00,2.90,300
2024-07-18 04:00:00,22.60,87,26.20,,0.00,2.80,320
2024-07-18 05:00:00,22.30,87,25.70,,0.00,2.90,330
2024-07-18 06:00:00,22.60,88,26.40,,0.00,2.10,329
2024-07-18 07:00:00,24.30,87,28.90,,0.00,2.10,329
2024-07-18 08:00:00,26.20,78,30.60,,0.00,3.50,336
2024-07-18 09:00:00,27.70,72,32.30,,0.00,3.10,339
2024-07-18 10:00:00,29.30,65,33.80,,0.00,3.20,333
2024-07-18 11:00:00,30.00,59,34.40,,0.00,4.00,270
2024-07-18 12:00:00,31.30,52,34.70,,0.00,6.00,287
2024-07-18 13:00:00,30.90,54,34.40,,0.00,7.90,286
2024-07-18 14:00:00,29.00,64,32.30,,0.40,8.80,325
2024-07-18 15:00:00,25.20,85,29.60,,1.40,4.90,306
2024-07-18 16:00:00,25.50,82,29.90,,0.00,4.70,337
2024-07-18 17:00:00,25.90,80,30.30,,0.00,4.10,322
2024-07-18 18:00:00,26.00,81,30.40,,0.00,4.90,324
2024-07-18 19:00:00,25.50,81,29.70,,0.10,4.60,315
2024-07-18 20:00:00,24.80,86,29.40,,0.00,3.30,311
2024-07-18 21:00:00,23.20,90,27.20,,0.00,4.60,309
2024-07-18 22:00:00,22.50,92,26.20,,0.00,5.40,323
2024-07-18 23:00:00,21.80,92,24.80,,0.00,7.10,311
2024-07-19 00:00:00,21.10,92,23.90,,0.10,6.10,320
2024-07-19 01:00:00,20.50,92,23.00,,0.00,6.10,315
2024-07-19 02:00:00,19.80,94,22.10,,0.00,6.60,311
2024-07-19 03:00:00,19.70,92,21.80,,0.00,6.60,319
2024-07-19 04:00:00,19.70,92,21.70,,0.00,6.80,328
2024-07-19 05:00:00,19.30,95,21.30,,0.00,7.10,330
2024-07-19 06:00:00,19.50,94,21.40,,0.00,8.10,339
2024-07-19 07:00:00,19.70,90,21.30,,0.00,8.90,339
2024-07-19 08:00:00,20.20,88,21.80,,0.00,9.30,332
2024-07-19 09:00:00,21.30,80,22.60,,0.00,10.00,334
2024-07-19 10:00:00,22.20,77,23.60,,0.00,10.50,333
2024-07-19 11:00:00,23.50,70,24.70,,0.00,11.30,338
2024-07-19 12:00:00,24.80,62,26.10,,0.00,11.30,338
2024-07-19 13:00:00,25.90,56,27.50,,0.00,11.40,336
2024-07-19 14:00:00,26.40,52,27.60,,0.00,12.10,337
2024-07-19 15:00:00,26.30,51,26.60,,0.00,12.20,336
2024-07-19 16:00:00,26.60,49,26.50,,0.00,11.70,342
2024-07-19 17:00:00,26.60,44,26.00,,0.00,11.30,343
2024-07-19 18:00:00,26.60,43,26.20,,0.00,9.00,344
2024-07-19 19:00:00,25.50,47,25.20,,0.00,9.40,337
2024-07-19 20:00:00,24.10,54,24.80,,0.00,4.30,336
2024-07-19 21:00:00,22.60,61,23.60,,0.00,3.40,328
2024-07-19 22:00:00,21.50,64,22.40,,0.00,3.30,319
2024-07-19 23:00:00,20.90,66,21.80,,0.00,3.30,319
2024-07-20 00:00:00,20.30,71,21.40,,0.00,3.30,319
2024-07-20 01:00:00,19.80,71,20.70,,0.00,3.90,326
2024-07-20 02:00:00,19.50,72,20.30,,0.00,3.60,323
2024-07-20 03:00:00,18.30,76,19.00,,0.00,4.30,318
2024-07-20 04:00:00,17.40,81,18.00,,0.00,4.40,325
2024-07-20 05:00:00,16.60,84,17.30,,0.00,3.70,349
2024-07-20 06:00:00,16.30,88,17.20,,0.00,3.40,328
2024-07-20 07:00:00,17.50,86,18.40,,0.00,5.40,318
2024-07-20 08:00:00,19.20,80,20.20,,0.00,6.80,328
2024-07-20 09:00:00,21.40,70,22.40,,0.00,6.40,333
2024-07-20 10:00:00,22.90,60,23.50,,0.00,8.20,337
2024-07-20 11:00:00,23.70,54,24.30,,0.00,9.00,331
2024-07-20 12:00:00,24.00,49,24.40,,0.00,8.10,328
2024-07-20 13:00:00,25.20,43,25.80,,0.00,8.20,319
2024-07-20 14:00:00,25.80,41,26.30,,0.00,8.60,327
2024-07-20 15:00:00,26.20,40,25.90,,0.00,8.20,322
2024-07-20 16:00:00,26.30,40,25.70,,0.00,7.70,319
2024-07-20 17:00:00,26.30,39,25.60,,0.00,7.40,313
2024-07-20 18:00:00,25.80,43,25.50,,0.00,6.90,317
2024-07-20 19:00:00,24.80,47,24.70,,0.00,6.80,328
2024-07-20 20:00:00,23.30,56,24.10,,0.00,3.80,343
2024-07-20 21:00:00,22.30,61,23.30,,0.00,2.90,353
2024-07-20 22:00:00,21.10,64,21.90,,0.00,3.20,360
2024-07-20 23:00:00,20.20,67,21.00,,0.00,2.90,30
2024-07-21 00:00:00,18.90,75,19.90,,0.00,2.60,34
2024-07-21 01:00:00,18.20,76,19.10,,0.00,2.10,59
2024-07-21 02:00:00,17.50,78,18.30,,0.00,1.80,101
2024-07-21 03:00:00,16.50,83,17.50,,0.00,1.10,162
2024-07-21 04:00:00,16.00,85,17.00,,0.00,1.10,180
2024-07-21 05:00:00,15.50,87,16.40,,0.00,1.10,180
2024-07-21 06:00:00,15.90,88,17.10,,0.00,0.70,270
2024-07-21 07:00:00,18.10,87,20.10,,0.00,0.00,270
2024-07-21 08:00:00,20.80,76,22.80,,0.00,1.90,202
2024-07-21 09:00:00,23.20,63,24.50,,0.00,4.10,218
2024-07-21 10:00:00,24.00,59,25.10,,0.00,5.10,231
2024-07-21 11:00:00,25.10,53,26.10,,0.00,5.70,235
2024-07-21 12:00:00,25.30,50,26.60,,0.00,5.10,231
2024-07-21 13:00:00,26.30,45,27.30,,0.00,6.80,238
2024-07-21 14:00:00,26.70,43,27.40,,0.00,7.90,246
2024-07-21 15:00:00,27.10,40,27.40,,0.00,6.60,248
2024-07-21 16:00:00,26.90,40,26.70,,0.00,7.00,249
2024-07-21 17:00:00,26.80,40,26.60,,0.00,5.80,248
2024-07-21 18:00:00,26.20,43,26.40,,0.00,4.70,247
2024-07-21 19:00:00,25.80,50,26.80,,0.00,3.40,238
2024-07-21 20:00:00,24.00,64,26.00,,0.00,2.50,225
2024-07-21 21:00:00,22.40,67,24.20,,0.00,1.40,180
2024-07-21 22:00:00,20.90,68,22.20,,0.00,1.30,146
2024-07-21 23:00:00,19.90,70,21.10,,0.00,1.30,124
2024-07-22 00:00:00,18.80,77,20.00,,0.00,2.00,45
2024-07-22 01:00:00,18.00,80,19.00,,0.00,3.30,49
2024-07-22 02:00:00,17.50,83,18.50,,0.00,3.90,68
2024-07-22 03:00:00,17.00,87,18.00,,0.00,3.70,79
2024-07-22 04:00:00,16.50,87,17.30,,0.00,3.70,79
2024-07-22 05:00:00,15.90,89,16.70,,0.00,3.70,61
2024-07-22 06:00:00,16.20,91,17.20,,0.00,4.00,63
2024-07-22 07:00:00,18.50,89,20.30,,0.00,3.00,76
2024-07-22 08:00:00,21.10,78,22.90,,0.00,4.30,95
2024-07-22 09:00:00,23.30,67,25.20,,0.00,3.30,96
2024-07-22 10:00:00,24.70,61,27.10,,0.00,1.30,56
2024-07-22 11:00:00,25.90,54,28.20,,0.00,2.90,360
2024-07-22 12:00:00,27.10,44,28.70,,0.00,2.90,353
2024-07-22 13:00:00,27.50,44,29.20,,0.00,3.60,354
2024-07-22 14:00:00,27.80,43,28.70,,0.00,5.10,356
2024-07-22 15:00:00,27.20,45,27.60,,0.00,6.60,347
2024-07-22 16:00:00,25.40,53,26.00,,0.20,7.60,355
2024-07-22 17:00:00,25.60,52,26.10,,0.00,8.00,5
2024-07-22 18:00:00,24.70,59,25.90,,0.00,5.80,360
2024-07-22 19:00:00,24.10,61,25.30,,0.00,5.60,345
2024-07-22 20:00:00,22.80,69,24.70,,0.00,3.10,324
2024-07-22 21:00:00,21.30,71,22.80,,0.00,3.10,339
2024-07-22 22:00:00,20.10,73,21.30,,0.00,3.40,342
2024-07-22 23:00:00,19.10,75,20.10,,0.00,3.30,354
2024-07-23 00:00:00,18.40,79,19.40,,0.00,3.30,354
2024-07-23 01:00:00,17.80,82,18.80,,0.00,3.30,347
2024-07-23 02:00:00,17.20,84,18.20,,0.00,3.40,342
2024-07-23 03:00:00,17.00,84,17.90,,0.00,3.30,347
2024-07-23 04:00:00,16.50,86,17.30,,0.00,3.30,354
2024-07-23 05:00:00,16.10,86,16.80,,0.00,2.90,360
2024-07-23 06:00:00,16.20,87,17.10,,0.00,3.30,354
2024-07-23 07:00:00,18.20,82,19.40,,0.00,3.30,354
2024-07-23 08:00:00,20.30,76,21.60,,0.00,4.70,360
2024-07-23 09:00:00,21.90,70,23.30,,0.00,5.00,360
2024-07-23 10:00:00,23.30,60,24.00,,0.00,7.20,357
2024-07-23 11:00:00,24.20,55,25.00,,0.00,7.20,354
2024-07-23 12:00:00,24.90,52,25.80,,0.00,7.30,351
2024-07-23 13:00:00,25.70,47,26.20,,0.00,7.30,349
2024-07-23 14:00:00,26.30,44,26.60,,0.00,8.30,342
2024-07-23 15:00:00,25.60,46,25.30,,0.00,9.30,347
2024-07-23 16:00:00,26.10,46,25.90,,0.00,8.80,351
2024-07-23 17:00:00,25.50,50,25.80,,0.00,8.00,352
2024-07-23 18:00:00,23.80,59,24.30,,0.00,9.30,13
2024-07-23 19:00:00,23.40,60,23.90,,0.00,8.60,15
2024-07-23 20:00:00,22.30,66,23.40,,0.00,5.50,23
2024-07-23 21:00:00,20.60,74,22.00,,0.00,3.90,22
2024-07-23 22:00:00,19.40,82,21.00,,0.00,3.30,13
2024-07-23 23:00:00,18.60,86,20.30,,0.00,3.40,32
2024-07-24 00:00:00,18.00,90,19.60,,0.00,4.10,45
2024-07-24 01:00:00,17.50,91,18.90,,0.00,4.50,61
2024-07-24 02:00:00,17.00,92,18.30,,0.00,4.50,61
2024-07-24 03:00:00,16.70,95,18.10,,0.00,4.50,61
2024-07-24 04:00:00,16.40,95,17.60,,0.00,4.20,59
2024-07-24 05:00:00,16.00,95,17.20,,0.00,4.20,59
2024-07-24 06:00:00,16.20,96,17.40,,0.00,4.20,59
2024-07-24 07:00:00,17.80,89,18.90,,0.00,6.80,65
2024-07-24 08:00:00,19.20,79,19.90,,0.00,8.20,75
2024-07-24 09:00:00,21.10,68,21.50,,0.00,8.60,75
2024-07-24 10:00:00,22.50,55,22.20,,0.00,10.10,84
2024-07-24 11:00:00,23.60,48,23.60,,0.00,9.90,80
2024-07-24 12:00:00,24.00,47,24.20,,0.00,10.00,69
2024-07-24 13:00:00,24.60,43,24.50,,0.00,10.80,64
2024-07-24 14:00:00,25.00,39,24.50,,0.00,10.90,63
2024-07-24 15:00:00,25.20,37,24.70,,0.00,9.70,59
2024-07-24 16:00:00,25.50,34,24.50,,0.00,8.90,63
2024-07-24 17:00:00,25.20,35,23.60,,0.00,8.40,65
2024-07-24 18:00:00,24.80,37,23.50,,0.00,7.60,65
2024-07-24 19:00:00,24.10,38,22.70,,0.00,7.40,67
2024-07-24 20:00:00,22.10,49,21.70,,0.00,4.30,66
2024-07-24 21:00:00,20.10,58,20.20,,0.00,2.30,51
2024-07-24 22:00:00,19.00,58,18.80,,0.00,1.90,22
2024-07-24 23:00:00,18.10,60,17.60,,0.00,3.80,73
2024-07-25 00:00:00,17.30,69,17.20,,0.00,3.60,84
2024-07-25 01:00:00,16.60,70,16.50,,0.00,3.00,104
2024-07-25 02:00:00,16.20,72,16.20,,0.00,2.20,99
2024-07-25 03:00:00,15.70,78,15.70,,0.00,4.00,90
2024-07-25 04:00:00,15.20,81,15.20,,0.00,4.30,90
2024-07-25 05:00:00,14.50,85,14.50,,0.00,4.50,76
2024-07-25 06:00:00,14.10,89,14.30,,0.00,4.00,63
2024-07-25 07:00:00,16.30,85,17.00,,0.00,3.40,72
2024-07-25 08:00:00,19.00,72,19.50,,0.00,5.10,82
2024-07-25 09:00:00,21.40,58,21.50,,0.00,5.80,86
2024-07-25 10:00:00,23.00,52,23.20,,0.00,5.80,97
2024-07-25 11:00:00,24.20,45,24.90,,0.00,5.20,106
2024-07-25 12:00:00,25.00,43,26.30,,0.00,5.00,90
2024-07-25 13:00:00,25.50,39,25.90,,0.00,6.60,103
2024-07-25 14:00:00,25.90,38,25.50,,0.00,7.00,111
2024-07-25 15:00:00,26.20,39,26.10,,0.00,5.20,115
2024-07-25 16:00:00,26.50,37,26.00,,0.00,4.30,95
2024-07-25 17:00:00,26.40,36,25.50,,0.00,6.20,83
2024-07-25 18:00:00,26.00,38,25.40,,0.00,5.40,98
2024-07-25 19:00:00,25.10,46,25.50,,0.00,2.90,120
2024-07-25 20:00:00,23.80,59,25.30,,0.00,1.30,214
2024-07-25 21:00:00,21.50,61,22.40,,0.00,2.10,301
2024-07-25 22:00:00,20.00,64,20.60,,0.00,2.30,321
2024-07-25 23:00:00,19.40,65,19.90,,0.00,2.50,352
2024-07-26 00:00:00,18.90,71,19.60,,0.00,3.00,14
2024-07-26 01:00:00,18.60,70,19.10,,0.00,3.20,27
2024-07-26 02:00:00,18.00,73,18.30,,0.00,4.60,45
2024-07-26 03:00:00,16.80,79,17.10,,0.00,4.60,45
2024-07-26 04:00:00,16.20,82,16.40,,0.00,4.80,48
2024-07-26 05:00:00,15.70,86,16.00,,0.00,4.90,54
2024-07-26 06:00:00,15.70,89,16.30,,0.00,4.40,55
2024-07-26 07:00:00,18.10,85,19.40,,0.00,4.20,59
2024-07-26 08:00:00,20.70,75,22.00,,0.00,5.50,67
2024-07-26 09:00:00,23.20,61,24.20,,0.00,5.40,70
2024-07-26 10:00:00,24.90,57,26.40,,0.00,4.10,75
2024-07-26 11:00:00,26.30,48,27.90,,0.00,4.00,63
2024-07-26 12:00:00,27.70,40,28.60,,0.00,6.50,56
2024-07-26 13:00:00,27.60,38,27.70,,0.00,6.00,57
2024-07-26 14:00:00,27.90,37,27.60,,0.00,6.30,59
2024-07-26 15:00:00,27.60,38,27.50,,0.00,4.90,54
2024-07-26 16:00:00,28.30,36,28.00,,0.00,5.40,48
2024-07-26 17:00:00,27.70,38,27.30,,0.00,6.60,45
2024-07-26 18:00:00,26.70,43,26.70,,0.00,6.40,38
2024-07-26 19:00:00,25.60,52,26.60,,0.00,4.60,39
2024-07-26 20:00:00,23.60,62,25.00,,0.00,3.80,49
2024-07-26 21:00:00,21.10,72,22.40,,0.00,4.60,45
2024-07-26 22:00:00,19.80,75,20.80,,0.00,4.80,48
2024-07-26 23:00:00,19.00,78,20.00,,0.00,4.90,54
2024-07-27 00:00:00,18.00,87,19.30,,0.00,4.60,51
2024-07-27 01:00:00,17.60,88,18.80,,0.00,4.60,51
2024-07-27 02:00:00,17.30,91,18.60,,0.00,4.70,58
2024-07-27 03:00:00,16.70,94,18.00,,0.00,4.70,67
2024-07-27 04:00:00,16.60,94,17.90,,0.00,4.00,63
2024-07-27 05:00:00,16.40,93,17.60,,0.00,3.40,58
2024-07-27 06:00:00,16.40,94,17.80,,0.00,2.80,40
2024-07-27 07:00:00,18.40,91,20.60,,0.00,2.00,45
2024-07-27 08:00:00,20.60,83,22.90,,0.00,2.90,60
2024-07-27 09:00:00,22.40,73,24.90,,0.00,1.00,45
2024-07-27 10:00:00,24.00,65,26.20,,0.00,1.90,338
2024-07-27 11:00:00,25.50,58,27.10,,0.00,4.30,336
2024-07-27 12:00:00,26.90,49,28.60,,0.00,4.40,351
2024-07-27 13:00:00,27.10,48,28.00,,0.00,6.00,327
2024-07-27 14:00:00,27.20,48,28.00,,0.00,6.40,317
2024-07-27 15:00:00,27.50,46,28.10,,0.20,6.80,302
2024-07-27 16:00:00,27.20,48,28.00,,0.00,6.50,304
2024-07-27 17:00:00,26.60,49,27.40,,0.10,6.30,294
2024-07-27 18:00:00,26.30,51,27.00,,0.00,7.20,288
2024-07-27 19:00:00,25.70,53,26.70,,0.00,5.70,288
2024-07-27 20:00:00,23.70,65,25.50,,0.00,3.60,264
2024-07-27 21:00:00,21.50,72,23.20,,0.00,3.10,249
2024-07-27 22:00:00,20.40,73,21.80,,0.00,3.30,264
2024-07-27 23:00:00,19.60,76,20.80,,0.00,4.00,265
2024-07-28 00:00:00,19.30,76,20.50,,0.00,2.50,278
2024-07-28 01:00:00,18.70,78,19.90,,0.00,2.50,270
2024-07-28 02:00:00,18.10,81,19.40,,0.00,1.80,259
2024-07-28 03:00:00,17.90,82,19.30,,0.00,1.10,198
2024-07-28 04:00:00,17.40,85,18.70,,0.00,2.30,219
2024-07-28 05:00:00,17.30,86,18.50,,0.00,2.70,203
2024-07-28 06:00:00,17.20,88,18.60,,0.00,2.60,214
2024-07-28 07:00:00,18.90,85,20.70,,0.00,2.60,214
2024-07-28 08:00:00,21.20,77,23.00,,0.00,4.60,231
2024-07-28 09:00:00,23.10,71,24.90,,0.00,5.60,230
2024-07-28 10:00:00,24.60,65,26.10,,0.00,8.30,236
2024-07-28 11:00:00,25.70,57,26.60,,0.00,10.80,244
2024-07-28 12:00:00,27.10,49,27.80,,0.00,11.50,250
2024-07-28 13:00:00,27.90,45,28.60,,0.00,11.60,254
2024-07-28 14:00:00,28.90,39,29.10,,0.00,12.00,254
2024-07-28 15:00:00,27.80,41,27.40,,0.00,10.70,258
2024-07-28 16:00:00,27.40,43,27.10,,0.00,10.10,264
2024-07-28 17:00:00,27.40,43,27.20,,0.00,9.60,250
2024-07-28 18:00:00,27.20,44,27.20,,0.00,8.40,260
2024-07-28 19:00:00,26.20,48,26.40,,0.00,7.80,248
2024-07-28 20:00:00,24.30,56,25.10,,0.00,5.50,259
2024-07-28 21:00:00,23.60,63,25.60,,0.10,0.50,225
2024-07-28 22:00:00,22.60,66,24.30,,0.00,2.00,135
2024-07-28 23:00:00,22.20,66,23.60,,0.00,3.10,144
2024-07-29 00:00:00,21.70,66,22.70,,0.00,4.20,149
2024-07-29 01:00:00,21.30,68,22.00,,0.00,6.80,155
2024-07-29 02:00:00,21.40,69,21.90,,0.00,8.90,227
2024-07-29 03:00:00,18.60,92,19.40,,2.50,12.20,251
2024-07-29 04:00:00,18.40,94,19.30,,2.40,12.10,260
2024-07-29 05:00:00,17.90,87,17.00,,1.10,19.80,271
2024-07-29 06:00:00,15.00,78,12.90,,0.00,17.40,283
2024-07-29 07:00:00,14.10,76,11.90,,0.00,14.40,273
2024-07-29 08:00:00,14.50,77,12.50,,0.00,14.60,261
2024-07-29 09:00:00,16.00,74,14.30,,0.00,14.70,239
2024-07-29 10:00:00,17.30,68,15.10,,0.00,17.90,245
2024-07-29 11:00:00,18.60,61,16.10,,0.00,19.80,243
2024-07-29 12:00:00,20.30,57,18.20,,0.00,21.30,244
2024-07-29 13:00:00,20.10,55,17.20,,0.00,21.70,255
2024-07-29 14:00:00,20.40,54,17.70,,0.00,20.20,251
2024-07-29 15:00:00,20.90,51,17.70,,0.00,22.80,252
2024-07-29 16:00:00,20.30,53,17.20,,0.00,22.40,255
2024-07-29 17:00:00,19.80,56,17.00,,0.00,20.70,253
2024-07-29 18:00:00,19.70,56,16.50,,0.00,23.30,253
2024-07-29 19:00:00,19.20,58,16.10,,0.00,22.80,252
2024-07-29 20:00:00,17.60,68,14.80,,0.20,22.90,246
2024-07-29 21:00:00,16.30,80,13.80,,0.70,22.90,244
2024-07-29 22:00:00,15.60,84,13.40,,1.40,21.70,251
2024-07-29 23:00:00,15.50,84,13.70,,0.00,18.20,252
2024-07-30 00:00:00,15.40,87,14.10,,0.00,15.40,254
2024-07-30 01:00:00,15.00,89,13.90,,0.00,14.30,252
2024-07-30 02:00:00,15.00,89,13.80,,0.10,15.50,265
2024-07-30 03:00:00,15.00,91,13.90,,0.10,15.60,263
2024-07-30 04:00:00,14.90,91,13.90,,0.50,14.80,274
2024-07-30 05:00:00,14.80,92,14.00,,1.10,13.60,287
2024-07-30 06:00:00,14.80,91,13.80,,0.10,14.20,297
2024-07-30 07:00:00,14.90,89,13.70,,0.20,14.80,296
2024-07-30 08:00:00,15.00,88,13.80,,0.00,15.30,304
2024-07-30 09:00:00,15.70,85,14.50,,0.00,15.40,307
2024-07-30 10:00:00,16.30,81,14.80,,0.00,16.80,317
2024-07-30 11:00:00,17.00,79,15.70,,0.00,16.30,315
2024-07-30 12:00:00,18.50,70,16.90,,0.00,17.30,324
2024-07-30 13:00:00,18.80,67,16.80,,0.00,19.00,323
2024-07-30 14:00:00,18.70,69,17.40,,0.00,15.60,322
2024-07-30 15:00:00,21.10,58,19.50,,0.00,16.70,323
2024-07-30 16:00:00,19.80,63,18.50,,0.00,14.30,319
2024-07-30 17:00:00,20.90,65,20.60,,0.00,11.50,319
2024-07-30 18:00:00,21.90,63,21.60,,0.00,11.70,317
2024-07-30 19:00:00,21.50,64,21.70,,0.00,8.70,300
2024-07-30 20:00:00,20.20,69,20.60,,0.00,7.40,299
2024-07-30 21:00:00,19.00,74,19.00,,0.00,9.70,292
2024-07-30 22:00:00,18.30,82,18.50,,0.00,10.20,288
2024-07-30 23:00:00,17.80,81,17.80,,0.00,10.10,297
2024-07-31 00:00:00,17.20,83,17.20,,0.00,9.70,297
2024-07-31 01:00:00,16.80,86,16.80,,0.00,9.70,301
2024-07-31 02:00:00,16.00,89,16.10,,0.00,8.50,298
2024-07-31 03:00:00,15.80,90,16.00,,0.00,8.40,295
2024-07-31 04:00:00,15.50,94,15.70,,0.00,8.70,294
2024-07-31 05:00:00,15.40,96,15.70,,0.00,9.20,296
2024-07-31 06:00:00,15.80,92,15.90,,0.00,9.40,302
2024-07-31 07:00:00,16.30,89,15.90,,0.00,12.50,311
2024-07-31 08:00:00,17.30,82,16.80,,0.00,12.70,305
2024-07-31 09:00:00,17.90,80,17.40,,0.00,13.00,309
2024-07-31 10:00:00,18.70,74,18.20,,0.00,12.40,306
2024-07-31 11:00:00,19.90,69,19.30,,0.00,13.00,304
2024-07-31 12:00:00,21.10,63,20.40,,0.00,13.40,306
2024-07-31 13:00:00,21.90,61,21.70,,0.00,14.30,304
2024-07-31 14:00:00,22.50,58,22.20,,0.00,13.50,304
2024-07-31 15:00:00,22.70,54,21.80,,0.00,14.20,306
2024-07-31 16:00:00,22.70,53,21.30,,0.00,14.80,304
2024-07-31 17:00:00,22.80,51,21.50,,0.00,13.40,306
2024-07-31 18:00:00,22.90,50,21.70,,0.00,12.00,309
2024-07-31 19:00:00,22.20,51,21.20,,0.00,10.00,308
2024-07-31 20:00:00,20.70,57,20.20,,0.00,7.20,297
2024-07-31 21:00:00,18.80,66,18.60,,0.00,6.20,291
2024-07-31 22:00:00,17.60,71,17.60,,0.00,4.90,287
2024-07-31 23:00:00,17.00,75,17.10,,0.00,4.50,284
2024-08-01 00:00:00,15.90,81,16.10,,0.00,4.30,275
2024-08-01 01:00:00,15.30,84,15.40,,0.00,4.40,261
2024-08-01 02:00:00,14.70,87,14.90,,0.00,4.50,241
2024-08-01 03:00:00,13.80,88,13.70,,0.00,4.50,241
2024-08-01 04:00:00,13.40,90,13.30,,0.00,4.70,238
2024-08-01 05:00:00,13.30,89,13.20,,0.00,3.90,236
2024-08-01 06:00:00,13.10,89,12.80,,0.00,4.90,234
2024-08-01 07:00:00,14.60,82,14.10,,0.00,6.50,236
2024-08-01 08:00:00,16.30,78,15.90,,0.00,8.20,241
2024-08-01 09:00:00,18.60,68,18.20,,0.00,7.70,242
2024-08-01 10:00:00,20.40,62,19.90,,0.00,9.70,248
2024-08-01 11:00:00,22.20,55,22.10,,0.00,11.30,263
2024-08-01 12:00:00,23.50,42,22.70,,0.00,12.60,275
2024-08-01 13:00:00,24.30,38,22.50,,0.00,13.40,278
2024-08-01 14:00:00,24.90,37,22.80,,0.00,14.40,274
2024-08-01 15:00:00,25.60,35,23.50,,0.00,14.40,273
2024-08-01 16:00:00,25.50,34,22.90,,0.00,15.00,281
2024-08-01 17:00:00,25.20,35,22.60,,0.00,15.40,291
2024-08-01 18:00:00,24.40,39,22.40,,0.00,13.10,302
2024-08-01 19:00:00,23.40,42,21.90,,0.00,9.70,312
2024-08-01 20:00:00,21.40,50,20.60,,0.00,6.50,326
2024-08-01 21:00:00,19.40,60,19.20,,0.00,4.20,329
2024-08-01 22:00:00,18.50,62,18.40,,0.00,3.30,311
2024-08-01 23:00:00,17.80,63,17.50,,0.00,3.30,311
2024-08-02 00:00:00,16.80,69,16.70,,0.00,2.90,300
2024-08-02 01:00:00,16.20,70,15.90,,0.00,3.60,270
2024-08-02 02:00:00,15.40,74,15.00,,0.00,3.90,248
2024-08-02 03:00:00,13.90,80,13.50,,0.00,3.90,248
2024-08-02 04:00:00,13.60,81,13.10,,0.00,3.90,248
2024-08-02 05:00:00,13.50,83,13.10,,0.00,4.10,255
2024-08-02 06:00:00,13.60,84,13.30,,0.00,4.20,250
2024-08-02 07:00:00,15.30,84,15.50,,0.00,4.00,265
2024-08-02 08:00:00,17.70,75,17.70,,0.00,6.60,279
2024-08-02 09:00:00,19.70,65,19.60,,0.00,6.80,288
2024-08-02 10:00:00,21.50,60,21.60,,0.00,7.50,287
2024-08-02 11:00:00,22.50,52,21.90,,0.00,10.20,293
2024-08-02 12:00:00,23.80,46,23.20,,0.00,11.00,302
2024-08-02 13:00:00,24.50,43,24.20,,0.00,10.70,303
2024-08-02 14:00:00,24.90,40,24.10,,0.00,10.00,300
2024-08-02 15:00:00,25.10,38,23.80,,0.00,11.00,302
2024-08-02 16:00:00,25.20,36,23.40,,0.00,10.60,305
2024-08-02 17:00:00,25.00,38,23.40,,0.00,10.00,311
2024-08-02 18:00:00,24.90,37,23.50,,0.00,8.10,315
2024-08-02 19:00:00,23.90,40,22.70,,0.00,6.90,313
2024-08-02 20:00:00,22.00,49,21.80,,0.00,3.10,306
2024-08-02 21:00:00,20.50,56,20.50,,0.00,2.60,326
2024-08-02 22:00:00,19.20,57,19.10,,0.00,1.80,349
2024-08-02 23:00:00,18.20,61,18.10,,0.00,1.50,346
2024-08-03 00:00:00,16.20,73,16.30,,0.00,2.00,45
2024-08-03 01:00:00,15.60,75,15.50,,0.00,3.60,84
2024-08-03 02:00:00,15.30,77,15.30,,0.00,2.70,67
2024-08-03 03:00:00,15.20,80,15.20,,0.00,3.60,90
2024-08-03 04:00:00,15.50,80,15.70,,0.00,3.40,108
2024-08-03 05:00:00,15.50,80,15.80,,0.00,2.50,135
2024-08-03 06:00:00,15.80,79,16.00,,0.00,2.60,124
2024-08-03 07:00:00,17.10,77,17.80,,0.00,1.90,112
2024-08-03 08:00:00,19.00,72,19.80,,0.00,2.40,117
2024-08-03 09:00:00,20.70,63,21.20,,0.00,3.40,122
2024-08-03 10:00:00,22.20,58,22.70,,0.00,3.70,151
2024-08-03 11:00:00,23.50,52,23.80,,0.00,4.70,171
2024-08-03 12:00:00,24.90,43,24.80,,0.00,5.40,200
2024-08-03 13:00:00,25.50,40,25.00,,0.00,6.00,205
2024-08-03 14:00:00,26.10,40,25.70,,0.00,5.50,212
2024-08-03 15:00:00,26.30,38,25.80,,0.00,4.80,222
2024-08-03 16:00:00,26.20,39,26.10,,0.00,3.10,201
2024-08-03 17:00:00,25.30,42,25.50,,0.00,1.50,76
2024-08-03 18:00:00,24.20,51,24.70,,0.10,3.40,18
2024-08-03 19:00:00,23.00,55,23.20,,0.00,6.10,40
2024-08-03 20:00:00,21.40,62,21.40,,0.00,8.80,35
2024-08-03 21:00:00,19.80,72,20.60,,0.10,4.60,39
2024-08-03 22:00:00,18.60,78,19.10,,0.10,6.90,28
2024-08-03 23:00:00,17.50,85,17.70,,0.20,9.80,24
2024-08-04 00:00:00,16.70,88,16.40,,0.10,12.50,33
2024-08-04 01:00:00,16.00,90,15.40,,1.20,14.00,48
2024-08-04 02:00:00,15.40,93,14.70,,3.30,14.40,53
2024-08-04 03:00:00,15.20,93,14.70,,2.00,12.50,51
2024-08-04 04:00:00,15.00,93,14.40,,0.40,12.50,49
2024-08-04 05:00:00,14.90,92,14.20,,0.30,12.90,63
2024-08-04 06:00:00,14.80,92,14.20,,0.10,11.80,52
2024-08-04 07:00:00,15.00,92,14.60,,0.00,10.70,48
2024-08-04 08:00:00,15.70,89,15.50,,0.00,10.40,46
2024-08-04 09:00:00,17.50,81,17.20,,0.00,11.60,36
2024-08-04 10:00:00,18.80,74,18.10,,0.00,13.30,41
2024-08-04 11:00:00,19.90,70,19.40,,0.00,12.90,30
2024-08-04 12:00:00,21.50,65,21.70,,0.00,11.80,12
2024-08-04 13:00:00,22.20,57,21.90,,0.00,11.50,20
2024-08-04 14:00:00,22.70,53,22.10,,0.00,11.50,20
2024-08-04 15:00:00,23.30,52,22.50,,0.00,11.60,7
2024-08-04 16:00:00,23.00,53,22.20,,0.00,11.90,5
2024-08-04 17:00:00,22.90,53,22.40,,0.00,9.40,4
2024-08-04 18:00:00,23.40,48,22.60,,0.00,8.60,360
2024-08-04 19:00:00,22.80,52,22.70,,0.00,5.40,4
2024-08-04 20:00:00,21.20,61,21.80,,0.00,2.60,344
2024-08-04 21:00:00,20.20,63,20.60,,0.00,3.30,319
2024-08-04 22:00:00,18.90,63,18.70,,0.00,4.30,318
2024-08-04 23:00:00,18.00,67,17.90,,0.00,4.20,329
2024-08-05 00:00:00,17.60,70,17.80,,0.00,3.10,339
2024-08-05 01:00:00,17.00,72,17.10,,0.00,3.20,333
2024-08-05 02:00:00,16.60,73,16.60,,0.00,3.10,339
2024-08-05 03:00:00,16.20,75,16.30,,0.00,2.60,344
2024-08-05 04:00:00,15.70,76,15.70,,0.00,3.10,339
2024-08-05 05:00:00,15.20,77,15.10,,0.00,3.20,333
2024-08-05 06:00:00,15.00,79,15.00,,0.00,2.70,337
2024-08-05 07:00:00,16.30,80,16.70,,0.00,3.10,339
2024-08-05 08:00:00,18.40,75,18.90,,0.00,4.90,343
2024-08-05 09:00:00,20.60,66,21.10,,0.00,5.10,352
2024-08-05 10:00:00,22.40,60,22.90,,0.00,5.90,349
2024-08-05 11:00:00,23.30,53,23.80,,0.00,7.70,349
2024-08-05 12:00:00,24.50,46,24.80,,0.00,7.60,357
2024-08-05 13:00:00,25.10,43,25.30,,0.00,6.90,351
2024-08-05 14:00:00,25.40,40,25.00,,0.00,7.10,345
2024-08-05 15:00:00,25.80,39,25.40,,0.00,6.00,343
2024-08-05 16:00:00,25.70,39,25.00,,0.00,6.00,327
2024-08-05 17:00:00,25.50,39,24.80,,0.00,5.90,322
2024-08-05 18:00:00,25.00,41,24.50,,0.00,5.30,332
2024-08-05 19:00:00,24.20,46,24.30,,0.00,3.10,339
2024-08-05 20:00:00,22.70,56,23.50,,0.00,2.10,329
2024-08-05 21:00:00,20.80,62,21.50,,0.00,2.50,360
2024-08-05 22:00:00,19.80,63,20.30,,0.00,2.20,360
2024-08-05 23:00:00,19.00,64,19.30,,0.00,2.20,9
2024-08-06 00:00:00,18.00,70,18.40,,0.00,2.20,9
2024-08-06 01:00:00,17.50,71,17.80,,0.00,2.60,16
2024-08-06 02:00:00,17.00,73,17.30,,0.00,2.60,34
2024-08-06 03:00:00,16.40,76,16.60,,0.00,2.80,40
2024-08-06 04:00:00,15.90,77,16.00,,0.00,3.10,45
2024-08-06 05:00:00,15.40,80,15.60,,0.00,3.10,45
2024-08-06 06:00:00,15.40,81,15.60,,0.00,2.80,40
2024-08-06 07:00:00,17.00,81,17.70,,0.00,2.80,40
2024-08-06 08:00:00,19.50,76,20.70,,0.00,3.10,54
2024-08-06 09:00:00,21.70,63,22.50,,0.00,4.70,67
2024-08-06 10:00:00,23.40,60,24.60,,0.00,3.90,68
2024-08-06 11:00:00,24.60,50,25.80,,0.00,3.60,45
2024-08-06 12:00:00,25.60,43,26.10,,0.00,4.10,15
2024-08-06 13:00:00,26.00,40,26.40,,0.00,3.30,6
2024-08-06 14:00:00,26.60,37,27.20,,0.00,2.10,329
2024-08-06 15:00:00,25.80,41,25.80,,0.00,3.00,284
2024-08-06 16:00:00,26.10,38,25.50,,0.00,5.20,304
2024-08-06 17:00:00,25.90,40,25.30,,0.00,6.40,317
2024-08-06 18:00:00,25.10,43,24.90,,0.00,4.70,328
2024-08-06 19:00:00,23.70,51,23.80,,0.00,5.90,281
2024-08-06 20:00:00,21.90,62,22.60,,0.00,4.20,290
2024-08-06 21:00:00,20.90,64,21.60,,0.00,3.60,323
2024-08-06 22:00:00,19.90,67,20.60,,0.00,3.00,346
2024-08-06 23:00:00,19.50,68,20.20,,0.00,2.10,329
2024-08-07 00:00:00,19.10,71,19.90,,0.00,3.10,315
2024-08-07 01:00:00,18.70,73,19.30,,0.00,3.60,315
2024-08-07 02:00:00,18.20,78,18.90,,0.00,4.40,325
2024-08-07 03:00:00,17.60,82,18.40,,0.00,4.60,342
2024-08-07 04:00:00,17.20,90,18.40,,0.10,4.40,351
2024-08-07 05:00:00,16.90,92,18.30,,0.10,2.90,353
2024-08-07 06:00:00,16.70,93,18.20,,0.00,2.90,330
2024-08-07 07:00:00,17.00,93,18.50,,0.40,3.60,315
2024-08-07 08:00:00,17.20,94,18.70,,0.50,4.60,309
2024-08-07 09:00:00,18.00,88,19.50,,0.40,4.10,285
2024-08-07 10:00:00,18.90,81,19.50,,0.10,8.70,253
2024-08-07 11:00:00,19.70,80,20.30,,0.10,10.40,250
2024-08-07 12:00:00,19.50,83,20.40,,0.60,9.40,263
2024-08-07 13:00:00,19.20,83,20.10,,0.80,8.70,277
2024-08-07 14:00:00,20.00,78,20.60,,0.10,10.10,297
2024-08-07 15:00:00,20.90,71,21.20,,0.00,10.40,314
2024-08-07 16:00:00,21.90,72,22.70,,0.00,10.00,311
2024-08-07 17:00:00,21.40,72,22.10,,0.40,9.30,306
2024-08-07 18:00:00,21.70,66,22.20,,0.00,7.90,321
2024-08-07 19:00:00,20.90,69,21.40,,0.00,8.10,302
2024-08-07 20:00:00,19.50,82,21.30,,0.00,2.70,293
2024-08-07 21:00:00,18.30,85,19.80,,0.00,2.90,300
2024-08-07 22:00:00,17.40,87,18.40,,0.00,4.70,328
2024-08-07 23:00:00,16.70,91,18.10,,0.00,2.60,326
2024-08-08 00:00:00,16.30,92,17.40,,0.00,4.10,308
2024-08-08 01:00:00,15.90,94,17.00,,0.00,3.90,304
2024-08-08 02:00:00,15.80,96,16.80,,0.00,4.40,305
2024-08-08 03:00:00,15.40,95,16.20,,0.00,5.40,290
2024-08-08 04:00:00,15.40,96,16.10,,0.00,5.90,284
2024-08-08 05:00:00,15.40,97,16.10,,0.00,6.20,291
2024-08-08 06:00:00,15.30,98,16.10,,0.00,6.40,286
2024-08-08 07:00:00,16.10,95,16.60,,0.00,8.70,300
2024-08-08 08:00:00,16.90,91,17.50,,0.00,8.70,308
2024-08-08 09:00:00,18.10,87,18.80,,0.00,8.90,317
2024-08-08 10:00:00,19.30,78,19.70,,0.00,9.50,323
2024-08-08 11:00:00,20.50,71,20.70,,0.00,10.40,326
2024-08-08 12:00:00,21.90,63,21.90,,0.00,11.50,328
2024-08-08 13:00:00,22.50,58,22.00,,0.00,11.90,325
2024-08-08 14:00:00,22.90,53,22.10,,0.00,12.30,320
2024-08-08 15:00:00,24.20,52,23.60,,0.00,12.00,311
2024-08-08 16:00:00,24.70,48,24.00,,0.00,12.20,313
2024-08-08 17:00:00,24.60,48,23.60,,0.00,12.50,316
2024-08-08 18:00:00,23.80,52,23.40,,0.00,10.50,319
2024-08-08 19:00:00,23.00,55,22.90,,0.00,7.60,315
2024-08-08 20:00:00,21.10,65,21.80,,0.00,4.60,321
2024-08-08 21:00:00,19.60,72,20.50,,0.00,3.30,311
2024-08-08 22:00:00,18.40,75,19.10,,0.00,3.90,304
2024-08-08 23:00:00,17.80,77,18.50,,0.00,3.80,319
2024-08-09 00:00:00,17.30,81,18.10,,0.00,3.30,319
2024-08-09 01:00:00,17.00,81,17.70,,0.00,3.30,311
2024-08-09 02:00:00,16.70,82,17.40,,0.00,3.10,306
2024-08-09 03:00:00,15.80,84,16.40,,0.00,3.10,291
2024-08-09 04:00:00,15.40,85,15.80,,0.00,3.20,297
2024-08-09 05:00:00,14.80,88,15.20,,0.00,3.10,306
2024-08-09 06:00:00,14.60,89,15.00,,0.00,2.90,300
2024-08-09 07:00:00,15.90,87,16.60,,0.00,2.90,300
2024-08-09 08:00:00,18.40,80,19.40,,0.00,4.20,301
2024-08-09 09:00:00,20.80,69,21.70,,0.00,4.90,306
2024-08-09 10:00:00,22.70,61,23.40,,0.00,6.10,310
2024-08-09 11:00:00,23.60,53,23.70,,0.00,7.90,317
2024-08-09 12:00:00,24.60,49,25.00,,0.00,7.90,317
2024-08-09 13:00:00,25.10,45,24.90,,0.00,7.70,311
2024-08-09 14:00:00,25.80,42,25.60,,0.00,7.50,305
2024-08-09 15:00:00,26.00,41,26.10,,0.00,6.90,309
2024-08-09 16:00:00,26.00,40,25.40,,0.00,6.90,317
2024-08-09 17:00:00,25.20,42,24.90,,0.00,5.40,318
2024-08-09 18:00:00,25.10,44,25.00,,0.00,4.70,328
2024-08-09 19:00:00,24.10,53,25.00,,0.00,2.50,352
2024-08-09 20:00:00,22.70,59,23.90,,0.00,1.50,315
2024-08-09 21:00:00,20.60,67,21.50,,0.00,3.00,284
2024-08-09 22:00:00,19.50,73,20.60,,0.00,2.50,270
2024-08-09 23:00:00,18.90,77,20.10,,0.00,2.20,270
2024-08-10 00:00:00,18.60,84,20.40,,0.00,1.80,323
2024-08-10 01:00:00,18.40,84,20.00,,0.00,1.60,297
2024-08-10 02:00:00,17.80,86,19.30,,0.00,1.90,68
2024-08-10 03:00:00,17.10,85,18.20,,0.00,3.10,45
2024-08-10 04:00:00,16.60,85,17.50,,0.00,2.70,67
2024-08-10 05:00:00,16.20,86,17.10,,0.00,1.80,101
2024-08-10 06:00:00,16.30,85,17.30,,0.00,1.40,90
2024-08-10 07:00:00,17.50,84,19.00,,0.00,1.00,135
2024-08-10 08:00:00,20.20,77,22.00,,0.00,1.90,202
2024-08-10 09:00:00,22.00,69,23.50,,0.00,3.80,229
2024-08-10 10:00:00,23.50,64,25.00,,0.00,4.60,252
2024-08-10 11:00:00,24.60,57,26.10,,0.00,5.10,262
2024-08-10 12:00:00,26.00,46,26.70,,0.00,6.20,277
2024-08-10 13:00:00,26.60,43,27.20,,0.00,6.90,264
2024-08-10 14:00:00,26.20,40,25.50,,0.00,8.40,260
2024-08-10 15:00:00,26.70,39,25.90,,0.00,8.50,258
2024-08-10 16:00:00,26.90,40,26.00,,0.00,10.80,255
2024-08-10 17:00:00,25.60,52,25.80,,0.00,10.10,253
2024-08-10 18:00:00,25.90,53,26.30,,0.10,10.10,264
2024-08-10 19:00:00,22.80,70,24.40,,0.30,6.00,237
2024-08-10 20:00:00,21.60,78,23.60,,0.00,4.80,222
2024-08-10 21:00:00,20.60,82,22.70,,0.00,4.10,232
2024-08-10 22:00:00,19.70,86,21.60,,0.00,4.60,225
2024-08-10 23:00:00,19.50,86,21.60,,0.00,3.10,291
2024-08-11 00:00:00,19.60,83,21.50,,0.10,2.80,220
2024-08-11 01:00:00,18.50,88,19.90,,0.00,6.30,257
2024-08-11 02:00:00,18.10,84,18.70,,0.00,7.60,275
2024-08-11 03:00:00,17.50,83,17.90,,0.00,7.70,281
2024-08-11 04:00:00,16.80,87,17.20,,0.00,8.10,283
2024-08-11 05:00:00,16.00,91,16.50,,0.00,6.70,286
2024-08-11 06:00:00,15.50,92,16.30,,0.00,4.30,294
2024-08-11 07:00:00,16.60,89,17.30,,0.00,6.10,270
2024-08-11 08:00:00,17.90,83,18.30,,0.00,8.30,268
2024-08-11 09:00:00,19.30,79,20.10,,0.00,7.60,278
2024-08-11 10:00:00,21.00,64,20.30,,0.00,13.30,303
2024-08-11 11:00:00,21.90,57,21.30,,0.00,11.00,293
2024-08-11 12:00:00,22.00,51,20.10,,0.00,15.90,298
2024-08-11 13:00:00,22.60,46,20.40,,0.00,15.90,288
2024-08-11 14:00:00,23.40,42,21.10,,0.00,18.30,286
2024-08-11 15:00:00,22.80,42,20.00,,0.00,18.30,286
2024-08-11 16:00:00,23.40,38,19.90,,0.00,20.80,288
2024-08-11 17:00:00,23.00,39,19.80,,0.00,19.00,289
2024-08-11 18:00:00,22.40,42,19.80,,0.00,15.40,286
2024-08-11 19:00:00,21.60,43,19.40,,0.00,12.00,286
2024-08-11 20:00:00,19.60,50,18.30,,0.00,6.50,273
2024-08-11 21:00:00,17.30,64,16.60,,0.00,5.80,270
2024-08-11 22:00:00,16.20,67,15.30,,0.00,6.80,267
2024-08-11 23:00:00,15.90,69,14.80,,0.00,7.60,273
2024-08-12 00:00:00,16.00,68,14.70,,0.00,8.80,282
2024-08-12 01:00:00,15.30,73,14.20,,0.00,9.00,286
2024-08-12 02:00:00,14.60,78,13.40,,0.00,9.40,288
2024-08-12 03:00:00,13.90,81,12.70,,0.00,9.90,289
2024-08-12 04:00:00,13.20,85,12.10,,0.00,9.30,286
2024-08-12 05:00:00,12.60,88,11.40,,0.00,9.60,283
2024-08-12 06:00:00,12.30,90,11.10,,0.00,9.40,288
2024-08-12 07:00:00,13.10,87,11.80,,0.00,10.60,294
2024-08-12 08:00:00,13.90,81,12.40,,0.00,12.00,309
2024-08-12 09:00:00,14.80,76,13.20,,0.00,12.20,304
2024-08-12 10:00:00,16.40,67,14.40,,0.00,14.00,305
2024-08-12 11:00:00,17.60,60,15.20,,0.00,15.50,306
2024-08-12 12:00:00,19.00,54,16.80,,0.00,15.30,304
2024-08-12 13:00:00,19.80,53,17.70,,0.00,14.40,302
2024-08-12 14:00:00,20.70,48,18.30,,0.00,15.10,298
2024-08-12 15:00:00,20.80,46,18.40,,0.00,14.70,298
2024-08-12 16:00:00,21.40,44,19.00,,0.00,14.10,289
2024-08-12 17:00:00,21.20,44,18.80,,0.00,13.90,291
2024-08-12 18:00:00,21.00,46,18.80,,0.00,13.10,291
2024-08-12 19:00:00,20.20,48,18.40,,0.00,10.00,285
2024-08-12 20:00:00,18.50,55,17.40,,0.00,6.50,264
2024-08-12 21:00:00,16.70,67,16.20,,0.00,4.70,261
2024-08-12 22:00:00,15.50,71,14.80,,0.00,5.00,249
2024-08-12 23:00:00,14.80,74,14.00,,0.00,5.90,256
2024-08-13 00:00:00,14.50,74,13.70,,0.00,5.80,266
2024-08-13 01:00:00,13.70,78,12.90,,0.00,5.70,252
2024-08-13 02:00:00,13.40,80,12.50,,0.00,6.40,254
2024-08-13 03:00:00,13.00,83,12.30,,0.00,5.00,270
2024-08-13 04:00:00,13.00,83,12.20,,0.00,5.80,270
2024-08-13 05:00:00,13.10,83,12.30,,0.00,6.50,276
2024-08-13 06:00:00,12.80,85,11.90,,0.00,6.90,298
2024-08-13 07:00:00,13.30,85,12.40,,0.00,7.90,309
2024-08-13 08:00:00,14.50,82,13.70,,0.00,8.90,317
2024-08-13 09:00:00,15.60,77,14.50,,0.00,10.70,320
2024-08-13 10:00:00,17.10,69,15.80,,0.00,11.20,318
2024-08-13 11:00:00,17.90,63,16.40,,0.00,12.30,320
2024-08-13 12:00:00,18.60,57,16.90,,0.00,13.20,325
2024-08-13 13:00:00,19.20,54,17.60,,0.00,12.30,322
2024-08-13 14:00:00,19.50,50,17.40,,0.00,13.10,323
2024-08-13 15:00:00,20.00,49,17.90,,0.00,13.00,318
2024-08-13 16:00:00,20.10,47,17.70,,0.00,13.30,322
2024-08-13 17:00:00,19.80,47,17.40,,0.00,12.60,329
2024-08-13 18:00:00,19.60,51,17.80,,0.00,11.20,327
2024-08-13 19:00:00,18.80,55,17.30,,0.00,9.50,331
2024-08-13 20:00:00,17.30,61,16.30,,0.00,6.00,327
2024-08-13 21:00:00,16.10,68,15.50,,0.00,4.10,322
2024-08-13 22:00:00,15.20,71,14.60,,0.00,3.70,331
2024-08-13 23:00:00,14.60,73,14.00,,0.00,3.80,319
2024-08-14 00:00:00,13.70,77,13.10,,0.00,4.10,315
2024-08-14 01:00:00,13.20,79,12.30,,0.00,5.60,310
2024-08-14 02:00:00,12.80,82,12.00,,0.00,4.60,315
2024-08-14 03:00:00,12.40,84,11.70,,0.00,4.30,312
2024-08-14 04:00:00,12.00,88,11.30,,0.00,4.80,312
2024-08-14 05:00:00,11.70,90,11.10,,0.00,4.60,309
2024-08-14 06:00:00,11.50,91,10.90,,0.00,4.60,309
2024-08-14 07:00:00,12.60,88,11.90,,0.00,6.60,311
2024-08-14 08:00:00,14.70,81,14.10,,0.00,7.10,315
2024-08-14 09:00:00,17.10,74,16.70,,0.00,7.40,313
2024-08-14 10:00:00,19.10,67,18.70,,0.00,8.70,315
2024-08-14 11:00:00,20.80,59,20.60,,0.00,10.00,322
2024-08-14 12:00:00,22.50,50,22.00,,0.00,10.50,329
2024-08-14 13:00:00,23.10,46,22.40,,0.00,10.60,332
2024-08-14 14:00:00,23.70,43,22.70,,0.00,9.70,329
2024-08-14 15:00:00,24.10,40,22.60,,0.00,10.50,322
2024-08-14 16:00:00,23.90,40,22.20,,0.00,10.90,314
2024-08-14 17:00:00,23.90,40,22.10,,0.00,10.80,307
2024-08-14 18:00:00,23.50,42,22.00,,0.00,9.90,303
2024-08-14 19:00:00,22.40,45,21.30,,0.00,7.40,299
2024-08-14 20:00:00,20.00,55,19.40,,0.00,5.30,298
2024-08-14 21:00:00,18.50,63,18.20,,0.00,4.20,290
2024-08-14 22:00:00,17.50,67,17.30,,0.00,4.00,297
2024-08-14 23:00:00,16.70,71,16.60,,0.00,4.10,285
2024-08-15 00:00:00,15.90,75,15.70,,0.00,4.20,290
2024-08-15 01:00:00,15.60,76,15.40,,0.00,4.20,301
2024-08-15 02:00:00,15.30,77,15.10,,0.00,4.20,301
2024-08-15 03:00:00,14.70,81,14.60,,0.00,3.70,299
2024-08-15 04:00:00,14.50,82,14.40,,0.00,3.70,299
2024-08-15 05:00:00,14.40,83,14.30,,0.00,3.60,307
2024-08-15 06:00:00,14.10,85,14.10,,0.00,3.60,315
2024-08-15 07:00:00,15.00,84,15.20,,0.00,3.80,319
2024-08-15 08:00:00,17.00,78,17.10,,0.00,6.20,324
2024-08-15 09:00:00,19.50,69,19.90,,0.00,5.80,330
2024-08-15 10:00:00,21.60,63,22.10,,0.00,5.90,322
2024-08-15 11:00:00,22.90,55,22.80,,0.00,8.50,324
2024-08-15 12:00:00,23.90,49,23.60,,0.00,9.20,334
2024-08-15 13:00:00,24.80,47,24.50,,0.00,9.80,336
2024-08-15 14:00:00,25.00,46,24.30,,0.00,9.70,338
2024-08-15 15:00:00,25.10,44,24.30,,0.00,9.40,337
2024-08-15 16:00:00,25.20,43,24.30,,0.00,10.00,339
2024-08-15 17:00:00,25.00,42,23.90,,0.00,9.60,340
2024-08-15 18:00:00,24.60,43,23.60,,0.00,8.70,336
2024-08-15 19:00:00,23.60,45,22.90,,0.00,6.80,342
2024-08-15 20:00:00,21.30,53,21.20,,0.00,3.40,342
2024-08-15 21:00:00,19.50,63,19.70,,0.00,3.30,347
2024-08-15 22:00:00,18.60,65,18.60,,0.00,3.60,354
2024-08-15 23:00:00,17.80,69,18.00,,0.00,2.90,360
2024-08-16 00:00:00,16.70,75,17.00,,0.00,2.60,344
2024-08-16 01:00:00,16.10,77,16.30,,0.00,2.60,344
2024-08-16 02:00:00,15.40,79,15.60,,0.00,2.30,342
2024-08-16 03:00:00,14.50,82,14.70,,0.00,1.90,338
2024-08-16 04:00:00,14.00,84,14.10,,0.00,1.90,338
2024-08-16 05:00:00,13.50,86,13.60,,0.00,1.80,323
2024-08-16 06:00:00,13.20,87,13.10,,0.00,2.40,333
2024-08-16 07:00:00,14.30,86,14.60,,0.00,2.40,333
2024-08-16 08:00:00,17.40,78,18.10,,0.00,2.60,344
2024-08-16 09:00:00,20.50,63,21.20,,0.00,2.40,333
2024-08-16 10:00:00,22.70,53,23.00,,0.00,3.90,326
2024-08-16 11:00:00,23.90,45,23.90,,0.00,4.60,321
2024-08-16 12:00:00,24.80,41,25.30,,0.00,4.00,333
2024-08-16 13:00:00,25.50,39,26.00,,0.00,4.90,324
2024-08-16 14:00:00,25.90,36,25.80,,0.00,5.40,312
2024-08-16 15:00:00,26.00,36,25.30,,0.00,5.60,310
2024-08-16 16:00:00,26.10,34,25.00,,0.00,6.10,298
2024-08-16 17:00:00,25.90,35,24.70,,0.00,6.80,295
2024-08-16 18:00:00,25.30,36,24.20,,0.00,5.80,300
2024-08-16 19:00:00,24.10,43,23.80,,0.00,3.10,315
2024-08-16 20:00:00,22.20,51,22.30,,0.00,2.50,315
2024-08-16 21:00:00,20.20,59,20.50,,0.00,2.00,315
2024-08-16 22:00:00,19.00,60,19.10,,0.00,1.80,349
2024-08-16 23:00:00,18.00,64,18.00,,0.00,1.80,37
2024-08-17 00:00:00,16.80,72,16.90,,0.00,2.30,51
2024-08-17 01:00:00,16.20,73,16.20,,0.00,3.30,84
2024-08-17 02:00:00,15.90,74,15.80,,0.00,3.20,117
2024-08-17 03:00:00,15.20,77,15.20,,0.00,2.40,117
2024-08-17 04:00:00,14.80,78,14.70,,0.00,2.30,141
2024-08-17 05:00:00,14.20,80,14.20,,0.00,2.10,149
2024-08-17 06:00:00,13.90,82,13.80,,0.00,2.30,162
2024-08-17 07:00:00,15.00,83,15.30,,0.00,2.20,171
2024-08-17 08:00:00,18.20,79,19.40,,0.00,1.90,202
2024-08-17 09:00:00,21.50,60,21.90,,0.00,4.10,218
2024-08-17 10:00:00,23.60,53,23.90,,0.00,5.90,227
2024-08-17 11:00:00,25.00,43,24.80,,0.00,7.70,229
2024-08-17 12:00:00,26.10,39,26.50,,0.00,6.60,209
2024-08-17 13:00:00,26.80,38,27.40,,0.00,7.40,209
2024-08-17 14:00:00,27.40,36,27.90,,0.00,7.20,207
2024-08-17 15:00:00,27.70,34,27.60,,0.00,7.10,204
2024-08-17 16:00:00,27.70,34,27.00,,0.00,7.40,209
2024-08-17 17:00:00,27.40,35,26.50,,0.00,7.30,213
2024-08-17 18:00:00,27.00,36,26.30,,0.00,6.10,208
2024-08-17 19:00:00,25.50,44,25.60,,0.00,3.80,197
2024-08-17 20:00:00,23.20,52,23.70,,0.00,2.90,173
2024-08-17 21:00:00,21.50,60,22.10,,0.00,3.30,167
2024-08-17 22:00:00,20.80,59,21.00,,0.00,3.70,169
2024-08-17 23:00:00,20.20,59,20.20,,0.00,3.80,163
2024-08-18 00:00:00,19.40,62,19.50,,0.00,3.40,162
2024-08-18 01:00:00,18.80,62,18.70,,0.00,3.40,162
2024-08-18 02:00:00,18.20,64,18.00,,0.00,4.20,160
2024-08-18 03:00:00,18.00,64,17.70,,0.00,3.70,151
2024-08-18 04:00:00,17.70,65,17.50,,0.00,4.00,153
2024-08-18 05:00:00,17.40,65,16.90,,0.00,4.70,157
2024-08-18 06:00:00,16.60,70,16.30,,0.00,4.60,162
2024-08-18 07:00:00,17.50,69,17.40,,0.00,4.50,166
2024-08-18 08:00:00,19.90,63,20.00,,0.00,5.00,180
2024-08-18 09:00:00,22.50,52,22.20,,0.00,6.50,183
2024-08-18 10:00:00,24.70,46,24.40,,0.00,6.90,186
2024-08-18 11:00:00,26.50,41,26.50,,0.00,7.10,195
2024-08-18 12:00:00,28.70,35,29.10,,0.00,7.00,192
2024-08-18 13:00:00,29.80,33,30.40,,0.00,7.30,191
2024-08-18 14:00:00,30.60,31,31.10,,0.00,7.60,185
2024-08-18 15:00:00,31.20,30,31.40,,0.00,6.80,183
2024-08-18 16:00:00,31.30,30,31.00,,0.00,6.80,183
2024-08-18 17:00:00,31.00,30,30.40,,0.00,6.80,180
2024-08-18 18:00:00,30.40,32,30.20,,0.00,5.60,165
2024-08-18 19:00:00,28.50,40,29.20,,0.00,3.10,144
2024-08-18 20:00:00,26.00,46,26.50,,0.00,3.60,127
2024-08-18 21:00:00,24.00,54,24.90,,0.00,3.30,131
2024-08-18 22:00:00,23.10,53,23.50,,0.00,3.70,119
2024-08-18 23:00:00,22.30,55,22.60,,0.00,4.00,117
2024-08-19 00:00:00,21.30,59,21.60,,0.00,4.20,110
2024-08-19 01:00:00,20.70,59,20.70,,0.00,4.70,113
2024-08-19 02:00:00,20.00,64,20.20,,0.00,4.50,119
2024-08-19 03:00:00,19.70,67,20.20,,0.00,3.90,124
2024-08-19 04:00:00,19.20,67,19.60,,0.00,3.80,131
2024-08-19 05:00:00,18.80,69,19.10,,0.00,4.10,135
2024-08-19 06:00:00,18.00,72,18.30,,0.00,4.10,135
2024-08-19 07:00:00,19.10,71,19.70,,0.00,4.10,142
2024-08-19 08:00:00,21.90,64,22.80,,0.00,4.70,148
2024-08-19 09:00:00,24.50,51,24.70,,0.00,6.60,158
2024-08-19 10:00:00,26.70,46,27.10,,0.00,6.70,164
2024-08-19 11:00:00,28.70,40,29.20,,0.00,7.00,168
2024-08-19 12:00:00,30.90,30,30.90,,0.00,9.10,173
2024-08-19 13:00:00,31.90,28,32.00,,0.00,9.10,171
2024-08-19 14:00:00,32.70,27,32.80,,0.00,9.10,173
2024-08-19 15:00:00,33.00,27,33.00,,0.00,8.40,170
2024-08-19 16:00:00,33.00,27,32.40,,0.00,8.40,173
2024-08-19 17:00:00,32.60,27,31.70,,0.00,8.00,175
2024-08-19 18:00:00,32.10,29,31.70,,0.00,6.50,174
2024-08-19 19:00:00,30.00,37,30.70,,0.00,3.50,156
2024-08-19 20:00:00,27.50,44,28.30,,0.00,3.60,135
2024-08-19 21:00:00,25.50,49,26.30,,0.00,2.80,130
2024-08-19 22:00:00,24.60,49,25.10,,0.00,3.30,139
2024-08-19 23:00:00,23.70,51,24.10,,0.00,3.30,139
2024-08-20 00:00:00,22.40,57,23.00,,0.00,3.60,135
2024-08-20 01:00:00,21.80,58,22.10,,0.00,4.40,145
2024-08-20 02:00:00,21.40,59,21.70,,0.00,4.50,151
2024-08-20 03:00:00,20.90,64,21.50,,0.00,4.30,156
2024-08-20 04:00:00,20.30,65,20.90,,0.00,4.00,170
2024-08-20 05:00:00,19.60,68,20.20,,0.00,4.10,165
2024-08-20 06:00:00,18.60,75,19.40,,0.00,3.60,174
2024-08-20 07:00:00,19.80,73,20.80,,0.00,4.00,175
2024-08-20 08:00:00,22.60,68,24.30,,0.00,4.00,185
2024-08-20 09:00:00,25.40,52,26.10,,0.00,5.60,195
2024-08-20 10:00:00,27.70,46,28.40,,0.00,6.60,202
2024-08-20 11:00:00,29.50,41,30.50,,0.00,6.40,207
2024-08-20 12:00:00,31.60,31,32.20,,0.00,7.00,215
2024-08-20 13:00:00,32.80,28,33.50,,0.00,7.00,215
2024-08-20 14:00:00,33.60,26,34.10,,0.00,6.60,209
2024-08-20 15:00:00,33.60,26,34.10,,0.00,5.00,210
2024-08-20 16:00:00,33.60,26,33.50,,0.00,4.90,197
2024-08-20 17:00:00,33.20,27,32.90,,0.00,5.10,188
2024-08-20 18:00:00,32.50,29,32.60,,0.00,3.90,202
2024-08-20 19:00:00,30.40,43,32.30,,0.00,2.20,171
2024-08-20 20:00:00,28.30,44,29.70,,0.00,1.50,135
2024-08-20 21:00:00,26.30,47,27.40,,0.00,1.80,143
2024-08-20 22:00:00,25.10,48,25.90,,0.00,1.90,112
2024-08-20 23:00:00,24.30,49,24.80,,0.00,2.60,106
2024-08-21 00:00:00,23.10,53,23.60,,0.00,2.90,60
2024-08-21 01:00:00,22.00,56,22.30,,0.00,3.80,49
2024-08-21 02:00:00,20.60,62,20.90,,0.00,4.40,55
2024-08-21 03:00:00,19.60,70,20.30,,0.00,3.70,79
2024-08-21 04:00:00,18.90,73,19.60,,0.00,4.10,75
2024-08-21 05:00:00,18.50,76,19.20,,0.00,4.20,70
2024-08-21 06:00:00,18.30,78,19.10,,0.00,4.10,75
2024-08-21 07:00:00,19.30,79,20.60,,0.00,4.10,75
2024-08-21 08:00:00,22.80,72,24.90,,0.00,3.70,79
2024-08-21 09:00:00,25.50,59,27.40,,0.00,3.60,90
2024-08-21 10:00:00,28.20,46,29.20,,0.00,5.50,113
2024-08-21 11:00:00,30.00,41,31.40,,0.00,5.20,115
2024-08-21 12:00:00,32.40,28,33.00,,0.00,5.70,125
2024-08-21 13:00:00,33.60,24,34.00,,0.00,5.90,137
2024-08-21 14:00:00,34.10,22,34.20,,0.00,5.90,142
2024-08-21 15:00:00,34.40,21,34.10,,0.00,5.40,143
2024-08-21 16:00:00,34.20,23,33.50,,0.00,5.60,130
2024-08-21 17:00:00,33.70,23,32.70,,0.00,6.10,130
2024-08-21 18:00:00,32.80,26,32.20,,0.00,5.40,127
2024-08-21 19:00:00,30.50,34,30.90,,0.00,3.30,103
2024-08-21 20:00:00,27.50,41,27.80,,0.00,4.30,85
2024-08-21 21:00:00,25.10,48,25.40,,0.00,5.10,86
2024-08-21 22:00:00,24.30,46,24.10,,0.00,5.10,94
2024-08-21 23:00:00,23.50,45,23.00,,0.00,5.40,86
2024-08-22 00:00:00,21.80,56,21.70,,0.00,6.20,69
2024-08-22 01:00:00,21.10,58,20.90,,0.00,6.30,77
2024-08-22 02:00:00,20.50,63,20.70,,0.00,5.80,90
2024-08-22 03:00:00,19.80,65,20.00,,0.00,4.70,99
2024-08-22 04:00:00,19.20,65,19.40,,0.00,4.10,105
2024-08-22 05:00:00,19.20,63,19.10,,0.00,4.70,113
2024-08-22 06:00:00,19.30,59,19.00,,0.00,4.20,121
2024-08-22 07:00:00,20.60,57,20.60,,0.00,4.20,121
2024-08-22 08:00:00,23.10,51,23.20,,0.00,4.80,132
2024-08-22 09:00:00,25.00,43,24.50,,0.00,6.90,133
2024-08-22 10:00:00,27.20,38,26.50,,0.00,8.70,138
2024-08-22 11:00:00,28.40,37,27.70,,0.00,9.40,148
2024-08-22 12:00:00,30.60,30,29.70,,0.00,8.30,146
2024-08-22 13:00:00,31.90,25,30.60,,0.00,8.60,147
2024-08-22 14:00:00,33.30,23,32.40,,0.00,9.00,157
2024-08-22 15:00:00,31.50,29,30.80,,0.00,8.00,198
2024-08-22 16:00:00,31.70,30,31.30,,0.10,6.60,229
2024-08-22 17:00:00,30.80,31,30.30,,0.00,6.60,283
2024-08-22 18:00:00,29.80,39,30.60,,0.00,4.30,312
2024-08-22 19:00:00,27.60,49,29.10,,0.00,3.60,315
2024-08-22 20:00:00,25.30,53,26.30,,0.00,4.60,315
2024-08-22 21:00:00,24.30,56,25.10,,0.00,5.60,310
2024-08-22 22:00:00,23.00,64,23.80,,0.00,7.90,321
2024-08-22 23:00:00,22.40,76,23.60,,0.00,11.20,327
2024-08-23 00:00:00,21.60,82,22.70,,0.00,13.00,318
2024-08-23 01:00:00,20.30,86,21.20,,0.00,13.30,319
2024-08-23 02:00:00,19.40,86,20.00,,0.00,12.90,324
2024-08-23 03:00:00,18.70,86,19.20,,0.00,10.90,326
2024-08-23 04:00:00,18.00,88,18.40,,0.00,10.70,327
2024-08-23 05:00:00,17.60,91,18.20,,0.00,9.80,332
2024-08-23 06:00:00,17.70,87,18.00,,0.00,11.10,335
2024-08-23 07:00:00,17.80,80,17.60,,0.00,10.90,333
2024-08-23 08:00:00,18.30,72,17.60,,0.00,11.40,332
2024-08-23 09:00:00,18.70,68,17.80,,0.00,11.30,333
2024-08-23 10:00:00,19.80,63,18.60,,0.00,13.00,336
2024-08-23 11:00:00,20.60,58,19.00,,0.00,14.80,337
2024-08-23 12:00:00,20.60,59,19.10,,0.00,15.30,341
2024-08-23 13:00:00,21.30,50,19.30,,0.00,14.10,341
2024-08-23 14:00:00,21.70,48,19.70,,0.00,13.80,345
2024-08-23 15:00:00,22.50,43,20.40,,0.00,12.80,338
2024-08-23 16:00:00,23.10,38,20.70,,0.00,12.40,343
2024-08-23 17:00:00,22.80,39,20.70,,0.00,11.00,341
2024-08-23 18:00:00,22.60,41,21.00,,0.00,9.00,344
2024-08-23 19:00:00,21.40,48,20.40,,0.00,6.20,350
2024-08-23 20:00:00,19.30,56,18.90,,0.00,3.70,349
2024-08-23 21:00:00,17.70,65,17.50,,0.00,3.60,354
2024-08-23 22:00:00,16.70,68,16.40,,0.00,3.70,349
2024-08-23 23:00:00,16.00,71,15.70,,0.00,3.30,354
2024-08-24 00:00:00,15.40,74,15.10,,0.00,3.30,6
2024-08-24 01:00:00,14.90,74,14.50,,0.00,3.30,354
2024-08-24 02:00:00,14.50,76,14.10,,0.00,3.30,347
2024-08-24 03:00:00,13.80,80,13.40,,0.00,4.00,350
2024-08-24 04:00:00,13.50,82,13.10,,0.00,3.60,354
2024-08-24 05:00:00,13.20,84,12.80,,0.00,3.60,354
2024-08-24 06:00:00,12.80,87,12.50,,0.00,4.00,355
2024-08-24 07:00:00,13.80,84,13.60,,0.00,4.00,360
2024-08-24 08:00:00,16.70,74,16.50,,0.00,5.50,11
2024-08-24 09:00:00,19.20,62,18.60,,0.00,7.90,24
2024-08-24 10:00:00,21.30,54,20.40,,0.00,9.70,31
2024-08-24 11:00:00,22.70,47,21.70,,0.00,10.30,29
2024-08-24 12:00:00,24.40,40,23.80,,0.00,9.00,29
2024-08-24 13:00:00,25.40,36,24.90,,0.00,8.20,23
2024-08-24 14:00:00,26.30,33,25.50,,0.00,8.20,15
2024-08-24 15:00:00,27.00,30,26.10,,0.00,6.80,18
2024-08-24 16:00:00,27.20,31,25.80,,0.00,7.20,18
2024-08-24 17:00:00,27.00,32,25.60,,0.00,7.20,18
2024-08-24 18:00:00,26.60,34,25.60,,0.00,6.30,24
2024-08-24 19:00:00,24.70,41,24.30,,0.00,3.90,34
2024-08-24 20:00:00,22.00,51,21.90,,0.00,3.80,49
2024-08-24 21:00:00,19.90,61,20.00,,0.00,4.10,52
2024-08-24 22:00:00,19.20,62,19.10,,0.00,4.10,45
2024-08-24 23:00:00,18.70,64,18.60,,0.00,3.80,49
2024-08-25 00:00:00,17.90,68,17.90,,0.00,4.10,38
2024-08-25 01:00:00,17.40,69,17.40,,0.00,3.80,41
2024-08-25 02:00:00,16.90,71,16.80,,0.00,4.10,45
2024-08-25 03:00:00,16.30,75,16.20,,0.00,4.60,45
2024-08-25 04:00:00,15.80,78,15.80,,0.00,4.30,48
2024-08-25 05:00:00,15.50,80,15.40,,0.00,4.60,51
2024-08-25 06:00:00,15.00,81,14.80,,0.00,4.60,51
2024-08-25 07:00:00,15.90,78,15.80,,0.00,4.70,58
2024-08-25 08:00:00,19.00,67,19.00,,0.00,6.00,65
2024-08-25 09:00:00,21.70,54,21.30,,0.00,7.00,69
2024-08-25 10:00:00,24.00,46,23.30,,0.00,8.00,72
2024-08-25 11:00:00,25.90,42,25.70,,0.00,7.60,71
2024-08-25 12:00:00,27.80,37,28.10,,0.00,7.10,60
2024-08-25 13:00:00,28.90,34,29.30,,0.00,7.00,55
2024-08-25 14:00:00,29.70,32,29.90,,0.00,7.70,49
2024-08-25 15:00:00,30.30,31,30.10,,0.00,8.20,52
2024-08-25 16:00:00,30.20,32,29.60,,0.00,8.30,56
2024-08-25 17:00:00,29.80,34,29.30,,0.00,8.40,59
2024-08-25 18:00:00,29.10,36,28.70,,0.00,7.60,59
2024-08-25 19:00:00,26.80,43,27.10,,0.00,4.80,48
2024-08-25 20:00:00,23.80,53,24.30,,0.00,4.30,42
2024-08-25 21:00:00,21.70,64,22.50,,0.00,4.60,45
2024-08-25 22:00:00,20.70,66,21.30,,0.00,5.10,51
2024-08-25 23:00:00,20.00,68,20.60,,0.00,4.90,54
2024-08-26 00:00:00,19.40,70,19.90,,0.00,4.90,54
2024-08-26 01:00:00,18.80,71,19.20,,0.00,5.00,60
2024-08-26 02:00:00,18.20,74,18.50,,0.00,5.00,60
2024-08-26 03:00:00,17.40,77,17.80,,0.00,4.60,51
2024-08-26 04:00:00,16.90,78,17.10,,0.00,4.60,51
2024-08-26 05:00:00,16.50,79,16.70,,0.00,4.60,51
2024-08-26 06:00:00,15.80,82,15.90,,0.00,4.60,45
2024-08-26 07:00:00,16.80,80,17.10,,0.00,4.80,48
2024-08-26 08:00:00,20.10,69,20.60,,0.00,6.10,50
2024-08-26 09:00:00,22.80,58,23.00,,0.00,7.70,49
2024-08-26 10:00:00,25.10,51,25.30,,0.00,8.40,50
2024-08-26 11:00:00,27.10,45,27.20,,0.00,9.40,50
2024-08-26 12:00:00,29.20,38,29.40,,0.00,10.70,57
2024-08-26 13:00:00,30.10,36,30.60,,0.00,10.50,63
2024-08-26 14:00:00,30.70,34,31.20,,0.00,9.70,63
2024-08-26 15:00:00,31.00,35,31.60,,0.00,8.50,54
2024-08-26 16:00:00,31.00,33,30.60,,0.00,9.20,48
2024-08-26 17:00:00,30.50,34,30.00,,0.00,9.40,47
2024-08-26 18:00:00,29.90,37,29.80,,0.00,8.70,45
2024-08-26 19:00:00,27.80,43,28.20,,0.00,6.30,31
2024-08-26 20:00:00,24.90,51,25.50,,0.00,5.20,34
2024-08-26 21:00:00,23.40,59,24.20,,0.00,5.20,34
2024-08-26 22:00:00,22.20,62,23.00,,0.00,5.10,39
2024-08-26 23:00:00,21.50,63,22.10,,0.00,5.60,50
2024-08-27 00:00:00,21.20,65,21.60,,0.00,6.50,56
2024-08-27 01:00:00,20.60,66,20.80,,0.00,7.40,61
2024-08-27 02:00:00,20.00,68,20.20,,0.00,7.60,65
2024-08-27 03:00:00,19.40,71,19.60,,0.00,7.10,66
2024-08-27 04:00:00,18.80,73,19.10,,0.00,6.80,65
2024-08-27 05:00:00,18.10,75,18.30,,0.00,6.40,63
2024-08-27 06:00:00,17.40,77,17.60,,0.00,6.30,66
2024-08-27 07:00:00,18.10,72,18.00,,0.00,7.40,67
2024-08-27 08:00:00,20.20,64,19.90,,0.00,9.10,72
2024-08-27 09:00:00,22.40,55,21.90,,0.00,9.30,77
2024-08-27 10:00:00,24.80,48,24.50,,0.00,9.10,81
2024-08-27 11:00:00,27.10,43,27.00,,0.00,9.40,83
2024-08-27 12:00:00,29.70,33,29.40,,0.00,10.50,86
2024-08-27 13:00:00,30.80,28,30.20,,0.00,11.50,90
2024-08-27 14:00:00,31.40,26,30.60,,0.00,11.20,92
2024-08-27 15:00:00,31.50,26,30.40,,0.00,10.40,90
2024-08-27 16:00:00,31.20,26,29.70,,0.00,9.40,97
2024-08-27 17:00:00,30.70,28,29.50,,0.00,8.30,95
2024-08-27 18:00:00,30.10,31,29.50,,0.00,6.50,96
2024-08-27 19:00:00,27.70,39,27.90,,0.00,3.80,73
2024-08-27 20:00:00,25.20,46,25.40,,0.00,4.00,63
2024-08-27 21:00:00,23.50,54,24.10,,0.00,4.30,48
2024-08-27 22:00:00,22.40,57,22.80,,0.00,4.60,51
2024-08-27 23:00:00,21.60,60,21.90,,0.00,5.00,60
2024-08-28 00:00:00,20.90,65,21.50,,0.00,5.40,70
2024-08-28 01:00:00,20.60,63,20.90,,0.00,5.20,78
2024-08-28 02:00:00,20.10,64,20.40,,0.00,4.70,81
2024-08-28 03:00:00,19.60,67,20.00,,0.00,4.40,81
2024-08-28 04:00:00,18.90,69,19.20,,0.00,4.60,72
2024-08-28 05:00:00,18.20,71,18.30,,0.00,4.80,63
2024-08-28 06:00:00,17.70,74,18.00,,0.00,4.70,58
2024-08-28 07:00:00,18.40,74,18.80,,0.00,5.20,56
2024-08-28 08:00:00,21.00,64,21.10,,0.00,7.70,62
2024-08-28 09:00:00,23.10,58,23.30,,0.00,8.90,63
2024-08-28 10:00:00,25.40,52,25.70,,0.00,9.20,64
2024-08-28 11:00:00,27.40,47,27.90,,0.00,10.00,60
2024-08-28 12:00:00,29.60,36,29.20,,0.00,12.60,70
2024-08-28 13:00:00,30.10,33,29.40,,0.00,11.90,85
2024-08-28 14:00:00,30.60,31,29.40,,0.00,11.50,92
2024-08-28 15:00:00,31.00,30,30.00,,0.00,9.80,96
2024-08-28 16:00:00,30.70,30,29.60,,0.00,10.10,92
2024-08-28 17:00:00,29.90,31,28.80,,0.00,9.30,74
2024-08-28 18:00:00,29.10,34,28.40,,0.00,8.30,72
2024-08-28 19:00:00,27.20,40,27.10,,0.00,6.20,69
2024-08-28 20:00:00,24.50,49,24.70,,0.00,5.20,65
2024-08-28 21:00:00,23.20,56,23.70,,0.00,5.40,53
2024-08-28 22:00:00,22.00,58,22.20,,0.00,5.70,55
2024-08-28 23:00:00,21.30,60,21.40,,0.00,5.70,55
2024-08-29 00:00:00,20.60,66,21.00,,0.00,5.60,50
2024-08-29 01:00:00,20.60,65,21.00,,0.00,5.90,52
2024-08-29 02:00:00,20.10,67,20.50,,0.00,6.00,57
2024-08-29 03:00:00,19.30,72,19.80,,0.00,5.90,52
2024-08-29 04:00:00,18.70,74,19.10,,0.00,6.00,57
2024-08-29 05:00:00,18.40,73,18.50,,0.00,6.50,56
2024-08-29 06:00:00,17.80,78,18.20,,0.00,6.20,54
2024-08-29 07:00:00,18.50,73,18.50,,0.00,7.30,57
2024-08-29 08:00:00,20.40,66,20.30,,0.00,8.50,62
2024-08-29 09:00:00,22.40,57,22.20,,0.00,8.90,63
2024-08-29 10:00:00,24.60,50,24.30,,0.00,9.20,64
2024-08-29 11:00:00,26.60,44,26.50,,0.00,9.50,65
2024-08-29 12:00:00,29.10,34,28.80,,0.00,10.10,73
2024-08-29 13:00:00,30.00,29,29.10,,0.00,12.40,73
2024-08-29 14:00:00,30.50,26,29.10,,0.00,13.10,69
2024-08-29 15:00:00,30.60,26,28.90,,0.00,13.10,69
2024-08-29 16:00:00,30.30,27,28.20,,0.00,13.00,71
2024-08-29 17:00:00,29.70,28,27.80,,0.00,12.10,73
2024-08-29 18:00:00,28.90,31,27.50,,0.00,9.90,71
2024-08-29 19:00:00,26.60,36,25.80,,0.00,6.30,59
2024-08-29 20:00:00,23.70,44,23.20,,0.00,4.90,54
2024-08-29 21:00:00,22.50,50,22.30,,0.00,4.60,51
2024-08-29 22:00:00,21.50,53,21.20,,0.00,5.10,51
2024-08-29 23:00:00,20.50,57,20.20,,0.00,5.50,58
2024-08-30 00:00:00,20.00,60,19.80,,0.00,5.40,53
2024-08-30 01:00:00,19.30,60,18.80,,0.00,5.60,63
2024-08-30 02:00:00,18.80,61,18.30,,0.00,5.80,60
2024-08-30 03:00:00,17.90,64,17.30,,0.00,5.80,60
2024-08-30 04:00:00,17.50,63,16.80,,0.00,5.90,52
2024-08-30 05:00:00,17.40,61,16.40,,0.00,6.10,50
2024-08-30 06:00:00,17.00,59,15.70,,0.00,6.50,56
2024-08-30 07:00:00,17.50,57,15.90,,0.00,9.30,54
2024-08-30 08:00:00,19.10,56,17.60,,0.00,10.10,63
2024-08-30 09:00:00,21.00,48,19.30,,0.00,10.50,68
2024-08-30 10:00:00,23.10,45,21.70,,0.00,10.10,73
2024-08-30 11:00:00,25.30,40,24.20,,0.00,10.00,77
2024-08-30 12:00:00,27.90,32,26.90,,0.00,9.10,83
2024-08-30 13:00:00,29.70,28,28.70,,0.00,9.00,88
2024-08-30 14:00:00,30.80,23,29.60,,0.00,8.60,88
2024-08-30 15:00:00,30.80,22,29.00,,0.00,9.70,88
2024-08-30 16:00:00,30.50,22,28.00,,0.00,10.50,84
2024-08-30 17:00:00,29.80,23,27.40,,0.00,10.30,78
2024-08-30 18:00:00,29.00,26,27.00,,0.00,9.10,72
2024-08-30 19:00:00,26.20,33,24.90,,0.00,6.20,54
2024-08-30 20:00:00,23.10,41,22.10,,0.00,5.40,48
2024-08-30 21:00:00,21.90,47,21.10,,0.00,5.40,53
2024-08-30 22:00:00,20.80,50,19.90,,0.00,5.70,55
2024-08-30 23:00:00,20.10,53,19.30,,0.00,6.00,57
2024-08-31 00:00:00,19.40,58,18.80,,0.00,6.00,57
2024-08-31 01:00:00,18.80,60,18.10,,0.00,6.00,57
2024-08-31 02:00:00,18.30,61,17.60,,0.00,6.10,62
2024-08-31 03:00:00,17.60,64,16.90,,0.00,6.10,62
2024-08-31 04:00:00,17.50,63,16.70,,0.00,6.40,63
2024-08-31 05:00:00,17.50,61,16.20,,0.00,8.40,65
2024-08-31 06:00:00,16.80,66,15.80,,0.00,8.20,67
2024-08-31 07:00:00,17.10,65,16.10,,0.00,8.30,72
2024-08-31 08:00:00,19.00,61,18.20,,0.00,8.40,80
2024-08-31 09:00:00,21.10,54,20.30,,0.00,8.30,90
2024-08-31 10:00:00,23.60,48,23.00,,0.00,8.00,100
2024-08-31 11:00:00,25.70,42,25.20,,0.00,7.70,101
2024-08-31 12:00:00,28.50,34,28.10,,0.00,6.80,93
2024-08-31 13:00:00,30.00,29,29.50,,0.00,7.60,98
2024-08-31 14:00:00,30.60,26,29.20,,0.00,8.70,107
2024-08-31 15:00:00,30.00,26,28.50,,0.00,7.50,107
2024-08-31 16:00:00,29.70,25,28.00,,0.00,7.20,108
2024-08-31 17:00:00,28.70,27,27.20,,0.00,6.30,103
2024-08-31 18:00:00,27.40,37,27.30,,0.00,3.60,90
2024-08-31 19:00:00,25.50,42,25.40,,0.00,3.70,79
2024-08-31 20:00:00,24.20,46,24.30,,0.00,3.20,63
2024-08-31 21:00:00,23.70,49,23.90,,0.00,3.10,21
2024-08-31 22:00:00,23.40,47,23.20,,0.00,4.20,31
2024-08-31 23:00:00,22.50,55,22.80,,0.00,4.30,48
2024-09-01 00:00:00,21.70,59,22.00,,0.00,4.60,51
2024-09-01 01:00:00,21.50,59,21.90,,0.00,4.40,55
2024-09-01 02:00:00,21.60,55,21.60,,0.10,4.80,63
2024-09-01 03:00:00,20.50,61,20.50,,0.00,5.80,68
2024-09-01 04:00:00,20.80,62,21.00,,0.00,5.70,55
2024-09-01 05:00:00,20.80,63,21.00,,0.00,6.80,65
2024-09-01 06:00:00,19.80,67,19.80,,0.00,8.00,63
2024-09-01 07:00:00,19.60,66,19.50,,0.00,7.10,75
2024-09-01 08:00:00,20.40,61,20.30,,0.00,6.60,77
2024-09-01 09:00:00,21.90,55,21.80,,0.00,5.80,83
2024-09-01 10:00:00,23.50,48,23.10,,0.00,6.10,90
2024-09-01 11:00:00,24.90,45,24.60,,0.00,6.50,87
2024-09-01 12:00:00,26.70,40,26.30,,0.00,6.50,93
2024-09-01 13:00:00,28.10,39,28.00,,0.00,6.70,74
2024-09-01 14:00:00,29.50,36,29.30,,0.00,7.60,85
2024-09-01 15:00:00,30.60,30,29.50,,0.00,9.20,116
2024-09-01 16:00:00,31.10,25,29.10,,0.00,10.90,124
2024-09-01 17:00:00,30.60,25,29.10,,0.00,6.80,122
2024-09-01 18:00:00,29.00,32,28.00,,0.00,8.20,113
2024-09-01 19:00:00,26.50,38,26.10,,0.00,4.70,90
2024-09-01 20:00:00,24.50,42,24.00,,0.00,5.10,98
2024-09-01 21:00:00,23.80,46,23.50,,0.00,5.20,102
2024-09-01 22:00:00,22.90,47,22.30,,0.00,6.30,103
2024-09-01 23:00:00,22.40,46,21.50,,0.00,6.60,99
2024-09-02 00:00:00,21.80,47,20.70,,0.00,7.40,104
2024-09-02 01:00:00,21.20,47,19.80,,0.00,8.00,108
2024-09-02 02:00:00,20.40,48,19.00,,0.00,7.80,112
2024-09-02 03:00:00,19.00,53,17.80,,0.00,6.80,108
2024-09-02 04:00:00,17.90,55,16.70,,0.00,5.90,101
2024-09-02 05:00:00,17.00,58,15.90,,0.00,5.40,86
2024-09-02 06:00:00,16.20,63,15.20,,0.00,5.70,72
2024-09-02 07:00:00,16.60,62,15.50,,0.00,5.80,68
2024-09-02 08:00:00,18.20,56,16.80,,0.00,8.60,68
2024-09-02 09:00:00,19.80,47,17.90,,0.00,9.70,68
2024-09-02 10:00:00,21.70,44,20.00,,0.00,10.10,63
2024-09-02 11:00:00,23.90,40,22.10,,0.00,11.00,58
2024-09-02 12:00:00,26.30,33,24.50,,0.00,11.90,65
2024-09-02 13:00:00,27.70,31,26.30,,0.00,12.10,63
2024-09-02 14:00:00,28.90,29,27.40,,0.00,12.50,72
2024-09-02 15:00:00,29.60,29,27.70,,0.00,12.10,80
2024-09-02 16:00:00,29.70,30,28.10,,0.00,11.70,79
2024-09-02 17:00:00,29.80,28,27.90,,0.00,11.20,86
2024-09-02 18:00:00,28.60,29,26.80,,0.00,10.40,90
2024-09-02 19:00:00,25.60,38,24.80,,0.00,5.80,60
2024-09-02 20:00:00,23.20,44,22.50,,0.00,5.50,58
2024-09-02 21:00:00,22.70,45,21.60,,0.00,7.40,76
2024-09-02 22:00:00,22.10,44,20.50,,0.00,9.40,86
2024-09-02 23:00:00,21.40,43,19.60,,0.00,9.20,79
2024-09-03 00:00:00,20.80,44,19.00,,0.00,8.90,76
2024-09-03 01:00:00,20.50,43,18.50,,0.00,9.00,74
2024-09-03 02:00:00,20.00,43,17.80,,0.00,9.80,73
2024-09-03 03:00:00,18.90,50,17.10,,0.00,9.30,77
2024-09-03 04:00:00,18.80,49,16.90,,0.00,8.80,81
2024-09-03 05:00:00,18.00,51,16.20,,0.00,8.40,80
2024-09-03 06:00:00,17.30,56,15.70,,0.00,7.70,79
2024-09-03 07:00:00,17.40,55,15.80,,0.00,7.80,77
2024-09-03 08:00:00,19.00,52,17.50,,0.00,8.10,77
2024-09-03 09:00:00,20.90,46,19.30,,0.00,8.30,72
2024-09-03 10:00:00,23.00,42,21.40,,0.00,9.30,62
2024-09-03 11:00:00,25.20,38,23.70,,0.00,10.10,63
2024-09-03 12:00:00,27.70,33,26.50,,0.00,10.40,70
2024-09-03 13:00:00,28.70,31,27.40,,0.00,10.80,75
2024-09-03 14:00:00,29.30,29,27.80,,0.00,10.10,73
2024-09-03 15:00:00,29.50,29,27.90,,0.00,10.50,68
2024-09-03 16:00:00,29.30,30,27.70,,0.00,10.60,62
2024-09-03 17:00:00,28.50,31,26.90,,0.00,10.30,61
2024-09-03 18:00:00,27.70,26,25.40,,0.00,9.00,53
2024-09-03 19:00:00,25.10,31,23.20,,0.00,6.90,43
2024-09-03 20:00:00,22.90,37,21.30,,0.00,6.40,43
2024-09-03 21:00:00,21.80,42,20.60,,0.00,5.60,45
2024-09-03 22:00:00,20.60,46,19.40,,0.00,5.60,45
2024-09-03 23:00:00,19.60,50,18.50,,0.00,5.50,58
2024-09-04 00:00:00,18.70,54,17.70,,0.00,5.10,51
2024-09-04 01:00:00,18.00,55,17.00,,0.00,5.10,45
2024-09-04 02:00:00,17.80,56,16.70,,0.00,5.10,45
2024-09-04 03:00:00,17.50,56,16.40,,0.00,5.10,45
2024-09-04 04:00:00,17.20,57,16.00,,0.00,5.60,45
2024-09-04 05:00:00,16.90,57,15.60,,0.00,5.90,43
2024-09-04 06:00:00,16.80,57,15.30,,0.00,7.10,49
2024-09-04 07:00:00,17.10,55,15.30,,0.00,8.70,48
2024-09-04 08:00:00,18.40,52,16.50,,0.00,10.30,54
2024-09-04 09:00:00,20.10,46,17.70,,0.00,12.80,58
2024-09-04 10:00:00,22.10,41,19.60,,0.00,13.40,59
2024-09-04 11:00:00,23.90,38,21.80,,0.00,12.10,53
2024-09-04 12:00:00,26.00,33,23.90,,0.00,13.80,62
2024-09-04 13:00:00,27.40,27,24.80,,0.00,15.70,74
2024-09-04 14:00:00,28.00,23,24.90,,0.00,16.10,80
2024-09-04 15:00:00,28.50,22,25.10,,0.00,16.10,74
2024-09-04 16:00:00,28.10,24,24.70,,0.00,15.70,70
2024-09-04 17:00:00,27.40,28,24.50,,0.00,14.80,64
2024-09-04 18:00:00,26.60,31,24.20,,0.00,12.90,60
2024-09-04 19:00:00,24.40,37,22.80,,0.00,8.70,48
2024-09-04 20:00:00,21.70,44,20.20,,0.00,8.10,45
2024-09-04 21:00:00,20.70,47,19.10,,0.00,8.70,45
2024-09-04 22:00:00,19.60,45,17.70,,0.00,8.20,49
2024-09-04 23:00:00,18.70,47,16.70,,0.00,8.70,48
2024-09-05 00:00:00,18.10,55,16.20,,0.00,10.90,56
2024-09-05 01:00:00,17.80,71,16.60,,0.00,13.40,63
2024-09-05 02:00:00,17.70,79,17.10,,0.00,12.90,63
2024-09-05 03:00:00,17.10,84,17.00,,0.00,10.90,56
2024-09-05 04:00:00,16.50,86,16.20,,0.00,11.60,54
2024-09-05 05:00:00,15.90,88,15.40,,0.00,11.60,54
2024-09-05 06:00:00,15.40,89,15.00,,0.00,10.90,56
2024-09-05 07:00:00,15.40,87,14.70,,0.00,11.70,56
2024-09-05 08:00:00,16.70,78,15.60,,0.00,13.70,60
2024-09-05 09:00:00,18.50,71,17.40,,0.00,14.20,63
2024-09-05 10:00:00,20.40,63,19.40,,0.00,13.80,62
2024-09-05 11:00:00,22.30,56,21.20,,0.00,14.20,60
2024-09-05 12:00:00,24.00,51,23.50,,0.00,13.70,60
2024-09-05 13:00:00,25.20,47,24.70,,0.00,14.30,62
2024-09-05 14:00:00,26.00,44,25.30,,0.00,14.50,63
2024-09-05 15:00:00,26.40,40,25.00,,0.00,15.00,73
2024-09-05 16:00:00,26.10,40,24.30,,0.00,14.80,77
2024-09-05 17:00:00,25.30,42,23.70,,0.00,14.00,78
2024-09-05 18:00:00,24.50,45,23.20,,0.00,12.80,74
2024-09-05 19:00:00,22.70,49,21.50,,0.00,10.90,63
2024-09-05 20:00:00,20.60,55,19.40,,0.00,10.30,61
2024-09-05 21:00:00,19.20,61,18.20,,0.00,9.80,66
2024-09-05 22:00:00,18.10,62,16.80,,0.00,10.20,72
2024-09-05 23:00:00,17.10,63,15.60,,0.00,9.80,73
2024-09-06 00:00:00,16.10,64,14.50,,0.00,9.40,72
2024-09-06 01:00:00,15.20,62,13.30,,0.00,9.30,74
2024-09-06 02:00:00,14.50,61,12.40,,0.00,9.30,77
2024-09-06 03:00:00,13.60,62,11.40,,0.00,8.60,75
2024-09-06 04:00:00,12.90,62,10.60,,0.00,8.90,76
2024-09-06 05:00:00,12.30,63,9.80,,0.00,9.30,74
2024-09-06 06:00:00,11.40,66,8.90,,0.00,9.10,72
2024-09-06 07:00:00,11.40,66,8.80,,0.00,9.90,71
2024-09-06 08:00:00,13.00,60,10.20,,0.00,11.30,73
2024-09-06 09:00:00,15.70,52,12.90,,0.00,12.10,80
2024-09-06 10:00:00,18.30,44,15.50,,0.00,12.40,82
2024-09-06 11:00:00,20.60,40,18.00,,0.00,12.50,78
2024-09-06 12:00:00,22.80,33,20.20,,0.00,14.50,96
2024-09-06 13:00:00,23.60,30,21.10,,0.00,14.30,102
2024-09-06 14:00:00,24.10,29,21.60,,0.00,13.50,99
2024-09-06 15:00:00,24.30,29,21.60,,0.00,13.10,98
2024-09-06 16:00:00,24.10,28,20.90,,0.00,13.00,93
2024-09-06 17:00:00,23.60,28,20.40,,0.00,12.20,92
2024-09-06 18:00:00,23.00,28,20.00,,0.00,10.10,90
2024-09-06 19:00:00,20.30,35,17.90,,0.00,7.00,78
2024-09-06 20:00:00,17.70,40,15.40,,0.00,5.90,76
2024-09-06 21:00:00,16.50,47,14.40,,0.00,6.20,69
2024-09-06 22:00:00,15.60,50,13.50,,0.00,6.40,74
2024-09-06 23:00:00,14.90,52,12.80,,0.00,6.40,74
2024-09-07 00:00:00,14.30,56,12.30,,0.00,6.70,74
2024-09-07 01:00:00,13.70,58,11.60,,0.00,6.30,77
2024-09-07 02:00:00,13.10,59,11.00,,0.00,6.20,80
2024-09-07 03:00:00,12.30,62,10.30,,0.00,5.50,79
2024-09-07 04:00:00,11.80,63,9.70,,0.00,5.50,79
2024-09-07 05:00:00,11.30,65,9.30,,0.00,5.50,79
2024-09-07 06:00:00,10.30,70,8.30,,0.00,5.20,74
2024-09-07 07:00:00,10.60,68,8.70,,0.00,4.80,77
2024-09-07 08:00:00,13.30,61,11.60,,0.00,5.10,82
2024-09-07 09:00:00,16.20,50,14.10,,0.00,7.20,90
2024-09-07 10:00:00,18.80,44,16.80,,0.00,7.20,90
2024-09-07 11:00:00,21.10,40,19.40,,0.00,6.50,84
2024-09-07 12:00:00,23.70,29,21.70,,0.00,8.30,90
2024-09-07 13:00:00,24.30,27,22.30,,0.00,9.80,84
2024-09-07 14:00:00,24.90,27,23.00,,0.00,9.20,79
2024-09-07 15:00:00,25.00,25,22.40,,0.00,10.20,80
2024-09-07 16:00:00,24.80,26,21.90,,0.00,10.00,77
2024-09-07 17:00:00,24.20,27,21.30,,0.00,9.60,77
2024-09-07 18:00:00,23.60,28,21.00,,0.00,8.10,77
2024-09-07 19:00:00,20.50,36,18.50,,0.00,5.60,63
2024-09-07 20:00:00,17.90,42,15.90,,0.00,5.20,65
2024-09-07 21:00:00,16.20,57,14.80,,0.00,5.20,56
2024-09-07 22:00:00,15.30,59,13.80,,0.00,5.30,62
2024-09-07 23:00:00,14.70,63,13.40,,0.00,5.30,62
2024-09-08 00:00:00,14.00,67,12.70,,0.00,5.20,56
2024-09-08 01:00:00,13.50,70,12.20,,0.00,5.20,56
2024-09-08 02:00:00,13.00,71,11.60,,0.00,5.30,62
2024-09-08 03:00:00,12.30,76,11.10,,0.00,5.00,60
2024-09-08 04:00:00,11.90,77,10.60,,0.00,5.20,65
2024-09-08 05:00:00,11.50,77,10.00,,0.00,5.50,67
2024-09-08 06:00:00,10.90,79,9.50,,0.00,5.40,70
2024-09-08 07:00:00,11.30,75,9.80,,0.00,5.40,70
2024-09-08 08:00:00,14.30,64,12.80,,0.00,5.90,76
2024-09-08 09:00:00,16.90,51,14.90,,0.00,8.00,85
2024-09-08 10:00:00,19.40,44,17.40,,0.00,7.90,90
2024-09-08 11:00:00,21.50,40,19.70,,0.00,7.90,90
2024-09-08 12:00:00,24.00,29,21.60,,0.00,11.30,99
2024-09-08 13:00:00,24.70,27,22.30,,0.00,11.60,106
2024-09-08 14:00:00,25.00,25,22.60,,0.00,10.80,105
2024-09-08 15:00:00,25.30,26,22.90,,0.00,9.60,103
2024-09-08 16:00:00,25.00,27,22.40,,0.00,9.20,101
2024-09-08 17:00:00,24.50,26,21.70,,0.00,8.80,102
2024-09-08 18:00:00,23.90,28,21.40,,0.00,7.80,103
2024-09-08 19:00:00,20.80,37,19.10,,0.00,4.30,90
2024-09-08 20:00:00,18.60,42,16.80,,0.00,4.50,76
2024-09-08 21:00:00,17.20,50,15.70,,0.00,4.30,66
2024-09-08 22:00:00,16.20,51,14.50,,0.00,4.70,58
2024-09-08 23:00:00,15.40,54,13.70,,0.00,5.00,60
2024-09-09 00:00:00,14.40,62,12.90,,0.00,5.20,56
2024-09-09 01:00:00,13.90,63,12.40,,0.00,4.90,54
2024-09-09 02:00:00,13.40,65,11.90,,0.00,5.00,60
2024-09-09 03:00:00,13.10,68,11.70,,0.00,5.00,60
2024-09-09 04:00:00,13.40,68,12.00,,0.00,5.30,62
2024-09-09 05:00:00,13.80,66,12.30,,0.00,5.50,67
2024-09-09 06:00:00,12.90,69,11.50,,0.00,5.20,65
2024-09-09 07:00:00,12.80,69,11.40,,0.00,5.20,78
2024-09-09 08:00:00,15.30,61,14.00,,0.00,4.80,77
2024-09-09 09:00:00,18.10,48,16.10,,0.00,8.00,85
2024-09-09 10:00:00,19.60,44,17.60,,0.00,8.30,92
2024-09-09 11:00:00,22.10,36,19.90,,0.00,8.70,107
2024-09-09 12:00:00,25.00,29,22.60,,0.00,11.10,115
2024-09-09 13:00:00,25.70,26,22.90,,0.00,13.30,128
2024-09-09 14:00:00,25.20,26,21.70,,0.00,15.10,147
2024-09-09 15:00:00,23.60,27,20.00,,0.00,14.50,150
2024-09-09 16:00:00,21.70,33,17.80,,0.00,17.60,149
2024-09-09 17:00:00,20.60,31,17.30,,0.00,11.40,125
2024-09-09 18:00:00,20.30,31,17.40,,0.00,8.30,108
2024-09-09 19:00:00,17.90,42,15.70,,0.00,6.10,87
2024-09-09 20:00:00,16.10,50,14.20,,0.00,5.40,86
2024-09-09 21:00:00,15.40,59,14.00,,0.00,5.10,86
2024-09-09 22:00:00,14.90,58,13.30,,0.00,5.20,78
2024-09-09 23:00:00,14.70,58,13.00,,0.00,5.20,74
2024-09-10 00:00:00,14.60,59,13.00,,0.00,5.20,65
2024-09-10 01:00:00,14.70,59,13.10,,0.00,5.60,63
2024-09-10 02:00:00,14.90,60,13.20,,0.00,6.90,62
2024-09-10 03:00:00,15.00,59,12.90,,0.00,9.20,69
2024-09-10 04:00:00,14.50,60,12.30,,0.00,9.60,77
2024-09-10 05:00:00,13.90,62,11.70,,0.00,9.10,81
2024-09-10 06:00:00,13.20,66,11.30,,0.00,7.20,90
2024-09-10 07:00:00,13.60,62,11.70,,0.00,6.80,90
2024-09-10 08:00:00,15.60,56,13.70,,0.00,7.90,93
2024-09-10 09:00:00,17.30,51,15.20,,0.00,9.00,95
2024-09-10 10:00:00,19.40,46,17.20,,0.00,11.00,109
2024-09-10 11:00:00,20.90,42,18.70,,0.00,10.50,112
2024-09-10 12:00:00,23.20,34,20.80,,0.00,10.50,117
2024-09-10 13:00:00,24.20,32,22.00,,0.00,10.50,106
2024-09-10 14:00:00,25.00,31,22.80,,0.00,11.20,111
2024-09-10 15:00:00,25.70,29,23.00,,0.00,11.80,117
2024-09-10 16:00:00,25.30,31,22.80,,0.00,11.20,123
2024-09-10 17:00:00,25.00,32,22.90,,0.00,9.70,132
2024-09-10 18:00:00,24.50,34,23.00,,0.00,5.60,135
2024-09-10 19:00:00,22.30,48,22.20,,0.00,2.10,121
2024-09-10 20:00:00,21.00,47,20.50,,0.00,1.80,180
2024-09-10 21:00:00,20.50,53,20.30,,0.00,2.60,74
2024-09-10 22:00:00,19.10,52,18.30,,0.00,3.10,69
2024-09-10 23:00:00,17.80,54,16.90,,0.00,3.60,90
2024-09-11 00:00:00,17.40,57,16.50,,0.00,4.00,85
2024-09-11 01:00:00,17.00,58,16.00,,0.00,4.30,90
2024-09-11 02:00:00,16.10,61,15.10,,0.00,4.60,72
2024-09-11 03:00:00,15.90,67,15.20,,0.00,4.00,100
2024-09-11 04:00:00,15.60,73,15.30,,0.00,3.70,101
2024-09-11 05:00:00,15.50,76,15.30,,0.00,3.90,112
2024-09-11 06:00:00,15.20,77,14.90,,0.00,4.40,99
2024-09-11 07:00:00,15.70,76,15.40,,0.00,4.90,107
2024-09-11 08:00:00,17.10,71,16.70,,0.00,6.60,112
2024-09-11 09:00:00,18.40,69,18.30,,0.00,6.10,118
2024-09-11 10:00:00,20.50,63,20.50,,0.00,6.80,122
2024-09-11 11:00:00,22.30,58,22.50,,0.00,6.90,129
2024-09-11 12:00:00,24.10,52,24.30,,0.00,6.60,131
2024-09-11 13:00:00,25.00,49,24.80,,0.00,8.50,144
2024-09-11 14:00:00,25.90,45,25.60,,0.00,9.00,151
2024-09-11 15:00:00,25.70,46,25.50,,0.00,8.50,152
2024-09-11 16:00:00,25.60,47,25.50,,0.00,8.00,153
2024-09-11 17:00:00,25.30,47,25.20,,0.00,7.90,150
2024-09-11 18:00:00,24.70,50,25.00,,0.00,5.80,150
2024-09-11 19:00:00,22.40,60,23.20,,0.00,4.30,132
2024-09-11 20:00:00,21.00,67,22.00,,0.00,3.50,114
2024-09-11 21:00:00,20.60,72,21.80,,0.00,3.80,107
2024-09-11 22:00:00,20.10,74,21.30,,0.00,4.00,95
2024-09-11 23:00:00,20.10,74,21.30,,0.00,4.00,100
2024-09-12 00:00:00,19.50,76,20.60,,0.00,4.00,95
2024-09-12 01:00:00,18.90,79,19.80,,0.00,5.10,82
2024-09-12 02:00:00,18.30,81,19.20,,0.00,4.70,81
2024-09-12 03:00:00,17.90,84,18.90,,0.00,4.70,90
2024-09-12 04:00:00,17.50,84,18.40,,0.00,5.00,90
2024-09-12 05:00:00,17.10,85,17.80,,0.00,5.10,94
2024-09-12 06:00:00,16.60,89,17.50,,0.00,5.00,90
2024-09-12 07:00:00,16.80,89,17.70,,0.00,5.10,94
2024-09-12 08:00:00,18.50,82,19.30,,0.00,6.90,96
2024-09-12 09:00:00,20.10,76,20.90,,0.00,7.60,95
2024-09-12 10:00:00,22.00,70,22.90,,0.00,8.70,97
2024-09-12 11:00:00,23.60,65,24.60,,0.00,9.00,95
2024-09-12 12:00:00,25.80,59,26.80,,0.00,10.10,94
2024-09-12 13:00:00,26.60,56,27.60,,0.00,10.70,110
2024-09-12 14:00:00,27.30,50,27.60,,0.00,11.80,117
2024-09-12 15:00:00,28.40,44,28.40,,0.00,11.30,112
2024-09-12 16:00:00,28.50,47,28.70,,0.00,12.70,115
2024-09-12 17:00:00,27.70,45,27.30,,0.00,12.90,113
2024-09-12 18:00:00,26.40,45,26.20,,0.00,8.70,107
2024-09-12 19:00:00,24.00,55,24.40,,0.10,7.60,93
2024-09-12 20:00:00,23.10,55,23.00,,0.10,8.10,103
2024-09-12 21:00:00,23.00,49,22.50,,0.10,6.60,112
2024-09-12 22:00:00,22.10,52,21.60,,0.00,6.80,108
2024-09-12 23:00:00,21.90,50,20.80,,0.00,9.70,105
2024-09-13 00:00:00,21.50,48,20.30,,0.00,8.40,115
2024-09-13 01:00:00,20.60,47,19.20,,0.00,8.00,100
2024-09-13 02:00:00,20.30,44,18.20,,0.00,10.20,100
2024-09-13 03:00:00,19.50,47,17.70,,0.00,8.60,105
2024-09-13 04:00:00,19.00,46,17.10,,0.00,8.20,105
2024-09-13 05:00:00,18.60,47,16.60,,0.00,8.30,108
2024-09-13 06:00:00,17.90,50,15.90,,0.00,8.90,104
2024-09-13 07:00:00,17.40,50,15.20,,0.00,9.50,101
2024-09-13 08:00:00,17.90,50,15.60,,0.00,10.50,106
2024-09-13 09:00:00,18.90,51,16.90,,0.00,11.00,109
2024-09-13 10:00:00,20.60,47,18.60,,0.00,11.30,117
2024-09-13 11:00:00,22.00,45,20.10,,0.00,11.80,117
2024-09-13 12:00:00,23.10,43,21.20,,0.00,12.90,117
2024-09-13 13:00:00,24.60,41,23.10,,0.00,13.70,120
2024-09-13 14:00:00,25.50,38,23.60,,0.00,15.50,126
2024-09-13 15:00:00,26.20,38,24.20,,0.00,15.20,126
2024-09-13 16:00:00,26.20,41,24.70,,0.00,14.10,130
2024-09-13 17:00:00,25.80,46,24.90,,0.00,13.70,125
2024-09-13 18:00:00,24.40,50,23.50,,0.00,13.80,123
2024-09-13 19:00:00,22.80,50,21.90,,0.00,10.50,121
2024-09-13 20:00:00,21.10,54,20.30,,0.00,8.40,110
2024-09-13 21:00:00,20.60,54,19.80,,0.00,7.30,101
2024-09-13 22:00:00,20.10,57,19.10,,0.00,9.00,92
2024-09-13 23:00:00,19.50,58,18.30,,0.00,10.10,86
2024-09-14 00:00:00,19.20,58,18.20,,0.00,8.80,99
2024-09-14 01:00:00,19.00,53,17.40,,0.00,9.40,97
2024-09-14 02:00:00,18.30,51,16.40,,0.00,9.80,98
2024-09-14 03:00:00,17.70,52,15.60,,0.00,10.20,98
2024-09-14 04:00:00,17.80,49,15.50,,0.00,10.20,100
2024-09-14 05:00:00,17.60,47,15.20,,0.00,10.20,100
2024-09-14 06:00:00,17.50,48,14.90,,0.00,11.20,96
2024-09-14 07:00:00,17.00,49,14.40,,0.00,11.50,92
2024-09-14 08:00:00,17.00,51,14.30,,0.00,13.00,90
2024-09-14 09:00:00,18.30,49,15.50,,0.00,14.10,96
2024-09-14 10:00:00,19.50,48,16.90,,0.00,14.40,93
2024-09-14 11:00:00,21.20,45,18.70,,0.00,14.80,96
2024-09-14 12:00:00,23.90,36,21.00,,0.00,15.70,101
2024-09-14 13:00:00,25.20,34,22.50,,0.00,15.90,95
2024-09-14 14:00:00,26.80,30,24.00,,0.00,16.90,101
2024-09-14 15:00:00,28.00,26,24.50,,0.00,17.90,109
2024-09-14 16:00:00,28.00,26,24.70,,0.00,17.10,112
2024-09-14 17:00:00,27.30,27,24.10,,0.00,15.60,109
2024-09-14 18:00:00,26.50,26,23.30,,0.00,14.10,105
2024-09-14 19:00:00,24.30,30,21.40,,0.00,11.90,93
2024-09-14 20:00:00,22.50,33,19.60,,0.00,11.50,90
2024-09-14 21:00:00,21.50,36,18.80,,0.00,11.20,94
2024-09-14 22:00:00,20.70,38,18.00,,0.00,10.80,94
2024-09-14 23:00:00,20.00,40,17.50,,0.00,10.20,98
2024-09-15 00:00:00,19.00,45,16.80,,0.00,9.40,92
2024-09-15 01:00:00,18.60,45,16.20,,0.00,9.70,92
2024-09-15 02:00:00,18.40,46,15.90,,0.00,10.90,96
2024-09-15 03:00:00,18.00,49,15.80,,0.00,10.30,102
2024-09-15 04:00:00,17.70,49,15.30,,0.00,10.70,104
2024-09-15 05:00:00,17.30,49,14.70,,0.00,11.40,103
2024-09-15 06:00:00,16.80,48,14.10,,0.00,11.40,103
2024-09-15 07:00:00,16.60,48,13.80,,0.00,11.30,99
2024-09-15 08:00:00,17.40,46,14.50,,0.00,12.40,98
2024-09-15 09:00:00,19.80,39,16.70,,0.00,12.90,103
2024-09-15 10:00:00,21.80,36,18.80,,0.00,13.80,105
2024-09-15 11:00:00,23.80,32,20.70,,0.00,14.00,108
2024-09-15 12:00:00,25.60,28,22.60,,0.00,14.50,109
2024-09-15 13:00:00,27.00,26,24.00,,0.00,15.90,108
2024-09-15 14:00:00,27.30,23,23.70,,0.00,17.50,109
2024-09-15 15:00:00,27.30,18,22.70,,0.00,18.10,103
2024-09-15 16:00:00,26.80,18,22.10,,0.00,17.90,100
2024-09-15 17:00:00,26.10,19,21.60,,0.00,16.50,100
2024-09-15 18:00:00,25.10,22,21.20,,0.00,14.10,103
2024-09-15 19:00:00,22.60,27,19.50,,0.00,9.70,90
2024-09-15 20:00:00,20.30,34,17.50,,0.00,9.20,79
2024-09-15 21:00:00,19.40,40,16.80,,0.00,10.00,75
2024-09-15 22:00:00,18.60,43,16.00,,0.00,10.40,76
2024-09-15 23:00:00,18.00,43,15.30,,0.00,10.40,76
2024-09-16 00:00:00,17.30,46,14.70,,0.00,9.80,73
2024-09-16 01:00:00,16.60,47,14.00,,0.00,10.10,73
2024-09-16 02:00:00,16.00,50,13.40,,0.00,10.10,73
2024-09-16 03:00:00,15.30,55,12.90,,0.00,9.40,72
2024-09-16 04:00:00,14.80,56,12.30,,0.00,9.90,71
2024-09-16 05:00:00,14.30,59,11.90,,0.00,10.00,69
2024-09-16 06:00:00,13.60,62,11.30,,0.00,9.70,68
2024-09-16 07:00:00,13.50,63,11.10,,0.00,10.30,65
2024-09-16 08:00:00,14.80,58,12.30,,0.00,11.60,68
2024-09-16 09:00:00,17.40,51,14.90,,0.00,11.80,70
2024-09-16 10:00:00,20.00,43,17.40,,0.00,12.30,69
2024-09-16 11:00:00,22.50,36,19.70,,0.00,13.00,71
2024-09-16 12:00:00,24.90,30,21.70,,0.00,16.60,89
2024-09-16 13:00:00,25.60,28,22.20,,0.00,18.80,95
2024-09-16 14:00:00,26.00,28,22.70,,0.00,18.40,93
2024-09-16 15:00:00,26.20,29,22.70,,0.00,18.70,89
2024-09-16 16:00:00,25.90,31,22.50,,0.00,18.40,89
2024-09-16 17:00:00,25.20,33,22.20,,0.00,16.60,86
2024-09-16 18:00:00,24.50,34,21.70,,0.00,15.20,83
2024-09-16 19:00:00,22.60,39,20.50,,0.00,10.50,74
2024-09-16 20:00:00,20.20,44,18.30,,0.00,8.50,62
2024-09-16 21:00:00,19.40,47,17.40,,0.00,9.50,61
2024-09-16 22:00:00,18.50,49,16.50,,0.00,9.70,63
2024-09-16 23:00:00,17.80,53,15.90,,0.00,9.50,65
2024-09-17 00:00:00,17.10,56,15.30,,0.00,9.20,69
2024-09-17 01:00:00,16.40,59,14.60,,0.00,9.40,67
2024-09-17 02:00:00,16.00,61,14.20,,0.00,9.50,65
2024-09-17 03:00:00,15.30,65,13.70,,0.00,8.40,65
2024-09-17 04:00:00,14.90,67,13.30,,0.00,8.70,66
2024-09-17 05:00:00,14.70,67,13.00,,0.00,9.50,65
2024-09-17 06:00:00,13.90,72,12.40,,0.00,8.40,65
2024-09-17 07:00:00,13.80,72,12.20,,0.00,8.50,62
2024-09-17 08:00:00,15.20,66,13.50,,0.00,9.70,63
2024-09-17 09:00:00,17.10,62,15.60,,0.00,10.00,64
2024-09-17 10:00:00,19.60,54,18.00,,0.00,10.50,68
2024-09-17 11:00:00,21.90,47,20.30,,0.00,10.80,69
2024-09-17 12:00:00,24.40,38,22.50,,0.00,12.20,76
2024-09-17 13:00:00,24.90,30,21.80,,0.00,14.80,91
2024-09-17 14:00:00,25.50,27,22.30,,0.00,14.40,94
2024-09-17 15:00:00,24.90,27,21.50,,0.00,14.40,90
2024-09-17 16:00:00,24.70,28,21.60,,0.00,12.70,82
2024-09-17 17:00:00,24.10,29,21.10,,0.00,11.50,88
2024-09-17 18:00:00,22.90,33,20.40,,0.00,9.70,90
2024-09-17 19:00:00,20.30,42,18.50,,0.00,6.40,74
2024-09-17 20:00:00,19.00,46,17.40,,0.00,6.30,59
2024-09-17 21:00:00,18.10,53,16.80,,0.00,6.00,65
2024-09-17 22:00:00,17.50,54,16.20,,0.00,5.80,60
2024-09-17 23:00:00,16.60,59,15.30,,0.00,5.70,55
2024-09-18 00:00:00,15.80,63,14.60,,0.00,6.40,52
2024-09-18 01:00:00,15.10,65,13.60,,0.00,7.30,57
2024-09-18 02:00:00,14.70,66,13.10,,0.00,7.90,60
2024-09-18 03:00:00,14.00,68,12.40,,0.00,7.90,60
2024-09-18 04:00:00,14.20,65,12.40,,0.00,7.70,62
2024-09-18 05:00:00,14.60,63,12.70,,0.00,8.40,65
2024-09-18 06:00:00,14.10,66,12.40,,0.00,7.60,65
2024-09-18 07:00:00,13.90,66,12.10,,0.00,8.20,61
2024-09-18 08:00:00,14.70,64,12.80,,0.00,9.20,64
2024-09-18 09:00:00,15.80,62,13.90,,0.00,9.80,66
2024-09-18 10:00:00,16.80,59,15.00,,0.00,10.20,72
2024-09-18 11:00:00,18.30,52,16.30,,0.00,10.90,73
2024-09-18 12:00:00,20.10,40,17.40,,0.00,12.00,69
2024-09-18 13:00:00,20.80,37,17.70,,0.00,13.90,80
2024-09-18 14:00:00,21.30,36,18.30,,0.00,13.00,84
2024-09-18 15:00:00,21.50,35,18.40,,0.00,13.20,79
2024-09-18 16:00:00,21.10,33,17.80,,0.00,12.70,75
2024-09-18 17:00:00,20.50,34,17.40,,0.00,11.50,70
2024-09-18 18:00:00,19.80,34,17.00,,0.00,8.90,69
2024-09-18 19:00:00,17.70,40,15.30,,0.00,6.60,61
2024-09-18 20:00:00,16.60,42,14.40,,0.00,5.20,56
2024-09-18 21:00:00,14.60,53,12.60,,0.00,5.40,48
2024-09-18 22:00:00,13.70,55,11.60,,0.00,5.60,50
2024-09-18 23:00:00,13.10,60,11.20,,0.00,5.40,53
2024-09-19 00:00:00,12.00,67,10.20,,0.00,5.40,53
2024-09-19 01:00:00,11.60,67,9.70,,0.00,5.70,55
2024-09-19 02:00:00,11.20,67,9.10,,0.00,6.00,57
2024-09-19 03:00:00,10.30,71,8.40,,0.00,5.50,58
2024-09-19 04:00:00,9.80,71,7.70,,0.00,5.50,58
2024-09-19 05:00:00,9.30,71,7.10,,0.00,5.50,58
2024-09-19 06:00:00,8.30,74,6.10,,0.00,5.20,56
2024-09-19 07:00:00,8.30,72,5.90,,0.00,5.50,58
2024-09-19 08:00:00,10.60,65,8.50,,0.00,5.50,58
2024-09-19 09:00:00,13.40,52,10.80,,0.00,7.70,62
2024-09-19 10:00:00,15.90,43,12.90,,0.00,9.30,62
2024-09-19 11:00:00,18.10,39,15.30,,0.00,9.00,61
2024-09-19 12:00:00,20.90,27,17.70,,0.00,10.00,64
2024-09-19 13:00:00,21.90,24,18.60,,0.00,11.50,70
2024-09-19 14:00:00,22.50,23,19.20,,0.00,10.80,69
2024-09-19 15:00:00,22.90,21,19.20,,0.00,9.90,71
2024-09-19 16:00:00,22.60,22,19.10,,0.00,9.30,62
2024-09-19 17:00:00,21.90,24,18.60,,0.00,8.40,50
2024-09-19 18:00:00,20.50,28,17.80,,0.00,5.40,42
2024-09-19 19:00:00,17.40,37,15.10,,0.00,4.20,31
2024-09-19 20:00:00,16.10,40,13.80,,0.00,4.20,20
2024-09-19 21:00:00,15.40,52,13.70,,0.00,4.00,27
2024-09-19 22:00:00,15.40,50,13.70,,0.00,3.70,29
2024-09-19 23:00:00,14.90,52,13.30,,0.00,3.10,21
2024-09-20 00:00:00,13.30,58,11.70,,0.00,3.30,6
2024-09-20 01:00:00,12.90,59,11.20,,0.00,3.20,360
2024-09-20 02:00:00,12.50,62,10.90,,0.00,3.20,360
2024-09-20 03:00:00,11.60,67,10.10,,0.00,2.90,360
2024-09-20 04:00:00,11.30,70,9.80,,0.00,3.20,360
2024-09-20 05:00:00,11.10,72,9.60,,0.00,3.60,6
2024-09-20 06:00:00,10.50,76,9.00,,0.00,3.60,360
2024-09-20 07:00:00,10.60,78,9.30,,0.00,4.00,360
2024-09-20 08:00:00,13.10,75,12.20,,0.00,4.30,360
2024-09-20 09:00:00,15.50,69,14.90,,0.00,4.00,360
2024-09-20 10:00:00,18.20,62,17.60,,0.00,5.80,7
2024-09-20 11:00:00,20.20,57,19.80,,0.00,6.10,357
2024-09-20 12:00:00,22.10,49,21.00,,0.00,9.40,7
2024-09-20 13:00:00,22.80,44,21.10,,0.00,11.30,9
2024-09-20 14:00:00,23.00,47,21.60,,0.00,11.60,5
2024-09-20 15:00:00,23.10,43,21.50,,0.00,10.60,10
2024-09-20 16:00:00,22.60,42,20.80,,0.00,10.40,14
2024-09-20 17:00:00,21.70,44,20.10,,0.00,9.40,23
2024-09-20 18:00:00,21.00,47,19.70,,0.00,7.60,31
2024-09-20 19:00:00,17.90,58,17.00,,0.00,4.70,32
2024-09-20 20:00:00,16.10,64,15.30,,0.00,4.30,42
2024-09-20 21:00:00,15.00,69,14.20,,0.00,4.30,42
2024-09-20 22:00:00,14.30,70,13.50,,0.00,3.80,41
2024-09-20 23:00:00,13.80,70,12.80,,0.00,3.80,41
2024-09-21 00:00:00,12.70,73,11.70,,0.00,3.60,45
2024-09-21 01:00:00,12.20,74,11.10,,0.00,3.30,41
2024-09-21 02:00:00,11.60,75,10.40,,0.00,3.30,41
2024-09-21 03:00:00,10.70,79,9.50,,0.00,3.30,41
2024-09-21 04:00:00,10.30,80,9.10,,0.00,2.80,40
2024-09-21 05:00:00,9.90,80,8.60,,0.00,2.80,40
2024-09-21 06:00:00,9.20,83,7.90,,0.00,2.30,39
2024-09-21 07:00:00,8.90,85,7.70,,0.00,2.10,31
2024-09-21 08:00:00,10.50,85,9.70,,0.00,1.50,14
2024-09-21 09:00:00,14.60,67,14.20,,0.00,0.40,360
2024-09-21 10:00:00,17.80,55,17.30,,0.00,1.10,288
2024-09-21 11:00:00,20.10,44,19.00,,0.00,3.40,302
2024-09-21 12:00:00,21.60,41,20.40,,0.00,4.60,309
2024-09-21 13:00:00,22.50,40,21.40,,0.00,5.60,310
2024-09-21 14:00:00,23.00,39,21.90,,0.00,5.70,305
2024-09-21 15:00:00,23.70,37,22.30,,0.00,5.80,300
2024-09-21 16:00:00,23.40,39,22.20,,0.00,6.10,298
2024-09-21 17:00:00,22.80,41,21.70,,0.00,5.60,297
2024-09-21 18:00:00,22.00,44,21.30,,0.00,3.30,283
2024-09-21 19:00:00,19.00,54,18.50,,0.00,2.90,277
2024-09-21 20:00:00,17.80,55,17.00,,0.00,2.90,277
2024-09-21 21:00:00,16.50,64,16.10,,0.00,2.50,270
2024-09-21 22:00:00,15.70,65,15.10,,0.00,2.20,279
2024-09-21 23:00:00,15.00,68,14.40,,0.00,2.50,278
2024-09-22 00:00:00,14.10,74,13.60,,0.00,2.60,286
2024-09-22 01:00:00,13.70,75,13.10,,0.00,2.40,297
2024-09-22 02:00:00,13.30,77,12.80,,0.00,2.30,309
2024-09-22 03:00:00,13.00,78,12.40,,0.00,2.60,326
2024-09-22 04:00:00,12.70,80,12.10,,0.00,2.60,326
2024-09-22 05:00:00,12.40,81,11.70,,0.00,3.00,346
2024-09-22 06:00:00,11.90,84,11.30,,0.00,2.60,344
2024-09-22 07:00:00,11.50,86,10.80,,0.00,3.20,360
2024-09-22 08:00:00,13.10,84,12.70,,0.00,3.60,6
2024-09-22 09:00:00,15.30,73,14.50,,0.00,6.40,27
2024-09-22 10:00:00,17.40,64,16.70,,0.00,6.30,31
2024-09-22 11:00:00,19.20,59,18.70,,0.00,5.60,27
2024-09-22 12:00:00,21.00,50,20.00,,0.00,6.80,18
2024-09-22 13:00:00,22.00,44,20.90,,0.00,7.30,11
2024-09-22 14:00:00,22.40,40,20.90,,0.00,8.00,10
2024-09-22 15:00:00,22.40,35,20.30,,0.00,8.00,10
2024-09-22 16:00:00,22.00,36,19.80,,0.00,8.30,18
2024-09-22 17:00:00,21.00,38,18.80,,0.00,8.00,27
2024-09-22 18:00:00,19.80,41,17.90,,0.00,6.20,36
2024-09-22 19:00:00,16.40,52,14.80,,0.00,5.10,39
2024-09-22 20:00:00,14.70,59,13.20,,0.00,4.60,39
2024-09-22 21:00:00,13.80,65,12.40,,0.00,4.80,42
2024-09-22 22:00:00,13.10,67,11.60,,0.00,4.80,48
2024-09-22 23:00:00,12.40,70,11.00,,0.00,4.90,54
2024-09-23 00:00:00,11.70,75,10.20,,0.00,5.10,51
2024-09-23 01:00:00,11.10,78,9.60,,0.00,5.50,58
2024-09-23 02:00:00,10.50,82,9.00,,0.00,6.00,65
2024-09-23 03:00:00,9.80,88,8.30,,0.00,6.10,62
2024-09-23 04:00:00,9.60,87,8.00,,0.00,6.30,66
2024-09-23 05:00:00,9.30,87,7.70,,0.00,6.40,63
2024-09-23 06:00:00,8.50,89,6.90,,0.00,5.80,60
2024-09-23 07:00:00,8.30,89,6.60,,0.00,5.80,60
2024-09-23 08:00:00,9.90,79,7.80,,0.00,7.60,65
2024-09-23 09:00:00,12.10,71,10.00,,0.00,8.90,69
2024-09-23 10:00:00,14.30,62,12.20,,0.00,9.40,72
2024-09-23 11:00:00,16.70,54,14.60,,0.00,9.30,74
2024-09-23 12:00:00,19.40,46,17.40,,0.00,9.10,72
2024-09-23 13:00:00,20.50,42,18.30,,0.00,10.00,75
2024-09-23 14:00:00,21.40,41,19.30,,0.00,9.70,75
2024-09-23 15:00:00,21.70,38,19.50,,0.00,8.90,76
2024-09-23 16:00:00,21.50,38,19.40,,0.00,8.40,80
2024-09-23 17:00:00,20.80,39,18.90,,0.00,7.10,75
2024-09-23 18:00:00,20.20,41,18.70,,0.00,4.60,72
2024-09-23 19:00:00,17.30,51,15.80,,0.00,4.60,72
2024-09-23 20:00:00,15.90,53,14.20,,0.00,4.70,81
2024-09-23 21:00:00,14.60,62,13.10,,0.00,5.50,79
2024-09-23 22:00:00,14.00,63,12.40,,0.00,5.40,82
2024-09-23 23:00:00,13.40,65,11.80,,0.00,5.40,90
2024-09-24 00:00:00,12.90,67,11.40,,0.00,4.70,99
2024-09-24 01:00:00,12.80,65,11.10,,0.00,5.00,111
2024-09-24 02:00:00,12.80,63,10.90,,0.00,5.50,122
2024-09-24 03:00:00,12.10,66,10.40,,0.00,4.70,122
2024-09-24 04:00:00,11.80,66,9.90,,0.00,5.90,133
2024-09-24 05:00:00,11.40,67,9.40,,0.00,6.10,140
2024-09-24 06:00:00,11.10,66,9.10,,0.00,5.10,141
2024-09-24 07:00:00,10.90,66,8.80,,0.00,5.10,141
2024-09-24 08:00:00,12.40,61,10.20,,0.00,6.60,139
2024-09-24 09:00:00,14.30,56,12.00,,0.00,8.10,148
2024-09-24 10:00:00,16.70,49,14.40,,0.00,8.70,150
2024-09-24 11:00:00,19.00,44,16.80,,0.00,8.90,153
2024-09-24 12:00:00,22.00,37,19.80,,0.00,9.00,151
2024-09-24 13:00:00,23.30,35,21.30,,0.00,9.50,155
2024-09-24 14:00:00,24.20,32,21.80,,0.00,10.20,162
2024-09-24 15:00:00,24.60,31,22.20,,0.00,9.70,158
2024-09-24 16:00:00,24.20,32,22.00,,0.00,8.90,159
2024-09-24 17:00:00,23.40,33,21.40,,0.00,7.20,153
2024-09-24 18:00:00,22.10,36,20.50,,0.00,4.60,141
2024-09-24 19:00:00,19.40,42,17.80,,0.00,4.20,121
2024-09-24 20:00:00,18.10,41,16.10,,0.00,4.80,117
2024-09-24 21:00:00,17.50,42,15.50,,0.00,5.00,120
2024-09-24 22:00:00,16.80,44,14.70,,0.00,5.20,124
2024-09-24 23:00:00,16.40,47,14.30,,0.00,6.10,130
2024-09-25 00:00:00,15.80,54,14.00,,0.00,6.10,135
2024-09-25 01:00:00,15.20,57,13.50,,0.00,6.10,140
2024-09-25 02:00:00,14.70,60,13.00,,0.00,6.00,147
2024-09-25 03:00:00,14.10,62,12.40,,0.00,6.70,144
2024-09-25 04:00:00,13.70,63,11.80,,0.00,7.30,147
2024-09-25 05:00:00,13.60,62,11.50,,0.00,8.40,155
2024-09-25 06:00:00,13.30,64,11.20,,0.00,8.70,156
2024-09-25 07:00:00,13.30,62,11.00,,0.00,9.20,154
2024-09-25 08:00:00,14.20,60,11.90,,0.00,9.90,161
2024-09-25 09:00:00,15.40,59,13.30,,0.00,9.70,165
2024-09-25 10:00:00,17.50,53,15.30,,0.00,10.90,174
2024-09-25 11:00:00,19.30,49,17.40,,0.00,9.80,172
2024-09-25 12:00:00,21.80,45,20.20,,0.00,9.90,170
2024-09-25 13:00:00,23.80,40,22.20,,0.00,9.90,170
2024-09-25 14:00:00,25.00,37,23.10,,0.00,11.20,176
2024-09-25 15:00:00,25.10,35,23.00,,0.00,11.60,175
2024-09-25 16:00:00,25.10,34,22.80,,0.00,11.90,180
2024-09-25 17:00:00,24.30,35,22.30,,0.00,9.50,171
2024-09-25 18:00:00,22.70,39,21.20,,0.00,7.00,159
2024-09-25 19:00:00,20.10,44,18.50,,0.00,6.50,146
2024-09-25 20:00:00,18.90,44,16.90,,0.00,7.00,145
2024-09-25 21:00:00,17.90,45,16.00,,0.00,6.20,144
2024-09-25 22:00:00,17.20,48,15.10,,0.00,7.50,145
2024-09-25 23:00:00,16.30,51,14.30,,0.00,7.30,147
2024-09-26 00:00:00,16.10,51,14.00,,0.00,7.50,145
2024-09-26 01:00:00,15.70,53,13.60,,0.00,8.20,142
2024-09-26 02:00:00,15.30,55,13.00,,0.00,9.30,144
2024-09-26 03:00:00,14.80,57,12.60,,0.00,9.20,149
2024-09-26 04:00:00,14.70,54,12.10,,0.00,9.80,152
2024-09-26 05:00:00,13.80,55,11.20,,0.00,9.40,157
2024-09-26 06:00:00,13.00,54,10.20,,0.00,9.00,157
2024-09-26 07:00:00,13.00,49,9.80,,0.00,9.70,153
2024-09-26 08:00:00,13.80,42,10.20,,0.00,10.80,154
2024-09-26 09:00:00,14.30,43,11.10,,0.00,9.50,151
2024-09-26 10:00:00,15.80,39,12.30,,0.00,11.40,152
2024-09-26 11:00:00,17.10,38,13.80,,0.00,11.10,155
2024-09-26 12:00:00,18.70,39,15.60,,0.00,12.00,159
2024-09-26 13:00:00,19.30,40,16.50,,0.00,11.30,163
2024-09-26 14:00:00,19.40,44,17.00,,0.00,10.90,163
2024-09-26 15:00:00,20.30,41,17.80,,0.00,11.10,151
2024-09-26 16:00:00,20.60,40,18.00,,0.00,12.00,147
2024-09-26 17:00:00,20.60,39,17.90,,0.00,12.00,147
2024-09-26 18:00:00,20.20,44,18.00,,0.00,10.30,151
2024-09-26 19:00:00,18.60,51,16.80,,0.00,9.00,151
2024-09-26 20:00:00,18.30,52,16.50,,0.00,9.50,155
2024-09-26 21:00:00,18.20,55,16.50,,0.00,9.80,152
2024-09-26 22:00:00,18.10,57,16.20,,0.00,11.60,154
2024-09-26 23:00:00,17.90,58,16.00,,0.00,12.10,153
2024-09-27 00:00:00,17.80,60,16.10,,0.00,11.60,154
2024-09-27 01:00:00,17.60,61,15.90,,0.00,11.80,157
2024-09-27 02:00:00,17.80,60,15.80,,0.00,13.60,163
2024-09-27 03:00:00,18.10,59,16.20,,0.00,12.80,169
2024-09-27 04:00:00,17.90,61,16.10,,0.00,12.50,168
2024-09-27 05:00:00,17.70,63,16.00,,0.00,13.20,163
2024-09-27 06:00:00,17.30,68,16.00,,0.00,12.20,161
2024-09-27 07:00:00,17.20,68,15.60,,0.00,13.30,161
2024-09-27 08:00:00,17.40,69,15.80,,0.00,14.80,166
2024-09-27 09:00:00,17.90,70,16.50,,0.00,14.10,165
2024-09-27 10:00:00,18.20,71,16.90,,0.00,14.50,161
2024-09-27 11:00:00,19.50,67,18.10,,0.00,16.00,166
2024-09-27 12:00:00,20.90,63,19.50,,0.00,16.90,164
2024-09-27 13:00:00,21.40,62,20.20,,0.00,17.10,173
2024-09-27 14:00:00,21.70,62,20.60,,0.00,16.60,180
2024-09-27 15:00:00,22.30,57,21.00,,0.00,16.20,183
2024-09-27 16:00:00,22.60,57,21.50,,0.00,15.50,184
2024-09-27 17:00:00,23.20,55,22.30,,0.00,13.80,186
2024-09-27 18:00:00,23.00,57,22.60,,0.00,11.60,185
2024-09-27 19:00:00,22.50,60,22.30,,0.00,10.90,174
2024-09-27 20:00:00,22.30,60,22.00,,0.00,11.20,174
2024-09-27 21:00:00,22.00,60,21.70,,0.00,10.50,174
2024-09-27 22:00:00,21.50,61,21.20,,0.00,10.60,170
2024-09-27 23:00:00,21.20,60,20.60,,0.00,11.10,167
2024-09-28 00:00:00,21.10,59,20.40,,0.00,10.60,170
2024-09-28 01:00:00,20.80,60,20.10,,0.00,10.50,172
2024-09-28 02:00:00,20.20,63,19.70,,0.00,9.70,180
2024-09-28 03:00:00,19.70,68,19.50,,0.00,8.80,189
2024-09-28 04:00:00,19.30,73,19.30,,0.00,9.50,169
2024-09-28 05:00:00,19.10,73,19.00,,0.00,9.50,171
2024-09-28 06:00:00,19.00,74,19.00,,0.00,9.80,172
2024-09-28 07:00:00,18.70,76,18.50,,0.00,10.90,172
2024-09-28 08:00:00,18.80,76,18.50,,0.00,12.60,177
2024-09-28 09:00:00,19.50,74,19.10,,0.00,13.30,180
2024-09-28 10:00:00,20.80,67,20.30,,0.00,13.30,178
2024-09-28 11:00:00,22.30,60,21.60,,0.00,14.40,183
2024-09-28 12:00:00,24.20,54,23.50,,0.00,14.40,180
2024-09-28 13:00:00,25.70,50,25.00,,0.00,15.10,183
2024-09-28 14:00:00,26.90,47,26.00,,0.00,16.30,186
2024-09-28 15:00:00,27.70,41,26.30,,0.00,16.60,193
2024-09-28 16:00:00,27.50,41,26.10,,0.00,15.80,197
2024-09-28 17:00:00,26.90,38,25.30,,0.00,13.70,194
2024-09-28 18:00:00,25.80,36,23.90,,0.00,12.30,185
2024-09-28 19:00:00,23.50,43,22.10,,0.00,10.10,178
2024-09-28 20:00:00,22.20,44,20.60,,0.00,9.80,172
2024-09-28 21:00:00,21.20,50,19.90,,0.00,9.90,170
2024-09-28 22:00:00,20.40,56,19.20,,0.00,10.60,162
2024-09-28 23:00:00,20.10,57,18.70,,0.00,12.20,166
2024-09-29 00:00:00,19.50,58,18.20,,0.00,10.90,163
2024-09-29 01:00:00,18.80,58,17.30,,0.00,10.60,162
2024-09-29 02:00:00,18.00,60,16.60,,0.00,9.90,161
2024-09-29 03:00:00,17.10,64,15.70,,0.00,9.70,158
2024-09-29 04:00:00,16.40,68,15.20,,0.00,9.20,159
2024-09-29 05:00:00,15.80,70,14.50,,0.00,9.20,159
2024-09-29 06:00:00,15.00,74,13.90,,0.00,8.20,157
2024-09-29 07:00:00,14.60,75,13.40,,0.00,8.60,158
2024-09-29 08:00:00,15.30,71,14.00,,0.00,8.90,159
2024-09-29 09:00:00,17.10,63,15.60,,0.00,10.60,162
2024-09-29 10:00:00,18.90,55,17.30,,0.00,10.50,164
2024-09-29 11:00:00,20.70,48,19.10,,0.00,9.60,167
2024-09-29 12:00:00,21.60,47,20.40,,0.00,8.30,178
2024-09-29 13:00:00,22.40,45,21.40,,0.00,6.10,177
2024-09-29 14:00:00,22.90,43,22.20,,0.00,4.00,170
2024-09-29 15:00:00,22.80,43,22.40,,0.00,1.90,158
2024-09-29 16:00:00,22.80,42,22.30,,0.00,1.90,68
2024-09-29 17:00:00,22.20,42,21.20,,0.00,4.40,35
2024-09-29 18:00:00,17.60,73,16.20,,0.00,15.00,343
2024-09-29 19:00:00,15.40,74,13.60,,0.00,13.70,357
2024-09-29 20:00:00,14.00,80,12.30,,0.00,13.30,3
2024-09-29 21:00:00,13.10,82,11.00,,0.00,14.10,6
2024-09-29 22:00:00,12.60,82,10.30,,0.00,14.90,7
2024-09-29 23:00:00,12.10,85,9.80,,0.00,15.00,11
2024-09-30 00:00:00,12.20,83,9.80,,0.00,15.80,12
2024-09-30 01:00:00,12.00,83,9.20,,0.00,17.20,11
2024-09-30 02:00:00,11.50,83,8.50,,0.00,18.30,16
2024-09-30 03:00:00,11.60,80,8.60,,0.00,17.30,17
2024-09-30 04:00:00,11.00,78,7.80,,0.00,17.10,18
2024-09-30 05:00:00,10.60,79,7.30,,0.00,17.40,22
2024-09-30 06:00:00,10.70,80,7.40,,0.00,17.40,24
2024-09-30 07:00:00,10.50,79,7.10,,0.00,17.60,28
2024-09-30 08:00:00,10.80,77,7.40,,0.00,17.30,31
2024-09-30 09:00:00,11.70,75,8.50,,0.00,17.00,32
2024-09-30 10:00:00,12.70,71,9.30,,0.00,18.40,35
2024-09-30 11:00:00,13.10,70,10.10,,0.00,16.50,36
2024-09-30 12:00:00,13.80,68,11.20,,0.00,14.50,30
2024-09-30 13:00:00,14.50,63,11.50,,0.00,15.60,26
2024-09-30 14:00:00,15.10,59,11.90,,0.00,17.00,32
2024-09-30 15:00:00,15.00,58,11.70,,0.00,16.50,32
2024-09-30 16:00:00,15.20,57,12.00,,0.00,16.10,29
2024-09-30 17:00:00,14.90,59,12.00,,0.00,14.30,25
2024-09-30 18:00:00,14.60,60,12.00,,0.00,12.80,22
2024-09-30 19:00:00,13.90,63,11.20,,0.00,13.00,19
2024-09-30 20:00:00,13.40,67,10.80,,0.00,12.80,16
2024-09-30 21:00:00,13.30,68,10.80,,0.10,12.50,18
2024-09-30 22:00:00,12.90,69,10.40,,0.10,12.20,19
2024-09-30 23:00:00,12.50,70,10.00,,0.00,12.20,19
2024-10-01 00:00:00,12.40,71,9.70,,0.00,13.80,28
2024-10-01 01:00:00,11.70,73,9.10,,0.00,12.40,22
2024-10-01 02:00:00,11.20,76,8.70,,0.00,12.10,23
2024-10-01 03:00:00,10.90,78,8.50,,0.00,11.60,22
2024-10-01 04:00:00,10.50,80,8.20,,0.00,11.30,27
2024-10-01 05:00:00,10.00,82,7.70,,0.00,10.50,31
2024-10-01 06:00:00,9.50,85,7.50,,0.00,8.40,40
2024-10-01 07:00:00,9.10,85,7.10,,0.00,8.00,54
2024-10-01 08:00:00,9.90,75,7.60,,0.00,8.60,68
2024-10-01 09:00:00,12.40,58,9.60,,0.00,9.70,90
2024-10-01 10:00:00,14.70,46,11.50,,0.00,11.10,103
2024-10-01 11:00:00,17.00,41,13.80,,0.00,11.20,105
2024-10-01 12:00:00,18.80,36,15.50,,0.00,12.20,109
2024-10-01 13:00:00,20.00,35,16.70,,0.00,12.70,105
2024-10-01 14:00:00,20.60,34,17.30,,0.00,13.20,107
2024-10-01 15:00:00,21.10,29,17.40,,0.00,12.90,117
2024-10-01 16:00:00,21.10,27,17.60,,0.00,11.30,117
2024-10-01 17:00:00,20.50,29,17.40,,0.00,8.40,110
2024-10-01 18:00:00,18.60,37,16.50,,0.00,4.30,85
2024-10-01 19:00:00,16.60,42,14.30,,0.00,4.90,73
2024-10-01 20:00:00,15.60,42,13.10,,0.00,5.50,79
2024-10-01 21:00:00,14.70,45,12.20,,0.00,6.10,87
2024-10-01 22:00:00,14.10,44,11.40,,0.00,6.10,87
2024-10-01 23:00:00,13.70,43,10.80,,0.00,6.80,90
2024-10-02 00:00:00,13.00,45,9.90,,0.00,8.00,95
2024-10-02 01:00:00,12.70,44,9.50,,0.00,8.50,102
2024-10-02 02:00:00,12.40,45,9.10,,0.00,8.80,109
2024-10-02 03:00:00,11.80,48,8.70,,0.00,8.10,111
2024-10-02 04:00:00,11.50,49,8.30,,0.00,8.20,113
2024-10-02 05:00:00,11.20,49,8.00,,0.00,8.50,118
2024-10-02 06:00:00,10.30,51,7.20,,0.00,7.20,117
2024-10-02 07:00:00,9.90,53,6.90,,0.00,6.60,119
2024-10-02 08:00:00,10.60,51,7.40,,0.00,7.80,124
2024-10-02 09:00:00,12.50,48,9.40,,0.00,8.20,131
2024-10-02 10:00:00,14.80,42,11.50,,0.00,9.70,138
2024-10-02 11:00:00,17.00,38,13.80,,0.00,9.70,141
2024-10-02 12:00:00,19.20,32,16.10,,0.00,8.70,156
2024-10-02 13:00:00,20.50,30,17.40,,0.00,8.80,161
2024-10-02 14:00:00,21.40,28,18.30,,0.00,9.20,169
2024-10-02 15:00:00,22.50,24,18.80,,0.00,11.20,159
2024-10-02 16:00:00,22.10,24,18.40,,0.00,10.80,159
2024-10-02 17:00:00,21.10,25,17.80,,0.00,8.40,160
2024-10-02 18:00:00,18.70,31,16.10,,0.00,4.60,141
2024-10-02 19:00:00,16.60,36,14.10,,0.00,4.40,125
2024-10-02 20:00:00,15.60,35,12.80,,0.00,4.70,122
2024-10-02 21:00:00,14.50,41,11.90,,0.00,4.90,126
2024-10-02 22:00:00,14.10,42,11.40,,0.00,4.80,132
2024-10-02 23:00:00,13.50,44,10.90,,0.00,4.80,132
2024-10-03 00:00:00,12.00,51,9.60,,0.00,4.30,132
2024-10-03 01:00:00,11.70,52,9.20,,0.00,4.60,129
2024-10-03 02:00:00,11.40,52,8.80,,0.00,4.80,132
2024-10-03 03:00:00,10.50,54,8.00,,0.00,4.40,125
2024-10-03 04:00:00,10.30,54,7.70,,0.00,4.60,129
2024-10-03 05:00:00,9.90,55,7.30,,0.00,4.90,126
2024-10-03 06:00:00,9.50,57,6.90,,0.00,4.60,129
2024-10-03 07:00:00,9.30,57,6.60,,0.00,5.10,129
2024-10-03 08:00:00,10.60,54,7.90,,0.00,5.60,135
2024-10-03 09:00:00,13.20,47,10.40,,0.00,6.90,133
2024-10-03 10:00:00,15.50,41,12.50,,0.00,8.40,140
2024-10-03 11:00:00,17.40,39,14.50,,0.00,9.20,149
2024-10-03 12:00:00,20.40,29,17.20,,0.00,9.00,157
2024-10-03 13:00:00,21.30,28,18.10,,0.00,9.10,162
2024-10-03 14:00:00,22.00,26,18.50,,0.00,10.80,165
2024-10-03 15:00:00,22.60,17,18.00,,0.00,13.40,175
2024-10-03 16:00:00,22.10,18,17.70,,0.00,12.20,182
2024-10-03 17:00:00,21.10,23,17.60,,0.00,8.70,173
2024-10-03 18:00:00,19.10,25,16.00,,0.00,5.50,148
2024-10-03 19:00:00,17.60,26,14.50,,0.00,4.70,148
2024-10-03 20:00:00,16.90,28,13.80,,0.00,5.00,150
2024-10-03 21:00:00,16.30,30,13.20,,0.00,5.20,155
2024-10-03 22:00:00,15.60,35,12.60,,0.00,5.70,162
2024-10-03 23:00:00,14.70,39,11.70,,0.00,6.90,152
2024-10-04 00:00:00,14.80,39,11.80,,0.00,7.40,151
2024-10-04 01:00:00,15.00,40,11.90,,0.00,8.70,156
2024-10-04 02:00:00,14.60,42,11.50,,0.00,8.20,157
2024-10-04 03:00:00,14.10,44,11.20,,0.00,7.90,156
2024-10-04 04:00:00,13.70,48,10.90,,0.00,7.60,161
2024-10-04 05:00:00,13.30,52,10.60,,0.00,8.70,163
2024-10-04 06:00:00,13.10,59,10.90,,0.00,7.10,165
2024-10-04 07:00:00,12.70,64,10.60,,0.00,7.40,166
2024-10-04 08:00:00,13.00,66,11.10,,0.00,7.80,167
2024-10-04 09:00:00,14.00,68,12.20,,0.00,9.10,171
2024-10-04 10:00:00,15.10,68,13.40,,0.00,9.70,178
2024-10-04 11:00:00,16.40,66,14.90,,0.00,10.40,182
2024-10-04 12:00:00,17.40,65,16.10,,0.00,10.50,186
2024-10-04 13:00:00,18.00,66,17.10,,0.00,9.40,182
2024-10-04 14:00:00,18.70,62,17.50,,0.00,10.50,188
2024-10-04 15:00:00,19.60,55,17.90,,0.00,12.20,194
2024-10-04 16:00:00,19.20,56,17.90,,0.00,9.70,202
2024-10-04 17:00:00,18.70,59,17.90,,0.00,7.10,195
2024-10-04 18:00:00,17.90,64,17.60,,0.10,4.10,195
2024-10-04 19:00:00,16.70,71,16.70,,0.20,2.90,173
2024-10-04 20:00:00,16.00,76,16.00,,0.30,3.40,148
2024-10-04 21:00:00,15.70,76,15.60,,0.00,3.20,117
2024-10-04 22:00:00,15.40,78,15.30,,0.10,4.20,121
2024-10-04 23:00:00,15.50,78,15.30,,0.10,4.70,122
2024-10-05 00:00:00,15.30,80,15.30,,0.40,4.40,125
2024-10-05 01:00:00,15.20,82,15.20,,0.70,4.40,125
2024-10-05 02:00:00,15.00,84,15.00,,0.90,4.40,145
2024-10-05 03:00:00,14.70,87,14.70,,0.80,5.70,145
2024-10-05 04:00:00,14.40,89,14.40,,0.40,5.60,165
2024-10-05 05:00:00,14.20,92,14.50,,0.30,4.70,176
2024-10-05 06:00:00,14.50,92,14.90,,0.00,4.00,170
2024-10-05 07:00:00,14.50,91,15.00,,0.00,3.00,166
2024-10-05 08:00:00,14.70,90,15.30,,0.00,3.00,166
2024-10-05 09:00:00,14.70,91,15.40,,0.10,2.30,162
2024-10-05 10:00:00,14.80,91,15.60,,0.20,2.30,162
2024-10-05 11:00:00,15.20,91,16.10,,0.10,1.40,180
2024-10-05 12:00:00,15.00,93,16.00,,0.00,1.10,360
2024-10-05 13:00:00,15.20,93,16.20,,0.00,2.10,31
2024-10-05 14:00:00,15.60,90,16.40,,0.00,3.60,53
2024-10-05 15:00:00,15.60,91,16.30,,0.00,4.30,42
2024-10-05 16:00:00,15.50,91,16.10,,0.00,5.20,25
2024-10-05 17:00:00,15.20,93,15.50,,0.10,6.80,32
2024-10-05 18:00:00,14.80,96,15.20,,2.20,6.00,33
2024-10-05 19:00:00,14.30,97,14.50,,3.60,7.20,37
2024-10-05 20:00:00,13.90,96,13.60,,1.60,9.40,40
2024-10-05 21:00:00,13.60,96,13.20,,0.30,8.70,42
2024-10-05 22:00:00,13.30,96,12.90,,0.00,8.40,50
2024-10-05 23:00:00,13.30,97,13.00,,0.00,8.00,54
2024-10-06 00:00:00,13.30,96,12.80,,0.00,9.10,56
2024-10-06 01:00:00,13.30,97,12.90,,0.00,9.20,51
2024-10-06 02:00:00,13.30,97,12.60,,0.00,10.90,56
2024-10-06 03:00:00,13.30,97,12.70,,0.00,10.50,59
2024-10-06 04:00:00,13.40,97,12.80,,3.10,10.50,52
2024-10-06 05:00:00,13.50,97,12.70,,6.90,11.90,61
2024-10-06 06:00:00,13.50,98,12.70,,3.10,12.10,67
2024-10-06 07:00:00,13.90,98,13.30,,2.20,11.40,77
2024-10-06 08:00:00,14.40,98,14.50,,1.60,8.70,95
2024-10-06 09:00:00,15.30,97,15.10,,1.50,11.70,101
2024-10-06 10:00:00,16.00,95,16.10,,0.30,10.80,120
2024-10-06 11:00:00,16.50,92,16.70,,0.40,10.70,140
2024-10-06 12:00:00,17.50,87,17.70,,0.10,11.30,153
2024-10-06 13:00:00,17.60,89,18.30,,0.60,9.00,143
2024-10-06 14:00:00,17.60,90,18.40,,0.80,8.90,148
2024-10-06 15:00:00,18.30,87,19.20,,0.10,8.00,172
2024-10-06 16:00:00,18.40,88,19.60,,0.00,6.80,162
2024-10-06 17:00:00,18.40,89,19.50,,0.20,8.00,162
2024-10-06 18:00:00,18.30,91,19.40,,0.30,8.80,168
2024-10-06 19:00:00,18.00,93,18.90,,1.70,10.20,170
2024-10-06 20:00:00,17.70,94,18.60,,2.20,10.10,178
2024-10-06 21:00:00,17.40,96,18.40,,2.20,9.30,167
2024-10-06 22:00:00,17.40,94,17.70,,2.80,13.00,182
2024-10-06 23:00:00,17.00,95,17.60,,1.90,10.50,188
2024-10-07 00:00:00,16.80,96,17.60,,1.30,9.00,182
2024-10-07 01:00:00,16.70,96,17.70,,1.20,7.60,180
2024-10-07 02:00:00,16.60,97,17.80,,0.70,5.80,180
2024-10-07 03:00:00,16.20,98,17.60,,1.30,4.00,190
2024-10-07 04:00:00,15.90,98,17.40,,0.30,2.60,254
2024-10-07 05:00:00,15.50,98,17.10,,0.50,1.30,304
2024-10-07 06:00:00,15.20,98,16.60,,0.80,1.00,225
2024-10-07 07:00:00,15.20,97,16.10,,0.50,4.50,209
2024-10-07 08:00:00,14.70,97,15.20,,1.20,5.70,252
2024-10-07 09:00:00,14.50,97,15.30,,0.20,3.90,248
2024-10-07 10:00:00,14.40,96,14.90,,0.30,4.70,266
2024-10-07 11:00:00,14.20,95,14.40,,0.80,5.60,285
2024-10-07 12:00:00,14.50,95,14.60,,2.30,7.00,305
2024-10-07 13:00:00,13.90,93,13.50,,1.90,8.70,318
2024-10-07 14:00:00,13.50,93,13.00,,1.40,8.40,320
2024-10-07 15:00:00,13.50,92,12.90,,0.10,9.30,324
2024-10-07 16:00:00,13.20,92,12.40,,0.90,9.40,320
2024-10-07 17:00:00,12.60,93,11.60,,4.90,10.20,309
2024-10-07 18:00:00,12.70,94,11.50,,0.10,11.30,301
2024-10-07 19:00:00,12.40,92,11.10,,0.10,10.80,300
2024-10-07 20:00:00,12.20,93,10.80,,0.50,12.20,294
2024-10-07 21:00:00,11.90,94,10.10,,2.90,14.80,284
2024-10-07 22:00:00,11.40,93,9.00,,3.60,16.60,288
2024-10-07 23:00:00,11.00,92,8.70,,1.80,15.60,285
2024-10-08 00:00:00,10.80,93,8.40,,3.10,15.50,282
2024-10-08 01:00:00,10.60,93,8.30,,4.00,14.70,281
2024-10-08 02:00:00,10.30,92,7.60,,2.10,16.20,271
2024-10-08 03:00:00,9.60,92,6.70,,2.60,16.60,272
2024-10-08 04:00:00,9.30,91,6.20,,1.90,17.30,269
2024-10-08 05:00:00,9.20,87,5.70,,0.20,18.80,273
2024-10-08 06:00:00,9.20,87,5.60,,0.30,19.60,277
2024-10-08 07:00:00,9.20,87,5.70,,0.00,18.80,282
2024-10-08 08:00:00,9.20,88,5.80,,0.00,18.20,278
2024-10-08 09:00:00,9.20,89,6.00,,0.00,17.30,272
2024-10-08 10:00:00,9.10,89,5.80,,0.00,18.00,273
2024-10-08 11:00:00,9.20,88,5.90,,0.00,17.70,274
2024-10-08 12:00:00,9.40,89,6.30,,0.00,17.10,278
2024-10-08 13:00:00,9.90,87,6.80,,0.00,17.00,276
2024-10-08 14:00:00,10.30,86,7.30,,0.00,16.50,280
2024-10-08 15:00:00,10.70,85,8.00,,0.00,15.20,277
2024-10-08 16:00:00,11.20,84,8.80,,0.00,13.80,279
2024-10-08 17:00:00,11.40,84,9.30,,0.00,12.10,280
2024-10-08 18:00:00,11.50,84,9.60,,0.00,10.80,291
2024-10-08 19:00:00,11.30,87,9.80,,0.00,8.70,287
2024-10-08 20:00:00,11.10,89,9.80,,0.00,7.90,286
2024-10-08 21:00:00,10.80,89,9.20,,0.00,8.90,284
2024-10-08 22:00:00,10.70,90,9.30,,0.00,8.00,288
2024-10-08 23:00:00,10.30,91,8.90,,0.00,7.10,285
2024-10-09 00:00:00,10.00,91,8.70,,0.00,6.60,292
2024-10-09 01:00:00,9.90,93,8.70,,0.00,5.60,285
2024-10-09 02:00:00,9.50,94,8.40,,0.00,4.40,305
2024-10-09 03:00:00,8.80,95,7.70,,0.00,3.90,292
2024-10-09 04:00:00,8.00,96,6.90,,0.00,3.30,311
2024-10-09 05:00:00,7.90,95,6.70,,0.00,2.90,330
2024-10-09 06:00:00,7.50,95,6.40,,0.00,2.10,301
2024-10-09 07:00:00,6.90,95,5.60,,0.00,2.60,236
2024-10-09 08:00:00,6.60,96,5.20,,0.00,2.80,220
2024-10-09 09:00:00,8.30,91,7.20,,0.00,2.40,243
2024-10-09 10:00:00,9.70,80,8.50,,0.00,2.30,219
2024-10-09 11:00:00,10.70,76,9.50,,0.00,2.20,189
2024-10-09 12:00:00,11.90,75,10.90,,0.00,2.60,164
2024-10-09 13:00:00,12.80,73,11.80,,0.00,3.20,153
2024-10-09 14:00:00,13.40,73,12.20,,0.00,5.50,148
2024-10-09 15:00:00,14.10,68,12.70,,0.00,6.40,137
2024-10-09 16:00:00,13.80,70,12.40,,0.00,7.10,135
2024-10-09 17:00:00,13.30,75,12.00,,0.00,6.50,124
2024-10-09 18:00:00,12.40,79,11.30,,0.00,5.90,104
2024-10-09 19:00:00,11.30,82,9.70,,0.00,7.30,101
2024-10-09 20:00:00,10.90,82,9.10,,0.00,8.80,109
2024-10-09 21:00:00,10.40,84,8.60,,0.00,8.90,117
2024-10-09 22:00:00,10.00,86,8.10,,0.00,9.20,121
2024-10-09 23:00:00,9.80,87,7.90,,0.00,9.10,124
2024-10-10 00:00:00,9.50,88,7.70,,0.00,8.00,126
2024-10-10 01:00:00,9.40,88,7.50,,0.00,8.20,128
2024-10-10 02:00:00,9.40,89,7.50,,0.00,8.70,132
2024-10-10 03:00:00,9.30,91,7.70,,0.00,7.60,135
2024-10-10 04:00:00,9.50,91,7.80,,0.00,7.90,141
2024-10-10 05:00:00,9.80,90,8.10,,0.00,7.90,141
2024-10-10 06:00:00,9.60,90,7.90,,0.00,8.20,142
2024-10-10 07:00:00,9.70,91,8.00,,0.00,8.20,142
2024-10-10 08:00:00,9.80,90,8.20,,0.00,7.70,143
2024-10-10 09:00:00,10.80,88,9.40,,0.00,7.90,141
2024-10-10 10:00:00,12.60,84,11.30,,0.00,8.40,133
2024-10-10 11:00:00,14.20,80,13.10,,0.00,9.40,140
2024-10-10 12:00:00,15.50,76,14.40,,0.00,10.10,145
2024-10-10 13:00:00,16.40,75,15.60,,0.00,9.00,151
2024-10-10 14:00:00,17.10,75,16.60,,0.00,9.20,154
2024-10-10 15:00:00,17.90,70,17.30,,0.00,9.10,162
2024-10-10 16:00:00,17.80,71,17.30,,0.00,8.40,155
2024-10-10 17:00:00,17.40,73,17.50,,0.00,4.90,144
2024-10-10 18:00:00,16.80,74,16.90,,0.00,3.80,131
2024-10-10 19:00:00,15.90,75,15.70,,0.00,4.00,117
2024-10-10 20:00:00,15.10,80,14.70,,0.00,6.30,114
2024-10-10 21:00:00,14.60,82,14.00,,0.00,7.20,127
2024-10-10 22:00:00,14.00,84,13.30,,0.00,7.60,135
2024-10-10 23:00:00,13.60,85,12.70,,0.00,7.90,133
2024-10-11 00:00:00,13.10,86,12.20,,0.00,7.70,127
2024-10-11 01:00:00,12.80,86,11.90,,0.00,7.70,139
2024-10-11 02:00:00,12.90,84,11.70,,0.00,8.70,135
2024-10-11 03:00:00,12.50,84,11.30,,0.00,7.90,137
2024-10-11 04:00:00,12.50,84,11.30,,0.00,8.40,133
2024-10-11 05:00:00,12.50,84,11.20,,0.00,8.40,133
2024-10-11 06:00:00,11.80,85,10.40,,0.00,8.20,131
2024-10-11 07:00:00,11.80,86,10.40,,0.00,8.70,132
2024-10-11 08:00:00,11.90,87,10.50,,0.00,8.90,133
2024-10-11 09:00:00,12.60,87,11.30,,0.00,10.20,141
2024-10-11 10:00:00,13.60,86,12.60,,0.00,9.50,143
2024-10-11 11:00:00,15.00,84,13.70,,0.00,14.00,162
2024-10-11 12:00:00,17.00,80,16.20,,0.00,13.20,169
2024-10-11 13:00:00,18.00,75,17.50,,0.00,10.60,170
2024-10-11 14:00:00,18.10,78,17.90,,0.00,10.60,170
2024-10-11 15:00:00,18.70,76,18.50,,0.00,11.60,173
2024-10-11 16:00:00,18.60,77,18.70,,0.00,9.10,173
2024-10-11 17:00:00,18.00,80,18.70,,0.00,5.80,173
2024-10-11 18:00:00,17.40,84,18.00,,0.00,6.60,158
2024-10-11 19:00:00,16.90,87,17.40,,0.00,6.80,148
2024-10-11 20:00:00,16.60,88,16.90,,0.00,7.90,150
2024-10-11 21:00:00,16.40,88,16.80,,0.00,7.60,149
2024-10-11 22:00:00,16.30,87,16.40,,0.00,8.30,146
2024-10-11 23:00:00,16.00,88,16.00,,0.00,8.50,144
2024-10-12 00:00:00,15.90,89,16.00,,0.00,8.20,142
2024-10-12 01:00:00,15.90,88,15.70,,0.00,9.70,158
2024-10-12 02:00:00,15.70,91,15.70,,0.70,9.60,160
2024-10-12 03:00:00,15.40,94,15.70,,1.80,8.00,153
2024-10-12 04:00:00,15.40,94,15.70,,0.50,7.60,155
2024-10-12 05:00:00,15.20,94,15.50,,0.00,7.10,156
2024-10-12 06:00:00,15.20,95,15.60,,0.50,7.10,156
2024-10-12 07:00:00,15.00,95,15.50,,0.70,6.20,159
2024-10-12 08:00:00,14.90,96,15.40,,0.90,6.00,155
2024-10-12 09:00:00,15.00,97,15.80,,1.50,4.90,163
2024-10-12 10:00:00,15.10,98,16.00,,6.10,4.30,180
2024-10-12 11:00:00,15.10,97,15.90,,2.60,4.80,283
2024-10-12 12:00:00,13.90,95,13.50,,2.20,9.00,331
2024-10-12 13:00:00,12.80,93,12.00,,4.60,9.10,342
2024-10-12 14:00:00,12.80,95,12.40,,7.50,7.40,337
2024-10-12 15:00:00,12.90,94,12.10,,2.60,9.60,340
2024-10-12 16:00:00,12.80,94,12.30,,1.10,7.60,352
2024-10-12 17:00:00,12.80,96,12.60,,1.10,5.80,360
2024-10-12 18:00:00,12.70,98,12.80,,0.90,4.30,5
2024-10-12 19:00:00,12.60,98,13.00,,1.90,2.60,34
2024-10-12 20:00:00,12.50,97,12.70,,2.30,3.10,69
2024-10-12 21:00:00,12.30,97,12.40,,1.70,3.60,53
2024-10-12 22:00:00,12.40,97,12.20,,1.80,5.80,90
2024-10-12 23:00:00,12.60,95,11.70,,1.50,9.80,114
2024-10-13 00:00:00,12.50,93,11.20,,1.20,11.20,130
2024-10-13 01:00:00,11.60,93,10.00,,2.40,11.50,122
2024-10-13 02:00:00,10.80,92,9.00,,2.70,11.40,118
2024-10-13 03:00:00,10.40,93,8.50,,1.70,11.30,112
2024-10-13 04:00:00,9.80,93,7.70,,1.70,11.40,114
2024-10-13 05:00:00,9.30,92,7.20,,1.10,11.10,115
2024-10-13 06:00:00,8.70,93,6.40,,1.60,11.40,118
2024-10-13 07:00:00,8.20,93,5.90,,1.20,10.90,117
2024-10-13 08:00:00,7.90,93,5.40,,1.60,11.40,114
2024-10-13 09:00:00,7.50,93,4.90,,0.70,11.90,119
2024-10-13 10:00:00,7.40,91,4.60,,0.60,11.90,115
2024-10-13 11:00:00,7.10,91,4.30,,0.60,11.50,122
2024-10-13 12:00:00,6.90,92,4.30,,0.30,10.70,123
2024-10-13 13:00:00,6.80,92,4.20,,1.00,10.60,125
2024-10-13 14:00:00,6.80,92,4.30,,0.50,10.00,128
2024-10-13 15:00:00,6.80,92,4.10,,0.50,11.00,128
2024-10-13 16:00:00,6.80,93,4.30,,0.70,9.90,134
2024-10-13 17:00:00,6.80,93,4.30,,0.30,10.20,135
2024-10-13 18:00:00,7.00,95,4.80,,1.10,8.90,140
2024-10-13 19:00:00,7.10,95,4.90,,1.80,8.70,138
2024-10-13 20:00:00,7.40,95,5.20,,1.50,9.50,143
2024-10-13 21:00:00,7.70,95,5.30,,1.20,11.10,151
2024-10-13 22:00:00,7.90,94,5.50,,0.30,11.10,155
2024-10-13 23:00:00,8.10,94,5.80,,0.00,10.80,159
2024-10-14 00:00:00,8.30,95,6.10,,0.00,10.70,166
2024-10-14 01:00:00,8.50,95,6.40,,0.00,10.20,172
2024-10-14 02:00:00,8.60,94,6.50,,0.00,9.70,176
2024-10-14 03:00:00,8.60,95,6.60,,0.00,9.40,178
2024-10-14 04:00:00,8.60,96,6.70,,0.00,9.70,184
2024-10-14 05:00:00,8.60,95,6.60,,0.00,9.90,190
2024-10-14 06:00:00,8.40,95,6.40,,0.00,9.30,196
2024-10-14 07:00:00,8.20,95,6.40,,0.00,8.00,172
2024-10-14 08:00:00,8.30,95,6.20,,0.10,9.40,176
2024-10-14 09:00:00,8.50,95,6.20,,0.90,11.20,195
2024-10-14 10:00:00,8.70,95,6.80,,0.40,9.70,231
2024-10-14 11:00:00,9.60,83,7.10,,0.00,11.10,245
2024-10-14 12:00:00,10.10,81,7.70,,0.00,10.70,228
2024-10-14 13:00:00,10.40,78,7.70,,0.00,12.30,218
2024-10-14 14:00:00,10.50,75,7.60,,0.00,13.50,214
2024-10-14 15:00:00,9.90,77,6.90,,0.00,13.80,221
2024-10-14 16:00:00,9.00,86,6.90,,0.80,9.20,201
2024-10-14 17:00:00,8.60,90,6.20,,1.30,10.70,222
2024-10-14 18:00:00,8.20,89,6.00,,0.00,8.70,225
2024-10-14 19:00:00,8.00,93,5.60,,0.30,10.90,226
2024-10-14 20:00:00,8.10,91,5.50,,0.10,11.90,235
2024-10-14 21:00:00,8.20,90,5.60,,0.00,12.20,246
2024-10-14 22:00:00,7.70,89,4.90,,0.00,12.20,251
2024-10-14 23:00:00,7.20,90,4.60,,0.00,10.50,248
2024-10-15 00:00:00,6.90,91,4.40,,0.00,9.70,243
2024-10-15 01:00:00,6.60,93,4.40,,0.00,7.40,231
2024-10-15 02:00:00,6.30,93,4.20,,0.00,6.20,216
2024-10-15 03:00:00,6.10,95,4.20,,0.00,5.20,192
2024-10-15 04:00:00,6.60,97,4.90,,0.00,5.10,188
2024-10-15 05:00:00,7.10,97,5.30,,0.20,6.40,196
2024-10-15 06:00:00,8.00,96,5.90,,0.10,10.20,231
2024-10-15 07:00:00,8.20,95,6.00,,0.20,10.50,229
2024-10-15 08:00:00,8.20,94,5.80,,0.30,11.60,234
2024-10-15 09:00:00,8.20,94,5.80,,0.30,11.30,239
2024-10-15 10:00:00,8.60,91,6.30,,0.10,10.80,266
2024-10-15 11:00:00,9.00,88,6.60,,0.10,11.20,274
2024-10-15 12:00:00,8.90,91,6.90,,0.10,9.10,261
2024-10-15 13:00:00,9.50,86,7.50,,0.10,8.80,261
2024-10-15 14:00:00,9.90,88,8.10,,0.50,8.70,263
2024-10-15 15:00:00,10.10,83,7.90,,0.60,10.20,262
2024-10-15 16:00:00,9.80,86,8.00,,0.10,8.30,265
2024-10-15 17:00:00,9.40,89,8.00,,0.10,5.80,266
2024-10-15 18:00:00,8.80,92,7.50,,0.10,4.90,253
2024-10-15 19:00:00,8.40,93,7.10,,0.00,4.40,261
2024-10-15 20:00:00,8.40,92,7.00,,0.00,4.70,279
2024-10-15 21:00:00,8.30,93,6.90,,0.10,4.60,288
2024-10-15 22:00:00,8.10,93,6.60,,0.00,5.30,298
2024-10-15 23:00:00,7.80,94,6.10,,0.00,5.90,308
2024-10-16 00:00:00,7.40,95,5.70,,0.00,5.60,310
2024-10-16 01:00:00,6.80,95,5.00,,0.00,5.10,309
2024-10-16 02:00:00,6.20,96,4.40,,0.00,4.90,306
2024-10-16 03:00:00,6.00,94,4.30,,0.00,3.30,311
2024-10-16 04:00:00,5.50,94,3.70,,0.00,3.20,297
2024-10-16 05:00:00,5.40,95,3.50,,0.00,4.00,297
2024-10-16 06:00:00,5.50,94,3.60,,0.00,4.10,308
2024-10-16 07:00:00,5.10,95,3.20,,0.00,3.60,315
2024-10-16 08:00:00,5.20,95,3.30,,0.00,3.60,307
2024-10-16 09:00:00,6.20,94,4.20,,0.00,5.20,304
2024-10-16 10:00:00,7.60,91,5.80,,0.00,5.60,320
2024-10-16 11:00:00,8.50,85,6.50,,0.00,7.30,327
2024-10-16 12:00:00,8.40,89,6.50,,0.30,7.20,323
2024-10-16 13:00:00,8.60,89,6.80,,0.60,6.80,342
2024-10-16 14:00:00,8.80,85,6.80,,0.30,7.30,9
2024-10-16 15:00:00,8.70,85,6.60,,0.30,8.30,358
2024-10-16 16:00:00,8.40,85,6.30,,0.20,7.60,360
2024-10-16 17:00:00,8.10,85,6.00,,0.00,7.20,360
2024-10-16 18:00:00,7.60,86,5.50,,0.00,6.20,353
2024-10-16 19:00:00,7.00,89,4.80,,0.00,7.20,357
2024-10-16 20:00:00,6.50,90,4.20,,0.00,7.60,360
2024-10-16 21:00:00,6.10,90,3.50,,0.00,8.30,2
2024-10-16 22:00:00,6.00,86,3.10,,0.00,9.60,13
2024-10-16 23:00:00,5.00,87,2.10,,0.00,8.30,2
2024-10-17 00:00:00,4.20,88,1.30,,0.00,7.60,357
2024-10-17 01:00:00,3.50,90,0.70,,0.00,7.30,351
2024-10-17 02:00:00,3.10,91,0.20,,0.00,7.70,349
2024-10-17 03:00:00,2.90,91,0.00,,0.00,7.00,348
2024-10-17 04:00:00,2.70,91,-0.30,,0.00,7.60,352
2024-10-17 05:00:00,2.50,92,-0.50,,0.00,7.60,355
2024-10-17 06:00:00,2.30,92,-0.80,,0.00,7.60,355
2024-10-17 07:00:00,2.10,92,-1.00,,0.00,7.60,357
2024-10-17 08:00:00,2.00,92,-1.10,,0.00,7.60,357
2024-10-17 09:00:00,2.90,90,-0.20,,0.00,7.90,357
2024-10-17 10:00:00,4.20,85,1.00,,0.00,9.00,360
2024-10-17 11:00:00,5.40,82,2.40,,0.00,9.40,2
2024-10-17 12:00:00,7.00,74,3.80,,0.00,10.10,360
2024-10-17 13:00:00,7.70,69,4.30,,0.00,11.60,7
2024-10-17 14:00:00,8.30,66,4.90,,0.00,10.80,2
2024-10-17 15:00:00,8.50,60,5.10,,0.00,10.10,2
2024-10-17 16:00:00,8.30,61,5.00,,0.00,9.70,360
2024-10-17 17:00:00,7.80,63,4.70,,0.00,7.60,357
2024-10-17 18:00:00,6.80,68,4.10,,0.00,5.50,349
2024-10-17 19:00:00,5.80,70,3.00,,0.00,5.40,352
2024-10-17 20:00:00,5.50,70,2.80,,0.00,4.30,355
2024-10-17 21:00:00,5.20,74,2.60,,0.00,4.30,355
2024-10-17 22:00:00,4.90,77,2.20,,0.00,4.70,360
2024-10-17 23:00:00,4.70,77,2.10,,0.00,4.00,360
2024-10-18 00:00:00,4.30,80,1.90,,0.00,3.60,360
2024-10-18 01:00:00,4.30,81,1.90,,0.00,3.30,354
2024-10-18 02:00:00,4.30,82,1.90,,0.00,3.30,354
2024-10-18 03:00:00,4.10,84,1.80,,0.00,3.00,346
2024-10-18 04:00:00,4.00,85,1.70,,0.00,3.30,354
2024-10-18 05:00:00,3.80,86,1.40,,0.00,3.60,6
2024-10-18 06:00:00,4.00,87,1.70,,0.00,3.30,354
2024-10-18 07:00:00,3.80,88,1.20,,0.00,5.70,18
2024-10-18 08:00:00,3.80,89,1.30,,0.00,5.10,4
2024-10-18 09:00:00,4.80,88,2.30,,0.00,6.10,28
2024-10-18 10:00:00,5.90,83,3.10,,0.00,8.40,43
2024-10-18 11:00:00,6.80,77,3.70,,0.00,10.00,52
2024-10-18 12:00:00,7.90,67,4.50,,0.00,11.50,49
2024-10-18 13:00:00,8.40,57,4.70,,0.00,11.20,42
2024-10-18 14:00:00,8.50,56,4.70,,0.00,11.80,40
2024-10-18 15:00:00,8.00,52,4.10,,0.00,11.30,37
2024-10-18 16:00:00,7.70,56,4.00,,0.00,10.60,35
2024-10-18 17:00:00,6.90,61,3.40,,0.00,8.80,35
2024-10-18 18:00:00,6.00,72,3.10,,0.00,6.30,31
2024-10-18 19:00:00,5.30,77,2.40,,0.00,6.90,39
2024-10-18 20:00:00,5.30,78,2.30,,0.00,7.40,43
2024-10-18 21:00:00,5.20,81,2.50,,0.00,6.70,36
2024-10-18 22:00:00,5.20,80,2.00,,0.00,9.50,61
2024-10-18 23:00:00,4.70,81,1.90,,0.00,6.90,43
2024-10-19 00:00:00,4.60,80,1.60,,0.00,7.60,45
2024-10-19 01:00:00,3.60,85,0.80,,0.00,6.50,34
2024-10-19 02:00:00,3.00,88,0.20,,0.00,6.00,25
2024-10-19 03:00:00,2.70,87,-0.20,,0.00,6.20,21
2024-10-19 04:00:00,2.30,90,-0.60,,0.00,6.40,16
2024-10-19 05:00:00,2.00,90,-1.10,,0.00,6.70,16
2024-10-19 06:00:00,1.90,89,-1.10,,0.00,6.70,16
2024-10-19 07:00:00,1.60,90,-1.50,,0.00,6.70,16
2024-10-19 08:00:00,1.60,89,-1.50,,0.00,7.10,15
2024-10-19 09:00:00,3.10,84,-0.10,,0.00,8.10,21
2024-10-19 10:00:00,4.60,76,1.20,,0.00,9.70,27
2024-10-19 11:00:00,6.10,71,2.70,,0.00,10.00,30
2024-10-19 12:00:00,6.40,71,3.00,,0.00,10.40,34
2024-10-19 13:00:00,7.00,66,3.30,,0.00,11.80,38
2024-10-19 14:00:00,7.00,66,3.40,,0.00,11.10,29
2024-10-19 15:00:00,6.60,63,2.90,,0.00,10.90,27
2024-10-19 16:00:00,6.40,65,2.90,,0.00,10.20,23
2024-10-19 17:00:00,5.90,67,2.40,,0.00,9.40,18
2024-10-19 18:00:00,5.40,69,2.20,,0.00,7.30,11
2024-10-19 19:00:00,5.00,72,1.90,,0.00,6.50,6
2024-10-19 20:00:00,4.40,74,1.50,,0.00,5.40,8
2024-10-19 21:00:00,3.20,80,0.20,,0.00,5.50,11
2024-10-19 22:00:00,2.60,82,-0.30,,0.00,5.40,8
2024-10-19 23:00:00,2.30,85,-0.60,,0.00,5.00,360
2024-10-20 00:00:00,1.80,88,-1.10,,0.00,5.10,356
2024-10-20 01:00:00,1.80,87,-1.20,,0.00,5.80,360
2024-10-20 02:00:00,1.50,89,-1.50,,0.00,5.80,360
2024-10-20 03:00:00,1.20,92,-1.70,,0.00,5.20,348
2024-10-20 04:00:00,1.00,92,-2.00,,0.00,5.80,353
2024-10-20 05:00:00,0.90,92,-2.10,,0.00,5.80,356
2024-10-20 06:00:00,0.70,92,-2.40,,0.00,5.80,356
2024-10-20 07:00:00,0.50,92,-2.60,,0.00,5.40,356
2024-10-20 08:00:00,0.50,92,-2.60,,0.00,5.90,349
2024-10-20 09:00:00,2.00,88,-0.90,,0.00,5.80,356
2024-10-20 10:00:00,3.80,81,0.80,,0.00,6.80,3
2024-10-20 11:00:00,5.60,76,2.70,,0.00,7.30,11
2024-10-20 12:00:00,8.10,66,5.20,,0.00,7.60,5
2024-10-20 13:00:00,9.20,64,6.30,,0.00,8.30,360
2024-10-20 14:00:00,10.10,64,7.40,,0.00,8.50,348
2024-10-20 15:00:00,10.90,58,8.00,,0.00,8.80,341
2024-10-20 16:00:00,10.70,61,7.80,,0.00,8.90,339
2024-10-20 17:00:00,9.80,66,7.30,,0.00,6.90,332
2024-10-20 18:00:00,8.80,72,6.40,,0.00,6.50,326
2024-10-20 19:00:00,7.70,76,5.20,,0.00,7.20,333
2024-10-20 20:00:00,7.10,79,4.50,,0.00,7.80,338
2024-10-20 21:00:00,6.50,82,3.90,,0.00,8.00,342
2024-10-20 22:00:00,6.10,83,3.40,,0.00,7.90,344
2024-10-20 23:00:00,5.80,83,3.10,,0.00,7.40,346
2024-10-21 00:00:00,5.30,84,2.60,,0.00,7.10,345
2024-10-21 01:00:00,5.00,83,2.40,,0.00,6.30,347
2024-10-21 02:00:00,4.90,82,2.20,,0.00,5.90,346
2024-10-21 03:00:00,4.70,82,2.10,,0.00,5.80,356
2024-10-21 04:00:00,4.50,81,2.00,,0.00,4.50,346
2024-10-21 05:00:00,4.40,80,1.80,,0.00,4.60,342
2024-10-21 06:00:00,3.90,84,1.30,,0.00,4.50,331
2024-10-21 07:00:00,3.70,82,1.00,,0.00,5.30,332
2024-10-21 08:00:00,3.50,85,0.60,,0.00,6.60,338
2024-10-21 09:00:00,4.80,83,1.90,,0.00,7.40,346
2024-10-21 10:00:00,6.70,76,3.90,,0.00,7.60,352
2024-10-21 11:00:00,8.80,70,6.40,,0.00,6.60,347
2024-10-21 12:00:00,11.80,54,9.20,,0.00,6.90,351
2024-10-21 13:00:00,13.20,50,10.50,,0.00,6.80,342
2024-10-21 14:00:00,14.10,49,11.60,,0.00,6.80,328
2024-10-21 15:00:00,14.70,46,12.20,,0.00,6.50,326
2024-10-21 16:00:00,14.20,49,11.90,,0.00,5.90,322
2024-10-21 17:00:00,12.60,58,10.60,,0.00,4.30,318
2024-10-21 18:00:00,11.20,64,9.30,,0.00,3.60,323
2024-10-21 19:00:00,10.00,68,8.10,,0.00,3.60,315
2024-10-21 20:00:00,9.40,69,7.50,,0.00,3.60,315
2024-10-21 21:00:00,9.00,70,7.10,,0.00,3.10,315
2024-10-21 22:00:00,8.60,68,6.60,,0.00,2.60,304
2024-10-21 23:00:00,8.20,69,6.20,,0.00,2.70,293
2024-10-22 00:00:00,7.50,73,5.50,,0.00,2.70,293
2024-10-22 01:00:00,7.10,73,4.90,,0.00,2.90,270
2024-10-22 02:00:00,6.50,75,4.30,,0.00,3.40,238
2024-10-22 03:00:00,5.40,79,3.10,,0.00,3.10,225
2024-10-22 04:00:00,4.70,81,2.30,,0.00,3.90,214
2024-10-22 05:00:00,3.80,84,1.30,,0.00,3.90,202
2024-10-22 06:00:00,2.70,89,0.20,,0.00,4.00,207
2024-10-22 07:00:00,2.30,91,-0.30,,0.00,4.00,207
2024-10-22 08:00:00,1.80,93,-0.80,,0.00,4.30,204
2024-10-22 09:00:00,3.20,89,0.60,,0.00,4.80,207
2024-10-22 10:00:00,5.60,79,2.90,,0.00,6.40,218
2024-10-22 11:00:00,8.10,70,5.20,,0.00,8.90,227
2024-10-22 12:00:00,11.30,59,8.40,,0.00,9.40,230
2024-10-22 13:00:00,12.80,56,10.00,,0.00,9.90,226
2024-10-22 14:00:00,14.00,53,11.10,,0.00,10.70,228
2024-10-22 15:00:00,15.30,45,12.20,,0.00,10.60,235
2024-10-22 16:00:00,14.80,48,12.10,,0.00,9.00,233
2024-10-22 17:00:00,13.10,56,10.90,,0.00,6.40,223
2024-10-22 18:00:00,11.80,60,9.60,,0.00,5.10,219
2024-10-22 19:00:00,10.50,63,8.30,,0.00,5.10,219
2024-10-22 20:00:00,9.70,65,7.30,,0.00,5.50,212
2024-10-22 21:00:00,9.30,69,7.00,,0.00,5.60,220
2024-10-22 22:00:00,9.00,68,6.50,,0.00,6.40,218
2024-10-22 23:00:00,8.40,70,5.80,,0.00,7.10,221
2024-10-23 00:00:00,8.30,70,5.70,,0.00,7.10,221
2024-10-23 01:00:00,8.20,70,5.50,,0.00,7.40,223
2024-10-23 02:00:00,7.90,72,5.20,,0.00,7.70,221
2024-10-23 03:00:00,8.00,72,5.30,,0.00,7.10,221
2024-10-23 04:00:00,7.50,74,4.90,,0.00,7.10,221
2024-10-23 05:00:00,7.30,76,4.60,,0.00,7.40,219
2024-10-23 06:00:00,7.00,78,4.30,,0.00,7.90,219
2024-10-23 07:00:00,6.50,80,3.70,,0.00,8.70,225
2024-10-23 08:00:00,6.00,84,3.20,,0.00,8.70,228
2024-10-23 09:00:00,6.80,80,4.00,,0.00,9.10,236
2024-10-23 10:00:00,8.60,74,5.60,,0.00,11.00,247
2024-10-23 11:00:00,10.50,69,7.50,,0.00,12.00,254
2024-10-23 12:00:00,12.00,68,9.40,,0.00,11.70,261
2024-10-23 13:00:00,13.20,66,10.40,,0.00,13.70,275
2024-10-23 14:00:00,12.60,72,9.90,,0.00,14.70,292
2024-10-23 15:00:00,12.20,78,9.90,,0.00,12.60,301
2024-10-23 16:00:00,12.30,75,9.70,,0.00,14.00,314
2024-10-23 17:00:00,12.10,76,10.10,,0.00,10.30,295
2024-10-23 18:00:00,11.40,75,9.20,,0.00,10.00,296
2024-10-23 19:00:00,10.90,71,8.20,,0.00,11.50,319
2024-10-23 20:00:00,9.40,76,7.20,,0.00,6.80,295
2024-10-23 21:00:00,8.50,78,6.00,,0.00,8.10,291
2024-10-23 22:00:00,7.80,80,5.30,,0.00,8.10,291
2024-10-23 23:00:00,7.70,80,5.10,,0.00,8.40,290
2024-10-24 00:00:00,7.50,81,5.00,,0.00,7.80,292
2024-10-24 01:00:00,6.70,85,4.30,,0.00,7.20,297
2024-10-24 02:00:00,6.00,88,3.60,,0.00,7.30,290
2024-10-24 03:00:00,5.60,89,3.20,,0.00,6.60,292
2024-10-24 04:00:00,5.20,90,2.70,,0.00,7.00,291
2024-10-24 05:00:00,4.80,90,2.30,,0.00,6.80,288
2024-10-24 06:00:00,4.40,92,1.70,,0.00,7.30,281
2024-10-24 07:00:00,4.00,93,1.20,,0.00,7.80,283
2024-10-24 08:00:00,3.80,94,1.00,,0.00,8.00,280
2024-10-24 09:00:00,4.70,92,1.80,,0.00,9.80,278
2024-10-24 10:00:00,6.00,86,2.90,,0.00,11.20,285
2024-10-24 11:00:00,7.10,82,4.00,,0.00,11.40,281
2024-10-24 12:00:00,7.70,81,4.60,,0.00,12.70,285
2024-10-24 13:00:00,7.80,79,4.30,,0.00,14.80,288
2024-10-24 14:00:00,7.90,78,4.40,,0.00,14.70,292
2024-10-24 15:00:00,7.80,77,4.50,,0.00,12.80,292
2024-10-24 16:00:00,7.60,79,4.30,,0.00,12.90,288
2024-10-24 17:00:00,7.30,81,4.60,,0.00,9.40,274
2024-10-24 18:00:00,7.70,82,5.00,,0.00,10.00,291
2024-10-24 19:00:00,7.90,80,5.10,,0.00,10.00,296
2024-10-24 20:00:00,7.80,80,5.10,,0.00,9.40,288
2024-10-24 21:00:00,7.80,82,5.20,,0.00,9.30,283
2024-10-24 22:00:00,7.70,84,5.10,,0.00,9.30,286
2024-10-24 23:00:00,7.70,86,5.30,,0.00,8.70,287
2024-10-25 00:00:00,7.90,87,5.60,,0.00,8.60,292
2024-10-25 01:00:00,7.80,90,5.60,,0.00,8.60,285
2024-10-25 02:00:00,7.90,90,5.70,,0.00,9.00,286
2024-10-25 03:00:00,8.00,90,5.80,,0.00,9.10,288
2024-10-25 04:00:00,7.90,91,5.60,,0.00,9.10,288
2024-10-25 05:00:00,7.80,92,5.70,,0.00,8.60,292
2024-10-25 06:00:00,8.20,90,6.10,,0.00,8.80,289
2024-10-25 07:00:00,8.00,92,5.90,,0.00,8.40,290
2024-10-25 08:00:00,7.90,92,5.80,,0.00,8.40,290
2024-10-25 09:00:00,8.60,89,6.40,,0.00,9.20,296
2024-10-25 10:00:00,9.30,86,7.10,,0.00,9.40,302
2024-10-25 11:00:00,10.00,83,7.80,,0.00,10.50,311
2024-10-25 12:00:00,10.40,82,8.10,,0.00,11.00,311
2024-10-25 13:00:00,11.00,78,8.40,,0.00,12.50,319
2024-10-25 14:00:00,10.70,78,8.50,,0.00,9.70,321
2024-10-25 15:00:00,10.70,80,8.60,,0.00,10.20,321
2024-10-25 16:00:00,10.60,80,8.50,,0.00,9.70,321
2024-10-25 17:00:00,10.30,83,8.50,,0.00,7.70,323
2024-10-25 18:00:00,9.90,86,8.20,,0.00,7.10,311
2024-10-25 19:00:00,9.60,88,8.00,,0.00,7.00,305
2024-10-25 20:00:00,9.30,89,7.60,,0.00,7.30,303
2024-10-25 21:00:00,8.80,90,7.30,,0.00,5.60,315
2024-10-25 22:00:00,8.50,92,7.10,,0.00,4.60,321
2024-10-25 23:00:00,8.30,93,6.90,,0.00,4.60,315
2024-10-26 00:00:00,8.10,94,6.80,,0.00,3.80,319
2024-10-26 01:00:00,8.10,94,6.80,,0.00,3.60,315
2024-10-26 02:00:00,7.90,94,6.70,,0.00,2.80,310
2024-10-26 03:00:00,7.70,94,6.50,,0.00,2.30,309
2024-10-26 04:00:00,7.50,94,6.40,,0.00,2.00,315
2024-10-26 05:00:00,7.40,94,6.20,,0.00,1.80,307
2024-10-26 06:00:00,7.40,94,6.20,,0.00,1.50,315
2024-10-26 07:00:00,7.30,94,6.20,,0.00,1.60,297
2024-10-26 08:00:00,7.20,95,6.10,,0.00,1.80,259
2024-10-26 09:00:00,7.90,94,6.80,,0.00,2.10,239
2024-10-26 10:00:00,8.80,90,7.50,,0.00,3.50,246
2024-10-26 11:00:00,9.80,86,8.60,,0.00,4.10,232
2024-10-26 12:00:00,10.80,83,9.50,,0.00,4.80,222
2024-10-26 13:00:00,11.30,77,9.80,,0.00,5.90,227
2024-10-26 14:00:00,11.40,76,9.80,,0.00,5.90,223
2024-10-26 15:00:00,11.50,73,9.80,,0.00,6.10,220
2024-10-26 16:00:00,11.10,74,9.30,,0.00,6.40,223
2024-10-26 17:00:00,10.50,77,9.00,,0.00,4.30,222
2024-10-26 18:00:00,9.40,82,7.90,,0.00,4.10,225
2024-10-26 19:00:00,8.60,83,7.10,,0.00,3.10,216
2024-10-26 20:00:00,7.90,84,6.20,,0.00,3.20,207
2024-10-26 21:00:00,7.70,86,6.10,,0.00,3.40,198
2024-10-26 22:00:00,7.80,87,6.10,,0.00,3.90,202
2024-10-26 23:00:00,7.60,88,5.80,,0.00,5.00,210
2024-10-27 00:00:00,6.90,91,5.20,,0.00,4.20,211
2024-10-27 01:00:00,6.50,89,4.70,,0.00,3.50,204
2024-10-27 02:00:00,6.20,88,4.30,,0.00,3.40,198
2024-10-27 03:00:00,6.00,88,4.10,,0.00,3.30,186
2024-10-27 04:00:00,5.90,88,3.90,,0.10,4.00,185
2024-10-27 05:00:00,5.80,89,3.70,,0.00,4.70,184
2024-10-27 06:00:00,5.70,89,3.50,,0.10,5.80,184
2024-10-27 07:00:00,5.30,89,2.90,,0.00,6.20,190
2024-10-27 08:00:00,5.00,90,2.60,,0.00,5.90,194
2024-10-27 09:00:00,5.40,89,2.90,,0.00,6.70,196
2024-10-27 10:00:00,6.40,86,3.80,,0.00,8.10,201
2024-10-27 11:00:00,7.20,83,4.40,,0.00,9.70,202
2024-10-27 12:00:00,9.10,75,6.40,,0.00,9.50,205
2024-10-27 13:00:00,9.60,74,7.10,,0.00,9.00,196
2024-10-27 14:00:00,10.20,72,7.70,,0.00,8.80,189
2024-10-27 15:00:00,10.90,68,8.60,,0.00,7.90,183
2024-10-27 16:00:00,10.70,69,8.40,,0.00,7.20,177
2024-10-27 17:00:00,10.10,73,8.10,,0.00,5.60,165
2024-10-27 18:00:00,9.20,77,7.30,,0.00,5.50,169
2024-10-27 19:00:00,8.60,79,6.50,,0.00,5.80,180
2024-10-27 20:00:00,8.20,80,6.10,,0.00,5.80,187
2024-10-27 21:00:00,7.70,83,5.80,,0.00,5.10,188
2024-10-27 22:00:00,7.50,83,5.70,,0.00,4.00,190
2024-10-27 23:00:00,7.10,86,5.30,,0.00,3.60,186
2024-10-28 00:00:00,6.40,88,4.60,,0.00,3.20,180
2024-10-28 01:00:00,6.00,89,4.20,,0.00,2.90,187
2024-10-28 02:00:00,5.60,90,3.80,,0.00,2.90,187
2024-10-28 03:00:00,5.30,93,3.70,,0.00,1.50,194
2024-10-28 04:00:00,5.00,95,3.40,,0.00,1.50,194
2024-10-28 05:00:00,4.70,97,3.10,,0.00,1.50,194
2024-10-28 06:00:00,4.40,100,2.80,,0.00,1.50,256
2024-10-28 07:00:00,3.90,100,2.10,,0.00,1.80,259
2024-10-28 08:00:00,3.30,100,1.50,,0.00,1.60,297
2024-10-28 09:00:00,3.70,100,1.90,,0.00,1.80,323
2024-10-28 10:00:00,4.70,100,3.30,,0.00,0.40,270
2024-10-28 11:00:00,5.70,100,4.10,,0.00,3.30,257
2024-10-28 12:00:00,7.60,93,6.30,,0.00,3.30,186
2024-10-28 13:00:00,9.30,88,7.80,,0.00,5.20,254
2024-10-28 14:00:00,10.40,84,8.90,,0.00,6.00,253
2024-10-28 15:00:00,11.40,78,10.10,,0.00,5.00,249
2024-10-28 16:00:00,11.30,78,10.00,,0.00,4.90,234
2024-10-28 17:00:00,10.30,85,9.10,,0.00,4.60,231
2024-10-28 18:00:00,9.60,88,8.40,,0.00,3.90,248
2024-10-28 19:00:00,9.50,88,8.40,,0.00,3.30,264
2024-10-28 20:00:00,9.70,88,8.60,,0.00,3.10,291
2024-10-28 21:00:00,10.00,87,9.10,,0.00,2.80,310
2024-10-28 22:00:00,9.90,89,8.60,,0.00,5.40,307
2024-10-28 23:00:00,9.60,91,8.20,,0.00,6.40,313
2024-10-29 00:00:00,9.30,92,7.80,,0.00,6.40,308
2024-10-29 01:00:00,8.60,93,7.00,,0.00,6.40,308
2024-10-29 02:00:00,8.00,94,6.40,,0.00,5.90,313
2024-10-29 03:00:00,7.30,94,5.50,,0.00,6.10,315
2024-10-29 04:00:00,6.50,95,4.60,,0.00,5.90,313
2024-10-29 05:00:00,6.00,94,4.00,,0.00,5.40,312
2024-10-29 06:00:00,5.40,94,3.60,,0.00,3.40,302
2024-10-29 07:00:00,5.00,94,3.00,,0.00,4.00,275
2024-10-29 08:00:00,4.70,94,2.50,,0.00,5.20,286
2024-10-29 09:00:00,5.00,93,2.70,,0.00,6.30,283
2024-10-29 10:00:00,5.90,87,3.30,,0.00,7.70,298
2024-10-29 11:00:00,7.20,81,4.70,,0.00,7.60,295
2024-10-29 12:00:00,9.00,72,6.40,,0.00,7.90,300
2024-10-29 13:00:00,9.80,67,6.90,,0.00,9.90,314
2024-10-29 14:00:00,10.20,64,7.30,,0.00,9.70,312
2024-10-29 15:00:00,10.50,60,7.50,,0.00,9.20,315
2024-10-29 16:00:00,10.00,62,7.20,,0.00,7.90,313
2024-10-29 17:00:00,9.00,67,6.60,,0.00,5.40,312
2024-10-29 18:00:00,7.80,72,5.70,,0.00,3.30,311
2024-10-29 19:00:00,7.00,75,4.90,,0.00,3.40,302
2024-10-29 20:00:00,6.40,75,4.20,,0.00,3.30,311
2024-10-29 21:00:00,6.10,76,3.90,,0.00,2.80,310
2024-10-29 22:00:00,5.60,77,3.40,,0.00,2.40,297
2024-10-29 23:00:00,5.40,78,3.10,,0.00,2.80,310
2024-10-30 00:00:00,5.10,82,3.10,,0.00,1.60,297
2024-10-30 01:00:00,4.80,83,2.80,,0.00,1.40,270
2024-10-30 02:00:00,4.50,86,2.50,,0.00,1.50,225
2024-10-30 03:00:00,4.10,87,2.10,,0.00,1.80,191
2024-10-30 04:00:00,3.90,89,1.60,,0.00,3.40,198
2024-10-30 05:00:00,4.00,88,1.70,,0.00,3.70,209
2024-10-30 06:00:00,3.80,88,1.50,,0.00,3.20,207
2024-10-30 07:00:00,3.70,88,1.40,,0.00,2.70,203
2024-10-30 08:00:00,3.70,88,1.40,,0.00,3.70,191
2024-10-30 09:00:00,4.10,89,1.50,,0.00,5.90,194
2024-10-30 10:00:00,5.60,83,2.80,,0.00,7.90,210
2024-10-30 11:00:00,7.40,76,4.50,,0.00,9.00,209
2024-10-30 12:00:00,8.40,76,5.70,,0.00,9.00,209
2024-10-30 13:00:00,9.00,73,6.00,,0.00,10.80,210
2024-10-30 14:00:00,9.70,71,6.90,,0.00,10.30,205
2024-10-30 15:00:00,10.70,67,7.70,,0.00,11.70,214
2024-10-30 16:00:00,10.50,70,7.60,,0.00,11.50,212
2024-10-30 17:00:00,10.00,74,7.20,,0.00,11.90,215
2024-10-30 18:00:00,9.40,80,6.80,,0.00,11.00,218
2024-10-30 19:00:00,9.10,84,6.50,,0.00,11.70,223
2024-10-30 20:00:00,8.90,89,6.30,,0.00,12.50,224
2024-10-30 21:00:00,9.00,91,6.60,,0.00,12.00,226
2024-10-30 22:00:00,9.10,93,6.60,,0.00,13.00,226
2024-10-30 23:00:00,9.30,94,6.90,,0.00,13.00,231
2024-10-31 00:00:00,9.60,95,7.50,,0.00,12.50,231
2024-10-31 01:00:00,10.10,96,8.00,,0.00,13.00,242
2024-10-31 02:00:00,10.50,95,8.20,,0.00,15.20,248
2024-10-31 03:00:00,10.90,93,9.00,,0.00,12.80,254
2024-10-31 04:00:00,11.00,91,8.60,,0.10,16.10,260
2024-10-31 05:00:00,11.10,85,8.40,,0.00,16.00,278
2024-10-31 06:00:00,10.50,85,7.80,,0.00,15.50,295
2024-10-31 07:00:00,10.00,82,7.10,,0.00,14.30,311
2024-10-31 08:00:00,8.80,69,6.10,,0.00,8.30,342
2024-10-31 09:00:00,8.00,79,6.00,,0.00,5.20,295
2024-10-31 10:00:00,8.50,79,6.20,,0.00,7.60,289
2024-10-31 11:00:00,8.70,78,5.60,,0.00,13.20,313
2024-10-31 12:00:00,9.20,73,6.10,,0.00,12.10,307
2024-10-31 13:00:00,9.30,68,5.80,,0.00,13.80,311
2024-10-31 14:00:00,9.20,70,6.00,,0.00,12.10,307
2024-10-31 15:00:00,9.10,68,5.70,,0.00,12.50,303
2024-10-31 16:00:00,8.60,65,5.40,,0.00,10.50,292
2024-10-31 17:00:00,7.70,72,5.00,,0.00,6.90,276
2024-10-31 18:00:00,6.60,78,4.10,,0.00,5.80,266
2024-10-31 19:00:00,5.90,82,3.60,,0.00,4.80,257
2024-10-31 20:00:00,5.40,84,3.00,,0.00,4.80,243
2024-10-31 21:00:00,5.30,85,2.90,,0.00,5.40,233
2024-10-31 22:00:00,5.50,86,2.90,,0.00,7.10,229
2024-10-31 23:00:00,5.70,87,3.10,,0.00,7.90,227
2024-11-01 00:00:00,6.20,85,3.50,,0.00,8.40,227
2024-11-01 01:00:00,6.40,84,3.40,,0.00,10.50,221
2024-11-01 02:00:00,6.50,84,3.40,,0.00,11.50,219
2024-11-01 03:00:00,6.70,87,3.70,,0.10,11.70,227
2024-11-01 04:00:00,6.80,90,3.80,,0.20,12.00,231
2024-11-01 05:00:00,6.90,90,3.80,,0.00,13.30,232
2024-11-01 06:00:00,7.10,92,4.10,,0.10,14.00,235
2024-11-01 07:00:00,7.30,91,4.00,,0.20,15.60,247
2024-11-01 08:00:00,7.40,90,4.10,,0.00,15.50,248
2024-11-01 09:00:00,7.50,90,4.30,,0.10,15.50,245
2024-11-01 10:00:00,7.70,90,4.50,,0.20,15.30,240
2024-11-01 11:00:00,7.90,90,4.50,,0.80,16.60,243
2024-11-01 12:00:00,8.60,88,5.30,,0.00,16.50,250
2024-11-01 13:00:00,9.00,87,5.70,,0.00,17.10,242
2024-11-01 14:00:00,9.90,82,6.30,,0.00,19.30,249
2024-11-01 15:00:00,10.30,81,6.90,,0.00,18.30,250
2024-11-01 16:00:00,10.50,79,6.90,,0.00,19.60,257
2024-11-01 17:00:00,10.60,78,7.10,,0.00,18.90,249
2024-11-01 18:00:00,10.60,79,7.00,,0.00,19.80,260
2024-11-01 19:00:00,10.40,79,7.00,,0.00,18.30,260
2024-11-01 20:00:00,10.60,79,7.10,,0.00,18.60,255
2024-11-01 21:00:00,11.00,76,7.40,,0.00,19.60,253
2024-11-01 22:00:00,10.80,78,7.20,,0.00,19.70,252
2024-11-01 23:00:00,10.60,80,7.00,,0.00,19.40,248
2024-11-02 00:00:00,10.60,80,7.00,,0.00,20.30,250
2024-11-02 01:00:00,10.60,80,6.80,,0.00,21.10,250
2024-11-02 02:00:00,10.70,80,6.90,,0.00,21.30,254
2024-11-02 03:00:00,11.00,78,7.20,,0.00,21.30,254
2024-11-02 04:00:00,11.10,78,7.20,,0.00,22.40,255
2024-11-02 05:00:00,11.10,78,7.30,,0.00,21.00,263
2024-11-02 06:00:00,10.70,82,7.30,,0.40,19.60,277
2024-11-02 07:00:00,9.50,64,5.30,,0.40,17.70,294
2024-11-02 08:00:00,7.80,59,3.00,,0.00,18.70,300
2024-11-02 09:00:00,6.70,56,1.60,,0.00,18.70,304
2024-11-02 10:00:00,6.40,62,1.20,,0.00,20.20,309
2024-11-02 11:00:00,6.30,60,1.20,,0.00,19.20,310
2024-11-02 12:00:00,6.00,55,0.60,,0.00,20.20,309
2024-11-02 13:00:00,5.80,53,0.20,,0.00,20.70,309
2024-11-02 14:00:00,5.60,53,0.10,,0.00,20.40,306
2024-11-02 15:00:00,5.70,50,-0.10,,0.00,21.10,307
2024-11-02 16:00:00,5.30,53,-0.00,,0.00,18.20,300
2024-11-02 17:00:00,4.60,55,-0.50,,0.00,16.70,303
2024-11-02 18:00:00,4.10,61,-1.10,,0.00,18.00,307
2024-11-02 19:00:00,3.00,72,-1.70,,0.10,15.80,300
2024-11-02 20:00:00,3.00,76,-1.40,,0.00,14.40,302
2024-11-02 21:00:00,3.00,77,-1.30,,0.00,14.00,299
2024-11-02 22:00:00,3.00,78,-1.50,,0.00,15.30,304
2024-11-02 23:00:00,2.80,78,-1.60,,0.00,14.60,310
2024-11-03 00:00:00,2.40,80,-2.20,,0.10,16.30,317
2024-11-03 01:00:00,2.20,77,-2.60,,0.10,16.40,320
2024-11-03 02:00:00,1.90,73,-2.70,,0.00,14.20,324
2024-11-03 03:00:00,1.90,82,-2.10,,0.00,11.80,297
2024-11-03 04:00:00,1.90,78,-2.20,,0.00,11.90,295
2024-11-03 05:00:00,1.80,78,-2.60,,0.00,14.00,299
2024-11-03 06:00:00,1.70,75,-2.80,,0.00,13.70,300
2024-11-03 07:00:00,1.60,76,-3.00,,0.00,14.80,311
2024-11-03 08:00:00,1.40,75,-3.00,,0.00,13.30,311
2024-11-03 09:00:00,1.70,76,-2.60,,0.00,13.30,303
2024-11-03 10:00:00,2.10,66,-2.90,,0.00,16.00,316
2024-11-03 11:00:00,2.60,63,-2.50,,0.00,16.60,321
2024-11-03 12:00:00,3.40,55,-1.70,,0.00,16.20,323
2024-11-03 13:00:00,3.80,54,-1.20,,0.00,15.30,309
2024-11-03 14:00:00,3.90,57,-0.70,,0.00,13.70,288
2024-11-03 15:00:00,4.00,53,-0.80,,0.00,13.60,282
2024-11-03 16:00:00,3.50,54,-1.10,,0.00,12.70,277
2024-11-03 17:00:00,3.00,53,-1.30,,0.00,9.70,272
2024-11-03 18:00:00,2.70,63,-1.00,,0.00,7.30,250
2024-11-03 19:00:00,2.50,67,-1.50,,0.00,9.60,236
2024-11-03 20:00:00,2.40,74,-1.60,,0.00,10.50,232
2024-11-03 21:00:00,2.60,72,-1.50,,0.00,11.50,226
2024-11-03 22:00:00,2.80,70,-1.60,,0.00,13.50,224
2024-11-03 23:00:00,3.00,67,-2.00,,0.00,17.10,229
2024-11-04 00:00:00,2.90,69,-2.70,,0.20,21.70,238
2024-11-04 01:00:00,2.10,77,-3.40,,0.60,21.30,242
2024-11-04 02:00:00,1.80,82,-3.50,,0.70,20.80,236
2024-11-04 03:00:00,2.10,82,-3.00,,0.60,19.50,236
2024-11-04 04:00:00,2.70,79,-2.70,,0.70,22.10,246
2024-11-04 05:00:00,2.90,82,-2.20,,0.90,20.50,255
2024-11-04 06:00:00,3.80,82,-1.10,,0.20,20.30,264
2024-11-04 07:00:00,4.60,82,-0.30,,0.00,21.00,286
2024-11-04 08:00:00,4.50,70,-1.20,,0.00,24.00,313
2024-11-04 09:00:00,3.90,69,-2.10,,0.00,25.10,321
2024-11-04 10:00:00,2.80,72,-3.20,,0.10,25.20,323
2024-11-04 11:00:00,2.60,71,-3.50,,0.00,25.10,325
2024-11-04 12:00:00,2.50,69,-3.70,,0.00,25.80,327
2024-11-04 13:00:00,2.80,65,-3.70,,0.00,27.00,333
2024-11-04 14:00:00,1.90,77,-4.00,,0.20,24.30,328
2024-11-04 15:00:00,2.80,64,-3.60,,0.00,26.00,341
2024-11-04 16:00:00,2.50,64,-3.50,,0.10,22.70,340
2024-11-04 17:00:00,1.80,65,-3.90,,0.00,20.60,335
2024-11-04 18:00:00,1.40,72,-3.90,,0.00,19.20,334
2024-11-04 19:00:00,1.30,67,-4.10,,0.00,18.60,342
2024-11-04 20:00:00,1.00,68,-4.20,,0.00,17.10,342
2024-11-04 21:00:00,0.50,69,-4.80,,0.00,17.60,334
2024-11-04 22:00:00,-0.10,71,-5.50,,0.00,18.10,339
2024-11-04 23:00:00,-0.30,68,-5.50,,0.00,16.30,338
2024-11-05 00:00:00,-0.40,65,-5.50,,0.00,14.80,337
2024-11-05 01:00:00,-0.80,69,-5.40,,0.00,11.60,330
2024-11-05 02:00:00,-1.20,72,-5.60,,0.00,10.20,318
2024-11-05 03:00:00,-1.20,72,-5.30,,0.00,8.90,313
2024-11-05 04:00:00,-1.60,76,-5.70,,0.00,8.70,300
2024-11-05 05:00:00,-2.00,80,-6.20,,0.00,9.50,295
2024-11-05 06:00:00,-2.20,82,-6.40,,0.00,9.70,297
2024-11-05 07:00:00,-2.40,83,-6.70,,0.00,10.20,293
2024-11-05 08:00:00,-2.60,85,-6.80,,0.00,9.90,289
2024-11-05 09:00:00,-2.30,85,-6.50,,0.00,9.60,283
2024-11-05 10:00:00,-1.20,80,-5.60,,0.00,11.30,287
2024-11-05 11:00:00,0.00,74,-4.40,,0.00,12.20,284
2024-11-05 12:00:00,1.60,68,-2.80,,0.00,11.60,277
2024-11-05 13:00:00,2.40,63,-2.30,,0.00,13.50,279
2024-11-05 14:00:00,2.50,71,-1.90,,0.00,13.30,273
2024-11-05 15:00:00,2.80,72,-1.40,,0.00,12.20,272
2024-11-05 16:00:00,3.00,72,-1.20,,0.00,12.10,260
2024-11-05 17:00:00,2.60,77,-1.20,,0.00,10.40,256
2024-11-05 18:00:00,2.90,80,-0.90,,0.00,11.10,257
2024-11-05 19:00:00,3.00,80,-0.80,,0.10,11.00,259
2024-11-05 20:00:00,3.10,81,-0.60,,0.10,10.90,261
2024-11-05 21:00:00,3.20,86,-0.40,,0.30,10.80,268
2024-11-05 22:00:00,3.30,88,-0.10,,0.30,10.80,270
2024-11-05 23:00:00,3.40,90,0.00,,0.30,10.50,262
2024-11-06 00:00:00,3.70,92,0.40,,0.40,10.90,264
2024-11-06 01:00:00,3.90,92,0.50,,0.40,11.50,268
2024-11-06 02:00:00,4.00,92,0.60,,0.30,11.90,268
2024-11-06 03:00:00,4.30,92,1.00,,0.20,11.90,270
2024-11-06 04:00:00,4.50,92,1.00,,0.20,13.00,272
2024-11-06 05:00:00,4.70,93,1.30,,0.20,13.00,273
2024-11-06 06:00:00,5.10,92,1.80,,0.20,12.80,281
2024-11-06 07:00:00,5.10,92,1.80,,0.10,13.10,286
2024-11-06 08:00:00,5.10,92,1.80,,0.00,12.50,288
2024-11-06 09:00:00,5.40,92,2.20,,0.00,12.20,289
2024-11-06 10:00:00,5.90,90,2.70,,0.00,12.50,288
2024-11-06 11:00:00,6.60,88,3.60,,0.00,12.20,289
2024-11-06 12:00:00,7.30,88,4.30,,0.00,12.30,285
2024-11-06 13:00:00,7.70,87,4.90,,0.00,12.20,284
2024-11-06 14:00:00,7.90,86,5.10,,0.00,12.10,287
2024-11-06 15:00:00,7.70,87,4.80,,0.00,12.30,285
2024-11-06 16:00:00,7.60,88,4.80,,0.00,11.90,284
2024-11-06 17:00:00,7.40,89,4.60,,0.00,11.30,287
2024-11-06 18:00:00,7.40,89,4.70,,0.00,10.80,285
2024-11-06 19:00:00,7.10,91,4.40,,0.00,11.50,274
2024-11-06 20:00:00,7.10,90,4.20,,0.00,12.60,275
2024-11-06 21:00:00,7.00,89,3.90,,0.00,13.30,273
2024-11-06 22:00:00,6.80,88,3.60,,0.00,13.80,279
2024-11-06 23:00:00,6.70,89,3.80,,0.00,11.60,275
2024-11-07 00:00:00,6.60,91,3.80,,0.00,11.00,293
2024-11-07 01:00:00,6.60,91,3.60,,0.00,12.60,297
2024-11-07 02:00:00,6.50,92,3.60,,0.00,12.30,302
2024-11-07 03:00:00,6.20,91,3.30,,0.00,11.40,305
2024-11-07 04:00:00,6.30,92,3.60,,0.00,10.00,300
2024-11-07 05:00:00,6.30,91,3.80,,0.00,8.90,297
2024-11-07 06:00:00,6.40,90,3.90,,0.00,9.00,299
2024-11-07 07:00:00,6.30,89,3.70,,0.00,8.90,302
2024-11-07 08:00:00,6.20,90,3.50,,0.00,9.70,301
2024-11-07 09:00:00,6.20,90,3.80,,0.00,7.90,294
2024-11-07 10:00:00,6.60,87,4.10,,0.00,8.30,272
2024-11-07 11:00:00,7.20,82,4.50,,0.00,9.10,277
2024-11-07 12:00:00,7.30,83,4.50,,0.00,10.50,297
2024-11-07 13:00:00,7.50,84,4.80,,0.00,10.00,296
2024-11-07 14:00:00,7.70,84,5.20,,0.00,8.90,297
2024-11-07 15:00:00,7.70,81,5.20,,0.00,8.70,300
2024-11-07 16:00:00,7.50,83,5.10,,0.00,7.80,292
2024-11-07 17:00:00,6.90,82,4.30,,0.00,8.00,288
2024-11-07 18:00:00,6.50,84,4.00,,0.00,7.00,291
2024-11-07 19:00:00,6.30,84,4.10,,0.00,4.90,287
2024-11-07 20:00:00,5.80,86,3.60,,0.00,5.10,278
2024-11-07 21:00:00,5.30,86,3.00,,0.00,5.00,291
2024-11-07 22:00:00,5.10,87,2.70,,0.00,5.40,290
2024-11-07 23:00:00,5.10,86,2.60,,0.00,6.00,287
2024-11-08 00:00:00,4.90,86,2.40,,0.00,5.40,290
2024-11-08 01:00:00,4.70,87,2.20,,0.00,6.10,298
2024-11-08 02:00:00,4.60,88,2.10,,0.00,6.10,298
2024-11-08 03:00:00,4.20,89,1.70,,0.00,5.80,300
2024-11-08 04:00:00,4.40,90,1.70,,0.00,6.90,317
2024-11-08 05:00:00,4.30,90,1.80,,0.00,5.70,305
2024-11-08 06:00:00,4.10,91,1.60,,0.00,5.80,300
2024-11-08 07:00:00,4.20,91,1.50,,0.00,7.20,297
2024-11-08 08:00:00,4.30,91,1.60,,0.00,7.40,309
2024-11-08 09:00:00,4.60,90,1.70,,0.00,8.80,325
2024-11-08 10:00:00,5.00,87,2.20,,0.00,8.50,324
2024-11-08 11:00:00,5.60,84,2.70,,0.00,9.20,329
2024-11-08 12:00:00,5.70,85,2.70,,0.00,9.30,344
2024-11-08 13:00:00,6.20,84,3.30,,0.00,9.70,345
2024-11-08 14:00:00,6.30,85,3.40,,0.00,10.10,358
2024-11-08 15:00:00,5.80,85,3.00,,0.10,8.30,358
2024-11-08 16:00:00,5.90,86,3.10,,0.00,8.90,346
2024-11-08 17:00:00,5.40,85,2.60,,0.00,8.40,350
2024-11-08 18:00:00,5.00,87,2.40,,0.00,6.80,357
2024-11-08 19:00:00,4.60,90,2.10,,0.00,6.50,357
2024-11-08 20:00:00,4.30,90,1.70,,0.00,6.60,13
2024-11-08 21:00:00,3.70,86,0.90,,0.00,6.40,16
2024-11-08 22:00:00,3.60,86,1.10,,0.00,4.00,5
2024-11-08 23:00:00,3.60,86,1.00,,0.00,4.30,355
2024-11-09 00:00:00,4.10,84,1.50,,0.00,5.00,360
2024-11-09 01:00:00,3.80,85,1.20,,0.00,5.20,12
2024-11-09 02:00:00,3.40,85,1.00,,0.00,3.30,13
2024-11-09 03:00:00,3.40,82,0.90,,0.00,3.20,360
2024-11-09 04:00:00,3.30,82,0.70,,0.00,3.20,360
2024-11-09 05:00:00,2.90,82,0.40,,0.00,2.90,360
2024-11-09 06:00:00,3.00,81,0.50,,0.00,2.40,333
2024-11-09 07:00:00,2.50,83,0.00,,0.00,2.30,321
2024-11-09 08:00:00,2.30,84,-0.20,,0.00,2.30,321
2024-11-09 09:00:00,2.60,83,0.10,,0.00,2.50,315
2024-11-09 10:00:00,3.50,83,1.20,,0.00,2.10,301
2024-11-09 11:00:00,5.00,77,2.50,,0.00,3.70,299
2024-11-09 12:00:00,4.90,80,2.40,,0.00,4.10,285
2024-11-09 13:00:00,5.70,74,3.00,,0.00,5.60,285
2024-11-09 14:00:00,5.70,73,2.90,,0.00,6.00,287
2024-11-09 15:00:00,5.40,77,2.50,,0.00,6.70,286
2024-11-09 16:00:00,5.10,77,2.30,,0.00,6.60,279
2024-11-09 17:00:00,4.50,81,1.80,,0.00,5.80,277
2024-11-09 18:00:00,3.70,87,1.00,,0.00,5.90,281
2024-11-09 19:00:00,3.50,86,0.60,,0.00,6.50,289
2024-11-09 20:00:00,3.30,86,0.50,,0.00,6.20,291
2024-11-09 21:00:00,3.20,89,0.40,,0.00,6.20,291
2024-11-09 22:00:00,3.00,90,0.20,,0.00,6.20,291
2024-11-09 23:00:00,3.00,89,0.10,,0.00,6.60,292
2024-11-10 00:00:00,2.90,88,0.10,,0.00,6.20,306
2024-11-10 01:00:00,2.80,87,-0.30,,0.00,7.40,309
2024-11-10 02:00:00,2.60,86,-0.50,,0.00,7.10,311
2024-11-10 03:00:00,2.50,87,-0.70,,0.00,7.90,321
2024-11-10 04:00:00,2.40,88,-0.70,,0.00,7.40,321
2024-11-10 05:00:00,2.30,90,-0.80,,0.00,7.50,325
2024-11-10 06:00:00,2.10,91,-1.00,,0.00,7.20,333
2024-11-10 07:00:00,1.80,93,-1.20,,0.00,7.20,342
2024-11-10 08:00:00,1.70,94,-1.30,,0.00,6.90,351
2024-11-10 09:00:00,1.60,95,-1.50,,0.00,7.20,360
2024-11-10 10:00:00,1.60,96,-1.50,,0.00,7.60,8
2024-11-10 11:00:00,1.80,96,-1.30,,0.00,7.90,16
2024-11-10 12:00:00,1.80,96,-1.20,,0.00,7.10,24
2024-11-10 13:00:00,2.20,93,-0.80,,0.00,7.60,25
2024-11-10 14:00:00,2.30,93,-0.60,,0.00,6.30,24
2024-11-10 15:00:00,2.30,90,-0.50,,0.00,4.90,17
2024-11-10 16:00:00,2.50,89,-0.20,,0.00,4.90,17
2024-11-10 17:00:00,2.60,88,-0.00,,0.00,4.00,10
2024-11-10 18:00:00,2.60,89,0.00,,0.00,4.00,5
2024-11-10 19:00:00,2.70,90,0.30,,0.00,3.30,354
2024-11-10 20:00:00,2.80,91,0.30,,0.00,3.60,354
2024-11-10 21:00:00,2.60,92,0.20,,0.00,3.90,22
2024-11-10 22:00:00,2.70,93,0.30,,0.00,3.90,22
2024-11-10 23:00:00,2.80,93,0.40,,0.00,3.70,29
2024-11-11 00:00:00,2.80,94,0.60,,0.00,2.60,34
2024-11-11 01:00:00,2.80,94,0.70,,0.00,1.90,22
2024-11-11 02:00:00,2.80,94,0.70,,0.00,1.80,11
2024-11-11 03:00:00,2.90,94,0.80,,0.00,2.20,360
2024-11-11 04:00:00,2.90,94,0.70,,0.00,2.90,360
2024-11-11 05:00:00,2.80,95,0.50,,0.00,3.30,6
2024-11-11 06:00:00,2.70,96,0.40,,0.00,3.30,6
2024-11-11 07:00:00,2.70,95,0.40,,0.00,3.70,29
2024-11-11 08:00:00,2.80,95,0.50,,0.00,3.60,45
2024-11-11 09:00:00,2.70,95,0.40,,0.00,3.40,58
2024-11-11 10:00:00,3.10,91,0.80,,0.00,3.50,66
2024-11-11 11:00:00,3.60,82,0.90,,0.00,4.60,72
2024-11-11 12:00:00,3.40,77,0.60,,0.00,4.70,81
2024-11-11 13:00:00,3.80,72,0.90,,0.00,4.50,76
2024-11-11 14:00:00,4.00,70,1.10,,0.00,4.10,75
2024-11-11 15:00:00,3.90,70,1.10,,0.00,3.10,69
2024-11-11 16:00:00,3.70,71,0.90,,0.00,3.30,77
2024-11-11 17:00:00,3.30,77,0.70,,0.00,2.70,67
2024-11-11 18:00:00,3.00,79,0.60,,0.00,1.90,68
2024-11-11 19:00:00,2.60,81,0.10,,0.00,2.50,82
2024-11-11 20:00:00,2.30,82,-0.20,,0.00,2.20,90
2024-11-11 21:00:00,2.20,80,-0.40,,0.00,1.80,101
2024-11-11 22:00:00,2.00,80,-0.50,,0.00,1.80,101
2024-11-11 23:00:00,2.00,80,-0.60,,0.00,1.80,90
2024-11-12 00:00:00,2.00,80,-0.60,,0.00,1.80,101
2024-11-12 01:00:00,1.80,80,-0.80,,0.00,2.20,90
2024-11-12 02:00:00,1.70,80,-1.00,,0.00,2.10,59
2024-11-12 03:00:00,1.40,81,-1.40,,0.00,2.80,50
2024-11-12 04:00:00,1.20,82,-1.50,,0.00,2.80,40
2024-11-12 05:00:00,1.10,83,-1.70,,0.00,3.10,45
2024-11-12 06:00:00,1.50,81,-1.30,,0.00,2.80,50
2024-11-12 07:00:00,1.40,81,-1.40,,0.00,3.20,63
2024-11-12 08:00:00,1.40,81,-1.40,,0.00,3.10,69
2024-11-12 09:00:00,1.60,79,-1.10,,0.00,2.30,72
2024-11-12 10:00:00,2.30,78,-0.30,,0.00,1.80,90
2024-11-12 11:00:00,3.30,69,0.30,,0.00,4.00,117
2024-11-12 12:00:00,3.50,69,0.50,,0.00,4.10,135
2024-11-12 13:00:00,4.00,68,1.10,,0.00,4.20,149
2024-11-12 14:00:00,4.20,66,1.20,,0.00,4.20,160
2024-11-12 15:00:00,3.60,67,0.70,,0.00,3.30,167
2024-11-12 16:00:00,3.50,67,0.60,,0.00,3.10,159
2024-11-12 17:00:00,3.00,71,0.30,,0.00,2.40,153
2024-11-12 18:00:00,2.70,73,0.00,,0.00,2.30,162
2024-11-12 19:00:00,2.40,75,-0.30,,0.00,2.60,164
2024-11-12 20:00:00,2.20,75,-0.70,,0.00,3.00,166
2024-11-12 21:00:00,2.00,72,-1.10,,0.00,3.90,158
2024-11-12 22:00:00,1.70,73,-1.40,,0.00,4.00,153
2024-11-12 23:00:00,1.40,75,-1.70,,0.00,4.30,156
2024-11-13 00:00:00,1.50,74,-1.60,,0.00,3.60,174
2024-11-13 01:00:00,1.20,76,-1.70,,0.00,3.20,180
2024-11-13 02:00:00,1.10,77,-1.80,,0.00,2.90,173
2024-11-13 03:00:00,1.20,75,-1.70,,0.00,2.00,135
2024-11-13 04:00:00,1.10,76,-1.70,,0.00,2.30,129
2024-11-13 05:00:00,1.00,76,-1.90,,0.00,2.30,129
2024-11-13 06:00:00,1.20,75,-1.70,,0.00,2.10,149
2024-11-13 07:00:00,1.00,75,-1.90,,0.00,2.50,135
2024-11-13 08:00:00,1.00,75,-2.00,,0.00,2.80,130
2024-11-13 09:00:00,1.20,74,-1.90,,0.00,3.40,148
2024-11-13 10:00:00,1.60,73,-1.60,,0.00,4.70,148
2024-11-13 11:00:00,2.40,68,-0.90,,0.00,5.20,155
2024-11-13 12:00:00,2.20,70,-1.00,,0.00,5.20,168
2024-11-13 13:00:00,2.60,65,-0.80,,0.00,5.80,184
2024-11-13 14:00:00,2.60,67,-0.80,,0.00,5.60,195
2024-11-13 15:00:00,2.10,70,-1.10,,0.00,4.80,193
2024-11-13 16:00:00,2.00,71,-1.10,,0.00,3.90,158
2024-11-13 17:00:00,1.80,72,-1.30,,0.00,4.00,153
2024-11-13 18:00:00,1.60,76,-1.30,,0.00,3.20,153
2024-11-13 19:00:00,1.40,77,-1.60,,0.00,3.70,151
2024-11-13 20:00:00,1.40,78,-1.60,,0.00,3.50,156
2024-11-13 21:00:00,1.40,79,-1.50,,0.00,3.70,151
2024-11-13 22:00:00,1.40,80,-1.50,,0.00,3.60,174
2024-11-13 23:00:00,1.40,81,-1.60,,0.00,4.00,175
2024-11-14 00:00:00,1.30,83,-1.50,,0.00,3.20,180
2024-11-14 01:00:00,1.30,83,-1.40,,0.00,2.20,180
2024-11-14 02:00:00,1.20,85,-1.30,,0.00,1.50,166
2024-11-14 03:00:00,0.90,85,-1.70,,0.00,2.10,149
2024-11-14 04:00:00,0.70,86,-2.00,,0.00,2.10,149
2024-11-14 05:00:00,0.50,87,-2.20,,0.00,2.30,141
2024-11-14 06:00:00,0.50,88,-2.20,,0.00,2.50,135
2024-11-14 07:00:00,0.50,87,-2.20,,0.00,2.60,146
2024-11-14 08:00:00,0.70,86,-2.20,,0.00,3.70,151
2024-11-14 09:00:00,0.80,87,-2.20,,0.00,4.80,153
2024-11-14 10:00:00,1.20,86,-1.80,,0.00,4.90,163
2024-11-14 11:00:00,1.60,84,-1.40,,0.00,5.50,157
2024-11-14 12:00:00,1.80,88,-1.20,,0.10,5.60,153
2024-11-14 13:00:00,2.10,89,-0.80,,0.10,6.00,163
2024-11-14 14:00:00,2.20,90,-0.70,,0.10,6.00,163
2024-11-14 15:00:00,2.10,92,-0.80,,0.10,6.20,170
2024-11-14 16:00:00,2.00,92,-0.90,,0.10,5.80,173
2024-11-14 17:00:00,1.80,93,-1.10,,0.10,6.10,183
2024-11-14 18:00:00,1.60,94,-1.20,,0.10,5.90,191
2024-11-14 19:00:00,1.60,95,-1.20,,0.10,5.80,210
2024-11-14 20:00:00,1.60,95,-1.30,,0.10,5.90,232
2024-11-14 21:00:00,1.40,95,-1.50,,0.10,5.90,232
2024-11-14 22:00:00,1.30,96,-1.60,,0.00,5.90,232
2024-11-14 23:00:00,1.20,96,-1.90,,0.10,7.10,240
2024-11-15 00:00:00,1.20,94,-1.90,,0.00,7.10,246
2024-11-15 01:00:00,0.90,96,-2.40,,0.20,8.00,243
2024-11-15 02:00:00,0.80,91,-2.90,,0.00,10.20,252
2024-11-15 03:00:00,0.40,87,-3.30,,0.00,9.70,248
2024-11-15 04:00:00,-0.20,89,-4.10,,0.00,9.80,234
2024-11-15 05:00:00,-0.60,87,-4.40,,0.00,8.80,235
2024-11-15 06:00:00,-0.80,92,-4.40,,0.00,8.20,232
2024-11-15 07:00:00,-0.70,89,-4.40,,0.00,8.70,246
2024-11-15 08:00:00,-0.60,94,-4.10,,0.00,7.60,225
2024-11-15 09:00:00,-0.50,94,-3.90,,0.00,7.60,225
2024-11-15 10:00:00,-0.20,94,-3.70,,0.00,8.10,225
2024-11-15 11:00:00,0.30,92,-3.30,,0.10,9.30,234
2024-11-15 12:00:00,0.60,90,-3.00,,0.10,9.00,241
2024-11-15 13:00:00,0.80,90,-2.60,,0.10,8.40,245
2024-11-15 14:00:00,1.00,90,-2.30,,0.20,7.60,251
2024-11-15 15:00:00,1.30,90,-2.00,,0.20,7.60,273
2024-11-15 16:00:00,1.30,89,-1.90,,0.10,6.80,288
2024-11-15 17:00:00,1.20,89,-2.10,,0.00,7.30,303
2024-11-15 18:00:00,1.20,89,-2.00,,0.00,7.30,303
2024-11-15 19:00:00,1.20,90,-2.10,,0.00,7.70,307
2024-11-15 20:00:00,1.00,90,-2.20,,0.00,7.20,307
2024-11-15 21:00:00,0.80,90,-2.30,,0.00,5.80,300
2024-11-15 22:00:00,0.30,92,-2.70,,0.00,5.20,295
2024-11-15 23:00:00,-0.10,93,-3.00,,0.00,4.30,265
2024-11-16 00:00:00,-0.30,93,-3.30,,0.00,5.00,270
2024-11-16 01:00:00,-0.40,93,-3.60,,0.00,5.80,263
2024-11-16 02:00:00,-0.40,92,-3.60,,0.00,6.20,263
2024-11-16 03:00:00,0.20,91,-3.10,,0.00,6.70,254
2024-11-16 04:00:00,0.30,93,-3.00,,0.00,7.10,246
2024-11-16 05:00:00,0.20,94,-3.10,,0.00,7.40,247
2024-11-16 06:00:00,0.30,96,-3.00,,0.00,7.20,243
2024-11-16 07:00:00,0.20,97,-3.10,,0.00,7.70,242
2024-11-16 08:00:00,0.30,98,-3.10,,0.00,8.70,240
2024-11-16 09:00:00,0.80,98,-2.60,,0.00,9.20,239
2024-11-16 10:00:00,1.30,97,-2.00,,0.00,9.40,238
2024-11-16 11:00:00,2.00,96,-1.50,,0.00,10.40,236
2024-11-16 12:00:00,2.50,93,-1.20,,0.00,12.60,243
2024-11-16 13:00:00,3.10,90,-0.80,,0.00,13.40,243
2024-11-16 14:00:00,3.30,89,-0.50,,0.00,13.40,243
2024-11-16 15:00:00,3.50,87,-0.00,,0.00,11.30,243
2024-11-16 16:00:00,3.50,85,-0.40,,0.00,13.80,250
2024-11-16 17:00:00,3.20,86,-0.80,,0.00,13.70,252
2024-11-16 18:00:00,3.10,88,-0.70,,0.00,13.00,251
2024-11-16 19:00:00,3.10,89,-0.60,,0.00,12.40,248
2024-11-16 20:00:00,3.10,90,-0.40,,0.00,11.40,242
2024-11-16 21:00:00,3.20,92,-0.10,,0.00,10.30,241
2024-11-16 22:00:00,3.30,94,0.00,,0.00,10.40,236
2024-11-16 23:00:00,3.40,95,0.10,,0.00,10.70,222
2024-11-17 00:00:00,3.50,95,0.20,,0.00,11.00,218
2024-11-17 01:00:00,3.60,96,0.40,,0.00,11.20,222
2024-11-17 02:00:00,3.70,96,0.40,,0.00,11.80,220
2024-11-17 03:00:00,3.60,97,0.50,,0.00,10.30,216
2024-11-17 04:00:00,3.70,97,0.60,,0.00,10.50,211
2024-11-17 05:00:00,3.80,98,0.70,,0.00,10.30,209
2024-11-17 06:00:00,3.80,99,0.70,,0.00,10.80,210
2024-11-17 07:00:00,4.00,99,0.90,,0.00,11.30,207
2024-11-17 08:00:00,4.30,98,1.00,,0.00,12.90,210
2024-11-17 09:00:00,4.50,97,1.20,,0.00,13.20,215
2024-11-17 10:00:00,4.90,92,1.30,,0.00,14.40,217
2024-11-17 11:00:00,5.10,89,1.30,,0.00,15.10,213
2024-11-17 12:00:00,6.20,83,2.40,,0.00,15.50,222
2024-11-17 13:00:00,6.60,80,2.90,,0.00,15.10,218
2024-11-17 14:00:00,7.20,75,3.50,,0.00,14.80,214
2024-11-17 15:00:00,7.60,70,3.80,,0.00,14.10,218
2024-11-17 16:00:00,7.20,71,3.60,,0.00,12.50,213
2024-11-17 17:00:00,6.10,75,2.80,,0.00,10.30,209
2024-11-17 18:00:00,5.20,78,2.10,,0.00,8.90,201
2024-11-17 19:00:00,4.70,79,1.40,,0.00,9.10,198
2024-11-17 20:00:00,4.20,81,0.80,,0.00,9.80,197
2024-11-17 21:00:00,3.70,86,0.50,,0.00,9.10,198
2024-11-17 22:00:00,3.30,88,0.10,,0.00,9.20,201
2024-11-17 23:00:00,3.00,87,-0.30,,0.00,9.20,201
2024-11-18 00:00:00,2.60,87,-0.80,,0.00,9.40,203
2024-11-18 01:00:00,2.20,88,-1.30,,0.00,9.40,203
2024-11-18 02:00:00,1.90,89,-1.60,,0.00,9.60,200
2024-11-18 03:00:00,1.60,90,-1.90,,0.00,9.40,203
2024-11-18 04:00:00,1.30,92,-2.10,,0.00,8.90,201
2024-11-18 05:00:00,1.00,94,-2.50,,0.00,9.00,203
2024-11-18 06:00:00,0.80,95,-2.60,,0.00,9.20,201
2024-11-18 07:00:00,0.60,97,-2.90,,0.00,9.70,207
2024-11-18 08:00:00,0.50,98,-3.10,,0.00,10.50,207
2024-11-18 09:00:00,0.80,96,-2.80,,0.00,10.50,207
2024-11-18 10:00:00,1.50,92,-2.30,,0.00,11.90,215
2024-11-18 11:00:00,2.30,88,-1.40,,0.00,11.10,216
2024-11-18 12:00:00,2.90,88,-0.70,,0.00,11.20,220
2024-11-18 13:00:00,3.50,86,0.00,,0.00,10.60,215
2024-11-18 14:00:00,4.20,84,0.70,,0.00,11.30,207
2024-11-18 15:00:00,3.90,86,0.20,,0.00,12.60,233
2024-11-18 16:00:00,4.40,83,1.20,,0.00,9.80,234
2024-11-18 17:00:00,4.20,85,1.10,,0.00,8.70,218
2024-11-18 18:00:00,3.80,88,0.80,,0.00,8.30,214
2024-11-18 19:00:00,3.20,91,0.10,,0.00,8.20,218
2024-11-18 20:00:00,2.80,92,-0.30,,0.00,8.40,220
2024-11-18 21:00:00,2.70,90,-0.50,,0.00,8.30,214
2024-11-18 22:00:00,2.30,90,-0.90,,0.00,8.30,214
2024-11-18 23:00:00,2.20,89,-1.00,,0.00,8.00,216
2024-11-19 00:00:00,2.50,86,-0.50,,0.00,6.80,212
2024-11-19 01:00:00,2.20,88,-0.90,,0.00,7.40,209
2024-11-19 02:00:00,2.00,88,-1.00,,0.00,6.40,207
2024-11-19 03:00:00,1.70,90,-1.20,,0.00,5.60,195
2024-11-19 04:00:00,1.50,90,-1.60,,0.00,6.60,193
2024-11-19 05:00:00,1.60,92,-1.60,,0.30,7.40,194
2024-11-19 06:00:00,0.40,99,-2.30,,2.20,4.20,200
2024-11-19 07:00:00,0.20,100,-2.40,,2.20,3.40,212
2024-11-19 08:00:00,0.20,99,-2.60,,2.00,4.50,241
2024-11-19 09:00:00,0.60,98,-2.50,,0.30,6.80,252
2024-11-19 10:00:00,1.10,95,-2.90,,0.10,13.30,267
2024-11-19 11:00:00,2.20,88,-1.60,,0.00,11.90,265
2024-11-19 12:00:00,3.00,86,-0.80,,0.00,11.80,250
2024-11-19 13:00:00,3.10,87,-0.80,,0.00,12.90,243
2024-11-19 14:00:00,3.30,82,-0.50,,0.00,11.90,241
2024-11-19 15:00:00,3.50,79,-0.10,,0.00,10.70,237
2024-11-19 16:00:00,3.20,82,-0.10,,0.00,8.50,234
2024-11-19 17:00:00,2.30,86,-0.60,,0.00,5.90,223
2024-11-19 18:00:00,2.30,86,-0.70,,0.00,5.70,215
2024-11-19 19:00:00,2.30,87,-0.80,,0.00,6.50,214
2024-11-19 20:00:00,1.70,88,-1.60,,0.00,7.50,197
2024-11-19 21:00:00,1.40,84,-1.90,,0.00,6.90,186
2024-11-19 22:00:00,1.10,88,-2.30,,0.00,8.00,175
2024-11-19 23:00:00,0.90,84,-2.90,,0.00,10.10,176
2024-11-20 00:00:00,0.80,82,-3.20,,0.00,10.90,172
2024-11-20 01:00:00,0.80,81,-3.40,,0.00,12.20,166
2024-11-20 02:00:00,1.10,81,-3.30,,0.00,13.50,164
2024-11-20 03:00:00,1.50,82,-2.90,,0.00,13.90,155
2024-11-20 04:00:00,1.60,84,-2.90,,0.00,15.10,155
2024-11-20 05:00:00,1.90,84,-2.80,,0.00,16.90,160
2024-11-20 06:00:00,2.40,85,-2.00,,0.00,15.50,162
2024-11-20 07:00:00,2.40,87,-2.00,,0.00,16.20,163
2024-11-20 08:00:00,2.80,89,-1.50,,0.00,16.50,164
2024-11-20 09:00:00,4.00,92,-0.10,,0.00,16.70,166
2024-11-20 10:00:00,4.60,89,0.40,,0.00,17.60,169
2024-11-20 11:00:00,5.10,86,0.80,,0.00,18.20,166
2024-11-20 12:00:00,6.10,85,1.80,,0.00,19.60,174
2024-11-20 13:00:00,7.30,82,3.10,,0.00,19.20,174
2024-11-20 14:00:00,8.10,79,4.10,,0.00,18.50,173
2024-11-20 15:00:00,8.90,76,4.60,,0.00,20.50,170
2024-11-20 16:00:00,8.50,77,4.30,,0.00,20.40,166
2024-11-20 17:00:00,8.40,79,4.10,,0.00,21.10,172
2024-11-20 18:00:00,8.60,79,4.50,,0.00,19.80,164
2024-11-20 19:00:00,8.50,80,4.20,,0.00,20.90,165
2024-11-20 20:00:00,8.40,81,4.20,,0.00,20.90,165
2024-11-20 21:00:00,8.90,81,4.90,,0.20,20.50,170
2024-11-20 22:00:00,9.20,83,5.30,,0.20,20.20,169
2024-11-20 23:00:00,9.60,82,5.70,,0.00,21.00,175
2024-11-21 00:00:00,10.00,82,6.10,,0.00,21.30,177
2024-11-21 01:00:00,9.80,83,6.20,,0.00,19.40,179
2024-11-21 02:00:00,9.90,83,6.50,,0.00,18.70,181
2024-11-21 03:00:00,10.00,83,6.80,,0.10,17.00,186
2024-11-21 04:00:00,9.70,85,6.80,,0.10,15.10,183
2024-11-21 05:00:00,9.50,87,6.90,,0.60,13.30,178
2024-11-21 06:00:00,9.30,89,7.00,,1.30,11.90,182
2024-11-21 07:00:00,6.00,83,2.10,,2.90,15.90,295
2024-11-21 08:00:00,4.40,90,1.10,,0.80,11.40,342
2024-11-21 09:00:00,2.10,93,-2.00,,2.70,15.00,325
2024-11-21 10:00:00,0.40,96,-3.80,,3.40,13.50,335
2024-11-21 11:00:00,0.40,97,-3.60,,2.90,12.70,331
2024-11-21 12:00:00,0.40,97,-3.60,,2.40,12.20,336
2024-11-21 13:00:00,0.40,97,-3.60,,2.10,12.40,330
2024-11-21 14:00:00,0.30,96,-3.60,,2.40,12.20,326
2024-11-21 15:00:00,0.20,95,-4.10,,2.10,14.40,323
2024-11-21 16:00:00,0.40,94,-3.80,,1.50,13.80,313
2024-11-21 17:00:00,0.40,93,-4.30,,1.10,17.20,296
2024-11-21 18:00:00,0.60,93,-4.20,,0.70,17.70,294
2024-11-21 19:00:00,0.40,94,-3.90,,0.50,14.50,276
2024-11-21 20:00:00,0.70,89,-4.50,,0.10,19.80,272
2024-11-21 21:00:00,0.30,83,-4.90,,0.00,18.70,272
2024-11-21 22:00:00,0.00,87,-4.70,,0.00,16.00,262
2024-11-21 23:00:00,-0.20,80,-5.30,,0.00,16.90,268
2024-11-22 00:00:00,-0.70,81,-5.10,,0.00,12.40,244
2024-11-22 01:00:00,-1.00,86,-5.40,,0.00,12.80,230
2024-11-22 02:00:00,-1.00,88,-5.30,,0.00,12.50,224
2024-11-22 03:00:00,-1.00,90,-5.10,,0.00,11.50,221
2024-11-22 04:00:00,-0.60,91,-4.80,,0.00,12.30,230
2024-11-22 05:00:00,-0.80,92,-4.80,,0.00,10.50,221
2024-11-22 06:00:00,-1.30,94,-5.20,,0.00,10.00,210
2024-11-22 07:00:00,-1.70,93,-5.70,,0.00,10.30,209
2024-11-22 08:00:00,-2.00,94,-6.00,,0.00,10.20,203
2024-11-22 09:00:00,-2.60,95,-6.60,,0.00,9.60,193
2024-11-22 10:00:00,-2.30,93,-6.50,,0.00,11.20,184
2024-11-22 11:00:00,-1.40,89,-6.00,,0.00,14.10,186
2024-11-22 12:00:00,-0.50,87,-4.90,,0.00,13.20,169
2024-11-22 13:00:00,-0.20,87,-4.70,,0.00,14.60,160
2024-11-22 14:00:00,0.10,87,-4.60,,0.00,15.40,147
2024-11-22 15:00:00,0.30,89,-4.00,,0.00,13.80,139
2024-11-22 16:00:00,0.40,88,-4.20,,0.00,15.30,131
2024-11-22 17:00:00,0.60,86,-4.00,,0.00,15.30,135
2024-11-22 18:00:00,0.80,87,-3.90,,0.40,16.60,139
2024-11-22 19:00:00,0.70,90,-4.40,,1.20,19.40,137
2024-11-22 20:00:00,0.70,90,-4.60,,1.00,20.80,143
2024-11-22 21:00:00,0.70,92,-4.30,,1.60,19.00,143
2024-11-22 22:00:00,0.70,93,-4.00,,2.10,17.30,144
2024-11-22 23:00:00,0.60,94,-3.80,,2.50,15.30,141
2024-11-23 00:00:00,0.50,98,-3.50,,3.30,13.00,141
2024-11-23 01:00:00,1.50,93,-2.40,,2.60,13.00,132
2024-11-23 02:00:00,2.00,93,-1.60,,2.30,10.70,138
2024-11-23 03:00:00,2.20,93,-1.30,,2.40,10.70,138
2024-11-23 04:00:00,2.10,93,-1.30,,1.80,10.20,132
2024-11-23 05:00:00,2.10,95,-0.80,,1.40,6.90,118
2024-11-23 06:00:00,2.40,96,-0.20,,0.90,5.20,106
2024-11-23 07:00:00,2.10,97,-0.30,,0.60,3.50,66
2024-11-23 08:00:00,2.10,98,-0.10,,0.30,2.80,50
2024-11-23 09:00:00,2.20,99,0.00,,0.20,2.90,330
2024-11-23 10:00:00,2.10,99,-0.70,,0.20,6.80,302
2024-11-23 11:00:00,1.50,96,-2.00,,0.30,10.60,305
2024-11-23 12:00:00,1.20,94,-2.70,,0.10,12.60,297
2024-11-23 13:00:00,1.10,92,-2.90,,0.10,13.20,299
2024-11-23 14:00:00,0.90,91,-3.40,,0.20,14.40,302
2024-11-23 15:00:00,0.80,91,-3.60,,0.20,15.10,303
2024-11-23 16:00:00,0.40,91,-4.30,,0.20,16.60,300
2024-11-23 17:00:00,0.00,91,-4.70,,0.20,16.40,296
2024-11-23 18:00:00,-0.10,90,-4.90,,0.10,16.40,296
2024-11-23 19:00:00,-0.30,85,-5.20,,0.00,16.70,303
2024-11-23 20:00:00,-0.60,85,-5.60,,0.00,16.50,306
2024-11-23 21:00:00,-1.20,83,-6.00,,0.00,14.90,302
2024-11-23 22:00:00,-1.40,85,-6.10,,0.00,13.80,303
2024-11-23 23:00:00,-1.20,88,-5.50,,0.00,11.60,300
2024-11-24 00:00:00,-1.10,91,-5.30,,0.00,12.00,291
2024-11-24 01:00:00,-1.00,87,-5.40,,0.00,13.00,298
2024-11-24 02:00:00,-0.90,86,-5.10,,0.00,10.90,297
2024-11-24 03:00:00,-1.10,85,-5.20,,0.00,10.70,290
2024-11-24 04:00:00,-1.70,86,-5.90,,0.00,10.90,297
2024-11-24 05:00:00,-2.30,88,-6.20,,0.00,8.60,285
2024-11-24 06:00:00,-2.30,90,-6.20,,0.00,8.60,285
2024-11-24 07:00:00,-2.40,92,-6.10,,0.00,7.80,283
2024-11-24 08:00:00,-2.60,93,-6.50,,0.00,8.70,294
2024-11-24 09:00:00,-2.60,92,-6.30,,0.00,7.20,288
2024-11-24 10:00:00,-2.20,92,-6.10,,0.00,9.10,304
2024-11-24 11:00:00,-1.20,87,-5.60,,0.00,13.00,312
2024-11-24 12:00:00,-0.80,87,-4.50,,0.00,8.00,306
2024-11-24 13:00:00,-0.50,81,-4.50,,0.00,9.70,318
2024-11-24 14:00:00,-0.40,83,-4.20,,0.00,8.90,313
2024-11-24 15:00:00,-0.60,83,-4.30,,0.00,8.20,319
2024-11-24 16:00:00,-0.30,82,-3.60,,0.00,5.40,340
2024-11-24 17:00:00,-0.50,84,-3.60,,0.00,3.80,343
2024-11-24 18:00:00,-0.60,87,-3.50,,0.00,2.70,337
2024-11-24 19:00:00,-1.00,86,-3.80,,0.00,1.60,333
2024-11-24 20:00:00,-1.40,86,-4.30,,0.00,1.50,284
2024-11-24 21:00:00,-2.20,88,-5.20,,0.00,2.10,329
2024-11-24 22:00:00,-2.60,90,-5.60,,0.00,1.80,349
2024-11-24 23:00:00,-3.00,91,-6.00,,0.00,1.50,45
2024-11-25 00:00:00,-3.20,93,-6.10,,0.00,1.80,90
2024-11-25 01:00:00,-3.40,94,-6.30,,0.00,1.10,72
2024-11-25 02:00:00,-3.70,95,-6.70,,0.00,1.80,53
2024-11-25 03:00:00,-3.90,96,-7.00,,0.00,2.60,56
2024-11-25 04:00:00,-3.90,94,-7.10,,0.00,3.40,72
2024-11-25 05:00:00,-3.80,91,-7.10,,0.00,3.30,84
2024-11-25 06:00:00,-3.80,90,-6.90,,0.00,2.20,81
2024-11-25 07:00:00,-3.80,89,-7.00,,0.00,2.50,90
2024-11-25 08:00:00,-4.00,90,-7.50,,0.00,4.00,100
2024-11-25 09:00:00,-4.00,90,-7.60,,0.00,5.40,110
2024-11-25 10:00:00,-3.60,87,-7.30,,0.00,5.80,112
2024-11-25 11:00:00,-3.20,86,-7.10,,0.00,7.20,127
2024-11-25 12:00:00,-3.00,89,-6.60,,0.00,5.90,137
2024-11-25 13:00:00,-2.60,88,-5.90,,0.00,3.70,151
2024-11-25 14:00:00,-2.40,88,-5.50,,0.00,2.30,141
2024-11-25 15:00:00,-2.50,89,-5.60,,0.00,2.40,117
2024-11-25 16:00:00,-2.50,88,-5.90,,0.00,4.90,126
2024-11-25 17:00:00,-2.90,89,-6.50,,0.00,5.40,127
2024-11-25 18:00:00,-3.30,90,-6.80,,0.00,5.00,120
2024-11-25 19:00:00,-3.60,91,-7.00,,0.00,4.60,129
2024-11-25 20:00:00,-3.80,93,-7.20,,0.00,4.60,135
2024-11-25 21:00:00,-3.70,93,-7.20,,0.00,5.00,150
2024-11-25 22:00:00,-3.80,93,-7.30,,0.00,5.20,155
2024-11-25 23:00:00,-3.90,92,-7.50,,0.00,5.40,160
2024-11-26 00:00:00,-4.00,93,-7.50,,0.00,5.40,160
2024-11-26 01:00:00,-4.10,92,-7.60,,0.00,4.70,157
2024-11-26 02:00:00,-4.20,92,-7.60,,0.00,3.90,158
2024-11-26 03:00:00,-4.10,91,-7.60,,0.00,4.20,149
2024-11-26 04:00:00,-4.10,90,-7.50,,0.00,3.60,143
2024-11-26 05:00:00,-4.20,89,-7.60,,0.00,3.80,131
2024-11-26 06:00:00,-4.10,89,-7.50,,0.00,3.80,131
2024-11-26 07:00:00,-4.40,89,-7.90,,0.00,4.60,135
2024-11-26 08:00:00,-4.50,89,-8.30,,0.00,5.90,133
2024-11-26 09:00:00,-4.40,87,-8.30,,0.00,6.40,133
2024-11-26 10:00:00,-4.00,86,-7.90,,0.00,6.90,137
2024-11-26 11:00:00,-3.30,83,-7.20,,0.00,7.00,145
2024-11-26 12:00:00,-2.40,82,-6.10,,0.00,6.20,144
2024-11-26 13:00:00,-1.80,79,-5.40,,0.00,5.90,142
2024-11-26 14:00:00,-1.40,79,-5.00,,0.00,5.90,137
2024-11-26 15:00:00,-1.20,78,-4.80,,0.00,6.40,133
2024-11-26 16:00:00,-1.80,81,-5.50,,0.00,6.90,133
2024-11-26 17:00:00,-3.00,85,-6.90,,0.00,7.10,135
2024-11-26 18:00:00,-4.20,90,-8.40,,0.00,8.70,135
2024-11-26 19:00:00,-4.80,89,-9.00,,0.00,8.70,138
2024-11-26 20:00:00,-5.10,89,-9.40,,0.00,9.20,141
2024-11-26 21:00:00,-5.10,93,-9.30,,0.00,9.10,146
2024-11-26 22:00:00,-4.90,94,-9.00,,0.00,8.40,155
2024-11-26 23:00:00,-4.40,92,-8.20,,0.00,6.60,171
2024-11-27 00:00:00,-4.20,93,-7.90,,0.00,6.40,164
2024-11-27 01:00:00,-3.90,93,-7.50,,0.00,5.50,169
2024-11-27 02:00:00,-3.80,93,-7.20,,0.00,4.70,171
2024-11-27 03:00:00,-3.20,95,-6.50,,0.00,4.10,165
2024-11-27 04:00:00,-3.20,95,-6.50,,0.00,4.60,162
2024-11-27 05:00:00,-3.00,95,-6.40,,0.00,4.70,157
2024-11-27 06:00:00,-3.00,95,-6.40,,0.00,5.20,155
2024-11-27 07:00:00,-2.90,95,-6.20,,0.00,4.60,162
2024-11-27 08:00:00,-2.80,95,-6.10,,0.00,4.30,180
2024-11-27 09:00:00,-2.90,95,-6.30,,0.00,4.80,193
2024-11-27 10:00:00,-2.80,94,-6.20,,0.00,5.50,203
2024-11-27 11:00:00,-2.60,91,-6.20,,0.00,6.40,207
2024-11-27 12:00:00,-2.50,91,-6.10,,0.00,6.30,204
2024-11-27 13:00:00,-2.30,90,-5.90,,0.00,6.40,196
2024-11-27 14:00:00,-2.20,89,-5.70,,0.00,6.20,201
2024-11-27 15:00:00,-2.00,88,-5.70,,0.00,7.10,210
2024-11-27 16:00:00,-2.20,88,-5.90,,0.00,7.10,221
2024-11-27 17:00:00,-2.40,89,-6.10,,0.00,6.70,234
2024-11-27 18:00:00,-2.60,89,-6.20,,0.00,5.70,235
2024-11-27 19:00:00,-2.80,91,-6.20,,0.00,5.00,240
2024-11-27 20:00:00,-2.90,91,-6.20,,0.00,4.00,265
2024-11-27 21:00:00,-2.90,92,-6.00,,0.00,2.90,277
2024-11-27 22:00:00,-2.80,93,-5.90,,0.00,2.90,263
2024-11-27 23:00:00,-2.80,94,-5.90,,0.00,3.30,264
2024-11-28 00:00:00,-2.80,94,-6.00,,0.10,3.80,253
2024-11-28 01:00:00,-3.00,93,-6.40,,0.00,4.80,257
2024-11-28 02:00:00,-3.10,93,-6.50,,0.00,4.70,261
2024-11-28 03:00:00,-3.00,94,-6.30,,0.00,4.40,261
2024-11-28 04:00:00,-3.10,94,-6.50,,0.00,4.70,261
2024-11-28 05:00:00,-3.30,95,-6.60,,0.00,4.30,246
2024-11-28 06:00:00,-3.30,96,-6.50,,0.00,3.40,238
2024-11-28 07:00:00,-3.30,96,-6.60,,0.00,4.00,243
2024-11-28 08:00:00,-2.90,95,-6.30,,0.00,5.00,249
2024-11-28 09:00:00,-2.30,95,-5.50,,0.00,4.50,241
2024-11-28 10:00:00,-1.70,95,-4.90,,0.00,4.80,243
2024-11-28 11:00:00,-1.10,95,-4.20,,0.00,4.70,238
2024-11-28 12:00:00,-0.60,95,-3.60,,0.00,4.90,234
2024-11-28 13:00:00,-0.10,95,-3.20,,0.00,5.60,230
2024-11-28 14:00:00,0.20,94,-2.80,,0.00,5.60,230
2024-11-28 15:00:00,0.40,94,-2.40,,0.00,4.10,225
2024-11-28 16:00:00,0.20,96,-2.50,,0.00,3.40,212
2024-11-28 17:00:00,0.00,97,-2.70,,0.00,3.80,229
2024-11-28 18:00:00,-0.20,99,-2.80,,0.00,2.90,210
2024-11-28 19:00:00,-0.40,100,-3.30,,0.00,4.70,171
2024-11-28 20:00:00,-0.50,99,-3.70,,0.00,6.20,170
2024-11-28 21:00:00,-0.20,99,-3.30,,0.00,6.30,167
2024-11-28 22:00:00,-0.20,99,-3.50,,0.00,7.60,175
2024-11-28 23:00:00,-0.20,99,-3.60,,0.00,8.30,178
2024-11-29 00:00:00,-0.00,98,-3.30,,0.00,7.20,174
2024-11-29 01:00:00,0.20,95,-3.00,,0.00,6.60,167
2024-11-29 02:00:00,0.10,95,-3.30,,0.00,8.10,167
2024-11-29 03:00:00,-0.00,95,-3.50,,0.00,8.10,167
2024-11-29 04:00:00,-0.20,94,-3.80,,0.00,8.60,165
2024-11-29 05:00:00,-0.30,94,-3.80,,0.00,8.10,159
2024-11-29 06:00:00,-0.50,94,-4.20,,0.00,9.00,157
2024-11-29 07:00:00,-0.70,93,-4.40,,0.00,9.20,154
2024-11-29 08:00:00,-0.90,94,-4.80,,0.00,9.80,156
2024-11-29 09:00:00,-1.10,94,-5.00,,0.00,10.00,159
2024-11-29 10:00:00,-1.20,96,-5.00,,0.00,9.40,162
2024-11-29 11:00:00,-1.20,97,-4.90,,0.00,9.00,164
2024-11-29 12:00:00,-1.10,97,-4.60,,0.00,7.50,163
2024-11-29 13:00:00,-1.00,95,-4.70,,0.00,8.50,152
2024-11-29 14:00:00,-0.90,94,-4.50,,0.00,8.50,152
2024-11-29 15:00:00,-0.90,93,-4.40,,0.00,7.00,159
2024-11-29 16:00:00,-1.00,92,-4.40,,0.00,6.80,162
2024-11-29 17:00:00,-1.10,92,-4.60,,0.00,6.60,167
2024-11-29 18:00:00,-1.30,92,-4.80,,0.00,6.90,174
2024-11-29 19:00:00,-1.50,92,-4.90,,0.00,6.10,180
2024-11-29 20:00:00,-1.60,92,-4.70,,0.00,4.00,185
2024-11-29 21:00:00,-1.80,94,-4.70,,0.00,2.20,180
2024-11-29 22:00:00,-1.80,93,-4.70,,0.00,2.50,172
2024-11-29 23:00:00,-1.80,93,-4.90,,0.00,4.00,175
2024-11-30 00:00:00,-1.90,94,-5.10,,0.00,5.10,176
2024-11-30 01:00:00,-2.00,95,-5.20,,0.00,4.70,180
2024-11-30 02:00:00,-1.90,96,-4.90,,0.00,3.00,194
2024-11-30 03:00:00,-1.80,95,-4.60,,0.10,1.80,270
2024-11-30 04:00:00,-1.70,95,-4.40,,0.10,1.50,284
2024-11-30 05:00:00,-1.70,95,-4.40,,0.00,1.50,225
2024-11-30 06:00:00,-1.70,95,-4.50,,0.00,1.80,233
2024-11-30 07:00:00,-1.60,94,-4.30,,0.00,1.80,259
2024-11-30 08:00:00,-1.60,95,-4.40,,0.00,2.20,270
2024-11-30 09:00:00,-1.50,96,-4.30,,0.00,2.70,247
2024-11-30 10:00:00,-1.30,95,-4.20,,0.00,3.40,238
2024-11-30 11:00:00,-1.00,94,-4.00,,0.00,4.00,243
2024-11-30 12:00:00,-0.90,95,-3.90,,0.00,4.30,246
2024-11-30 13:00:00,-0.70,95,-3.70,,0.00,4.50,256
2024-11-30 14:00:00,-0.40,94,-3.40,,0.00,4.70,274
2024-11-30 15:00:00,-0.30,95,-3.30,,0.00,5.20,286
2024-11-30 16:00:00,-0.20,95,-3.20,,0.00,4.80,283
2024-11-30 17:00:00,-0.20,96,-3.10,,0.00,4.60,288
2024-11-30 18:00:00,-0.10,97,-3.00,,0.00,4.60,288
2024-11-30 19:00:00,-0.10,97,-2.90,,0.00,4.30,294
2024-11-30 20:00:00,-0.10,97,-2.80,,0.00,3.50,294
2024-11-30 21:00:00,0.00,97,-2.60,,0.00,3.20,270
2024-11-30 22:00:00,-0.00,97,-2.60,,0.00,2.50,270
2024-11-30 23:00:00,0.00,98,-2.60,,0.00,3.20,270
2024-12-01 00:00:00,0.10,98,-2.40,,0.00,2.50,270
2024-12-01 01:00:00,0.10,98,-2.60,,0.00,3.30,257
2024-12-01 02:00:00,0.10,98,-2.80,,0.00,4.70,247
2024-12-01 03:00:00,-0.00,98,-2.70,,0.00,3.60,233
2024-12-01 04:00:00,-0.10,97,-2.60,,0.00,1.80,270
2024-12-01 05:00:00,-0.10,97,-2.60,,0.00,2.00,225
2024-12-01 06:00:00,0.00,96,-2.60,,0.00,2.50,225
2024-12-01 07:00:00,-0.00,96,-2.80,,0.00,3.80,221
2024-12-01 08:00:00,-0.00,96,-2.90,,0.00,4.60,219
2024-12-01 09:00:00,0.20,94,-2.80,,0.00,5.10,225
2024-12-01 10:00:00,0.20,94,-2.80,,0.00,5.40,222
2024-12-01 11:00:00,0.50,94,-2.60,,0.00,6.10,220
2024-12-01 12:00:00,0.80,93,-2.40,,0.00,6.90,227
2024-12-01 13:00:00,1.00,91,-2.20,,0.00,7.20,233
2024-12-01 14:00:00,1.20,91,-2.00,,0.00,7.40,231
2024-12-01 15:00:00,1.10,91,-2.10,,0.00,7.40,231
2024-12-01 16:00:00,0.90,91,-2.30,,0.00,7.10,229
2024-12-01 17:00:00,0.40,92,-2.80,,0.00,6.70,234
2024-12-01 18:00:00,0.30,93,-2.90,,0.00,6.50,236
2024-12-01 19:00:00,0.20,93,-3.00,,0.00,6.20,234
2024-12-01 20:00:00,-0.10,94,-3.30,,0.00,6.40,227
2024-12-01 21:00:00,-0.10,93,-3.50,,0.00,7.40,227
2024-12-01 22:00:00,-0.40,95,-3.90,,0.00,8.70,228
2024-12-01 23:00:00,-0.60,96,-4.40,,0.00,9.70,228
2024-12-02 00:00:00,-0.30,94,-4.00,,0.00,9.20,231
2024-12-02 01:00:00,-0.30,93,-4.00,,0.00,9.00,233
2024-12-02 02:00:00,-0.30,92,-3.90,,0.00,8.20,241
2024-12-02 03:00:00,-0.40,91,-3.70,,0.00,6.40,243
2024-12-02 04:00:00,-0.30,90,-3.50,,0.00,5.50,238
2024-12-02 05:00:00,-0.40,90,-3.60,,0.00,5.60,230
2024-12-02 06:00:00,-0.30,91,-3.50,,0.00,5.70,215
2024-12-02 07:00:00,-0.30,92,-3.60,,0.00,6.40,207
2024-12-02 08:00:00,-0.50,94,-3.90,,0.00,7.20,207
2024-12-02 09:00:00,-0.50,94,-3.80,,0.00,6.60,202
2024-12-02 10:00:00,-0.40,94,-3.70,,0.00,6.60,193
2024-12-02 11:00:00,-0.10,92,-3.60,,0.00,7.60,183
2024-12-02 12:00:00,-0.30,94,-3.70,,0.00,7.30,191
2024-12-02 13:00:00,-0.00,92,-3.40,,0.00,7.50,197
2024-12-02 14:00:00,0.10,92,-3.30,,0.00,7.50,197
2024-12-02 15:00:00,0.10,94,-3.20,,0.00,7.00,201
2024-12-02 16:00:00,0.10,93,-3.20,,0.00,7.10,195
2024-12-02 17:00:00,-0.10,94,-3.30,,0.00,6.60,193
2024-12-02 18:00:00,-0.20,95,-3.50,,0.00,7.40,194
2024-12-02 19:00:00,-0.20,94,-3.70,,0.00,8.10,193
2024-12-02 20:00:00,-0.20,93,-3.80,,0.00,8.80,192
2024-12-02 21:00:00,-0.30,93,-4.00,,0.00,9.30,193
2024-12-02 22:00:00,-0.30,92,-4.00,,0.00,9.30,193
2024-12-02 23:00:00,-0.40,91,-4.10,,0.00,9.30,193
2024-12-03 00:00:00,-0.30,93,-4.00,,0.00,8.90,194
2024-12-03 01:00:00,-0.40,92,-4.10,,0.00,8.90,194
2024-12-03 02:00:00,-0.50,92,-4.10,,0.00,8.90,194
2024-12-03 03:00:00,-0.50,94,-4.10,,0.00,8.70,197
2024-12-03 04:00:00,-0.60,93,-4.20,,0.00,8.60,195
2024-12-03 05:00:00,-0.60,92,-4.20,,0.00,8.40,190
2024-12-03 06:00:00,-0.90,93,-4.60,,0.00,8.40,187
2024-12-03 07:00:00,-1.00,92,-4.70,,0.00,8.30,185
2024-12-03 08:00:00,-1.10,92,-4.70,,0.00,8.30,185
2024-12-03 09:00:00,-1.30,94,-5.00,,0.00,8.60,182
2024-12-03 10:00:00,-1.20,93,-4.90,,0.00,8.60,178
2024-12-03 11:00:00,-1.20,90,-5.20,,0.00,9.70,178
2024-12-03 12:00:00,-1.40,89,-5.40,,0.00,9.40,178
2024-12-03 13:00:00,-1.60,85,-5.80,,0.00,10.10,186
2024-12-03 14:00:00,-1.80,86,-5.90,,0.00,9.90,190
2024-12-03 15:00:00,-2.10,87,-6.10,,0.00,9.40,198
2024-12-03 16:00:00,-2.20,84,-6.30,,0.00,9.30,196
2024-12-03 17:00:00,-2.40,83,-6.40,,0.00,8.30,198
2024-12-03 18:00:00,-2.70,88,-6.70,,0.00,8.60,195
2024-12-03 19:00:00,-2.70,88,-6.80,,0.00,9.30,193
2024-12-03 20:00:00,-2.80,89,-7.00,,0.00,9.60,193
2024-12-03 21:00:00,-3.00,88,-7.10,,0.00,9.40,198
2024-12-03 22:00:00,-3.00,87,-7.20,,0.00,9.40,198
2024-12-03 23:00:00,-3.10,87,-7.30,,0.00,9.60,200
2024-12-04 00:00:00,-3.30,88,-7.50,,0.00,9.60,200
2024-12-04 01:00:00,-3.30,87,-7.50,,0.00,9.40,203
2024-12-04 02:00:00,-3.20,87,-7.30,,0.00,8.60,202
2024-12-04 03:00:00,-3.10,87,-7.10,,0.00,8.20,203
2024-12-04 04:00:00,-3.20,87,-7.10,,0.00,7.60,205
2024-12-04 05:00:00,-3.20,89,-7.10,,0.00,7.30,200
2024-12-04 06:00:00,-3.30,90,-7.00,,0.00,6.50,199
2024-12-04 07:00:00,-3.30,89,-7.10,,0.00,6.60,193
2024-12-04 08:00:00,-3.40,89,-7.10,,0.00,6.30,193
2024-12-04 09:00:00,-3.30,89,-7.00,,0.00,6.20,187
2024-12-04 10:00:00,-3.30,89,-6.90,,0.00,5.80,187
2024-12-04 11:00:00,-3.20,87,-6.80,,0.00,5.40,184
2024-12-04 12:00:00,-3.40,88,-6.80,,0.00,4.00,175
2024-12-04 13:00:00,-3.30,87,-6.60,,0.00,3.70,151
2024-12-04 14:00:00,-3.30,87,-6.60,,0.00,3.80,131
2024-12-04 15:00:00,-3.40,87,-6.80,,0.00,3.70,101
2024-12-04 16:00:00,-3.50,87,-7.00,,0.00,4.70,99
2024-12-04 17:00:00,-3.60,87,-7.30,,0.00,5.40,90
2024-12-04 18:00:00,-3.70,88,-7.40,,0.00,5.40,90
2024-12-04 19:00:00,-3.80,89,-7.50,,0.00,6.10,90
2024-12-04 20:00:00,-3.80,89,-7.60,,0.00,6.50,93
2024-12-04 21:00:00,-3.80,88,-7.50,,0.00,6.20,97
2024-12-04 22:00:00,-3.80,87,-7.60,,0.00,6.60,99
2024-12-04 23:00:00,-3.70,87,-7.50,,0.00,6.30,103
2024-12-05 00:00:00,-3.60,87,-7.30,,0.00,5.90,104
2024-12-05 01:00:00,-3.60,87,-7.40,,0.00,6.00,107
2024-12-05 02:00:00,-3.60,88,-7.40,,0.00,6.20,111
2024-12-05 03:00:00,-3.50,88,-7.20,,0.00,5.80,97
2024-12-05 04:00:00,-3.50,88,-7.10,,0.00,5.40,82
2024-12-05 05:00:00,-3.40,90,-7.00,,0.00,5.80,60
2024-12-05 06:00:00,-3.20,90,-6.70,,0.00,5.00,60
2024-12-05 07:00:00,-3.20,91,-6.80,,0.00,5.80,68
2024-12-05 08:00:00,-3.10,91,-6.70,,0.00,6.20,69
2024-12-05 09:00:00,-2.70,90,-6.30,,0.00,6.00,73
2024-12-05 10:00:00,-2.50,89,-6.00,,0.00,6.00,73
2024-12-05 11:00:00,-2.10,89,-5.70,,0.00,6.60,81
2024-12-05 12:00:00,-1.70,88,-5.20,,0.00,6.30,66
2024-12-05 13:00:00,-1.50,89,-5.10,,0.00,7.00,78
2024-12-05 14:00:00,-1.30,90,-4.80,,0.00,7.00,69
2024-12-05 15:00:00,-1.30,90,-4.90,,0.00,7.90,66
2024-12-05 16:00:00,-1.30,91,-5.00,,0.00,8.40,70
2024-12-05 17:00:00,-1.50,92,-5.30,,0.00,9.00,74
2024-12-05 18:00:00,-1.50,92,-5.30,,0.00,8.40,80
2024-12-05 19:00:00,-1.50,92,-5.30,,0.00,8.70,85
2024-12-05 20:00:00,-1.50,91,-5.30,,0.00,8.60,92
2024-12-05 21:00:00,-1.50,91,-5.30,,0.00,8.70,95
2024-12-05 22:00:00,-1.50,91,-5.30,,0.00,8.80,99
2024-12-05 23:00:00,-1.40,91,-5.10,,0.00,8.20,105
2024-12-06 00:00:00,-1.50,91,-5.10,,0.00,7.50,107
2024-12-06 01:00:00,-1.60,92,-5.40,,0.10,8.30,108
2024-12-06 02:00:00,-1.80,92,-5.60,,0.10,8.60,105
2024-12-06 03:00:00,-1.80,91,-5.70,,0.10,8.80,102
2024-12-06 04:00:00,-1.90,91,-5.80,,0.10,8.90,104
2024-12-06 05:00:00,-2.00,92,-5.80,,0.10,8.40,100
2024-12-06 06:00:00,-1.90,92,-5.70,,0.10,8.00,108
2024-12-06 07:00:00,-2.00,91,-5.90,,0.10,9.10,108
2024-12-06 08:00:00,-2.10,91,-6.00,,0.10,9.20,111
2024-12-06 09:00:00,-2.00,91,-5.90,,0.10,9.40,113
2024-12-06 10:00:00,-2.00,91,-6.00,,0.20,9.70,112
2024-12-06 11:00:00,-1.70,90,-5.80,,0.20,10.20,113
2024-12-06 12:00:00,-1.50,89,-5.70,,0.20,10.80,116
2024-12-06 13:00:00,-1.40,89,-5.40,,0.20,10.10,117
2024-12-06 14:00:00,-1.30,89,-5.30,,0.10,10.10,125
2024-12-06 15:00:00,-1.40,90,-5.30,,0.10,9.40,122
2024-12-06 16:00:00,-1.50,91,-5.40,,0.10,9.70,121
2024-12-06 17:00:00,-1.50,91,-5.50,,0.10,9.70,121
2024-12-06 18:00:00,-1.50,92,-5.40,,0.10,9.70,121
2024-12-06 19:00:00,-1.40,92,-5.30,,0.10,9.80,126
2024-12-06 20:00:00,-1.30,92,-5.20,,0.10,10.00,131
2024-12-06 21:00:00,-1.20,92,-5.10,,0.10,9.80,126
2024-12-06 22:00:00,-1.10,93,-5.00,,0.10,9.70,129
2024-12-06 23:00:00,-1.10,93,-4.90,,0.10,9.40,130
2024-12-07 00:00:00,-1.00,93,-4.90,,0.10,10.20,138
2024-12-07 01:00:00,-0.90,94,-4.70,,0.10,9.20,141
2024-12-07 02:00:00,-1.00,94,-4.80,,0.10,9.40,140
2024-12-07 03:00:00,-0.90,93,-4.70,,0.10,9.00,143
2024-12-07 04:00:00,-1.00,94,-4.80,,0.20,9.20,129
2024-12-07 05:00:00,-0.90,95,-4.70,,0.40,10.20,122
2024-12-07 06:00:00,-0.40,96,-4.30,,0.70,11.00,128
2024-12-07 07:00:00,-0.10,96,-4.10,,1.00,12.00,136
2024-12-07 08:00:00,0.20,95,-3.90,,1.00,12.80,142
2024-12-07 09:00:00,0.50,95,-3.70,,1.10,14.40,143
2024-12-07 10:00:00,0.50,94,-3.80,,1.30,14.60,147
2024-12-07 11:00:00,0.50,94,-3.80,,1.30,14.60,147
2024-12-07 12:00:00,0.50,94,-3.70,,0.70,13.90,149
2024-12-07 13:00:00,0.50,94,-3.70,,0.90,13.30,147
2024-12-07 14:00:00,0.50,95,-3.60,,0.70,13.30,147
2024-12-07 15:00:00,0.50,95,-3.30,,0.50,11.20,140
2024-12-07 16:00:00,0.40,96,-3.50,,0.30,12.00,139
2024-12-07 17:00:00,0.20,97,-3.90,,0.10,13.20,137
2024-12-07 18:00:00,0.10,97,-4.00,,0.00,13.30,139
2024-12-07 19:00:00,0.00,97,-4.20,,0.00,13.80,139
2024-12-07 20:00:00,-0.00,96,-4.30,,0.00,14.00,145
2024-12-07 21:00:00,-0.00,97,-4.20,,0.00,13.50,138
2024-12-07 22:00:00,-0.10,97,-4.30,,0.00,14.00,136
2024-12-07 23:00:00,-0.10,96,-4.30,,0.10,13.50,134
2024-12-08 00:00:00,-0.10,94,-4.20,,0.60,12.80,130
2024-12-08 01:00:00,-0.20,95,-4.50,,0.30,13.50,132
2024-12-08 02:00:00,-0.30,96,-4.60,,0.00,13.50,132
2024-12-08 03:00:00,-0.30,96,-4.40,,0.00,13.00,132
2024-12-08 04:00:00,-0.40,96,-4.50,,0.00,12.80,130
2024-12-08 05:00:00,-0.50,96,-4.60,,0.00,12.30,130
2024-12-08 06:00:00,-0.80,97,-4.80,,0.00,11.50,129
2024-12-08 07:00:00,-0.90,97,-4.90,,0.00,11.70,124
2024-12-08 08:00:00,-1.00,96,-5.10,,0.00,11.80,121
2024-12-08 09:00:00,-1.30,96,-5.50,,0.00,12.30,122
2024-12-08 10:00:00,-1.20,95,-5.40,,0.00,12.10,120
2024-12-08 11:00:00,-1.20,94,-5.50,,0.00,12.80,122
2024-12-08 12:00:00,-1.20,93,-5.40,,0.00,12.10,120
2024-12-08 13:00:00,-1.20,93,-5.30,,0.00,11.80,121
2024-12-08 14:00:00,-1.10,92,-5.30,,0.00,11.60,116
2024-12-08 15:00:00,-1.50,92,-5.60,,0.00,11.30,117
2024-12-08 16:00:00,-1.60,92,-5.70,,0.00,10.80,111
2024-12-08 17:00:00,-1.70,92,-5.90,,0.00,11.20,111
2024-12-08 18:00:00,-1.70,92,-5.80,,0.00,10.40,110
2024-12-08 19:00:00,-1.70,93,-5.70,,0.00,9.80,107
2024-12-08 20:00:00,-1.60,93,-5.60,,0.00,10.40,110
2024-12-08 21:00:00,-1.50,94,-5.50,,0.00,10.10,117
2024-12-08 22:00:00,-1.50,95,-5.40,,0.00,10.30,126
2024-12-08 23:00:00,-1.50,96,-5.30,,0.00,9.20,129
2024-12-09 00:00:00,-1.50,96,-5.10,,0.00,8.20,128
2024-12-09 01:00:00,-1.40,97,-5.00,,0.00,8.20,128
2024-12-09 02:00:00,-1.40,98,-5.00,,0.00,8.00,126
2024-12-09 03:00:00,-1.30,97,-4.90,,0.00,8.40,121
2024-12-09 04:00:00,-1.10,96,-4.60,,0.00,8.00,117
2024-12-09 05:00:00,-0.90,95,-4.40,,0.00,7.40,113
2024-12-09 06:00:00,-0.80,95,-4.30,,0.00,7.40,113
2024-12-09 07:00:00,-0.70,95,-4.10,,0.00,7.10,114
2024-12-09 08:00:00,-0.60,96,-3.90,,0.00,7.10,114
2024-12-09 09:00:00,-0.40,95,-3.80,,0.00,7.10,114
2024-12-09 10:00:00,-0.30,95,-3.60,,0.00,7.10,114
2024-12-09 11:00:00,-0.10,95,-3.40,,0.00,7.40,113
2024-12-09 12:00:00,0.00,95,-3.20,,0.00,6.80,108
2024-12-09 13:00:00,0.20,95,-3.10,,0.00,7.40,104
2024-12-09 14:00:00,0.30,95,-3.00,,0.00,7.40,104
2024-12-09 15:00:00,0.10,95,-3.40,,0.00,8.70,97
2024-12-09 16:00:00,0.10,95,-3.40,,0.00,9.00,95
2024-12-09 17:00:00,0.10,95,-3.50,,0.00,9.70,94
2024-12-09 18:00:00,0.20,95,-3.40,,0.00,9.40,97
2024-12-09 19:00:00,0.20,95,-3.40,,0.00,9.70,94
2024-12-09 20:00:00,0.20,96,-3.40,,0.00,9.70,92
2024-12-09 21:00:00,0.30,96,-3.40,,0.00,10.10,84
2024-12-09 22:00:00,0.20,96,-3.40,,0.00,10.00,77
2024-12-09 23:00:00,0.20,97,-3.40,,0.00,10.00,69
2024-12-10 00:00:00,0.20,96,-3.40,,0.00,9.60,70
2024-12-10 01:00:00,0.20,96,-3.50,,0.00,10.50,68
2024-12-10 02:00:00,0.20,96,-3.50,,0.00,10.10,73
2024-12-10 03:00:00,0.10,95,-3.80,,0.00,11.00,71
2024-12-10 04:00:00,0.10,95,-3.70,,0.00,10.80,64
2024-12-10 05:00:00,0.00,95,-3.80,,0.00,10.90,73
2024-12-10 06:00:00,0.10,95,-3.80,,0.00,11.40,66
2024-12-10 07:00:00,0.00,95,-4.00,,0.00,12.10,67
2024-12-10 08:00:00,-0.00,95,-4.00,,0.00,11.80,67
2024-12-10 09:00:00,-0.10,95,-4.10,,0.00,11.90,65
2024-12-10 10:00:00,-0.00,95,-3.90,,0.00,11.40,66
2024-12-10 11:00:00,-0.00,95,-4.00,,0.00,11.90,65
2024-12-10 12:00:00,0.00,95,-3.80,,0.10,10.60,62
2024-12-10 13:00:00,0.20,94,-3.50,,0.20,9.90,71
2024-12-10 14:00:00,0.30,94,-3.30,,0.10,9.50,61
2024-12-10 15:00:00,0.30,94,-3.40,,0.00,10.00,49
2024-12-10 16:00:00,0.20,93,-3.50,,0.00,10.40,56
2024-12-10 17:00:00,0.20,93,-3.60,,0.00,10.60,62
2024-12-10 18:00:00,0.10,94,-3.60,,0.00,9.80,62
2024-12-10 19:00:00,0.10,94,-3.60,,0.00,10.30,65
2024-12-10 20:00:00,0.10,94,-3.60,,0.00,10.20,67
2024-12-10 21:00:00,-0.00,93,-3.70,,0.00,9.20,69
2024-12-10 22:00:00,-0.10,94,-3.60,,0.00,8.90,69
2024-12-10 23:00:00,-0.10,94,-3.70,,0.00,8.60,68
2024-12-11 00:00:00,-0.20,94,-3.60,,0.00,7.10,66
2024-12-11 01:00:00,-0.20,94,-3.50,,0.00,6.50,56
2024-12-11 02:00:00,-0.30,95,-3.50,,0.00,6.60,49
2024-12-11 03:00:00,-0.30,95,-3.60,,0.00,7.40,43
2024-12-11 04:00:00,-0.40,95,-3.90,,0.00,8.40,43
2024-12-11 05:00:00,-0.50,95,-4.00,,0.00,8.40,43
2024-12-11 06:00:00,-0.70,95,-4.20,,0.00,7.90,43
2024-12-11 07:00:00,-0.80,95,-4.30,,0.00,7.60,45
2024-12-11 08:00:00,-0.90,95,-4.30,,0.00,7.40,43
2024-12-11 09:00:00,-0.90,94,-4.40,,0.00,7.70,49
2024-12-11 10:00:00,-0.90,94,-4.30,,0.00,6.90,47
2024-12-11 11:00:00,-0.80,93,-4.20,,0.00,6.90,43
2024-12-11 12:00:00,-0.80,94,-4.20,,0.00,7.40,29
2024-12-11 13:00:00,-0.60,93,-4.10,,0.00,7.90,16
2024-12-11 14:00:00,-0.40,92,-3.90,,0.00,7.70,11
2024-12-11 15:00:00,-0.40,92,-3.90,,0.00,8.00,8
2024-12-11 16:00:00,-0.50,92,-4.00,,0.00,8.00,5
2024-12-11 17:00:00,-0.60,92,-4.20,,0.00,8.60,2
2024-12-11 18:00:00,-0.80,93,-4.40,,0.00,8.30,2
2024-12-11 19:00:00,-1.00,93,-4.60,,0.00,8.30,358
2024-12-11 20:00:00,-1.50,95,-5.40,,0.00,9.40,353
2024-12-11 21:00:00,-1.90,94,-5.80,,0.00,9.90,350
2024-12-11 22:00:00,-1.80,87,-5.70,,0.00,8.80,348
2024-12-11 23:00:00,-2.60,92,-6.90,,0.00,11.30,351
2024-12-12 00:00:00,-2.90,92,-7.10,,0.00,10.50,352
2024-12-12 01:00:00,-2.40,89,-6.50,,0.00,10.20,350
2024-12-12 02:00:00,-2.40,89,-6.40,,0.00,9.30,347
2024-12-12 03:00:00,-2.30,89,-6.40,,0.20,10.20,342
2024-12-12 04:00:00,-2.30,89,-6.80,,0.10,12.90,347
2024-12-12 05:00:00,-2.00,89,-6.30,,0.00,11.10,347
2024-12-12 06:00:00,-1.80,86,-6.50,,0.00,14.50,354
2024-12-12 07:00:00,-2.00,81,-6.90,,0.00,14.40,359
2024-12-12 08:00:00,-2.20,80,-7.10,,0.00,14.20,351
2024-12-12 09:00:00,-2.10,80,-7.10,,0.00,14.90,352
2024-12-12 10:00:00,-2.10,79,-7.10,,0.00,15.30,352
2024-12-12 11:00:00,-1.90,75,-6.70,,0.00,13.60,348
2024-12-12 12:00:00,-1.20,64,-6.00,,0.00,12.60,336
2024-12-12 13:00:00,-0.90,60,-5.90,,0.00,13.20,325
2024-12-12 14:00:00,-0.80,60,-5.80,,0.00,13.80,313
2024-12-12 15:00:00,-0.70,57,-5.80,,0.00,13.80,317
2024-12-12 16:00:00,-1.00,64,-6.00,,0.00,13.50,312
2024-12-12 17:00:00,-1.70,65,-6.50,,0.00,12.10,300
2024-12-12 18:00:00,-1.90,66,-6.80,,0.00,12.60,290
2024-12-12 19:00:00,-2.40,67,-7.40,,0.00,13.10,286
2024-12-12 20:00:00,-2.70,70,-7.90,,0.00,14.30,280
2024-12-12 21:00:00,-2.40,72,-7.50,,0.00,14.60,279
2024-12-12 22:00:00,-2.50,75,-7.40,,0.00,13.30,270
2024-12-12 23:00:00,-2.20,76,-7.10,,0.20,14.10,266
2024-12-13 00:00:00,-2.30,81,-7.40,,0.20,15.60,278
2024-12-13 01:00:00,-2.30,83,-7.60,,0.10,17.20,303
2024-12-13 02:00:00,-2.70,72,-8.20,,0.20,17.00,324
2024-12-13 03:00:00,-3.50,67,-9.80,,0.10,21.60,336
2024-12-13 04:00:00,-4.10,69,-10.70,,0.10,23.00,335
2024-12-13 05:00:00,-4.80,65,-11.40,,0.00,22.60,338
2024-12-13 06:00:00,-5.20,68,-11.80,,0.00,22.60,335
2024-12-13 07:00:00,-5.50,64,-11.90,,0.00,21.30,334
2024-12-13 08:00:00,-5.60,66,-11.90,,0.00,20.80,337
2024-12-13 09:00:00,-5.70,68,-11.70,,0.00,17.90,326
2024-12-13 10:00:00,-5.60,74,-11.80,,0.00,20.50,321
2024-12-13 11:00:00,-5.30,67,-11.70,,0.00,21.30,326
2024-12-13 12:00:00,-4.80,61,-11.80,,0.00,25.00,335
2024-12-13 13:00:00,-4.80,66,-11.50,,0.00,23.80,328
2024-12-13 14:00:00,-4.90,70,-11.10,,0.00,20.00,321
2024-12-13 15:00:00,-5.10,64,-11.40,,0.00,20.40,328
2024-12-13 16:00:00,-5.40,63,-11.50,,0.00,19.20,320
2024-12-13 17:00:00,-5.70,63,-11.60,,0.00,17.00,324
2024-12-13 18:00:00,-5.80,64,-11.60,,0.00,16.60,319
2024-12-13 19:00:00,-6.10,65,-11.60,,0.00,14.80,319
2024-12-13 20:00:00,-6.40,67,-11.80,,0.00,14.00,316
2024-12-13 21:00:00,-6.50,67,-11.80,,0.00,13.00,314
2024-12-13 22:00:00,-6.80,70,-11.90,,0.00,12.00,309
2024-12-13 23:00:00,-6.90,71,-11.90,,0.00,11.20,303
2024-12-14 00:00:00,-7.20,74,-12.00,,0.00,10.00,296
2024-12-14 01:00:00,-7.40,76,-12.10,,0.00,9.80,287
2024-12-14 02:00:00,-7.50,77,-12.20,,0.00,9.50,279
2024-12-14 03:00:00,-7.80,79,-12.40,,0.00,8.30,272
2024-12-14 04:00:00,-7.90,78,-12.50,,0.00,9.10,263
2024-12-14 05:00:00,-8.00,77,-12.70,,0.00,9.30,254
2024-12-14 06:00:00,-7.90,77,-12.70,,0.00,9.50,245
2024-12-14 07:00:00,-7.80,77,-12.60,,0.00,10.00,240
2024-12-14 08:00:00,-7.60,77,-12.50,,0.00,10.60,235
2024-12-14 09:00:00,-7.00,75,-12.10,,0.00,12.10,233
2024-12-14 10:00:00,-7.00,76,-12.10,,0.00,12.60,233
2024-12-14 11:00:00,-6.50,74,-11.80,,0.00,13.30,229
2024-12-14 12:00:00,-5.20,65,-10.60,,0.00,14.40,233
2024-12-14 13:00:00,-4.90,61,-10.30,,0.00,14.00,228
2024-12-14 14:00:00,-4.60,57,-10.00,,0.00,14.00,222
2024-12-14 15:00:00,-3.90,51,-9.40,,0.00,14.50,226
2024-12-14 16:00:00,-4.10,52,-9.60,,0.00,14.10,220
2024-12-14 17:00:00,-4.40,53,-9.80,,0.00,13.50,214
2024-12-14 18:00:00,-4.30,54,-9.60,,0.00,12.80,212
2024-12-14 19:00:00,-4.90,57,-10.00,,0.00,11.90,205
2024-12-14 20:00:00,-5.50,62,-10.70,,0.00,12.30,201
2024-12-14 21:00:00,-5.10,63,-10.20,,0.00,12.30,201
2024-12-14 22:00:00,-5.30,66,-10.50,,0.00,12.90,198
2024-12-14 23:00:00,-5.50,69,-10.70,,0.00,13.30,199
2024-12-15 00:00:00,-5.60,70,-10.80,,0.00,12.60,200
2024-12-15 01:00:00,-5.90,72,-11.00,,0.00,12.20,199
2024-12-15 02:00:00,-5.90,74,-10.80,,0.00,11.80,200
2024-12-15 03:00:00,-5.60,75,-10.40,,0.00,10.80,201
2024-12-15 04:00:00,-5.50,78,-10.20,,0.00,10.80,206
2024-12-15 05:00:00,-5.40,85,-10.00,,0.10,10.90,207
2024-12-15 06:00:00,-4.90,91,-9.50,,0.40,11.50,212
2024-12-15 07:00:00,-4.70,92,-9.30,,0.20,11.50,212
2024-12-15 08:00:00,-4.30,93,-8.80,,0.10,11.20,213
2024-12-15 09:00:00,-3.80,93,-8.20,,0.10,11.10,216
2024-12-15 10:00:00,-3.40,93,-7.80,,0.00,11.50,219
2024-12-15 11:00:00,-3.00,93,-7.40,,0.10,11.70,223
2024-12-15 12:00:00,-2.40,92,-6.80,,0.10,12.00,229
2024-12-15 13:00:00,-1.90,91,-6.20,,0.10,11.80,230
2024-12-15 14:00:00,-1.50,91,-5.80,,0.10,11.80,232
2024-12-15 15:00:00,-1.30,93,-5.40,,0.30,11.20,230
2024-12-15 16:00:00,-1.30,94,-5.40,,0.30,11.50,238
2024-12-15 17:00:00,-1.20,95,-5.30,,0.30,11.60,248
2024-12-15 18:00:00,-0.60,92,-4.50,,0.00,10.80,268
2024-12-15 19:00:00,-0.80,93,-4.60,,0.00,9.40,252
2024-12-15 20:00:00,-0.80,92,-4.80,,0.00,10.50,248
2024-12-15 21:00:00,-0.70,93,-4.70,,0.00,11.10,245
2024-12-15 22:00:00,-0.70,92,-4.80,,0.00,11.70,236
2024-12-15 23:00:00,-0.70,92,-5.00,,0.00,12.50,237
2024-12-16 00:00:00,-0.40,95,-4.50,,0.60,12.70,235
2024-12-16 01:00:00,-0.20,94,-4.50,,0.30,14.20,254
2024-12-16 02:00:00,-0.10,92,-4.40,,0.00,13.40,262
2024-12-16 03:00:00,0.10,89,-4.10,,0.10,13.00,275
2024-12-16 04:00:00,-0.10,88,-4.40,,0.10,13.00,270
2024-12-16 05:00:00,-0.20,85,-4.60,,0.00,12.60,272
2024-12-16 06:00:00,-0.10,83,-4.30,,0.00,12.00,261
2024-12-16 07:00:00,-0.20,83,-4.60,,0.00,12.80,259
2024-12-16 08:00:00,-0.30,84,-4.70,,0.00,13.00,242
2024-12-16 09:00:00,-0.10,84,-4.50,,0.00,12.90,243
2024-12-16 10:00:00,-0.20,85,-4.80,,0.00,14.60,230
2024-12-16 11:00:00,-0.00,86,-4.70,,0.00,15.40,217
2024-12-16 12:00:00,0.10,91,-4.60,,0.50,16.80,208
2024-12-16 13:00:00,0.30,93,-4.80,,1.10,19.70,215
2024-12-16 14:00:00,0.40,92,-5.00,,1.60,21.70,220
2024-12-16 15:00:00,0.70,94,-5.10,,2.80,24.60,231
2024-12-16 16:00:00,0.80,95,-4.30,,0.60,20.80,236
2024-12-16 17:00:00,2.00,95,-3.20,,0.50,22.50,250
2024-12-16 18:00:00,3.10,95,-1.50,,0.00,19.50,258
2024-12-16 19:00:00,3.60,93,-0.70,,0.00,17.70,272
2024-12-16 20:00:00,4.00,86,-0.60,,0.00,18.70,289
2024-12-16 21:00:00,4.20,76,-1.10,,0.00,22.10,294
2024-12-16 22:00:00,3.80,75,-1.20,,0.00,19.90,292
2024-12-16 23:00:00,3.00,82,-2.00,,0.00,19.90,290
2024-12-17 00:00:00,3.10,80,-2.10,,0.00,20.70,283
2024-12-17 01:00:00,2.70,82,-2.10,,0.10,18.40,281
2024-12-17 02:00:00,2.40,82,-2.70,,0.10,19.90,276
2024-12-17 03:00:00,2.70,82,-1.90,,0.10,16.90,271
2024-12-17 04:00:00,2.60,83,-2.10,,0.00,17.70,274
2024-12-17 05:00:00,2.50,81,-2.10,,0.00,16.90,270
2024-12-17 06:00:00,2.50,81,-1.70,,0.00,13.70,267
2024-12-17 07:00:00,2.10,85,-2.00,,0.00,13.00,256
2024-12-17 08:00:00,1.90,87,-2.20,,0.00,13.40,246
2024-12-17 09:00:00,2.00,89,-2.10,,0.10,13.90,245
2024-12-17 10:00:00,1.30,95,-2.80,,0.50,14.50,243
2024-12-17 11:00:00,0.70,99,-3.40,,0.90,14.00,241
2024-12-17 12:00:00,1.00,96,-3.10,,0.50,13.80,237
2024-12-17 13:00:00,1.90,95,-2.00,,0.20,12.90,243
2024-12-17 14:00:00,2.80,92,-1.30,,0.10,15.00,259
2024-12-17 15:00:00,3.50,85,-0.80,,0.00,16.70,256
2024-12-17 16:00:00,3.50,85,-1.00,,0.20,17.80,262
2024-12-17 17:00:00,3.20,85,-1.10,,0.20,16.10,286
2024-12-17 18:00:00,2.60,90,-1.60,,0.70,15.50,292
2024-12-17 19:00:00,2.60,86,-1.90,,0.00,16.60,300
2024-12-17 20:00:00,2.00,85,-2.40,,0.00,15.30,294
2024-12-17 21:00:00,1.90,85,-2.90,,0.10,18.20,295
2024-12-17 22:00:00,1.80,81,-2.80,,0.00,15.80,282
2024-12-17 23:00:00,1.80,85,-2.90,,0.10,16.80,279
2024-12-18 00:00:00,2.10,80,-3.00,,0.00,19.40,285
2024-12-18 01:00:00,2.00,76,-3.20,,0.00,19.20,287
2024-12-18 02:00:00,1.60,76,-3.80,,0.00,19.70,288
2024-12-18 03:00:00,1.60,74,-3.70,,0.00,18.80,287
2024-12-18 04:00:00,1.30,76,-3.80,,0.00,18.10,291
2024-12-18 05:00:00,1.20,75,-4.00,,0.00,18.00,290
2024-12-18 06:00:00,1.50,72,-3.70,,0.00,17.70,290
2024-12-18 07:00:00,1.20,75,-3.90,,0.00,17.70,290
2024-12-18 08:00:00,1.10,75,-4.10,,0.00,18.20,295
2024-12-18 09:00:00,1.40,72,-3.90,,0.00,18.60,292
2024-12-18 10:00:00,1.50,71,-3.80,,0.00,18.10,287
2024-12-18 11:00:00,1.80,68,-3.50,,0.00,18.70,298
2024-12-18 12:00:00,2.20,66,-3.40,,0.00,20.40,311
2024-12-18 13:00:00,2.00,61,-3.90,,0.00,21.40,314
2024-12-18 14:00:00,1.70,56,-3.90,,0.00,18.70,320
2024-12-18 15:00:00,1.60,53,-3.70,,0.00,15.60,320
2024-12-18 16:00:00,0.90,54,-4.20,,0.00,13.80,327
2024-12-18 17:00:00,0.30,55,-4.40,,0.00,10.70,327
2024-12-18 18:00:00,-0.60,57,-5.10,,0.00,9.60,326
2024-12-18 19:00:00,-1.30,58,-5.50,,0.00,7.70,323
2024-12-18 20:00:00,-1.90,64,-6.00,,0.00,6.90,321
2024-12-18 21:00:00,-2.80,68,-6.70,,0.00,5.60,320
2024-12-18 22:00:00,-3.30,70,-7.00,,0.00,4.10,315
2024-12-18 23:00:00,-3.50,71,-6.90,,0.00,2.10,301
2024-12-19 00:00:00,-3.80,71,-7.10,,0.00,0.80,297
2024-12-19 01:00:00,-3.90,71,-7.30,,0.00,2.20,171
2024-12-19 02:00:00,-3.70,71,-7.30,,0.00,2.90,180
2024-12-19 03:00:00,-3.70,72,-7.20,,0.00,2.90,150
2024-12-19 04:00:00,-3.30,71,-7.20,,0.00,5.60,165
2024-12-19 05:00:00,-3.20,76,-7.20,,0.00,6.90,171
2024-12-19 06:00:00,-2.90,81,-6.90,,0.00,7.70,169
2024-12-19 07:00:00,-3.00,90,-7.00,,0.40,9.10,162
2024-12-19 08:00:00,-2.60,93,-6.80,,0.60,10.90,163
2024-12-19 09:00:00,-1.80,95,-6.10,,0.70,12.20,166
2024-12-19 10:00:00,-1.20,95,-5.60,,0.60,13.80,174
2024-12-19 11:00:00,-0.50,96,-4.70,,0.00,13.30,178
2024-12-19 12:00:00,0.40,96,-3.40,,0.10,11.50,182
2024-12-19 13:00:00,1.00,96,-2.80,,0.00,11.40,191
2024-12-19 14:00:00,1.30,97,-2.40,,0.10,11.70,198
2024-12-19 15:00:00,1.90,97,-1.50,,0.00,10.40,200
2024-12-19 16:00:00,2.20,97,-1.10,,0.00,10.00,206
2024-12-19 17:00:00,2.30,97,-0.90,,0.00,9.30,208
2024-12-19 18:00:00,3.00,97,0.10,,0.00,8.20,209
2024-12-19 19:00:00,2.90,97,-0.10,,0.00,8.20,203
2024-12-19 20:00:00,2.90,96,-0.00,,0.00,8.30,198
2024-12-19 21:00:00,3.20,95,0.30,,0.00,8.10,201
2024-12-19 22:00:00,3.00,95,-0.00,,0.00,8.80,199
2024-12-19 23:00:00,3.00,94,-0.20,,0.00,9.30,196
2024-12-20 00:00:00,2.80,93,-0.30,,0.00,8.90,194
2024-12-20 01:00:00,2.70,93,-0.60,,0.00,9.50,191
2024-12-20 02:00:00,2.60,92,-0.80,,0.00,10.20,190
2024-12-20 03:00:00,2.50,92,-0.90,,0.00,9.80,186
2024-12-20 04:00:00,2.30,91,-1.20,,0.00,10.60,190
2024-12-20 05:00:00,2.20,91,-1.40,,0.00,10.90,189
2024-12-20 06:00:00,2.20,91,-1.40,,0.00,10.90,189
2024-12-20 07:00:00,2.00,91,-1.80,,0.00,11.70,191
2024-12-20 08:00:00,1.90,92,-1.90,,0.00,12.10,192
2024-12-20 09:00:00,2.20,91,-1.60,,0.00,12.10,190
2024-12-20 10:00:00,2.10,92,-1.70,,0.00,12.40,190
2024-12-20 11:00:00,2.30,93,-1.50,,0.00,12.70,188
2024-12-20 12:00:00,2.60,93,-1.20,,0.00,12.70,187
2024-12-20 13:00:00,2.70,94,-1.10,,0.00,13.40,188
2024-12-20 14:00:00,3.00,94,-0.70,,0.00,13.10,189
2024-12-20 15:00:00,3.40,93,-0.20,,0.00,12.90,193
2024-12-20 16:00:00,3.50,94,-0.00,,0.00,12.20,199
2024-12-20 17:00:00,3.60,93,0.10,,0.00,11.80,207
2024-12-20 18:00:00,3.70,93,0.30,,0.00,11.60,206
2024-12-20 19:00:00,3.80,93,0.30,,0.00,12.10,210
2024-12-20 20:00:00,3.50,93,-0.00,,0.00,12.20,223
2024-12-20 21:00:00,3.10,94,-0.20,,0.00,10.70,225
2024-12-20 22:00:00,2.90,93,-0.40,,0.20,10.00,221
2024-12-20 23:00:00,2.80,95,-0.40,,0.70,9.20,219
2024-12-21 00:00:00,2.70,97,-0.30,,1.20,8.70,222
2024-12-21 01:00:00,2.70,97,-0.40,,1.00,9.10,236
2024-12-21 02:00:00,2.70,97,-0.40,,0.80,8.80,258
2024-12-21 03:00:00,2.90,97,-0.10,,0.60,8.20,285
2024-12-21 04:00:00,2.60,92,-0.00,,0.30,5.10,278
2024-12-21 05:00:00,2.40,93,-0.30,,0.00,5.40,262
2024-12-21 06:00:00,2.20,95,-0.60,,0.00,6.10,273
2024-12-21 07:00:00,1.80,94,-1.10,,0.00,6.30,294
2024-12-21 08:00:00,1.40,94,-1.60,,0.00,6.50,304
2024-12-21 09:00:00,0.90,91,-2.10,,0.00,5.20,304
2024-12-21 10:00:00,0.60,93,-2.40,,0.00,5.80,292
2024-12-21 11:00:00,0.70,94,-2.40,,0.00,6.60,292
2024-12-21 12:00:00,1.00,89,-2.50,,0.00,8.70,315
2024-12-21 13:00:00,1.00,87,-2.30,,0.00,7.10,319
2024-12-21 14:00:00,1.20,86,-2.00,,0.00,6.70,324
2024-12-21 15:00:00,1.30,84,-1.80,,0.00,6.00,327
2024-12-21 16:00:00,1.00,85,-1.90,,0.00,4.20,329
2024-12-21 17:00:00,0.70,87,-1.90,,0.00,1.60,333
2024-12-21 18:00:00,0.10,88,-2.50,,0.00,1.50,346
2024-12-21 19:00:00,-0.00,89,-2.60,,0.00,1.30,326
2024-12-21 20:00:00,-0.30,90,-2.90,,0.00,1.50,315
2024-12-21 21:00:00,-0.40,89,-3.00,,0.00,1.10,288
2024-12-21 22:00:00,-0.50,87,-3.20,,0.00,1.40,270
2024-12-21 23:00:00,-0.60,87,-3.30,,0.00,1.80,217
2024-12-22 00:00:00,-0.60,89,-3.40,,0.00,2.30,219
2024-12-22 01:00:00,-0.70,89,-3.50,,0.00,2.40,207
2024-12-22 02:00:00,-0.70,89,-3.50,,0.00,2.40,207
2024-12-22 03:00:00,-0.60,91,-3.40,,0.00,2.60,236
2024-12-22 04:00:00,-0.70,90,-3.50,,0.00,2.30,231
2024-12-22 05:00:00,-0.70,89,-3.50,,0.00,2.40,243
2024-12-22 06:00:00,-0.70,91,-3.50,,0.00,2.40,243
2024-12-22 07:00:00,-1.00,91,-3.70,,0.00,2.10,239
2024-12-22 08:00:00,-1.30,92,-4.00,,0.00,1.60,207
2024-12-22 09:00:00,-1.40,91,-4.20,,0.00,1.80,180
2024-12-22 10:00:00,-1.40,91,-4.30,,0.00,2.20,171
2024-12-22 11:00:00,-1.10,90,-3.90,,0.00,2.50,172
2024-12-22 12:00:00,-0.70,87,-3.90,,0.00,4.60,198
2024-12-22 13:00:00,-0.60,84,-3.90,,0.00,5.50,203
2024-12-22 14:00:00,-0.60,78,-4.10,,0.00,5.60,207
2024-12-22 15:00:00,-0.60,77,-4.00,,0.00,4.80,193
2024-12-22 16:00:00,-0.70,79,-4.00,,0.00,4.70,171
2024-12-22 17:00:00,-0.90,80,-4.50,,0.00,6.00,155
2024-12-22 18:00:00,-1.30,81,-4.90,,0.00,6.00,147
2024-12-22 19:00:00,-1.60,81,-5.20,,0.00,6.00,147
2024-12-22 20:00:00,-1.90,82,-5.50,,0.00,6.00,147
2024-12-22 21:00:00,-2.40,81,-6.20,,0.00,6.80,155
2024-12-22 22:00:00,-2.80,81,-6.30,,0.00,4.70,157
2024-12-22 23:00:00,-2.80,84,-6.20,,0.00,3.60,143
2024-12-23 00:00:00,-2.60,87,-5.90,,0.00,3.70,151
2024-12-23 01:00:00,-2.50,89,-5.60,,0.00,2.80,130
2024-12-23 02:00:00,-2.50,90,-5.60,,0.00,3.10,111
2024-12-23 03:00:00,-2.60,90,-5.80,,0.00,3.60,90
2024-12-23 04:00:00,-2.40,90,-5.60,,0.00,4.10,75
2024-12-23 05:00:00,-2.30,91,-5.60,,0.00,4.50,76
2024-12-23 06:00:00,-1.90,92,-5.10,,0.00,4.50,61
2024-12-23 07:00:00,-1.80,92,-5.00,,0.00,4.50,61
2024-12-23 08:00:00,-1.60,93,-4.80,,0.00,4.40,55
2024-12-23 09:00:00,-1.60,94,-4.70,,0.00,4.70,67
2024-12-23 10:00:00,-1.30,94,-4.40,,0.00,4.90,73
2024-12-23 11:00:00,-0.90,95,-4.10,,0.00,5.20,74
2024-12-23 12:00:00,-0.90,96,-4.00,,0.00,4.80,63
2024-12-23 13:00:00,-0.60,96,-3.60,,0.00,4.70,67
2024-12-23 14:00:00,-0.40,96,-3.50,,0.00,5.50,67
2024-12-23 15:00:00,-0.20,97,-3.20,,0.00,5.40,70
2024-12-23 16:00:00,-0.10,98,-3.20,,0.00,5.90,76
2024-12-23 17:00:00,-0.00,98,-3.20,,0.00,6.60,81
2024-12-23 18:00:00,-0.00,99,-3.10,,0.00,6.10,87
2024-12-23 19:00:00,0.10,98,-2.90,,0.00,6.10,93
2024-12-23 20:00:00,0.20,98,-2.80,,0.00,5.60,105
2024-12-23 21:00:00,0.20,99,-2.60,,0.00,4.80,117
2024-12-23 22:00:00,0.20,98,-2.50,,0.00,3.80,131
2024-12-23 23:00:00,0.30,98,-2.20,,0.00,2.80,130
2024-12-24 00:00:00,0.40,99,-2.00,,0.00,2.60,124
2024-12-24 01:00:00,0.40,99,-2.00,,0.00,2.30,141
2024-12-24 02:00:00,0.50,99,-1.90,,0.00,2.30,162
2024-12-24 03:00:00,0.50,99,-1.80,,0.00,1.60,153
2024-12-24 04:00:00,0.50,100,-1.90,,0.00,1.80,180
2024-12-24 05:00:00,0.40,100,-2.10,,0.00,2.80,220
2024-12-24 06:00:00,0.30,100,-2.30,,0.00,3.60,233
2024-12-24 07:00:00,0.20,100,-2.30,,0.00,2.60,236
2024-12-24 08:00:00,0.10,100,-2.20,,0.00,1.10,360
2024-12-24 09:00:00,0.10,100,-2.30,,0.00,1.50,76
2024-12-24 10:00:00,-0.00,100,-2.90,,0.00,5.20,205
2024-12-24 11:00:00,-0.30,100,-3.40,,0.00,6.40,223
2024-12-24 12:00:00,-0.20,96,-3.20,,0.00,5.10,266
2024-12-24 13:00:00,0.20,93,-2.60,,0.00,3.40,302
2024-12-24 14:00:00,0.30,92,-2.20,,0.00,1.90,338
2024-12-24 15:00:00,0.50,94,-1.90,,0.00,1.90,338
2024-12-24 16:00:00,0.40,94,-2.20,,0.00,2.60,34
2024-12-24 17:00:00,0.20,95,-2.40,,0.00,2.50,8
2024-12-24 18:00:00,0.30,94,-2.30,,0.00,2.50,360
2024-12-24 19:00:00,0.20,94,-2.40,,0.00,2.60,16
2024-12-24 20:00:00,0.20,94,-2.40,,0.00,2.40,27
2024-12-24 21:00:00,0.10,95,-2.30,,0.00,1.10,72
2024-12-24 22:00:00,0.10,95,-2.40,,0.00,1.90,112
2024-12-24 23:00:00,0.10,94,-2.30,,0.00,0.80,297
2024-12-25 00:00:00,0.10,96,-2.30,,0.00,0.80,297
2024-12-25 01:00:00,-0.00,96,-2.50,,0.00,1.50,315
2024-12-25 02:00:00,0.10,96,-2.60,,0.00,3.10,339
2024-12-25 03:00:00,0.30,96,-2.50,,0.00,4.00,350
2024-12-25 04:00:00,0.20,96,-2.60,,0.00,4.30,355
2024-12-25 05:00:00,0.20,97,-2.70,,0.00,4.70,351
2024-12-25 06:00:00,0.20,97,-2.70,,0.10,4.50,346
2024-12-25 07:00:00,0.10,97,-2.80,,0.20,4.90,343
2024-12-25 08:00:00,0.00,97,-2.80,,0.20,4.20,340
2024-12-25 09:00:00,0.00,97,-2.70,,0.10,3.30,347
2024-12-25 10:00:00,0.10,97,-2.90,,0.00,5.60,345
2024-12-25 11:00:00,-0.00,89,-3.60,,0.00,8.00,352
2024-12-25 12:00:00,-0.10,87,-3.60,,0.00,7.80,347
2024-12-25 13:00:00,0.20,87,-3.40,,0.00,8.40,350
2024-12-25 14:00:00,0.20,90,-3.30,,0.00,8.00,350
2024-12-25 15:00:00,0.40,92,-3.00,,0.00,7.90,3
2024-12-25 16:00:00,0.30,93,-3.50,,0.00,10.30,12
2024-12-25 17:00:00,0.20,93,-3.30,,0.00,8.60,15
2024-12-25 18:00:00,0.20,91,-3.20,,0.00,7.20,6
2024-12-25 19:00:00,0.20,92,-3.10,,0.00,6.60,351
2024-12-25 20:00:00,-0.10,93,-3.50,,0.00,7.50,343
2024-12-25 21:00:00,-0.40,93,-3.60,,0.00,6.40,344
2024-12-25 22:00:00,-0.40,91,-3.80,,0.00,6.60,347
2024-12-25 23:00:00,-0.50,90,-4.00,,0.00,7.00,339
2024-12-26 00:00:00,-0.80,90,-4.30,,0.00,7.40,337
2024-12-26 01:00:00,-1.30,93,-4.90,,0.00,7.90,336
2024-12-26 02:00:00,-1.20,91,-4.70,,0.00,6.80,328
2024-12-26 03:00:00,-1.00,91,-4.30,,0.00,5.40,312
2024-12-26 04:00:00,-1.30,90,-4.90,,0.00,7.70,323
2024-12-26 05:00:00,-1.40,91,-4.80,,0.00,6.30,329
2024-12-26 06:00:00,-1.40,87,-5.10,,0.00,7.60,335
2024-12-26 07:00:00,-1.40,88,-4.80,,0.00,5.70,325
2024-12-26 08:00:00,-1.40,90,-4.70,,0.00,5.40,307
2024-12-26 09:00:00,-1.20,91,-4.50,,0.00,5.10,274
2024-12-26 10:00:00,-1.10,92,-4.30,,0.00,5.60,255
2024-12-26 11:00:00,-0.70,91,-4.20,,0.00,7.20,252
2024-12-26 12:00:00,-0.40,91,-4.00,,0.00,8.00,260
2024-12-26 13:00:00,-0.30,90,-3.80,,0.00,8.00,265
2024-12-26 14:00:00,-0.20,90,-3.70,,0.00,7.20,270
2024-12-26 15:00:00,-0.00,90,-3.30,,0.00,6.60,279
2024-12-26 16:00:00,-0.10,91,-3.30,,0.00,5.90,284
2024-12-26 17:00:00,-0.20,92,-3.40,,0.10,5.90,284
2024-12-26 18:00:00,-0.10,93,-3.20,,0.10,5.60,285
2024-12-26 19:00:00,-0.10,93,-3.10,,0.10,5.00,291
2024-12-26 20:00:00,-0.10,94,-3.00,,0.20,4.10,285
2024-12-26 21:00:00,-0.10,94,-2.80,,0.10,2.90,277
2024-12-26 22:00:00,-0.10,95,-2.80,,0.10,2.90,277
2024-12-26 23:00:00,-0.10,95,-2.80,,0.00,2.90,263
2024-12-27 00:00:00,-0.10,96,-2.60,,0.00,1.40,270
2024-12-27 01:00:00,-0.20,97,-2.60,,0.00,1.30,236
2024-12-27 02:00:00,-0.20,97,-2.60,,0.00,1.00,225
2024-12-27 03:00:00,-0.30,98,-2.70,,0.00,0.80,117
2024-12-27 04:00:00,-0.30,98,-2.60,,0.00,0.00,270
2024-12-27 05:00:00,-0.40,98,-2.60,,0.00,0.00,270
2024-12-27 06:00:00,-0.40,99,-2.70,,0.00,1.00,135
2024-12-27 07:00:00,-0.30,98,-2.70,,0.00,1.10,162
2024-12-27 08:00:00,-0.30,98,-2.70,,0.00,1.10,198
2024-12-27 09:00:00,-0.40,98,-2.80,,0.00,1.50,194
2024-12-27 10:00:00,-0.40,98,-2.90,,0.00,1.90,202
2024-12-27 11:00:00,-0.30,98,-2.80,,0.00,1.80,217
2024-12-27 12:00:00,-0.30,99,-2.80,,0.00,1.60,243
2024-12-27 13:00:00,-0.30,99,-2.70,,0.00,1.80,233
2024-12-27 14:00:00,-0.20,99,-2.70,,0.00,1.60,243
2024-12-27 15:00:00,-0.40,98,-2.80,,0.10,1.50,346
2024-12-27 16:00:00,-0.30,98,-2.70,,0.00,1.10,342
2024-12-27 17:00:00,-0.30,98,-2.80,,0.00,1.40,360
2024-12-27 18:00:00,-0.30,97,-2.70,,0.00,1.50,346
2024-12-27 19:00:00,-0.30,97,-2.80,,0.00,1.80,349
2024-12-27 20:00:00,-0.20,97,-2.80,,0.00,2.20,360
2024-12-27 21:00:00,-0.20,97,-3.10,,0.00,4.30,360
2024-12-27 22:00:00,-0.20,97,-3.20,,0.00,5.20,12
2024-12-27 23:00:00,-0.20,97,-3.20,,0.00,5.50,11
2024-12-28 00:00:00,-0.30,96,-3.30,,0.00,5.40,20
2024-12-28 01:00:00,-0.30,96,-3.30,,0.00,5.40,20
2024-12-28 02:00:00,-0.30,96,-3.30,,0.00,5.50,23
2024-12-28 03:00:00,-0.40,95,-3.60,,0.00,6.40,27
2024-12-28 04:00:00,-0.40,95,-3.70,,0.00,6.60,29
2024-12-28 05:00:00,-0.40,95,-3.60,,0.00,6.10,28
2024-12-28 06:00:00,-0.70,93,-3.80,,0.00,5.30,28
2024-12-28 07:00:00,-0.60,93,-3.90,,0.00,5.90,14
2024-12-28 08:00:00,-0.80,94,-4.00,,0.00,5.90,14
2024-12-28 09:00:00,-0.90,94,-4.10,,0.00,5.40,20
2024-12-28 10:00:00,-0.80,93,-4.30,,0.00,7.10,24
2024-12-28 11:00:00,-0.70,92,-4.40,,0.00,8.60,33
2024-12-28 12:00:00,-0.60,91,-3.90,,0.00,6.20,36
2024-12-28 13:00:00,-0.60,91,-3.80,,0.00,5.80,30
2024-12-28 14:00:00,-0.60,91,-3.90,,0.00,5.60,15
2024-12-28 15:00:00,-0.50,93,-3.50,,0.00,4.40,9
2024-12-28 16:00:00,-0.50,93,-3.50,,0.00,4.30,5
2024-12-28 17:00:00,-0.60,94,-3.50,,0.00,3.60,6
2024-12-28 18:00:00,-0.90,94,-3.60,,0.00,2.50,360
2024-12-28 19:00:00,-0.80,93,-3.50,,0.00,1.90,338
2024-12-28 20:00:00,-0.80,93,-3.50,,0.00,2.10,301
2024-12-28 21:00:00,-1.00,93,-3.80,,0.00,2.40,297
2024-12-28 22:00:00,-1.10,94,-3.90,,0.00,2.90,270
2024-12-28 23:00:00,-1.10,94,-4.00,,0.00,3.80,253
2024-12-29 00:00:00,-1.00,94,-3.90,,0.00,3.40,252
2024-12-29 01:00:00,-1.00,95,-4.00,,0.00,4.20,250
2024-12-29 02:00:00,-1.00,95,-4.00,,0.00,4.00,243
2024-12-29 03:00:00,-0.90,96,-3.80,,0.00,3.80,221
2024-12-29 04:00:00,-0.90,96,-3.90,,0.00,3.90,236
2024-12-29 05:00:00,-0.90,97,-3.90,,0.00,4.40,235
2024-12-29 06:00:00,-1.10,97,-4.00,,0.00,4.10,225
2024-12-29 07:00:00,-1.00,97,-4.00,,0.00,4.90,216
2024-12-29 08:00:00,-1.00,97,-4.10,,0.00,5.20,214
2024-12-29 09:00:00,-1.00,98,-4.20,,0.00,5.50,212
2024-12-29 10:00:00,-0.90,98,-4.20,,0.00,6.30,211
2024-12-29 11:00:00,-0.80,97,-4.10,,0.00,6.80,212
2024-12-29 12:00:00,-0.70,97,-4.10,,0.00,7.80,214
2024-12-29 13:00:00,-0.50,97,-3.90,,0.10,7.80,214
2024-12-29 14:00:00,-0.40,96,-3.90,,0.30,8.20,209
2024-12-29 15:00:00,-0.40,98,-3.70,,0.30,7.30,213
2024-12-29 16:00:00,-0.40,98,-3.70,,0.10,7.80,214
2024-12-29 17:00:00,-0.40,99,-3.70,,0.00,7.90,219
2024-12-29 18:00:00,-0.50,100,-4.00,,0.00,9.20,225
2024-12-29 19:00:00,-0.30,97,-3.80,,0.10,8.20,229
2024-12-29 20:00:00,-0.40,97,-4.00,,0.10,9.70,228
2024-12-29 21:00:00,-0.40,98,-4.00,,0.00,9.40,223
2024-12-29 22:00:00,-0.30,97,-3.90,,0.10,8.90,230
2024-12-29 23:00:00,-0.30,96,-4.10,,0.00,10.30,234
2024-12-30 00:00:00,-0.40,96,-4.10,,0.00,9.40,238
2024-12-30 01:00:00,-0.50,96,-4.30,,0.00,10.00,240
2024-12-30 02:00:00,-0.50,96,-4.20,,0.00,9.10,236
2024-12-30 03:00:00,-0.60,95,-4.20,,0.00,9.10,252
2024-12-30 04:00:00,-0.80,92,-4.40,,0.00,8.20,241
2024-12-30 05:00:00,-0.90,94,-4.50,,0.00,8.00,243
2024-12-30 06:00:00,-1.00,95,-4.70,,0.00,9.40,247
2024-12-30 07:00:00,-1.00,96,-4.80,,0.00,9.80,242
2024-12-30 08:00:00,-0.90,96,-4.60,,0.00,9.50,233
2024-12-30 09:00:00,-0.90,97,-4.60,,0.00,9.40,230
2024-12-30 10:00:00,-0.80,97,-4.60,,0.00,10.20,225
2024-12-30 11:00:00,-0.60,97,-4.60,,0.00,11.20,225
2024-12-30 12:00:00,-0.30,97,-4.20,,0.00,11.00,232
2024-12-30 13:00:00,-0.10,96,-4.00,,0.10,11.30,233
2024-12-30 14:00:00,0.00,96,-4.10,,0.00,13.10,249
2024-12-30 15:00:00,0.00,94,-3.90,,0.00,11.70,259
2024-12-30 16:00:00,-0.10,94,-4.00,,0.00,10.90,253
2024-12-30 17:00:00,-0.20,94,-4.10,,0.00,11.00,247
2024-12-30 18:00:00,-0.30,96,-4.10,,0.00,11.00,247
2024-12-30 19:00:00,-0.30,97,-4.30,,0.00,11.90,245
2024-12-30 20:00:00,-0.20,97,-4.30,,0.00,12.60,246
2024-12-30 21:00:00,-0.20,98,-4.20,,0.00,12.20,251
2024-12-30 22:00:00,-0.10,98,-4.10,,0.00,12.20,246
2024-12-30 23:00:00,-0.00,98,-4.10,,0.00,12.60,250
2024-12-31 00:00:00,-0.00,98,-3.90,,0.00,11.70,252
2024-12-31 01:00:00,0.00,98,-3.80,,0.00,11.50,250
2024-12-31 02:00:00,0.10,98,-3.70,,0.00,11.50,250
2024-12-31 03:00:00,0.20,97,-3.40,,0.00,9.90,251
2024-12-31 04:00:00,0.20,98,-3.50,,0.00,10.20,247
2024-12-31 05:00:00,0.20,99,-3.50,,0.00,10.50,243
2024-12-31 06:00:00,0.10,99,-3.70,,0.00,11.30,239
2024-12-31 07:00:00,0.20,99,-3.70,,0.00,12.00,237
2024-12-31 08:00:00,0.20,98,-3.90,,0.00,13.50,236
2024-12-31 09:00:00,0.40,98,-3.70,,0.00,13.30,237
2024-12-31 10:00:00,0.50,98,-3.80,,0.00,14.50,240
2024-12-31 11:00:00,0.60,97,-3.80,,0.00,15.80,240
2024-12-31 12:00:00,0.70,97,-3.70,,0.00,15.80,243
2024-12-31 13:00:00,1.00,96,-3.50,,0.00,16.30,252
2024-12-31 14:00:00,1.20,96,-3.10,,0.00,15.50,252
2024-12-31 15:00:00,1.50,94,-2.60,,0.00,14.50,256
2024-12-31 16:00:00,1.60,94,-2.50,,0.00,14.00,258
2024-12-31 17:00:00,1.60,95,-2.20,,0.00,12.70,255
2024-12-31 18:00:00,1.60,96,-2.20,,0.00,12.50,252
2024-12-31 19:00:00,1.70,96,-2.00,,0.00,12.10,253
2024-12-31 20:00:00,1.80,97,-2.00,,0.00,12.90,252
2024-12-31 21:00:00,1.90,96,-1.90,,0.00,12.90,257
2024-12-31 22:00:00,2.20,96,-1.50,,0.00,12.60,267
2024-12-31 23:00:00,2.40,93,-1.40,,0.00,13.50,286
2025-01-01 00:00:00,2.30,92,-1.20,,0.00,10.90,279
2025-01-01 01:00:00,2.20,93,-1.20,,0.00,9.90,251
2025-01-01 02:00:00,1.70,95,-1.60,,0.00,9.30,257
2025-01-01 03:00:00,2.00,93,-1.60,,0.00,11.20,266
2025-01-01 04:00:00,1.80,96,-1.30,,0.00,7.90,246
2025-01-01 05:00:00,1.40,98,-1.90,,0.00,8.80,235
2025-01-01 06:00:00,1.20,97,-2.10,,0.00,9.20,231
2025-01-01 07:00:00,1.40,97,-2.10,,0.00,10.40,226
2025-01-01 08:00:00,1.40,96,-2.60,,0.00,13.60,220
2025-01-01 09:00:00,1.20,98,-2.70,,0.00,13.50,209
2025-01-01 10:00:00,1.30,99,-2.70,,0.00,14.50,207
2025-01-01 11:00:00,1.90,92,-2.60,,0.00,17.40,218
2025-01-01 12:00:00,2.20,94,-2.60,,0.00,19.30,217
2025-01-01 13:00:00,2.80,83,-2.00,,0.00,18.60,223
2025-01-01 14:00:00,3.20,78,-1.60,,0.00,18.10,226
2025-01-01 15:00:00,3.70,73,-0.90,,0.00,16.50,224
2025-01-01 16:00:00,3.30,73,-1.30,,0.00,15.80,227
2025-01-01 17:00:00,2.90,73,-1.80,,0.00,16.40,230
2025-01-01 18:00:00,3.00,70,-1.80,,0.00,16.10,231
2025-01-01 19:00:00,2.80,71,-1.90,,0.00,16.10,231
2025-01-01 20:00:00,2.80,71,-2.00,,0.00,16.40,230
2025-01-01 21:00:00,3.10,69,-1.60,,0.00,15.90,232
2025-01-01 22:00:00,3.10,70,-1.70,,0.00,16.60,231
2025-01-01 23:00:00,3.10,70,-1.70,,0.00,16.90,230
2025-01-02 00:00:00,3.40,69,-1.40,,0.00,16.40,230
2025-01-02 01:00:00,3.20,70,-1.70,,0.00,16.90,230
2025-01-02 02:00:00,3.10,70,-1.80,,0.00,17.10,229
2025-01-02 03:00:00,3.30,69,-1.60,,0.00,17.10,229
2025-01-02 04:00:00,3.00,69,-2.00,,0.00,17.60,227
2025-01-02 05:00:00,2.90,68,-2.20,,0.00,17.60,226
2025-01-02 06:00:00,3.10,65,-2.10,,0.00,18.30,227
2025-01-02 07:00:00,2.70,64,-2.50,,0.00,18.10,226
2025-01-02 08:00:00,2.60,63,-2.80,,0.00,18.30,225
2025-01-02 09:00:00,2.90,59,-2.50,,0.00,18.30,225
2025-01-02 10:00:00,3.00,57,-2.50,,0.00,18.80,225
2025-01-02 11:00:00,3.90,54,-1.60,,0.00,18.80,227
2025-01-02 12:00:00,5.40,48,-0.10,,0.00,18.60,227
2025-01-02 13:00:00,6.30,46,0.70,,0.00,19.90,229
2025-01-02 14:00:00,7.10,44,1.60,,0.00,19.40,228
2025-01-02 15:00:00,8.00,41,2.40,,0.00,19.30,233
2025-01-02 16:00:00,7.70,43,2.30,,0.00,18.40,231
2025-01-02 17:00:00,7.10,46,1.90,,0.00,17.30,227
2025-01-02 18:00:00,6.80,48,1.70,,0.00,17.10,224
2025-01-02 19:00:00,6.50,51,1.50,,0.00,16.50,224
2025-01-02 20:00:00,5.90,54,1.20,,0.00,15.30,223
2025-01-02 21:00:00,5.50,58,0.80,,0.00,15.30,231
2025-01-02 22:00:00,5.30,62,0.70,,0.00,15.00,235
2025-01-02 23:00:00,5.10,63,0.70,,0.00,14.20,243
2025-01-03 00:00:00,4.90,66,0.60,,0.00,14.00,244
2025-01-03 01:00:00,4.60,71,0.20,,0.00,15.00,249
2025-01-03 02:00:00,4.20,77,-0.10,,0.10,15.50,248
2025-01-03 03:00:00,4.10,79,0.10,,0.10,13.90,253
2025-01-03 04:00:00,3.80,79,-0.20,,0.00,13.00,256
2025-01-03 05:00:00,3.50,74,-0.50,,0.00,12.00,263
2025-01-03 06:00:00,2.90,71,-1.10,,0.00,10.40,272
2025-01-03 07:00:00,2.30,71,-1.30,,0.00,8.00,278
2025-01-03 08:00:00,1.70,69,-1.90,,0.00,6.90,261
2025-01-03 09:00:00,1.00,66,-2.90,,0.00,8.20,255
2025-01-03 10:00:00,0.70,68,-3.10,,0.00,7.40,247
2025-01-03 11:00:00,0.80,63,-3.40,,0.00,9.50,261
2025-01-03 12:00:00,0.60,66,-3.60,,0.00,10.10,272
2025-01-03 13:00:00,0.80,66,-3.40,,0.00,9.90,280
2025-01-03 14:00:00,0.90,66,-3.50,,0.00,10.90,278
2025-01-03 15:00:00,0.70,65,-3.50,,0.00,9.30,283
2025-01-03 16:00:00,0.40,61,-3.90,,0.00,9.30,283
2025-01-03 17:00:00,-0.00,62,-3.80,,0.00,5.80,274
2025-01-03 18:00:00,-0.40,72,-4.10,,0.00,6.50,276
2025-01-03 19:00:00,-0.70,78,-4.10,,0.00,5.20,254
2025-01-03 20:00:00,-1.00,75,-4.70,,0.00,6.20,249
2025-01-03 21:00:00,-1.50,77,-5.10,,0.00,5.60,243
2025-01-03 22:00:00,-2.00,77,-5.70,,0.00,6.10,242
2025-01-03 23:00:00,-2.50,78,-6.20,,0.00,5.70,235
2025-01-04 00:00:00,-2.90,82,-6.60,,0.00,5.60,225
2025-01-04 01:00:00,-3.30,83,-7.10,,0.00,6.40,218
2025-01-04 02:00:00,-3.60,86,-7.50,,0.00,7.00,215
2025-01-04 03:00:00,-3.90,88,-7.70,,0.00,6.90,208
2025-01-04 04:00:00,-3.60,89,-7.60,,0.00,8.20,209
2025-01-04 05:00:00,-3.20,90,-7.30,,0.00,8.80,215
2025-01-04 06:00:00,-3.00,91,-6.90,,0.00,8.00,198
2025-01-04 07:00:00,-2.80,90,-6.80,,0.00,9.40,203
2025-01-04 08:00:00,-2.60,90,-7.00,,0.00,11.30,207
2025-01-04 09:00:00,-2.60,91,-7.10,,0.00,12.60,207
2025-01-04 10:00:00,-2.30,89,-7.00,,0.00,14.20,210
2025-01-04 11:00:00,-2.10,90,-7.00,,0.30,16.10,214
2025-01-04 12:00:00,-1.60,89,-6.50,,0.50,16.20,238
2025-01-04 13:00:00,-1.20,79,-6.90,,0.30,20.00,263
2025-01-04 14:00:00,-1.20,62,-7.10,,0.00,19.20,265
2025-01-04 15:00:00,-1.30,61,-7.00,,0.00,18.40,266
2025-01-04 16:00:00,-2.00,70,-7.60,,0.00,17.90,260
2025-01-04 17:00:00,-2.60,74,-7.60,,0.00,14.20,246
2025-01-04 18:00:00,-2.60,73,-8.20,,0.10,17.90,261
2025-01-04 19:00:00,-2.90,68,-8.40,,0.10,16.70,263
2025-01-04 20:00:00,-3.10,74,-8.80,,0.00,18.20,256
2025-01-04 21:00:00,-3.20,75,-8.80,,0.10,18.10,263
2025-01-04 22:00:00,-3.30,75,-9.00,,0.00,18.40,269
2025-01-04 23:00:00,-3.10,71,-9.00,,0.00,18.90,279
2025-01-05 00:00:00,-3.30,74,-8.90,,0.00,18.10,276
2025-01-05 01:00:00,-3.40,78,-8.90,,0.00,17.10,277
2025-01-05 02:00:00,-3.50,79,-8.70,,0.00,15.20,274
2025-01-05 03:00:00,-3.60,72,-8.80,,0.00,14.50,276
2025-01-05 04:00:00,-3.90,74,-8.90,,0.00,13.30,273
2025-01-05 05:00:00,-4.10,75,-8.90,,0.00,12.20,268
2025-01-05 06:00:00,-4.40,76,-9.20,,0.00,11.50,274
2025-01-05 07:00:00,-4.90,81,-9.70,,0.00,12.10,258
2025-01-05 08:00:00,-5.40,83,-10.20,,0.00,11.80,258
2025-01-05 09:00:00,-5.90,85,-10.60,,0.00,10.50,248
2025-01-05 10:00:00,-6.10,85,-10.70,,0.00,10.50,243
2025-01-05 11:00:00,-5.70,82,-10.40,,0.00,11.10,241
2025-01-05 12:00:00,-4.30,75,-9.00,,0.00,11.20,237
2025-01-05 13:00:00,-3.90,74,-8.60,,0.00,11.20,230
2025-01-05 14:00:00,-3.40,71,-8.10,,0.00,11.00,221
2025-01-05 15:00:00,-2.70,65,-7.50,,0.00,11.50,219
2025-01-05 16:00:00,-2.90,67,-7.50,,0.00,10.30,209
2025-01-05 17:00:00,-3.40,69,-8.00,,0.00,9.70,207
2025-01-05 18:00:00,-4.10,69,-8.70,,0.00,9.80,216
2025-01-05 19:00:00,-4.40,69,-9.00,,0.00,9.60,214
2025-01-05 20:00:00,-4.50,70,-9.10,,0.00,9.60,214
2025-01-05 21:00:00,-4.50,71,-8.90,,0.00,8.20,209
2025-01-05 22:00:00,-4.60,73,-9.10,,0.00,8.80,215
2025-01-05 23:00:00,-4.60,73,-9.10,,0.00,9.60,200
2025-01-06 00:00:00,-4.60,75,-9.30,,0.00,10.20,198
2025-01-06 01:00:00,-4.60,77,-9.10,,0.00,9.20,201
2025-01-06 02:00:00,-4.60,79,-9.00,,0.00,9.00,196
2025-01-06 03:00:00,-4.80,82,-8.90,,0.00,7.70,191
2025-01-06 04:00:00,-4.90,82,-9.00,,0.00,7.60,185
2025-01-06 05:00:00,-5.30,83,-9.50,,0.00,7.20,174
2025-01-06 06:00:00,-5.80,85,-9.90,,0.00,6.70,164
2025-01-06 07:00:00,-6.30,84,-10.50,,0.00,7.10,156
2025-01-06 08:00:00,-6.40,84,-10.70,,0.00,7.70,152
2025-01-06 09:00:00,-6.40,83,-10.70,,0.00,7.70,143
2025-01-06 10:00:00,-5.70,85,-10.20,,0.00,9.30,144
2025-01-06 11:00:00,-4.80,86,-9.20,,0.00,9.50,143
2025-01-06 12:00:00,-3.90,84,-8.60,,0.00,11.70,146
2025-01-06 13:00:00,-3.20,81,-7.70,,0.00,11.20,147
2025-01-06 14:00:00,-2.60,78,-7.20,,0.00,11.60,144
2025-01-06 15:00:00,-2.20,74,-6.90,,0.00,12.60,149
2025-01-06 16:00:00,-2.30,76,-7.00,,0.00,12.50,147
2025-01-06 17:00:00,-2.40,79,-7.00,,0.00,12.50,147
2025-01-06 18:00:00,-2.00,82,-6.50,,0.00,11.50,148
2025-01-06 19:00:00,-2.20,90,-6.40,,0.20,10.90,146
2025-01-06 20:00:00,-2.00,93,-6.30,,0.30,11.60,150
2025-01-06 21:00:00,-1.30,94,-5.40,,0.20,11.60,158
2025-01-06 22:00:00,-1.10,94,-5.30,,0.10,12.20,166
2025-01-06 23:00:00,-0.60,95,-4.60,,0.30,11.70,169
2025-01-07 00:00:00,-0.10,95,-3.90,,0.30,10.90,171
2025-01-07 01:00:00,0.10,95,-3.70,,0.00,11.30,173
2025-01-07 02:00:00,0.30,96,-3.40,,0.00,10.40,180
2025-01-07 03:00:00,0.50,95,-3.20,,0.00,10.90,186
2025-01-07 04:00:00,0.70,94,-2.90,,0.00,9.90,190
2025-01-07 05:00:00,0.90,94,-2.60,,0.00,9.10,189
2025-01-07 06:00:00,1.50,92,-1.90,,0.10,8.80,189
2025-01-07 07:00:00,1.40,93,-1.90,,0.00,8.70,185
2025-01-07 08:00:00,1.50,94,-1.90,,0.00,9.70,184
2025-01-07 09:00:00,1.50,92,-2.00,,0.00,9.40,182
2025-01-07 10:00:00,1.40,92,-2.20,,0.00,10.10,180
2025-01-07 11:00:00,1.90,89,-1.90,,0.00,11.20,178
2025-01-07 12:00:00,2.30,88,-1.30,,0.00,10.40,178
2025-01-07 13:00:00,2.80,87,-0.80,,0.00,10.80,176
2025-01-07 14:00:00,2.80,87,-0.70,,0.00,10.80,180
2025-01-07 15:00:00,3.00,87,-0.50,,0.00,10.50,174
2025-01-07 16:00:00,2.80,89,-0.70,,0.00,10.60,170
2025-01-07 17:00:00,2.40,92,-1.20,,0.00,11.30,171
2025-01-07 18:00:00,2.40,92,-1.10,,0.00,10.80,176
2025-01-07 19:00:00,2.20,93,-1.30,,0.00,10.80,178
2025-01-07 20:00:00,2.20,93,-1.30,,0.00,10.80,182
2025-01-07 21:00:00,2.30,93,-1.20,,0.00,10.50,184
2025-01-07 22:00:00,2.20,92,-1.30,,0.00,10.40,182
2025-01-07 23:00:00,2.40,92,-1.10,,0.00,10.80,180
2025-01-08 00:00:00,2.90,91,-0.50,,0.00,10.40,180
2025-01-08 01:00:00,3.10,90,-0.40,,0.00,10.80,180
2025-01-08 02:00:00,3.30,89,-0.20,,0.00,11.20,180
2025-01-08 03:00:00,3.50,90,0.20,,0.00,10.50,172
2025-01-08 04:00:00,3.40,92,0.20,,0.00,10.10,182
2025-01-08 05:00:00,3.40,94,-0.00,,0.00,11.60,173
2025-01-08 06:00:00,3.50,96,0.20,,0.00,11.70,171
2025-01-08 07:00:00,3.80,97,0.40,,0.00,12.60,175
2025-01-08 08:00:00,4.10,97,0.60,,0.00,13.70,185
2025-01-08 09:00:00,4.40,95,0.80,,0.00,13.90,197
2025-01-08 10:00:00,4.30,96,0.90,,0.00,13.40,204
2025-01-08 11:00:00,4.60,94,1.20,,0.00,13.20,206
2025-01-08 12:00:00,4.70,92,1.20,,0.00,13.50,224
2025-01-08 13:00:00,4.70,91,1.30,,0.00,12.20,236
2025-01-08 14:00:00,4.80,89,1.70,,0.00,10.20,228
2025-01-08 15:00:00,4.70,89,1.60,,0.00,9.70,222
2025-01-08 16:00:00,4.30,89,1.40,,0.00,8.80,215
2025-01-08 17:00:00,3.60,93,0.80,,0.00,7.60,211
2025-01-08 18:00:00,3.30,93,0.50,,0.00,7.10,195
2025-01-08 19:00:00,2.90,94,-0.00,,0.00,8.00,198
2025-01-08 20:00:00,2.70,94,-0.30,,0.00,7.70,191
2025-01-08 21:00:00,2.60,94,-0.20,,0.00,6.80,183
2025-01-08 22:00:00,2.30,95,-0.30,,0.00,5.00,201
2025-01-08 23:00:00,2.30,95,-0.20,,0.60,4.10,195
2025-01-09 00:00:00,2.40,97,0.30,,0.80,2.40,27
2025-01-09 01:00:00,2.20,96,-0.40,,1.70,5.20,344
2025-01-09 02:00:00,1.50,96,-1.40,,1.00,5.80,30
2025-01-09 03:00:00,0.20,100,-2.30,,1.80,2.70,23
2025-01-09 04:00:00,0.20,99,-2.90,,1.60,7.00,291
2025-01-09 05:00:00,0.30,98,-3.00,,1.00,8.10,291
2025-01-09 06:00:00,0.50,97,-2.70,,0.20,7.40,293
2025-01-09 07:00:00,0.40,97,-2.60,,0.10,6.00,287
2025-01-09 08:00:00,0.30,97,-2.70,,0.00,5.80,277
2025-01-09 09:00:00,0.30,97,-2.60,,0.00,5.00,249
2025-01-09 10:00:00,0.30,97,-2.90,,0.00,7.10,229
2025-01-09 11:00:00,0.50,98,-2.90,,0.00,8.90,230
2025-01-09 12:00:00,1.00,95,-1.80,,0.00,4.60,225
2025-01-09 13:00:00,1.50,93,-1.00,,0.00,2.90,210
2025-01-09 14:00:00,1.90,91,-0.70,,0.00,3.40,162
2025-01-09 15:00:00,1.70,88,-1.20,,0.00,5.00,150
2025-01-09 16:00:00,1.70,87,-1.60,,0.00,7.90,156
2025-01-09 17:00:00,1.50,89,-1.90,,0.00,8.60,147
2025-01-09 18:00:00,1.70,89,-1.80,,0.00,9.80,144
2025-01-09 19:00:00,1.90,89,-1.90,,0.00,11.80,142
2025-01-09 20:00:00,2.00,89,-1.90,,0.10,12.80,148
2025-01-09 21:00:00,2.20,90,-1.70,,0.10,12.90,153
2025-01-09 22:00:00,2.30,89,-1.60,,0.00,13.20,158
2025-01-09 23:00:00,2.60,87,-1.50,,0.00,14.20,159
2025-01-10 00:00:00,2.90,87,-1.00,,0.00,12.60,160
2025-01-10 01:00:00,3.00,87,-0.60,,0.00,11.40,162
2025-01-10 02:00:00,3.10,87,-0.60,,0.00,11.50,160
2025-01-10 03:00:00,2.90,88,-0.70,,0.00,10.90,153
2025-01-10 04:00:00,2.90,91,-0.60,,0.00,11.40,152
2025-01-10 05:00:00,2.90,96,-0.60,,0.00,12.10,150
2025-01-10 06:00:00,3.30,100,0.10,,0.00,10.80,150
2025-01-10 07:00:00,3.70,100,0.40,,0.00,12.30,159
2025-01-10 08:00:00,3.90,100,0.60,,0.00,12.50,162
2025-01-10 09:00:00,4.20,100,0.80,,0.00,13.70,162
2025-01-10 10:00:00,4.70,100,1.20,,0.00,14.60,164
2025-01-10 11:00:00,5.20,100,1.80,,0.00,15.70,171
2025-01-10 12:00:00,5.70,100,2.50,,0.00,14.70,169
2025-01-10 13:00:00,6.20,100,3.00,,0.00,15.60,172
2025-01-10 14:00:00,6.60,100,3.60,,0.00,14.60,171
2025-01-10 15:00:00,7.20,97,4.30,,0.00,14.60,170
2025-01-10 16:00:00,7.60,98,4.80,,0.00,13.80,171
2025-01-10 17:00:00,7.90,97,5.30,,0.00,13.60,168
2025-01-10 18:00:00,8.60,94,6.30,,0.00,11.70,171
2025-01-10 19:00:00,8.70,94,6.10,,0.00,13.90,163
2025-01-10 20:00:00,8.90,93,6.10,,0.60,15.00,170
2025-01-10 21:00:00,9.10,91,6.40,,0.10,14.40,167
2025-01-10 22:00:00,8.90,91,6.00,,0.60,15.30,165
2025-01-10 23:00:00,8.60,91,5.80,,1.40,14.00,168
2025-01-11 00:00:00,8.70,92,5.80,,1.90,14.90,172
2025-01-11 01:00:00,8.40,93,5.70,,1.60,13.80,165
2025-01-11 02:00:00,8.10,93,5.40,,0.80,13.40,166
2025-01-11 03:00:00,7.90,95,5.70,,1.30,10.10,178
2025-01-11 04:00:00,4.50,86,0.60,,1.40,15.20,301
2025-01-11 05:00:00,2.90,87,-0.90,,0.40,12.80,302
2025-01-11 06:00:00,1.20,96,-2.50,,0.90,11.40,294
2025-01-11 07:00:00,0.10,97,-4.10,,1.30,13.30,289
2025-01-11 08:00:00,-0.30,97,-4.20,,1.00,11.00,289
2025-01-11 09:00:00,-0.10,96,-4.20,,0.80,12.80,280
2025-01-11 10:00:00,0.30,95,-3.70,,0.30,12.00,277
2025-01-11 11:00:00,0.30,93,-3.50,,0.30,11.20,272
2025-01-11 12:00:00,0.50,93,-3.20,,0.20,10.10,266
2025-01-11 13:00:00,0.70,92,-3.20,,0.30,11.30,263
2025-01-11 14:00:00,0.90,88,-3.20,,0.00,12.50,258
2025-01-11 15:00:00,1.00,84,-3.10,,0.00,12.00,261
2025-01-11 16:00:00,0.70,82,-3.30,,0.00,10.80,255
2025-01-11 17:00:00,0.00,83,-3.60,,0.00,7.90,240
2025-01-11 18:00:00,-0.50,89,-3.90,,0.00,6.90,219
2025-01-11 19:00:00,-0.70,91,-4.20,,0.00,7.10,210
2025-01-11 20:00:00,-1.00,92,-4.50,,0.00,7.40,209
2025-01-11 21:00:00,-1.00,92,-4.50,,0.00,7.00,201
2025-01-11 22:00:00,-1.00,92,-4.60,,0.00,7.40,203
2025-01-11 23:00:00,-1.00,93,-4.50,,0.00,7.70,208
2025-01-12 00:00:00,-1.10,94,-4.50,,0.00,7.20,207
2025-01-12 01:00:00,-1.10,94,-4.60,,0.00,7.10,204
2025-01-12 02:00:00,-1.40,94,-4.70,,0.00,6.30,193
2025-01-12 03:00:00,-1.50,94,-4.90,,0.00,6.20,187
2025-01-12 04:00:00,-1.70,94,-5.00,,0.00,5.90,194
2025-01-12 05:00:00,-1.80,94,-5.20,,0.00,5.80,187
2025-01-12 06:00:00,-2.30,95,-5.70,,0.00,5.90,191
2025-01-12 07:00:00,-2.40,96,-5.70,,0.00,5.40,176
2025-01-12 08:00:00,-2.60,96,-6.00,,0.00,5.80,173
2025-01-12 09:00:00,-2.90,96,-6.40,,0.00,5.60,165
2025-01-12 10:00:00,-2.80,95,-6.30,,0.00,6.00,163
2025-01-12 11:00:00,-2.20,92,-6.10,,0.00,8.50,168
2025-01-12 12:00:00,-1.20,87,-5.00,,0.00,8.20,165
2025-01-12 13:00:00,-0.60,83,-4.30,,0.00,8.10,167
2025-01-12 14:00:00,-0.10,81,-3.80,,0.00,7.80,167
2025-01-12 15:00:00,-0.10,84,-3.40,,0.00,5.50,157
2025-01-12 16:00:00,-0.30,88,-3.40,,0.10,4.80,153
2025-01-12 17:00:00,-0.40,89,-3.70,,0.20,5.70,145
2025-01-12 18:00:00,-0.70,91,-3.80,,0.10,4.80,132
2025-01-12 19:00:00,-0.80,93,-3.90,,0.20,4.80,117
2025-01-12 20:00:00,-0.90,93,-4.00,,0.00,4.90,107
2025-01-12 21:00:00,-1.20,95,-4.20,,0.00,4.10,105
2025-01-12 22:00:00,-1.20,95,-4.20,,0.00,4.00,100
2025-01-12 23:00:00,-1.20,95,-4.10,,0.20,3.70,101
2025-01-13 00:00:00,-1.30,96,-4.10,,0.10,2.90,90
2025-01-13 01:00:00,-1.50,96,-4.40,,0.00,3.10,54
2025-01-13 02:00:00,-1.60,95,-4.70,,0.00,4.30,42
2025-01-13 03:00:00,-1.50,93,-4.80,,0.00,5.90,43
2025-01-13 04:00:00,-1.50,93,-5.00,,0.00,6.40,38
2025-01-13 05:00:00,-1.60,93,-5.10,,0.00,7.10,30
2025-01-13 06:00:00,-1.70,89,-5.30,,0.00,6.80,25
2025-01-13 07:00:00,-2.00,91,-5.50,,0.00,6.70,16
2025-01-13 08:00:00,-2.10,88,-5.60,,0.00,5.80,356
2025-01-13 09:00:00,-2.30,93,-5.60,,0.00,4.80,333
2025-01-13 10:00:00,-2.10,91,-5.60,,0.00,5.80,330
2025-01-13 11:00:00,-1.70,88,-5.50,,0.00,8.00,324
2025-01-13 12:00:00,-1.60,91,-5.20,,0.00,7.10,315
2025-01-13 13:00:00,-1.40,86,-5.40,,0.00,9.20,318
2025-01-13 14:00:00,-1.40,83,-5.40,,0.00,9.10,304
2025-01-13 15:00:00,-1.40,84,-5.30,,0.00,8.70,287
2025-01-13 16:00:00,-1.50,83,-5.40,,0.00,8.70,300
2025-01-13 17:00:00,-1.90,87,-5.70,,0.00,7.80,292
2025-01-13 18:00:00,-2.30,88,-6.00,,0.00,7.20,276
2025-01-13 19:00:00,-2.60,87,-6.60,,0.00,8.70,287
2025-01-13 20:00:00,-2.80,91,-6.60,,0.00,8.00,275
2025-01-13 21:00:00,-2.70,92,-6.70,,0.00,8.70,265
2025-01-13 22:00:00,-2.60,93,-6.50,,0.00,8.80,279
2025-01-13 23:00:00,-2.50,89,-6.40,,0.00,8.50,282
2025-01-14 00:00:00,-2.50,88,-6.80,,0.10,10.90,279
2025-01-14 01:00:00,-2.70,87,-6.90,,0.00,9.50,281
2025-01-14 02:00:00,-2.90,87,-7.00,,0.00,8.70,275
2025-01-14 03:00:00,-2.90,84,-7.40,,0.00,11.40,283
2025-01-14 04:00:00,-3.90,78,-8.60,,0.00,11.30,287
2025-01-14 05:00:00,-4.10,82,-8.60,,0.00,10.60,288
2025-01-14 06:00:00,-4.20,86,-8.90,,0.00,11.70,288
2025-01-14 07:00:00,-4.20,86,-8.80,,0.00,11.00,281
2025-01-14 08:00:00,-4.10,86,-8.70,,0.00,11.20,270
2025-01-14 09:00:00,-4.10,84,-8.40,,0.00,9.30,242
2025-01-14 10:00:00,-4.10,85,-8.70,,0.00,11.50,238
2025-01-14 11:00:00,-3.70,84,-8.90,,0.00,15.40,233
2025-01-14 12:00:00,-3.00,80,-8.30,,0.00,16.10,228
2025-01-14 13:00:00,-2.70,78,-8.10,,0.00,17.10,224
2025-01-14 14:00:00,-2.40,78,-7.80,,0.00,17.60,227
2025-01-14 15:00:00,-1.90,77,-7.00,,0.00,15.60,230
2025-01-14 16:00:00,-1.90,77,-6.90,,0.00,15.30,236
2025-01-14 17:00:00,-1.90,78,-7.00,,0.00,15.30,236
2025-01-14 18:00:00,-1.80,79,-6.60,,0.00,13.90,233
2025-01-14 19:00:00,-1.90,82,-6.60,,0.10,13.70,235
2025-01-14 20:00:00,-1.70,79,-6.50,,0.00,13.90,233
2025-01-14 21:00:00,-1.50,81,-6.30,,0.00,14.30,242
2025-01-14 22:00:00,-1.40,80,-6.20,,0.00,14.00,241
2025-01-14 23:00:00,-1.30,80,-6.00,,0.10,13.70,240
2025-01-15 00:00:00,-1.20,81,-5.70,,0.00,12.40,240
2025-01-15 01:00:00,-1.30,81,-5.80,,0.00,12.40,240
2025-01-15 02:00:00,-1.30,82,-5.70,,0.00,11.70,236
2025-01-15 03:00:00,-1.30,83,-5.60,,0.00,11.20,237
2025-01-15 04:00:00,-1.30,84,-5.50,,0.00,10.50,239
2025-01-15 05:00:00,-1.40,84,-5.40,,0.00,9.70,239
2025-01-15 06:00:00,-1.20,86,-5.00,,0.00,8.40,239
2025-01-15 07:00:00,-1.30,87,-5.00,,0.00,8.10,238
2025-01-15 08:00:00,-1.30,89,-5.00,,0.00,7.60,239
2025-01-15 09:00:00,-1.20,92,-4.60,,0.10,6.40,243
2025-01-15 10:00:00,-1.30,94,-4.60,,0.20,6.00,245
2025-01-15 11:00:00,-1.20,95,-4.40,,0.20,5.60,243
2025-01-15 12:00:00,-0.60,95,-3.80,,0.20,6.00,253
2025-01-15 13:00:00,-0.50,95,-3.60,,0.20,5.90,259
2025-01-15 14:00:00,-0.30,95,-3.30,,0.10,5.40,274
2025-01-15 15:00:00,0.00,92,-3.00,,0.00,4.80,297
2025-01-15 16:00:00,-0.00,93,-3.00,,0.00,4.40,305
2025-01-15 17:00:00,-0.10,94,-2.90,,0.00,3.90,304
2025-01-15 18:00:00,-0.00,95,-2.80,,0.00,3.70,299
2025-01-15 19:00:00,-0.10,95,-2.90,,0.00,4.10,308
2025-01-15 20:00:00,-0.00,96,-2.80,,0.00,4.10,315
2025-01-15 21:00:00,-0.00,95,-2.90,,0.00,4.10,315
2025-01-15 22:00:00,-0.00,95,-2.90,,0.00,4.30,318
2025-01-15 23:00:00,-0.00,95,-2.90,,0.00,4.20,329
2025-01-16 00:00:00,0.00,95,-2.80,,0.00,4.20,329
2025-01-16 01:00:00,0.10,95,-2.80,,0.00,4.10,322
2025-01-16 02:00:00,0.10,95,-2.80,,0.00,4.30,318
2025-01-16 03:00:00,-0.00,95,-3.00,,0.00,4.70,337
2025-01-16 04:00:00,-0.10,96,-3.00,,0.00,4.50,331
2025-01-16 05:00:00,-0.10,96,-3.00,,0.00,4.10,322
2025-01-16 06:00:00,-0.20,96,-3.10,,0.00,4.30,312
2025-01-16 07:00:00,-0.20,97,-3.10,,0.00,4.90,306
2025-01-16 08:00:00,-0.20,97,-3.20,,0.00,5.20,282
2025-01-16 09:00:00,-0.20,96,-3.30,,0.00,6.20,263
2025-01-16 10:00:00,-0.10,96,-3.40,,0.00,7.20,270
2025-01-16 11:00:00,0.10,95,-3.10,,0.00,6.90,279
2025-01-16 12:00:00,0.30,94,-3.10,,0.00,8.00,265
2025-01-16 13:00:00,0.60,93,-3.10,,0.00,10.40,270
2025-01-16 14:00:00,0.70,91,-3.00,,0.00,10.10,272
2025-01-16 15:00:00,0.60,92,-3.30,,0.00,11.40,259
2025-01-16 16:00:00,0.60,91,-3.40,,0.00,11.70,259
2025-01-16 17:00:00,0.40,92,-3.70,,0.00,13.20,281
2025-01-16 18:00:00,0.20,92,-4.00,,0.00,13.70,270
2025-01-16 19:00:00,0.30,92,-3.80,,0.00,13.00,275
2025-01-16 20:00:00,0.20,92,-4.10,,0.00,14.00,288
2025-01-16 21:00:00,0.10,95,-4.10,,0.00,13.10,278
2025-01-16 22:00:00,0.10,95,-4.10,,0.00,13.30,273
2025-01-16 23:00:00,0.30,93,-3.80,,0.10,12.30,267
2025-01-17 00:00:00,0.40,94,-3.90,,0.30,14.00,269
2025-01-17 01:00:00,0.30,95,-4.00,,0.00,14.40,269
2025-01-17 02:00:00,0.40,95,-3.90,,0.00,14.10,273
2025-01-17 03:00:00,0.20,95,-3.90,,0.20,13.10,278
2025-01-17 04:00:00,0.30,95,-3.60,,0.90,11.40,281
2025-01-17 05:00:00,0.30,95,-3.60,,0.20,11.80,282
2025-01-17 06:00:00,0.50,95,-3.50,,0.00,12.10,282
2025-01-17 07:00:00,0.60,94,-3.40,,0.10,12.00,291
2025-01-17 08:00:00,0.50,95,-3.20,,0.10,10.40,290
2025-01-17 09:00:00,0.60,95,-3.10,,0.20,10.80,296
2025-01-17 10:00:00,0.80,95,-3.00,,0.10,11.60,292
2025-01-17 11:00:00,1.00,97,-2.80,,0.00,11.80,293
2025-01-17 12:00:00,1.30,98,-2.50,,0.00,12.00,286
2025-01-17 13:00:00,1.80,97,-2.00,,0.00,12.60,294
2025-01-17 14:00:00,2.00,98,-1.90,,0.00,13.80,317
2025-01-17 15:00:00,1.90,98,-1.80,,0.00,12.50,321
2025-01-17 16:00:00,1.90,100,-1.50,,0.00,11.20,312
2025-01-17 17:00:00,2.00,99,-1.70,,0.10,12.90,324
2025-01-17 18:00:00,2.00,98,-1.60,,0.40,12.40,324
2025-01-17 19:00:00,2.10,96,-1.50,,0.40,12.20,326
2025-01-17 20:00:00,2.10,97,-1.60,,0.20,12.50,327
2025-01-17 21:00:00,2.20,97,-1.40,,0.20,11.60,324
2025-01-17 22:00:00,2.40,95,-1.10,,0.20,11.30,323
2025-01-17 23:00:00,2.60,94,-0.60,,0.00,9.70,309
2025-01-18 00:00:00,2.60,94,-0.60,,0.00,8.70,312
2025-01-18 01:00:00,2.40,94,-0.80,,0.00,8.90,310
2025-01-18 02:00:00,2.30,95,-0.70,,0.00,8.00,306
2025-01-18 03:00:00,2.50,94,-0.70,,0.00,8.70,312
2025-01-18 04:00:00,2.30,95,-0.80,,0.00,8.70,300
2025-01-18 05:00:00,2.10,95,-1.00,,0.00,8.20,285
2025-01-18 06:00:00,1.70,96,-1.40,,0.00,8.00,280
2025-01-18 07:00:00,1.60,97,-1.60,,0.00,9.10,277
2025-01-18 08:00:00,1.60,99,-2.00,,0.00,11.20,274
2025-01-18 09:00:00,1.50,100,-1.80,,0.10,10.10,272
2025-01-18 10:00:00,1.90,98,-1.20,,0.00,8.80,261
2025-01-18 11:00:00,2.20,96,-1.70,,0.00,13.70,267
2025-01-18 12:00:00,2.70,92,-1.10,,0.00,13.00,268
2025-01-18 13:00:00,2.70,93,-1.20,,0.00,13.80,277
2025-01-18 14:00:00,2.30,94,-1.90,,0.00,16.10,299
2025-01-18 15:00:00,2.50,91,-1.70,,0.20,15.30,304
2025-01-18 16:00:00,2.40,92,-1.70,,0.10,14.80,311
2025-01-18 17:00:00,2.70,91,-1.40,,0.10,14.80,315
2025-01-18 18:00:00,3.10,90,-0.80,,0.00,13.70,305
2025-01-18 19:00:00,3.20,88,-0.80,,0.00,14.10,310
2025-01-18 20:00:00,3.20,87,-1.40,,0.00,18.30,317
2025-01-18 21:00:00,3.00,83,-1.20,,0.00,14.30,311
2025-01-18 22:00:00,3.00,83,-1.70,,0.00,18.10,325
2025-01-18 23:00:00,3.10,80,-1.40,,0.00,16.20,323
2025-01-19 00:00:00,3.20,77,-1.30,,0.00,15.70,323
2025-01-19 01:00:00,2.90,77,-1.60,,0.00,15.30,326
2025-01-19 02:00:00,2.70,77,-1.80,,0.00,15.20,329
2025-01-19 03:00:00,2.90,70,-2.00,,0.00,17.00,339
2025-01-19 04:00:00,2.60,69,-2.30,,0.00,16.20,339
2025-01-19 05:00:00,2.20,67,-2.60,,0.00,15.10,342
2025-01-19 06:00:00,1.90,67,-3.20,,0.00,16.90,344
2025-01-19 07:00:00,1.30,66,-3.70,,0.00,15.50,348
2025-01-19 08:00:00,0.90,65,-4.00,,0.00,14.50,346
2025-01-19 09:00:00,0.50,70,-4.00,,0.00,12.30,345
2025-01-19 10:00:00,0.40,68,-4.00,,0.00,11.00,337
2025-01-19 11:00:00,0.60,67,-4.00,,0.00,12.40,334
2025-01-19 12:00:00,1.20,69,-3.50,,0.00,14.20,336
2025-01-19 13:00:00,1.70,68,-2.80,,0.00,12.40,334
2025-01-19 14:00:00,2.10,68,-2.20,,0.00,11.70,326
2025-01-19 15:00:00,2.80,67,-1.50,,0.00,12.30,320
2025-01-19 16:00:00,2.40,69,-1.70,,0.00,10.90,316
2025-01-19 17:00:00,1.60,72,-2.30,,0.00,9.20,309
2025-01-19 18:00:00,0.90,73,-2.90,,0.00,8.50,306
2025-01-19 19:00:00,0.40,78,-3.50,,0.00,9.00,307
2025-01-19 20:00:00,0.10,81,-3.70,,0.00,8.70,308
2025-01-19 21:00:00,-0.20,83,-3.90,,0.00,8.30,304
2025-01-19 22:00:00,-0.40,85,-4.00,,0.00,7.80,304
2025-01-19 23:00:00,-0.60,86,-4.20,,0.00,7.40,299
2025-01-20 00:00:00,-0.80,87,-4.20,,0.00,6.50,289
2025-01-20 01:00:00,-0.90,90,-4.40,,0.00,6.60,279
2025-01-20 02:00:00,-1.10,93,-4.60,,0.00,6.80,267
2025-01-20 03:00:00,-1.20,94,-4.70,,0.00,7.20,264
2025-01-20 04:00:00,-1.20,97,-5.00,,0.00,9.70,274
2025-01-20 05:00:00,-1.20,100,-5.00,,0.00,9.80,287
2025-01-20 06:00:00,-0.90,100,-4.50,,0.00,9.00,293
2025-01-20 07:00:00,-0.60,100,-4.30,,0.00,10.20,312
2025-01-20 08:00:00,-0.50,100,-4.30,,0.00,11.10,324
2025-01-20 09:00:00,-0.30,99,-4.30,,0.00,12.20,336
2025-01-20 10:00:00,-0.10,97,-3.90,,0.00,11.00,337
2025-01-20 11:00:00,0.50,92,-3.00,,0.00,9.20,329
2025-01-20 12:00:00,1.50,90,-2.30,,0.00,11.00,337
2025-01-20 13:00:00,2.00,87,-1.70,,0.00,11.20,339
2025-01-20 14:00:00,2.40,85,-1.30,,0.00,11.00,341
2025-01-20 15:00:00,2.40,84,-1.30,,0.00,10.90,343
2025-01-20 16:00:00,2.40,85,-1.10,,0.00,9.60,347
2025-01-20 17:00:00,2.10,86,-1.20,,0.00,8.50,348
2025-01-20 18:00:00,2.00,88,-1.10,,0.00,6.30,347
2025-01-20 19:00:00,1.80,90,-1.10,,0.00,5.40,340
2025-01-20 20:00:00,1.60,90,-1.20,,0.00,4.50,346
2025-01-20 21:00:00,1.30,90,-1.50,,0.00,4.30,355
2025-01-20 22:00:00,1.20,89,-1.60,,0.00,3.70,349
2025-01-20 23:00:00,0.80,89,-1.80,,0.00,2.40,333
2025-01-21 00:00:00,0.70,90,-1.90,,0.00,1.90,338
2025-01-21 01:00:00,0.40,90,-2.20,,0.00,1.80,307
2025-01-21 02:00:00,0.10,91,-2.60,,0.00,2.20,270
2025-01-21 03:00:00,-0.10,91,-2.70,,0.00,1.50,284
2025-01-21 04:00:00,-0.40,92,-2.90,,0.00,1.40,270
2025-01-21 05:00:00,-0.40,91,-2.90,,0.00,1.00,315
2025-01-21 06:00:00,-0.40,91,-2.90,,0.00,0.70,90
2025-01-21 07:00:00,-0.50,92,-3.20,,0.00,1.80,90
2025-01-21 08:00:00,-0.60,93,-3.30,,0.00,2.20,99
2025-01-21 09:00:00,-0.40,93,-3.20,,0.00,2.70,113
2025-01-21 10:00:00,-0.10,89,-2.90,,0.00,2.90,120
2025-01-21 11:00:00,0.60,83,-2.60,,0.00,4.80,138
2025-01-21 12:00:00,0.50,84,-2.90,,0.00,6.90,141
2025-01-21 13:00:00,0.90,76,-3.00,,0.00,9.00,157
2025-01-21 14:00:00,0.90,76,-3.00,,0.00,9.20,159
2025-01-21 15:00:00,0.40,81,-3.30,,0.00,8.50,152
2025-01-21 16:00:00,0.20,81,-3.60,,0.00,8.90,153
2025-01-21 17:00:00,-0.00,83,-3.60,,0.00,7.60,149
2025-01-21 18:00:00,-0.50,86,-4.10,,0.00,7.90,150
2025-01-21 19:00:00,-0.80,88,-4.40,,0.00,7.90,141
2025-01-21 20:00:00,-0.90,88,-4.60,,0.00,8.20,142
2025-01-21 21:00:00,-1.00,86,-5.10,,0.00,10.20,148
2025-01-21 22:00:00,-1.10,86,-5.20,,0.00,10.40,146
2025-01-21 23:00:00,-1.20,86,-5.60,,0.00,11.90,145
2025-01-22 00:00:00,-1.30,86,-5.60,,0.00,11.70,146
2025-01-22 01:00:00,-1.40,86,-5.80,,0.00,11.90,145
2025-01-22 02:00:00,-1.70,86,-6.20,,0.00,12.60,149
2025-01-22 03:00:00,-1.50,86,-6.10,,0.00,13.10,148
2025-01-22 04:00:00,-1.70,86,-6.30,,0.00,13.10,148
2025-01-22 05:00:00,-1.80,87,-6.10,,0.00,11.30,143
2025-01-22 06:00:00,-1.80,87,-6.10,,0.00,11.50,148
2025-01-22 07:00:00,-1.80,87,-6.10,,0.00,11.20,147
2025-01-22 08:00:00,-1.90,87,-6.30,,0.00,12.20,146
2025-01-22 09:00:00,-2.00,86,-6.80,,0.00,14.30,152
2025-01-22 10:00:00,-1.60,89,-5.90,,0.00,11.80,140
2025-01-22 11:00:00,-1.20,90,-5.40,,0.00,12.00,134
2025-01-22 12:00:00,-0.80,91,-5.00,,0.00,12.30,140
2025-01-22 13:00:00,-0.60,91,-4.80,,0.00,12.60,143
2025-01-22 14:00:00,-0.30,92,-4.40,,0.00,12.00,139
2025-01-22 15:00:00,-0.10,92,-4.10,,0.00,11.90,151
2025-01-22 16:00:00,-0.10,93,-4.10,,0.10,11.30,149
2025-01-22 17:00:00,-0.00,93,-4.00,,0.00,11.60,144
2025-01-22 18:00:00,0.10,93,-3.80,,0.00,10.80,143
2025-01-22 19:00:00,0.00,92,-4.00,,0.00,11.90,145
2025-01-22 20:00:00,-0.10,93,-4.00,,0.10,11.50,148
2025-01-22 21:00:00,-0.10,92,-4.10,,0.10,11.50,148
2025-01-22 22:00:00,-0.20,92,-4.30,,0.10,12.00,147
2025-01-22 23:00:00,-0.40,91,-4.60,,0.00,12.10,150
2025-01-23 00:00:00,-0.60,91,-4.60,,0.00,11.20,147
2025-01-23 01:00:00,-0.70,92,-4.70,,0.10,10.90,146
2025-01-23 02:00:00,-0.80,92,-4.80,,0.10,10.40,146
2025-01-23 03:00:00,-1.00,92,-4.90,,0.10,10.40,146
2025-01-23 04:00:00,-1.00,92,-4.90,,0.10,9.90,147
2025-01-23 05:00:00,-1.10,92,-4.90,,0.10,9.20,149
2025-01-23 06:00:00,-1.20,91,-4.90,,0.10,8.30,146
2025-01-23 07:00:00,-1.30,91,-5.10,,0.10,9.00,143
2025-01-23 08:00:00,-1.40,90,-5.30,,0.00,9.50,143
2025-01-23 09:00:00,-1.60,90,-5.50,,0.00,9.20,141
2025-01-23 10:00:00,-1.50,90,-5.40,,0.10,9.20,141
2025-01-23 11:00:00,-1.40,92,-5.20,,0.20,9.00,143
2025-01-23 12:00:00,-1.30,91,-5.00,,0.20,8.10,148
2025-01-23 13:00:00,-1.10,90,-4.80,,0.10,8.30,146
2025-01-23 14:00:00,-0.80,87,-4.50,,0.00,8.10,148
2025-01-23 15:00:00,-1.00,86,-4.80,,0.00,8.40,140
2025-01-23 16:00:00,-0.80,86,-4.60,,0.00,8.70,142
2025-01-23 17:00:00,-1.00,86,-4.80,,0.00,9.00,143
2025-01-23 18:00:00,-1.00,86,-4.90,,0.00,8.70,142
2025-01-23 19:00:00,-1.10,87,-4.90,,0.00,8.10,135
2025-01-23 20:00:00,-1.20,88,-5.00,,0.00,8.40,130
2025-01-23 21:00:00,-1.20,88,-4.90,,0.00,7.90,129
2025-01-23 22:00:00,-1.20,89,-4.90,,0.00,7.60,135
2025-01-23 23:00:00,-1.20,89,-4.90,,0.00,7.90,141
2025-01-24 00:00:00,-1.20,90,-4.80,,0.00,7.70,143
2025-01-24 01:00:00,-1.20,91,-4.80,,0.00,7.50,145
2025-01-24 02:00:00,-1.20,91,-4.70,,0.00,7.00,145
2025-01-24 03:00:00,-1.20,92,-4.70,,0.00,6.90,141
2025-01-24 04:00:00,-1.20,92,-4.50,,0.00,5.90,142
2025-01-24 05:00:00,-1.10,93,-4.40,,0.00,5.90,142
2025-01-24 06:00:00,-1.10,93,-4.50,,0.00,6.20,144
2025-01-24 07:00:00,-1.10,94,-4.50,,0.00,6.60,139
2025-01-24 08:00:00,-1.00,94,-4.50,,0.00,7.10,135
2025-01-24 09:00:00,-1.00,94,-4.50,,0.00,7.40,133
2025-01-24 10:00:00,-0.90,94,-4.40,,0.00,7.40,141
2025-01-24 11:00:00,-0.80,94,-4.20,,0.00,7.30,147
2025-01-24 12:00:00,-0.80,93,-4.30,,0.00,7.60,155
2025-01-24 13:00:00,-0.60,94,-3.90,,0.00,6.90,152
2025-01-24 14:00:00,-0.50,94,-3.70,,0.00,6.30,149
2025-01-24 15:00:00,-0.40,93,-3.60,,0.00,6.40,137
2025-01-24 16:00:00,-0.30,93,-3.60,,0.00,6.60,135
2025-01-24 17:00:00,-0.20,93,-3.50,,0.00,6.40,133
2025-01-24 18:00:00,0.00,94,-3.10,,0.00,5.90,137
2025-01-24 19:00:00,0.00,94,-3.10,,0.00,5.90,142
2025-01-24 20:00:00,0.10,95,-3.10,,0.00,6.40,142
2025-01-24 21:00:00,0.20,95,-2.90,,0.00,6.20,144
2025-01-24 22:00:00,0.20,96,-2.90,,0.00,6.00,147
2025-01-24 23:00:00,0.20,96,-2.70,,0.00,5.30,152
2025-01-25 00:00:00,0.20,97,-2.60,,0.00,4.20,149
2025-01-25 01:00:00,0.20,97,-2.60,,0.00,4.20,149
2025-01-25 02:00:00,0.20,97,-2.50,,0.00,4.00,153
2025-01-25 03:00:00,0.20,98,-2.60,,0.00,4.20,149
2025-01-25 04:00:00,0.20,98,-2.60,,0.00,4.20,149
2025-01-25 05:00:00,0.20,98,-2.70,,0.00,4.70,148
2025-01-25 06:00:00,0.20,99,-2.60,,0.00,5.00,150
2025-01-25 07:00:00,0.20,98,-2.80,,0.00,5.70,162
2025-01-25 08:00:00,0.20,98,-2.70,,0.00,5.40,176
2025-01-25 09:00:00,0.20,99,-2.60,,0.00,5.10,188
2025-01-25 10:00:00,0.30,99,-2.60,,0.00,5.40,188
2025-01-25 11:00:00,0.60,98,-2.50,,0.00,6.90,174
2025-01-25 12:00:00,0.80,97,-2.30,,0.00,6.50,183
2025-01-25 13:00:00,1.20,96,-1.90,,0.00,6.90,189
2025-01-25 14:00:00,1.70,93,-1.40,,0.00,7.20,186
2025-01-25 15:00:00,1.80,92,-1.40,,0.00,7.60,185
2025-01-25 16:00:00,1.80,92,-1.40,,0.00,7.90,183
2025-01-25 17:00:00,1.50,95,-1.60,,0.00,6.90,171
2025-01-25 18:00:00,1.40,95,-1.80,,0.00,8.00,170
2025-01-25 19:00:00,1.30,96,-2.10,,0.00,9.00,175
2025-01-25 20:00:00,1.30,96,-2.20,,0.00,9.70,178
2025-01-25 21:00:00,1.30,95,-2.40,,0.00,10.90,189
2025-01-25 22:00:00,1.40,96,-2.40,,0.00,12.30,187
2025-01-25 23:00:00,1.50,94,-2.30,,0.00,12.10,190
2025-01-26 00:00:00,1.80,92,-1.70,,0.00,10.40,194
2025-01-26 01:00:00,1.80,93,-1.80,,0.00,11.30,202
2025-01-26 02:00:00,1.70,95,-2.10,,0.00,12.60,207
2025-01-26 03:00:00,1.50,95,-2.30,,0.00,12.20,204
2025-01-26 04:00:00,1.70,94,-1.60,,0.00,9.00,185
2025-01-26 05:00:00,1.70,95,-1.70,,0.00,10.10,186
2025-01-26 06:00:00,2.00,95,-1.60,,0.00,11.40,191
2025-01-26 07:00:00,2.00,95,-1.80,,0.00,12.70,205
2025-01-26 08:00:00,2.20,95,-1.40,,0.00,11.80,203
2025-01-26 09:00:00,2.20,95,-1.40,,0.00,11.20,201
2025-01-26 10:00:00,2.30,96,-1.20,,0.00,11.40,198
2025-01-26 11:00:00,2.70,95,-0.80,,0.00,11.30,197
2025-01-26 12:00:00,3.10,95,-0.30,,0.00,10.90,197
2025-01-26 13:00:00,3.80,94,0.30,,0.00,12.70,209
2025-01-26 14:00:00,4.20,94,1.30,,0.00,9.60,193
2025-01-26 15:00:00,4.40,93,1.50,,0.00,9.40,173
2025-01-26 16:00:00,4.70,93,1.70,,0.00,10.10,174
2025-01-26 17:00:00,4.80,94,1.70,,0.00,10.90,174
2025-01-26 18:00:00,5.10,94,2.00,,0.00,11.50,178
2025-01-26 19:00:00,5.20,94,1.90,,0.00,12.70,172
2025-01-26 20:00:00,5.30,93,1.60,,0.00,15.90,176
2025-01-26 21:00:00,5.50,93,1.90,,0.00,15.50,181
2025-01-26 22:00:00,5.50,92,1.80,,0.00,16.20,184
2025-01-26 23:00:00,5.40,92,1.80,,0.00,15.20,176
2025-01-27 00:00:00,5.20,92,1.10,,0.00,18.20,189
2025-01-27 01:00:00,5.10,93,1.30,,0.10,16.30,188
2025-01-27 02:00:00,5.10,92,1.40,,0.00,15.70,191
2025-01-27 03:00:00,5.00,93,1.30,,0.00,15.50,185
2025-01-27 04:00:00,5.00,92,1.20,,0.00,15.80,192
2025-01-27 05:00:00,4.90,94,1.30,,0.00,14.80,193
2025-01-27 06:00:00,5.00,94,1.40,,0.00,14.50,194
2025-01-27 07:00:00,5.00,95,1.70,,0.00,12.80,191
2025-01-27 08:00:00,5.20,93,1.60,,0.00,14.60,200
2025-01-27 09:00:00,5.10,92,1.60,,0.00,13.90,201
2025-01-27 10:00:00,5.00,90,1.60,,0.00,13.10,201
2025-01-27 11:00:00,5.20,89,1.70,,0.00,13.90,201
2025-01-27 12:00:00,5.40,87,1.60,,0.00,15.50,208
2025-01-27 13:00:00,5.50,86,1.70,,0.00,15.30,207
2025-01-27 14:00:00,5.50,86,1.90,,0.00,14.40,202
2025-01-27 15:00:00,5.70,86,2.20,,0.00,13.20,197
2025-01-27 16:00:00,5.60,87,2.30,,0.00,12.20,194
2025-01-27 17:00:00,5.30,89,2.10,,0.00,11.30,189
2025-01-27 18:00:00,5.00,90,1.90,,0.00,10.50,188
2025-01-27 19:00:00,4.80,91,1.60,,0.00,11.30,189
2025-01-27 20:00:00,4.70,92,1.50,,0.00,11.70,191
2025-01-27 21:00:00,4.90,92,1.80,,0.00,10.50,196
2025-01-27 22:00:00,5.10,92,1.90,,0.00,12.10,203
2025-01-27 23:00:00,5.20,88,2.10,,0.00,10.50,202
2025-01-28 00:00:00,5.00,90,2.20,,0.00,8.40,187
2025-01-28 01:00:00,4.80,94,2.00,,0.00,9.40,180
2025-01-28 02:00:00,4.80,94,1.90,,0.00,9.80,174
2025-01-28 03:00:00,5.00,95,2.20,,0.00,9.50,171
2025-01-28 04:00:00,4.80,93,2.00,,0.00,9.20,169
2025-01-28 05:00:00,4.80,94,1.90,,0.00,10.30,168
2025-01-28 06:00:00,4.90,93,1.90,,0.00,10.20,170
2025-01-28 07:00:00,4.60,95,1.70,,0.00,10.00,165
2025-01-28 08:00:00,4.50,94,1.30,,0.00,12.10,170
2025-01-28 09:00:00,4.50,92,1.20,,0.00,11.70,171
2025-01-28 10:00:00,4.40,93,1.20,,0.00,11.30,173
2025-01-28 11:00:00,4.50,91,0.70,,0.00,14.80,177
2025-01-28 12:00:00,4.70,90,1.60,,0.00,10.20,170
2025-01-28 13:00:00,5.00,88,1.30,,0.00,14.00,181
2025-01-28 14:00:00,4.90,87,1.40,,0.00,12.60,178
2025-01-28 15:00:00,5.60,85,2.50,,0.00,10.60,162
2025-01-28 16:00:00,5.50,86,2.20,,0.00,11.90,182
2025-01-28 17:00:00,5.30,88,2.20,,0.00,10.80,178
2025-01-28 18:00:00,5.30,86,2.20,,0.00,9.80,163
2025-01-28 19:00:00,5.00,88,1.80,,0.00,10.60,162
2025-01-28 20:00:00,4.90,89,1.70,,0.00,11.30,163
2025-01-28 21:00:00,5.10,86,1.80,,0.00,11.40,169
2025-01-28 22:00:00,5.30,86,1.90,,0.00,12.30,173
2025-01-28 23:00:00,5.30,87,2.10,,0.00,11.20,180
2025-01-29 00:00:00,5.50,88,2.40,,0.00,10.80,178
2025-01-29 01:00:00,5.50,90,2.50,,0.00,10.50,184
2025-01-29 02:00:00,5.60,91,2.70,,0.00,10.10,178
2025-01-29 03:00:00,5.60,89,2.80,,0.00,9.40,176
2025-01-29 04:00:00,5.50,91,2.70,,0.00,9.50,171
2025-01-29 05:00:00,5.50,92,2.70,,0.00,9.50,169
2025-01-29 06:00:00,5.80,90,3.00,,0.00,9.70,176
2025-01-29 07:00:00,5.80,90,2.60,,0.00,12.20,180
2025-01-29 08:00:00,5.80,91,2.90,,0.00,10.50,176
2025-01-29 09:00:00,5.90,90,2.90,,0.00,11.20,174
2025-01-29 10:00:00,6.00,89,3.00,,0.00,10.90,163
2025-01-29 11:00:00,6.10,87,2.10,,0.00,17.70,182
2025-01-29 12:00:00,6.00,88,2.90,,0.00,11.90,166
2025-01-29 13:00:00,6.70,84,3.20,,0.00,14.10,174
2025-01-29 14:00:00,6.30,86,2.80,,0.00,14.80,176
2025-01-29 15:00:00,6.20,86,2.80,,0.00,13.30,177
2025-01-29 16:00:00,6.00,87,2.70,,0.00,13.00,177
2025-01-29 17:00:00,5.90,87,2.70,,0.00,11.90,178
2025-01-29 18:00:00,5.90,90,3.20,,0.00,9.70,182
2025-01-29 19:00:00,5.90,91,3.40,,0.00,8.00,190
2025-01-29 20:00:00,6.00,92,3.40,,0.00,8.60,182
2025-01-29 21:00:00,5.90,92,3.40,,0.00,8.70,185
2025-01-29 22:00:00,6.10,94,3.60,,0.00,9.10,189
2025-01-29 23:00:00,6.00,95,3.60,,0.00,8.40,190
2025-01-30 00:00:00,5.60,96,3.20,,0.00,8.50,192
2025-01-30 01:00:00,5.50,97,3.00,,0.00,8.90,207
2025-01-30 02:00:00,5.40,97,2.90,,0.00,8.70,204
2025-01-30 03:00:00,5.30,98,2.90,,0.00,7.90,204
2025-01-30 04:00:00,5.10,99,2.70,,0.00,7.40,194
2025-01-30 05:00:00,4.80,99,2.50,,0.00,7.20,186
2025-01-30 06:00:00,4.70,100,2.20,,0.00,8.20,203
2025-01-30 07:00:00,4.50,100,2.00,,0.00,7.70,191
2025-01-30 08:00:00,4.30,100,1.90,,0.00,7.30,189
2025-01-30 09:00:00,4.00,100,1.50,,0.00,7.30,189
2025-01-30 10:00:00,4.10,100,1.70,,0.00,7.20,186
2025-01-30 11:00:00,4.40,100,1.90,,0.00,7.60,188
2025-01-30 12:00:00,4.90,99,2.50,,0.00,7.50,197
2025-01-30 13:00:00,5.40,95,3.00,,0.00,8.00,198
2025-01-30 14:00:00,6.10,89,3.60,,0.00,8.40,205
2025-01-30 15:00:00,6.30,90,3.80,,0.00,8.70,210
2025-01-30 16:00:00,6.40,90,4.00,,0.00,7.40,209
2025-01-30 17:00:00,6.10,91,3.90,,0.00,5.80,187
2025-01-30 18:00:00,5.40,93,3.30,,0.00,5.10,176
2025-01-30 19:00:00,4.80,93,2.80,,0.00,4.00,175
2025-01-30 20:00:00,4.30,94,2.10,,0.00,4.30,180
2025-01-30 21:00:00,3.90,97,1.80,,0.00,4.00,180
2025-01-30 22:00:00,3.60,98,1.40,,0.00,4.00,180
2025-01-30 23:00:00,3.30,99,1.00,,0.00,4.70,184
2025-01-31 00:00:00,3.40,100,1.00,,0.00,5.80,187
2025-01-31 01:00:00,3.30,100,0.70,,0.00,6.50,186
2025-01-31 02:00:00,3.00,100,0.50,,0.00,6.50,180
2025-01-31 03:00:00,2.70,100,0.30,,0.00,5.20,168
2025-01-31 04:00:00,2.60,100,0.10,,0.00,5.20,164
2025-01-31 05:00:00,2.40,100,-0.20,,0.00,5.80,158
2025-01-31 06:00:00,2.00,100,-0.80,,0.00,7.00,159
2025-01-31 07:00:00,2.10,100,-0.70,,0.00,7.00,159
2025-01-31 08:00:00,2.30,100,-0.50,,0.00,7.10,156
2025-01-31 09:00:00,1.90,100,-1.10,,0.00,8.30,146
2025-01-31 10:00:00,2.20,100,-0.80,,0.00,8.40,149
2025-01-31 11:00:00,2.60,100,-0.50,,0.00,9.40,148
2025-01-31 12:00:00,2.50,100,-0.50,,0.00,9.00,151
2025-01-31 13:00:00,3.20,100,0.10,,0.00,10.10,153
2025-01-31 14:00:00,3.40,100,0.30,,0.00,10.50,158
2025-01-31 15:00:00,3.80,100,0.90,,0.10,9.80,152
2025-01-31 16:00:00,4.50,95,1.70,,0.70,9.50,155
2025-01-31 17:00:00,4.80,95,1.70,,0.00,11.70,162
2025-01-31 18:00:00,4.70,93,1.50,,0.00,12.10,163
2025-01-31 19:00:00,4.60,94,1.50,,0.20,11.50,166
2025-01-31 20:00:00,4.70,94,1.50,,0.10,11.60,175
2025-01-31 21:00:00,4.70,92,1.00,,0.00,14.80,181
2025-01-31 22:00:00,4.80,93,1.90,,0.10,9.70,180
2025-01-31 23:00:00,4.70,93,1.50,,0.10,11.60,175
2025-02-01 00:00:00,4.70,92,1.80,,0.10,9.70,182
2025-02-01 01:00:00,4.60,94,1.70,,0.20,9.90,190
2025-02-01 02:00:00,4.50,94,1.50,,0.00,10.20,188
2025-02-01 03:00:00,4.40,95,1.50,,0.00,9.50,189
2025-02-01 04:00:00,4.40,95,1.60,,0.00,9.40,184
2025-02-01 05:00:00,4.40,95,1.70,,0.00,8.40,190
2025-02-01 06:00:00,4.40,97,1.70,,0.30,8.60,202
2025-02-01 07:00:00,4.50,97,1.60,,0.00,9.80,216
2025-02-01 08:00:00,4.60,97,1.80,,0.00,9.50,233
2025-02-01 09:00:00,4.70,98,2.00,,0.00,8.90,243
2025-02-01 10:00:00,4.90,95,2.10,,0.00,9.70,255
2025-02-01 11:00:00,4.40,75,0.10,,0.00,14.70,281
2025-02-01 12:00:00,3.60,75,-0.70,,0.00,14.00,282
2025-02-01 13:00:00,3.30,70,-1.00,,0.00,13.30,273
2025-02-01 14:00:00,3.60,69,-0.70,,0.00,13.20,259
2025-02-01 15:00:00,3.30,70,-1.00,,0.00,13.30,257
2025-02-01 16:00:00,3.00,71,-1.40,,0.00,13.70,270
2025-02-01 17:00:00,2.40,73,-1.80,,0.00,12.20,272
2025-02-01 18:00:00,2.20,77,-1.30,,0.00,8.40,239
2025-02-01 19:00:00,1.50,83,-2.00,,0.00,8.60,237
2025-02-01 20:00:00,1.30,85,-2.20,,0.00,8.90,243
2025-02-01 21:00:00,1.70,81,-2.00,,0.00,9.60,250
2025-02-01 22:00:00,1.70,81,-2.20,,0.00,10.70,256
2025-02-01 23:00:00,1.40,84,-2.40,,0.00,10.70,258
2025-02-02 00:00:00,1.30,83,-2.50,,0.00,9.80,262
2025-02-02 01:00:00,1.00,86,-2.70,,0.00,10.10,270
2025-02-02 02:00:00,0.90,87,-2.80,,0.00,9.40,274
2025-02-02 03:00:00,0.70,80,-3.10,,0.00,8.70,275
2025-02-02 04:00:00,-0.00,81,-3.70,,0.00,8.00,275
2025-02-02 05:00:00,-0.60,84,-4.40,,0.00,8.40,260
2025-02-02 06:00:00,-0.80,83,-4.70,,0.00,8.50,258
2025-02-02 07:00:00,-1.20,86,-5.00,,0.00,8.70,253
2025-02-02 08:00:00,-1.30,87,-5.40,,0.00,10.10,253
2025-02-02 09:00:00,-1.40,87,-5.20,,0.00,8.70,253
2025-02-02 10:00:00,-0.90,86,-4.90,,0.00,9.50,259
2025-02-02 11:00:00,-0.40,83,-4.70,,0.00,12.30,263
2025-02-02 12:00:00,0.30,79,-4.00,,0.00,11.60,265
2025-02-02 13:00:00,0.60,76,-3.70,,0.00,12.30,267
2025-02-02 14:00:00,1.00,71,-3.40,,0.00,11.90,268
2025-02-02 15:00:00,1.00,73,-3.20,,0.00,10.70,258
2025-02-02 16:00:00,0.70,76,-3.30,,0.00,9.90,260
2025-02-02 17:00:00,0.40,76,-3.50,,0.00,9.00,254
2025-02-02 18:00:00,-0.20,83,-3.80,,0.00,7.40,231
2025-02-02 19:00:00,-0.70,87,-4.20,,0.00,7.10,229
2025-02-02 20:00:00,-0.80,84,-4.50,,0.00,7.70,229
2025-02-02 21:00:00,-0.50,80,-4.30,,0.00,7.70,242
2025-02-02 22:00:00,-1.00,82,-4.70,,0.00,7.70,242
2025-02-02 23:00:00,-1.30,84,-5.00,,0.00,7.10,240
2025-02-03 00:00:00,-1.40,85,-4.90,,0.00,6.00,237
2025-02-03 01:00:00,-1.70,86,-5.20,,0.00,6.20,234
2025-02-03 02:00:00,-1.70,87,-5.20,,0.00,6.10,230
2025-02-03 03:00:00,-1.40,87,-4.90,,0.00,5.90,227
2025-02-03 04:00:00,-1.50,86,-5.00,,0.00,6.10,230
2025-02-03 05:00:00,-1.40,84,-4.90,,0.00,5.90,232
2025-02-03 06:00:00,-1.30,83,-4.80,,0.00,5.90,232
2025-02-03 07:00:00,-1.30,83,-4.80,,0.00,5.80,240
2025-02-03 08:00:00,-1.40,83,-5.10,,0.00,6.60,241
2025-02-03 09:00:00,-1.60,84,-5.20,,0.00,6.60,248
2025-02-03 10:00:00,-1.40,85,-5.10,,0.00,7.10,255
2025-02-03 11:00:00,-0.90,81,-5.10,,0.00,10.40,270
2025-02-03 12:00:00,-0.50,77,-4.70,,0.00,10.80,270
2025-02-03 13:00:00,0.10,68,-4.40,,0.00,11.20,276
2025-02-03 14:00:00,0.20,66,-4.30,,0.00,10.90,278
2025-02-03 15:00:00,0.20,67,-3.90,,0.00,8.40,260
2025-02-03 16:00:00,0.30,57,-3.90,,0.00,8.50,258
2025-02-03 17:00:00,-0.10,65,-4.30,,0.00,9.10,252
2025-02-03 18:00:00,-0.60,79,-4.30,,0.00,6.80,252
2025-02-03 19:00:00,-0.80,80,-4.60,,0.10,7.90,254
2025-02-03 20:00:00,-1.10,88,-4.50,,0.10,6.20,249
2025-02-03 21:00:00,-1.30,92,-4.40,,0.10,4.60,252
2025-02-03 22:00:00,-1.30,93,-4.40,,0.20,4.00,260
2025-02-03 23:00:00,-1.30,91,-4.50,,0.10,4.40,279
2025-02-04 00:00:00,-1.30,89,-4.60,,0.10,5.30,298
2025-02-04 01:00:00,-1.30,87,-4.70,,0.00,5.60,310
2025-02-04 02:00:00,-1.40,85,-4.80,,0.00,5.10,315
2025-02-04 03:00:00,-1.70,91,-5.00,,0.00,4.70,293
2025-02-04 04:00:00,-1.70,92,-5.10,,0.00,5.40,307
2025-02-04 05:00:00,-1.70,82,-5.60,,0.00,7.90,330
2025-02-04 06:00:00,-2.10,86,-5.50,,0.00,5.40,312
2025-02-04 07:00:00,-2.20,90,-5.70,,0.00,5.60,315
2025-02-04 08:00:00,-2.10,89,-5.90,,0.00,7.70,311
2025-02-04 09:00:00,-2.00,84,-5.90,,0.00,7.90,321
2025-02-04 10:00:00,-1.70,85,-5.60,,0.00,8.20,322
2025-02-04 11:00:00,-1.50,80,-5.60,,0.00,9.20,318
2025-02-04 12:00:00,-1.00,74,-5.10,,0.00,9.00,323
2025-02-04 13:00:00,-0.40,67,-4.60,,0.00,8.90,333
2025-02-04 14:00:00,0.00,59,-4.30,,0.00,8.80,341
2025-02-04 15:00:00,0.70,61,-3.50,,0.00,8.60,338
2025-02-04 16:00:00,0.40,61,-3.90,,0.00,8.90,346
2025-02-04 17:00:00,-0.40,71,-4.40,,0.00,8.30,342
2025-02-04 18:00:00,-0.80,79,-4.60,,0.00,7.20,354
2025-02-04 19:00:00,-1.00,77,-4.90,,0.00,7.90,3
2025-02-04 20:00:00,-1.30,80,-5.20,,0.00,7.90,360
2025-02-04 21:00:00,-1.40,78,-5.40,,0.00,8.60,358
2025-02-04 22:00:00,-1.70,80,-5.70,,0.00,8.40,353
2025-02-04 23:00:00,-2.10,80,-6.10,,0.00,8.00,350
2025-02-05 00:00:00,-2.10,82,-5.80,,0.00,6.70,344
2025-02-05 01:00:00,-2.20,84,-6.00,,0.00,7.00,348
2025-02-05 02:00:00,-2.30,87,-6.00,,0.00,7.30,349
2025-02-05 03:00:00,-2.40,89,-6.10,,0.00,7.40,346
2025-02-05 04:00:00,-2.30,89,-6.10,,0.00,8.00,352
2025-02-05 05:00:00,-2.20,88,-6.20,,0.00,9.00,358
2025-02-05 06:00:00,-2.40,88,-6.60,,0.00,10.10,358
2025-02-05 07:00:00,-2.70,88,-6.90,,0.00,10.10,354
2025-02-05 08:00:00,-2.80,87,-7.30,,0.00,11.50,356
2025-02-05 09:00:00,-2.80,87,-7.50,,0.00,13.20,349
2025-02-05 10:00:00,-2.50,83,-7.40,,0.00,14.30,350
2025-02-05 11:00:00,-1.90,80,-6.90,,0.00,15.20,346
2025-02-05 12:00:00,-1.60,75,-6.80,,0.00,16.40,351
2025-02-05 13:00:00,-1.40,76,-6.50,,0.00,16.20,360
2025-02-05 14:00:00,-1.30,78,-6.30,,0.10,15.30,351
2025-02-05 15:00:00,-1.20,77,-6.50,,0.10,17.30,358
2025-02-05 16:00:00,-1.20,79,-6.40,,0.00,16.90,11
2025-02-05 17:00:00,-1.40,81,-6.30,,0.10,14.90,8
2025-02-05 18:00:00,-1.50,80,-6.50,,0.00,15.60,15
2025-02-05 19:00:00,-1.60,80,-6.60,,0.00,15.10,18
2025-02-05 20:00:00,-1.80,84,-6.50,,0.00,13.70,18
2025-02-05 21:00:00,-1.70,85,-6.30,,0.10,12.70,29
2025-02-05 22:00:00,-1.80,83,-6.50,,0.00,14.00,42
2025-02-05 23:00:00,-1.90,83,-6.60,,0.00,13.20,47
2025-02-06 00:00:00,-1.80,81,-6.50,,0.00,13.00,48
2025-02-06 01:00:00,-1.90,80,-6.50,,0.00,12.30,50
2025-02-06 02:00:00,-2.20,81,-6.60,,0.00,11.30,53
2025-02-06 03:00:00,-2.10,78,-6.70,,0.00,12.10,53
2025-02-06 04:00:00,-2.40,80,-6.90,,0.00,11.50,58
2025-02-06 05:00:00,-2.70,81,-7.10,,0.00,10.10,63
2025-02-06 06:00:00,-2.70,82,-6.90,,0.00,9.00,61
2025-02-06 07:00:00,-2.90,82,-7.00,,0.00,8.90,63
2025-02-06 08:00:00,-2.90,82,-7.00,,0.00,8.50,62
2025-02-06 09:00:00,-2.70,81,-6.90,,0.00,9.20,64
2025-02-06 10:00:00,-2.50,79,-6.90,,0.00,10.00,69
2025-02-06 11:00:00,-2.20,77,-6.40,,0.00,9.20,69
2025-02-06 12:00:00,-1.90,71,-6.20,,0.00,9.00,74
2025-02-06 13:00:00,-1.50,60,-5.90,,0.00,9.20,69
2025-02-06 14:00:00,-1.40,61,-5.90,,0.00,9.20,64
2025-02-06 15:00:00,-1.30,65,-5.60,,0.00,8.80,55
2025-02-06 16:00:00,-1.60,65,-5.90,,0.00,8.80,55
2025-02-06 17:00:00,-1.70,66,-5.90,,0.00,7.90,51
2025-02-06 18:00:00,-2.30,69,-6.30,,0.00,6.60,45
2025-02-06 19:00:00,-2.50,74,-6.30,,0.00,5.60,45
2025-02-06 20:00:00,-2.60,75,-6.50,,0.00,6.10,45
2025-02-06 21:00:00,-2.80,75,-6.60,,0.00,5.60,40
2025-02-06 22:00:00,-3.10,78,-6.90,,0.00,5.90,47
2025-02-06 23:00:00,-3.20,79,-6.90,,0.00,5.20,25
2025-02-07 00:00:00,-3.50,80,-7.00,,0.00,4.00,10
2025-02-07 01:00:00,-3.60,80,-7.30,,0.00,5.00,21
2025-02-07 02:00:00,-3.70,81,-7.30,,0.00,4.90,17
2025-02-07 03:00:00,-3.50,81,-7.30,,0.00,5.90,11
2025-02-07 04:00:00,-3.50,83,-7.30,,0.00,6.20,7
2025-02-07 05:00:00,-3.50,85,-7.30,,0.00,6.30,13
2025-02-07 06:00:00,-3.20,85,-7.00,,0.00,6.30,24
2025-02-07 07:00:00,-3.00,85,-7.40,,0.00,11.00,49
2025-02-07 08:00:00,-3.60,74,-8.40,,0.00,12.20,56
2025-02-07 09:00:00,-4.10,74,-8.80,,0.00,11.40,55
2025-02-07 10:00:00,-4.30,77,-9.40,,0.00,13.80,62
2025-02-07 11:00:00,-4.30,75,-9.50,,0.00,14.50,63
2025-02-07 12:00:00,-3.70,74,-8.90,,0.00,14.50,63
2025-02-07 13:00:00,-3.80,72,-9.10,,0.00,14.70,65
2025-02-07 14:00:00,-3.80,72,-8.90,,0.00,14.20,66
2025-02-07 15:00:00,-3.60,71,-8.60,,0.00,12.70,61
2025-02-07 16:00:00,-3.80,70,-8.80,,0.00,12.90,63
2025-02-07 17:00:00,-4.20,71,-9.30,,0.00,13.20,64
2025-02-07 18:00:00,-4.60,72,-9.70,,0.00,12.80,68
2025-02-07 19:00:00,-5.20,74,-10.30,,0.00,13.40,76
2025-02-07 20:00:00,-5.70,72,-10.90,,0.00,13.10,81
2025-02-07 21:00:00,-6.20,73,-11.30,,0.00,12.40,80
2025-02-07 22:00:00,-6.20,72,-10.70,,0.00,8.40,65
2025-02-07 23:00:00,-6.30,75,-10.80,,0.00,8.30,56
2025-02-08 00:00:00,-6.40,79,-10.80,,0.00,8.20,52
2025-02-08 01:00:00,-6.40,80,-11.00,,0.00,9.40,58
2025-02-08 02:00:00,-6.50,80,-11.20,,0.00,10.10,63
2025-02-08 03:00:00,-6.60,84,-11.10,,0.00,9.50,65
2025-02-08 04:00:00,-6.60,84,-11.30,,0.00,10.40,76
2025-02-08 05:00:00,-6.70,84,-11.40,,0.00,9.90,80
2025-02-08 06:00:00,-7.20,86,-11.80,,0.00,9.50,81
2025-02-08 07:00:00,-7.20,86,-11.90,,0.00,9.80,82
2025-02-08 08:00:00,-7.40,86,-12.10,,0.00,10.60,80
2025-02-08 09:00:00,-7.50,86,-12.10,,0.00,9.40,83
2025-02-08 10:00:00,-7.20,85,-11.70,,0.00,9.40,88
2025-02-08 11:00:00,-6.80,83,-11.30,,0.00,9.00,88
2025-02-08 12:00:00,-6.50,81,-11.00,,0.00,8.70,83
2025-02-08 13:00:00,-6.10,79,-10.60,,0.00,8.80,78
2025-02-08 14:00:00,-5.70,78,-10.20,,0.00,9.00,74
2025-02-08 15:00:00,-5.20,76,-9.70,,0.00,9.30,74
2025-02-08 16:00:00,-5.20,76,-9.70,,0.00,9.00,74
2025-02-08 17:00:00,-5.30,76,-9.80,,0.00,8.80,71
2025-02-08 18:00:00,-5.90,78,-10.20,,0.00,7.30,70
2025-02-08 19:00:00,-6.20,81,-10.30,,0.00,6.10,62
2025-02-08 20:00:00,-6.60,83,-10.60,,0.00,5.60,63
2025-02-08 21:00:00,-7.30,86,-11.40,,0.00,6.60,77
2025-02-08 22:00:00,-7.40,84,-11.90,,0.00,8.70,85
2025-02-08 23:00:00,-7.50,83,-11.90,,0.00,8.30,88
2025-02-09 00:00:00,-7.70,84,-12.20,,0.00,8.60,88
2025-02-09 01:00:00,-7.80,85,-12.30,,0.00,8.30,90
2025-02-09 02:00:00,-7.90,86,-12.30,,0.00,7.60,85
2025-02-09 03:00:00,-7.70,87,-12.00,,0.00,7.50,73
2025-02-09 04:00:00,-7.70,85,-12.10,,0.00,8.10,69
2025-02-09 05:00:00,-7.80,86,-12.30,,0.00,8.70,66
2025-02-09 06:00:00,-8.30,87,-12.70,,0.00,8.20,67
2025-02-09 07:00:00,-8.30,88,-12.80,,0.00,8.10,69
2025-02-09 08:00:00,-8.50,87,-12.90,,0.00,8.10,69
2025-02-09 09:00:00,-8.70,89,-13.20,,0.00,8.30,72
2025-02-09 10:00:00,-8.50,88,-13.00,,0.00,8.70,73
2025-02-09 11:00:00,-8.10,86,-12.60,,0.00,8.30,72
2025-02-09 12:00:00,-7.80,85,-12.20,,0.00,7.40,67
2025-02-09 13:00:00,-7.10,83,-11.50,,0.00,7.70,62
2025-02-09 14:00:00,-6.50,80,-10.80,,0.00,7.60,59
2025-02-09 15:00:00,-6.00,79,-10.20,,0.00,7.30,57
2025-02-09 16:00:00,-5.70,78,-9.90,,0.00,7.40,61
2025-02-09 17:00:00,-5.70,79,-9.90,,0.00,7.10,60
2025-02-09 18:00:00,-6.40,81,-10.40,,0.00,5.40,53
2025-02-09 19:00:00,-6.80,85,-10.60,,0.00,4.40,35
2025-02-09 20:00:00,-7.20,87,-11.10,,0.00,4.90,36
2025-02-09 21:00:00,-8.00,91,-11.90,,0.00,4.40,35
2025-02-09 22:00:00,-8.20,93,-12.10,,0.00,4.80,48
2025-02-09 23:00:00,-8.40,94,-12.30,,0.00,4.90,54
2025-02-10 00:00:00,-8.90,96,-12.90,,0.00,5.20,56
2025-02-10 01:00:00,-8.80,94,-12.90,,0.00,6.00,65
2025-02-10 02:00:00,-8.90,93,-13.20,,0.00,7.20,72
2025-02-10 03:00:00,-9.20,93,-13.50,,0.00,7.40,67
2025-02-10 04:00:00,-9.40,94,-13.70,,0.00,7.40,61
2025-02-10 05:00:00,-9.40,93,-13.70,,0.00,7.40,51
2025-02-10 06:00:00,-9.50,93,-13.90,,0.00,7.40,39
2025-02-10 07:00:00,-9.50,93,-13.90,,0.00,7.70,37
2025-02-10 08:00:00,-9.60,93,-14.00,,0.00,7.70,37
2025-02-10 09:00:00,-9.60,92,-13.90,,0.00,7.20,37
2025-02-10 10:00:00,-9.20,91,-13.60,,0.00,7.40,43
2025-02-10 11:00:00,-8.80,89,-13.20,,0.00,7.10,45
2025-02-10 12:00:00,-8.30,87,-12.40,,0.00,6.20,36
2025-02-10 13:00:00,-7.70,85,-12.00,,0.00,7.00,35
2025-02-10 14:00:00,-7.60,84,-11.90,,0.00,7.60,31
2025-02-10 15:00:00,-7.20,83,-11.60,,0.00,7.60,31
2025-02-10 16:00:00,-7.10,82,-11.40,,0.00,7.40,39
2025-02-10 17:00:00,-7.20,82,-11.50,,0.00,7.40,43
2025-02-10 18:00:00,-7.70,84,-12.10,,0.00,7.70,37
2025-02-10 19:00:00,-7.90,85,-12.30,,0.00,7.90,43
2025-02-10 20:00:00,-8.00,83,-12.40,,0.00,7.90,51
2025-02-10 21:00:00,-8.40,80,-12.80,,0.00,7.30,70
2025-02-10 22:00:00,-8.10,80,-12.40,,0.00,6.20,69
2025-02-10 23:00:00,-8.10,80,-12.40,,0.00,6.60,81
2025-02-11 00:00:00,-8.30,83,-12.40,,0.00,5.10,86
2025-02-11 01:00:00,-8.40,83,-12.50,,0.00,5.80,90
2025-02-11 02:00:00,-8.60,81,-13.00,,0.00,7.20,93
2025-02-11 03:00:00,-8.80,81,-13.40,,0.00,8.30,90
2025-02-11 04:00:00,-8.80,82,-13.30,,0.00,7.60,87
2025-02-11 05:00:00,-8.90,82,-13.40,,0.00,7.60,85
2025-02-11 06:00:00,-9.10,83,-13.50,,0.00,6.60,81
2025-02-11 07:00:00,-9.00,83,-13.40,,0.00,6.70,74
2025-02-11 08:00:00,-9.00,82,-13.40,,0.00,7.00,69
2025-02-11 09:00:00,-9.00,81,-13.40,,0.00,6.50,56
2025-02-11 10:00:00,-8.70,81,-13.40,,0.00,9.10,72
2025-02-11 11:00:00,-8.80,82,-13.40,,0.00,8.70,73
2025-02-11 12:00:00,-8.30,81,-12.70,,0.00,7.10,60
2025-02-11 13:00:00,-8.00,80,-12.30,,0.00,6.50,56
2025-02-11 14:00:00,-7.40,79,-11.70,,0.00,6.60,45
2025-02-11 15:00:00,-6.40,75,-10.60,,0.00,6.20,36
2025-02-11 16:00:00,-6.20,74,-10.50,,0.00,7.20,37
2025-02-11 17:00:00,-6.50,76,-10.80,,0.00,7.20,37
2025-02-11 18:00:00,-7.30,78,-11.60,,0.00,6.60,41
2025-02-11 19:00:00,-7.70,82,-11.80,,0.00,5.60,45
2025-02-11 20:00:00,-8.10,83,-12.00,,0.00,4.50,29
2025-02-11 21:00:00,-8.70,83,-12.50,,0.00,3.00,14
2025-02-11 22:00:00,-9.00,86,-12.80,,0.00,3.20,27
2025-02-11 23:00:00,-9.40,87,-13.20,,0.00,3.20,27
2025-02-12 00:00:00,-9.60,89,-13.40,,0.00,3.40,18
2025-02-12 01:00:00,-9.70,89,-13.60,,0.00,3.20,27
2025-02-12 02:00:00,-10.00,90,-13.80,,0.00,2.90,30
2025-02-12 03:00:00,-9.80,89,-13.50,,0.00,2.40,27
2025-02-12 04:00:00,-10.00,90,-13.70,,0.00,2.50,45
2025-02-12 05:00:00,-10.10,91,-13.80,,0.00,2.30,39
2025-02-12 06:00:00,-10.00,90,-13.70,,0.00,2.20,9
2025-02-12 07:00:00,-10.00,91,-13.60,,0.00,1.80,11
2025-02-12 08:00:00,-9.80,90,-13.40,,0.00,1.60,27
2025-02-12 09:00:00,-9.30,89,-12.90,,0.00,1.80,360
2025-02-12 10:00:00,-8.60,86,-12.20,,0.00,1.80,11
2025-02-12 11:00:00,-7.40,82,-11.00,,0.00,2.30,39
2025-02-12 12:00:00,-6.30,79,-9.70,,0.00,1.80,53
2025-02-12 13:00:00,-5.40,75,-8.80,,0.00,1.50,45
2025-02-12 14:00:00,-4.90,73,-8.10,,0.00,0.00,270
2025-02-12 15:00:00,-4.30,73,-7.60,,0.00,0.80,297
2025-02-12 16:00:00,-4.30,74,-7.70,,0.00,2.20,279
2025-02-12 17:00:00,-4.50,75,-8.00,,0.00,2.90,277
2025-02-12 18:00:00,-5.20,79,-8.70,,0.00,2.50,270
2025-02-12 19:00:00,-5.90,82,-9.30,,0.00,1.80,233
2025-02-12 20:00:00,-6.50,84,-10.00,,0.00,1.80,217
2025-02-12 21:00:00,-7.60,87,-11.10,,0.00,2.30,219
2025-02-12 22:00:00,-7.70,87,-11.20,,0.00,1.80,233
2025-02-12 23:00:00,-8.00,88,-11.60,,0.00,2.30,252
2025-02-13 00:00:00,-8.60,90,-12.10,,0.00,1.80,281
2025-02-13 01:00:00,-8.70,91,-12.20,,0.00,1.50,256
2025-02-13 02:00:00,-9.10,93,-12.70,,0.00,1.80,217
2025-02-13 03:00:00,-9.60,94,-13.10,,0.00,1.60,207
2025-02-13 04:00:00,-9.90,95,-13.60,,0.00,2.60,214
2025-02-13 05:00:00,-10.30,97,-14.00,,0.00,3.10,225
2025-02-13 06:00:00,-10.80,98,-14.60,,0.00,3.10,249
2025-02-13 07:00:00,-11.20,100,-15.00,,0.00,3.00,256
2025-02-13 08:00:00,-11.70,100,-15.40,,0.00,2.20,270
2025-02-13 09:00:00,-11.80,100,-15.50,,0.00,2.20,279
2025-02-13 10:00:00,-11.00,99,-14.60,,0.00,1.30,236
2025-02-13 11:00:00,-9.20,91,-12.90,,0.00,2.80,230
2025-02-13 12:00:00,-7.40,89,-11.20,,0.00,4.20,200
2025-02-13 13:00:00,-5.70,80,-9.60,,0.00,5.50,212
2025-02-13 14:00:00,-4.70,77,-8.70,,0.00,6.00,205
2025-02-13 15:00:00,-3.30,77,-7.20,,0.00,5.80,210
2025-02-13 16:00:00,-3.10,74,-7.00,,0.00,6.10,208
2025-02-13 17:00:00,-3.50,77,-7.40,,0.00,5.70,198
2025-02-13 18:00:00,-4.50,81,-8.10,,0.00,4.30,185
2025-02-13 19:00:00,-5.20,84,-8.80,,0.00,3.60,174
2025-02-13 20:00:00,-5.50,85,-9.10,,0.00,3.70,169
2025-02-13 21:00:00,-6.10,86,-9.80,,0.00,3.70,169
2025-02-13 22:00:00,-6.20,86,-10.00,,0.00,4.30,180
2025-02-13 23:00:00,-6.50,87,-10.30,,0.00,4.70,184
2025-02-14 00:00:00,-7.20,88,-11.00,,0.00,4.70,184
2025-02-14 01:00:00,-7.50,89,-11.30,,0.00,4.70,189
2025-02-14 02:00:00,-7.80,90,-11.70,,0.00,4.70,184
2025-02-14 03:00:00,-8.40,93,-12.20,,0.00,4.10,165
2025-02-14 04:00:00,-8.60,92,-12.50,,0.00,4.10,165
2025-02-14 05:00:00,-8.90,92,-12.80,,0.00,4.20,160
2025-02-14 06:00:00,-9.00,92,-12.90,,0.00,4.20,160
2025-02-14 07:00:00,-8.90,91,-12.80,,0.00,4.60,162
2025-02-14 08:00:00,-8.60,89,-12.70,,0.00,5.20,164
2025-02-14 09:00:00,-7.90,89,-11.90,,0.00,5.60,165
2025-02-14 10:00:00,-6.60,84,-10.90,,0.00,7.70,169
2025-02-14 11:00:00,-5.00,80,-9.40,,0.00,9.40,176
2025-02-14 12:00:00,-3.50,78,-7.60,,0.00,7.20,174
2025-02-14 13:00:00,-2.30,77,-6.30,,0.00,7.20,183
2025-02-14 14:00:00,-1.70,77,-5.60,,0.00,7.10,195
2025-02-14 15:00:00,-1.30,80,-4.90,,0.00,6.30,193
2025-02-14 16:00:00,-2.00,91,-5.30,,0.20,4.30,185
2025-02-14 17:00:00,-2.20,95,-5.40,,0.60,4.00,180
2025-02-14 18:00:00,-2.30,97,-5.10,,0.70,2.30,198
2025-02-14 19:00:00,-2.60,97,-5.50,,0.70,2.30,219
2025-02-14 20:00:00,-2.70,97,-5.70,,0.50,3.30,257
2025-02-14 21:00:00,-2.60,97,-5.80,,0.60,4.60,288
2025-02-14 22:00:00,-2.80,96,-6.40,,0.40,6.40,313
2025-02-14 23:00:00,-3.20,95,-6.90,,0.30,7.00,325
2025-02-15 00:00:00,-3.50,94,-7.60,,0.10,9.20,329
2025-02-15 01:00:00,-4.00,93,-8.30,,0.20,9.80,336
2025-02-15 02:00:00,-4.60,91,-9.10,,0.10,10.80,334
2025-02-15 03:00:00,-5.10,89,-9.80,,0.10,11.80,333
2025-02-15 04:00:00,-6.10,86,-11.10,,0.00,13.40,336
2025-02-15 05:00:00,-6.80,86,-11.80,,0.00,12.60,336
2025-02-15 06:00:00,-7.00,86,-11.90,,0.00,11.90,331
2025-02-15 07:00:00,-7.60,85,-12.60,,0.00,12.40,330
2025-02-15 08:00:00,-8.30,84,-13.20,,0.00,10.80,323
2025-02-15 09:00:00,-8.20,83,-13.50,,0.00,13.20,325
2025-02-15 10:00:00,-7.90,81,-13.00,,0.00,12.40,330
2025-02-15 11:00:00,-7.00,79,-12.00,,0.00,11.40,332
2025-02-15 12:00:00,-6.60,81,-11.60,,0.10,11.80,329
2025-02-15 13:00:00,-5.90,71,-11.10,,0.00,12.70,335
2025-02-15 14:00:00,-5.80,72,-10.90,,0.00,12.70,335
2025-02-15 15:00:00,-6.00,70,-11.00,,0.00,12.10,323
2025-02-15 16:00:00,-6.20,69,-11.20,,0.00,11.50,321
2025-02-15 17:00:00,-6.60,72,-11.40,,0.00,9.90,316
2025-02-15 18:00:00,-7.00,73,-11.40,,0.00,7.60,315
2025-02-15 19:00:00,-7.40,80,-11.60,,0.00,6.20,306
2025-02-15 20:00:00,-7.70,83,-12.10,,0.10,7.70,298
2025-02-15 21:00:00,-8.90,77,-13.20,,0.00,5.50,293
2025-02-15 22:00:00,-9.80,77,-13.80,,0.00,3.70,299
2025-02-15 23:00:00,-10.20,78,-14.20,,0.00,3.40,288
2025-02-16 00:00:00,-9.70,78,-13.80,,0.00,3.90,292
2025-02-16 01:00:00,-10.60,81,-14.60,,0.00,4.00,275
2025-02-16 02:00:00,-11.10,84,-15.10,,0.00,3.70,281
2025-02-16 03:00:00,-10.90,87,-14.90,,0.00,3.50,294
2025-02-16 04:00:00,-11.00,88,-14.90,,0.00,3.50,294
2025-02-16 05:00:00,-11.00,89,-15.20,,0.00,5.50,293
2025-02-16 06:00:00,-11.00,91,-15.40,,0.00,6.80,295
2025-02-16 07:00:00,-10.90,90,-15.40,,0.00,6.90,298
2025-02-16 08:00:00,-11.00,90,-15.40,,0.00,6.80,295
2025-02-16 09:00:00,-11.20,88,-15.50,,0.00,5.40,290
2025-02-16 10:00:00,-10.10,85,-15.00,,0.00,9.80,306
2025-02-16 11:00:00,-8.70,74,-13.60,,0.00,10.40,316
2025-02-16 12:00:00,-7.90,68,-13.10,,0.00,11.50,316
2025-02-16 13:00:00,-7.20,57,-12.50,,0.00,12.00,311
2025-02-16 14:00:00,-7.20,58,-12.50,,0.00,12.50,303
2025-02-16 15:00:00,-6.80,57,-12.00,,0.00,11.40,294
2025-02-16 16:00:00,-6.90,57,-12.20,,0.00,11.70,288
2025-02-16 17:00:00,-7.30,60,-12.20,,0.00,9.90,280
2025-02-16 18:00:00,-7.90,65,-12.70,,0.00,8.60,285
2025-02-16 19:00:00,-9.50,70,-13.90,,0.00,5.80,270
2025-02-16 20:00:00,-10.00,73,-14.20,,0.00,5.10,266
2025-02-16 21:00:00,-10.50,77,-14.70,,0.00,4.70,261
2025-02-16 22:00:00,-10.70,77,-14.90,,0.00,4.70,247
2025-02-16 23:00:00,-11.40,79,-15.70,,0.00,4.70,247
2025-02-17 00:00:00,-12.30,82,-16.50,,0.00,4.50,256
2025-02-17 01:00:00,-11.90,83,-16.10,,0.00,4.30,265
2025-02-17 02:00:00,-12.40,86,-16.50,,0.00,4.00,270
2025-02-17 03:00:00,-13.20,89,-17.20,,0.00,3.30,276
2025-02-17 04:00:00,-13.80,92,-17.80,,0.00,2.90,277
2025-02-17 05:00:00,-14.40,95,-18.30,,0.00,2.20,279
2025-02-17 06:00:00,-15.20,96,-19.20,,0.00,2.50,270
2025-02-17 07:00:00,-15.40,97,-19.40,,0.00,2.50,270
2025-02-17 08:00:00,-15.60,97,-19.70,,0.00,2.60,286
2025-02-17 09:00:00,-15.10,96,-19.10,,0.00,2.30,288
2025-02-17 10:00:00,-12.50,89,-16.60,,0.00,4.20,290
2025-02-17 11:00:00,-10.40,82,-14.50,,0.00,4.30,275
2025-02-17 12:00:00,-8.30,75,-12.50,,0.00,5.40,250
2025-02-17 13:00:00,-7.40,70,-12.10,,0.00,9.10,263
2025-02-17 14:00:00,-7.20,61,-12.20,,0.00,10.40,268
2025-02-17 15:00:00,-6.60,49,-11.80,,0.00,10.90,276
2025-02-17 16:00:00,-6.60,54,-11.50,,0.00,9.30,257
2025-02-17 17:00:00,-6.90,57,-11.90,,0.00,9.80,253
2025-02-17 18:00:00,-7.20,60,-12.00,,0.00,8.70,228
2025-02-17 19:00:00,-8.10,64,-12.70,,0.00,7.70,217
2025-02-17 20:00:00,-8.10,61,-13.10,,0.00,9.80,216
2025-02-17 21:00:00,-7.90,62,-13.00,,0.00,10.80,217
2025-02-17 22:00:00,-8.10,64,-13.40,,0.00,11.80,218
2025-02-17 23:00:00,-8.50,68,-13.70,,0.00,11.50,224
2025-02-18 00:00:00,-8.50,73,-13.50,,0.00,10.90,226
2025-02-18 01:00:00,-8.90,75,-13.90,,0.00,10.70,228
2025-02-18 02:00:00,-9.20,77,-14.20,,0.00,10.70,225
2025-02-18 03:00:00,-9.00,77,-13.90,,0.00,10.20,228
2025-02-18 04:00:00,-9.30,80,-14.10,,0.00,10.00,229
2025-02-18 05:00:00,-9.60,81,-14.40,,0.00,9.20,228
2025-02-18 06:00:00,-9.60,84,-14.10,,0.00,7.90,231
2025-02-18 07:00:00,-9.70,84,-14.40,,0.00,8.40,230
2025-02-18 08:00:00,-9.90,85,-14.50,,0.00,8.20,229
2025-02-18 09:00:00,-9.80,85,-14.40,,0.00,8.20,229
2025-02-18 10:00:00,-8.50,83,-13.30,,0.00,10.00,232
2025-02-18 11:00:00,-7.10,80,-12.00,,0.00,11.10,234
2025-02-18 12:00:00,-5.40,74,-10.20,,0.00,10.70,230
2025-02-18 13:00:00,-4.30,71,-9.20,,0.00,12.00,231
2025-02-18 14:00:00,-3.50,68,-8.50,,0.00,12.80,230
2025-02-18 15:00:00,-3.00,67,-7.80,,0.00,12.00,226
2025-02-18 16:00:00,-2.90,66,-7.80,,0.00,12.40,234
2025-02-18 17:00:00,-3.30,67,-8.10,,0.00,11.30,233
2025-02-18 18:00:00,-4.00,71,-8.30,,0.00,8.40,230
2025-02-18 19:00:00,-5.10,73,-9.40,,0.00,7.10,221
2025-02-18 20:00:00,-5.70,73,-10.10,,0.00,7.90,219
2025-02-18 21:00:00,-5.90,72,-10.40,,0.00,7.90,223
2025-02-18 22:00:00,-6.60,72,-11.10,,0.00,7.90,219
2025-02-18 23:00:00,-6.80,72,-11.40,,0.00,8.40,220
2025-02-19 00:00:00,-6.70,73,-11.20,,0.00,8.40,220
2025-02-19 01:00:00,-7.10,73,-11.70,,0.00,9.10,214
2025-02-19 02:00:00,-7.40,73,-12.10,,0.00,9.30,216
2025-02-19 03:00:00,-7.20,74,-11.90,,0.00,9.10,214
2025-02-19 04:00:00,-7.50,75,-12.20,,0.00,9.40,220
2025-02-19 05:00:00,-7.70,75,-12.30,,0.00,8.70,232
2025-02-19 06:00:00,-7.60,78,-12.10,,0.20,8.20,232
2025-02-19 07:00:00,-7.80,83,-12.30,,0.10,8.80,235
2025-02-19 08:00:00,-8.10,84,-12.50,,0.00,7.70,233
2025-02-19 09:00:00,-7.80,84,-12.10,,0.00,6.90,231
2025-02-19 10:00:00,-6.90,82,-11.20,,0.00,7.80,236
2025-02-19 11:00:00,-5.30,79,-9.80,,0.00,9.10,236
2025-02-19 12:00:00,-4.20,74,-8.70,,0.00,9.50,233
2025-02-19 13:00:00,-3.20,72,-7.90,,0.00,11.20,230
2025-02-19 14:00:00,-2.50,70,-7.30,,0.00,12.20,225
2025-02-19 15:00:00,-2.00,62,-7.40,,0.00,15.50,266
2025-02-19 16:00:00,-2.50,69,-7.70,,0.20,14.80,271
2025-02-19 17:00:00,-2.60,70,-7.40,,0.00,12.20,272
2025-02-19 18:00:00,-3.10,84,-7.20,,0.10,8.70,275
2025-02-19 19:00:00,-3.60,90,-7.40,,0.50,6.50,270
2025-02-19 20:00:00,-3.80,90,-7.50,,0.30,6.10,298
2025-02-19 21:00:00,-4.00,83,-8.30,,0.10,9.10,342
2025-02-19 22:00:00,-4.90,83,-9.30,,0.00,9.80,6
2025-02-19 23:00:00,-5.60,76,-9.60,,0.00,5.80,7
2025-02-20 00:00:00,-5.60,78,-9.50,,0.00,4.70,351
2025-02-20 01:00:00,-6.10,78,-10.20,,0.00,5.90,349
2025-02-20 02:00:00,-6.70,80,-10.60,,0.00,5.00,339
2025-02-20 03:00:00,-8.10,80,-12.10,,0.00,4.70,337
2025-02-20 04:00:00,-8.40,81,-12.60,,0.00,5.80,338
2025-02-20 05:00:00,-8.70,81,-12.90,,0.00,6.00,343
2025-02-20 06:00:00,-8.80,84,-13.00,,0.00,6.00,343
2025-02-20 07:00:00,-9.20,85,-13.40,,0.00,6.00,343
2025-02-20 08:00:00,-9.50,85,-13.90,,0.00,6.50,341
2025-02-20 09:00:00,-9.30,87,-13.60,,0.00,6.80,342
2025-02-20 10:00:00,-8.00,85,-12.40,,0.00,8.10,347
2025-02-20 11:00:00,-6.50,80,-11.00,,0.00,8.80,348
2025-02-20 12:00:00,-5.60,67,-11.00,,0.00,14.40,4
2025-02-20 13:00:00,-4.90,57,-10.60,,0.00,16.10,10
2025-02-20 14:00:00,-4.40,52,-10.20,,0.00,15.50,13
2025-02-20 15:00:00,-5.00,59,-10.40,,0.00,13.70,5
2025-02-20 16:00:00,-5.20,61,-10.50,,0.00,13.00,6
2025-02-20 17:00:00,-5.60,64,-10.80,,0.00,12.40,8
2025-02-20 18:00:00,-6.10,66,-10.80,,0.00,9.40,7
2025-02-20 19:00:00,-7.10,70,-11.40,,0.00,5.80,360
2025-02-20 20:00:00,-8.10,71,-12.40,,0.00,5.80,360
2025-02-20 21:00:00,-7.90,72,-12.10,,0.00,5.10,4
2025-02-20 22:00:00,-8.40,72,-12.50,,0.00,4.30,5
2025-02-20 23:00:00,-8.70,73,-13.00,,0.00,5.40,8
2025-02-21 00:00:00,-8.50,72,-12.60,,0.00,4.00,5
2025-02-21 01:00:00,-8.80,72,-12.80,,0.00,3.80,17
2025-02-21 02:00:00,-8.90,72,-12.90,,0.00,3.70,11
2025-02-21 03:00:00,-8.70,71,-12.70,,0.00,3.30,13
2025-02-21 04:00:00,-9.00,72,-13.00,,0.00,3.70,11
2025-02-21 05:00:00,-9.30,73,-13.30,,0.00,3.80,17
2025-02-21 06:00:00,-9.50,77,-13.50,,0.00,3.90,22
2025-02-21 07:00:00,-9.90,77,-13.90,,0.00,3.90,22
2025-02-21 08:00:00,-10.30,78,-14.30,,0.00,3.90,22
2025-02-21 09:00:00,-9.80,76,-13.90,,0.00,3.90,22
2025-02-21 10:00:00,-8.30,72,-12.60,,0.00,6.00,33
2025-02-21 11:00:00,-6.80,68,-11.20,,0.00,7.40,39
2025-02-21 12:00:00,-5.90,59,-10.40,,0.00,7.00,55
2025-02-21 13:00:00,-5.70,59,-10.00,,0.00,6.40,47
2025-02-21 14:00:00,-5.40,59,-9.70,,0.00,5.70,35
2025-02-21 15:00:00,-4.90,57,-9.00,,0.00,5.20,25
2025-02-21 16:00:00,-5.00,58,-9.20,,0.00,5.30,28
2025-02-21 17:00:00,-5.30,58,-9.50,,0.00,5.20,25
2025-02-21 18:00:00,-6.50,61,-10.50,,0.00,3.80,41
2025-02-21 19:00:00,-7.50,65,-11.40,,0.00,3.40,58
2025-02-21 20:00:00,-8.20,67,-12.20,,0.00,3.00,76
2025-02-21 21:00:00,-9.70,74,-13.40,,0.00,1.80,90
2025-02-21 22:00:00,-10.00,75,-13.70,,0.00,1.50,76
2025-02-21 23:00:00,-10.40,77,-14.10,,0.00,1.10,72
2025-02-22 00:00:00,-11.70,83,-15.30,,0.00,0.80,63
2025-02-22 01:00:00,-12.00,84,-15.70,,0.00,1.30,124
2025-02-22 02:00:00,-12.20,84,-16.00,,0.00,1.30,146
2025-02-22 03:00:00,-12.20,86,-15.90,,0.00,1.10,162
2025-02-22 04:00:00,-12.50,87,-16.30,,0.00,1.50,284
2025-02-22 05:00:00,-12.70,88,-16.50,,0.00,1.80,307
2025-02-22 06:00:00,-13.10,88,-16.90,,0.00,1.80,307
2025-02-22 07:00:00,-13.10,89,-16.80,,0.00,1.10,342
2025-02-22 08:00:00,-13.30,90,-17.10,,0.00,1.00,45
2025-02-22 09:00:00,-13.10,91,-16.70,,0.00,0.40,360
2025-02-22 10:00:00,-11.20,85,-14.80,,0.00,0.80,297
2025-02-22 11:00:00,-8.80,76,-12.60,,0.00,2.30,288
2025-02-22 12:00:00,-6.40,63,-10.20,,0.00,3.00,284
2025-02-22 13:00:00,-5.50,60,-9.40,,0.00,3.20,270
2025-02-22 14:00:00,-4.70,56,-8.70,,0.00,4.00,265
2025-02-22 15:00:00,-4.00,54,-8.00,,0.00,3.80,253
2025-02-22 16:00:00,-3.90,54,-7.90,,0.00,3.90,248
2025-02-22 17:00:00,-4.20,55,-8.10,,0.00,3.70,241
2025-02-22 18:00:00,-5.60,60,-9.50,,0.00,3.60,233
2025-02-22 19:00:00,-7.10,64,-11.10,,0.00,3.60,233
2025-02-22 20:00:00,-8.00,65,-12.00,,0.00,3.70,241
2025-02-22 21:00:00,-9.00,68,-13.00,,0.00,3.30,257
2025-02-22 22:00:00,-9.30,68,-13.40,,0.00,3.30,283
2025-02-22 23:00:00,-9.60,69,-13.60,,0.00,3.20,297
2025-02-23 00:00:00,-10.10,72,-14.20,,0.00,3.70,299
2025-02-23 01:00:00,-10.40,72,-14.50,,0.00,4.00,297
2025-02-23 02:00:00,-10.60,73,-14.80,,0.00,4.00,297
2025-02-23 03:00:00,-10.90,76,-15.20,,0.00,4.80,297
2025-02-23 04:00:00,-10.80,75,-15.10,,0.00,5.40,312
2025-02-23 05:00:00,-10.80,75,-15.10,,0.00,5.10,321
2025-02-23 06:00:00,-11.50,77,-15.80,,0.00,4.80,333
2025-02-23 07:00:00,-11.60,77,-15.90,,0.00,4.50,331
2025-02-23 08:00:00,-11.90,77,-16.10,,0.00,4.00,333
2025-02-23 09:00:00,-11.30,76,-15.50,,0.00,4.40,325
2025-02-23 10:00:00,-9.60,73,-14.00,,0.00,6.40,322
2025-02-23 11:00:00,-7.50,69,-12.10,,0.00,7.60,329
2025-02-23 12:00:00,-4.60,60,-9.00,,0.00,7.10,330
2025-02-23 13:00:00,-3.60,56,-8.00,,0.00,6.90,332
2025-02-23 14:00:00,-2.50,52,-6.90,,0.00,7.10,330
2025-02-23 15:00:00,-1.20,47,-5.70,,0.00,7.90,330
2025-02-23 16:00:00,-1.00,46,-5.70,,0.00,8.70,330
2025-02-23 17:00:00,-1.30,50,-5.80,,0.00,7.90,336
2025-02-23 18:00:00,-2.10,51,-6.20,,0.00,5.40,340
2025-02-23 19:00:00,-3.50,56,-7.30,,0.00,3.30,354
2025-02-23 20:00:00,-4.50,58,-8.30,,0.00,3.20,360
2025-02-23 21:00:00,-6.10,67,-10.00,,0.00,3.20,360
2025-02-23 22:00:00,-6.60,67,-10.50,,0.00,3.20,360
2025-02-23 23:00:00,-7.20,69,-11.00,,0.00,2.90,360
2025-02-24 00:00:00,-8.70,76,-12.60,,0.00,3.30,6
2025-02-24 01:00:00,-9.00,77,-12.80,,0.00,2.90,7
2025-02-24 02:00:00,-9.40,79,-13.20,,0.00,2.50,8
2025-02-24 03:00:00,-10.40,81,-14.40,,0.00,3.30,354
2025-02-24 04:00:00,-10.80,82,-14.70,,0.00,3.00,346
2025-02-24 05:00:00,-11.10,82,-15.10,,0.00,3.30,354
2025-02-24 06:00:00,-11.70,82,-15.70,,0.00,3.20,360
2025-02-24 07:00:00,-11.90,82,-15.90,,0.00,3.20,360
2025-02-24 08:00:00,-12.10,83,-16.10,,0.00,2.90,360
2025-02-24 09:00:00,-11.00,81,-14.90,,0.00,2.60,344
2025-02-24 10:00:00,-8.90,77,-12.80,,0.00,3.00,346
2025-02-24 11:00:00,-6.30,69,-10.50,,0.00,5.80,353
2025-02-24 12:00:00,-3.30,55,-7.60,,0.00,6.80,3
2025-02-24 13:00:00,-2.00,48,-6.50,,0.00,7.60,3
2025-02-24 14:00:00,-1.00,43,-5.60,,0.00,7.90,3
2025-02-24 15:00:00,-0.50,40,-5.30,,0.00,9.40,358
2025-02-24 16:00:00,-0.40,41,-5.10,,0.00,8.60,358
2025-02-24 17:00:00,-1.00,45,-5.50,,0.00,7.60,355
2025-02-24 18:00:00,-1.70,46,-5.90,,0.00,5.60,345
2025-02-24 19:00:00,-3.40,51,-7.60,,0.00,5.10,352
2025-02-24 20:00:00,-4.20,50,-8.30,,0.00,4.30,355
2025-02-24 21:00:00,-5.60,54,-9.70,,0.00,4.30,355
2025-02-24 22:00:00,-6.50,54,-10.70,,0.00,4.30,355
2025-02-24 23:00:00,-7.20,55,-11.40,,0.00,4.30,5
2025-02-25 00:00:00,-7.50,58,-11.70,,0.00,4.30,5
2025-02-25 01:00:00,-8.10,59,-12.30,,0.00,4.40,9
2025-02-25 02:00:00,-8.60,59,-12.80,,0.00,4.10,15
2025-02-25 03:00:00,-9.30,63,-13.40,,0.00,3.60,6
2025-02-25 04:00:00,-9.50,61,-13.70,,0.00,3.70,11
2025-02-25 05:00:00,-9.80,61,-13.90,,0.00,3.50,24
2025-02-25 06:00:00,-10.30,63,-14.50,,0.00,3.40,18
2025-02-25 07:00:00,-10.50,63,-14.70,,0.00,3.20,27
2025-02-25 08:00:00,-10.80,63,-14.80,,0.00,2.70,23
2025-02-25 09:00:00,-10.00,63,-14.00,,0.00,2.40,27
2025-02-25 10:00:00,-8.20,64,-12.00,,0.00,2.00,45
2025-02-25 11:00:00,-6.10,58,-9.90,,0.00,2.60,74
2025-02-25 12:00:00,-3.20,51,-6.80,,0.00,1.30,124
2025-02-25 13:00:00,-2.10,46,-5.60,,0.00,0.40,270
2025-02-25 14:00:00,-1.10,42,-4.70,,0.00,1.60,297
2025-02-25 15:00:00,0.30,35,-3.70,,0.00,3.30,319
2025-02-25 16:00:00,0.60,34,-3.50,,0.00,3.60,323
2025-02-25 17:00:00,0.30,36,-3.80,,0.00,4.00,333
2025-02-25 18:00:00,-0.70,39,-4.50,,0.00,2.10,329
2025-02-25 19:00:00,-1.50,42,-5.30,,0.00,1.80,349
2025-02-25 20:00:00,-2.30,42,-5.90,,0.00,1.10,360
2025-02-25 21:00:00,-3.80,48,-7.50,,0.00,1.50,346
2025-02-25 22:00:00,-4.50,47,-8.10,,0.00,0.80,63
2025-02-25 23:00:00,-5.20,49,-8.80,,0.00,0.40,270
2025-02-26 00:00:00,-6.40,57,-10.10,,0.00,0.80,243
2025-02-26 01:00:00,-7.00,58,-10.70,,0.00,0.70,180
2025-02-26 02:00:00,-7.50,60,-11.30,,0.00,1.80,180
2025-02-26 03:00:00,-8.20,64,-12.00,,0.00,1.80,180
2025-02-26 04:00:00,-8.50,67,-12.40,,0.00,2.20,180
2025-02-26 05:00:00,-8.80,71,-12.60,,0.00,2.10,149
2025-02-26 06:00:00,-9.40,75,-13.20,,0.00,2.30,129
2025-02-26 07:00:00,-9.80,76,-13.70,,0.00,2.50,135
2025-02-26 08:00:00,-10.30,79,-14.20,,0.00,2.90,150
2025-02-26 09:00:00,-9.60,80,-13.40,,0.00,2.60,164
2025-02-26 10:00:00,-7.60,76,-11.40,,0.00,3.30,167
2025-02-26 11:00:00,-4.90,70,-9.00,,0.00,5.90,166
2025-02-26 12:00:00,-2.10,53,-6.40,,0.00,6.60,151
2025-02-26 13:00:00,-0.90,50,-5.20,,0.00,6.80,155
2025-02-26 14:00:00,-0.30,47,-4.60,,0.00,7.20,153
2025-02-26 15:00:00,0.90,43,-3.50,,0.00,7.60,161
2025-02-26 16:00:00,0.80,43,-3.70,,0.00,8.40,155
2025-02-26 17:00:00,0.20,48,-4.20,,0.00,8.10,148
2025-02-26 18:00:00,-0.50,51,-4.70,,0.00,6.60,135
2025-02-26 19:00:00,-1.40,55,-5.60,,0.00,7.10,139
2025-02-26 20:00:00,-2.60,60,-6.90,,0.00,7.30,147
2025-02-26 21:00:00,-3.30,62,-7.70,,0.00,8.00,153
2025-02-26 22:00:00,-4.00,64,-8.50,,0.00,8.20,157
2025-02-26 23:00:00,-4.70,66,-9.10,,0.00,7.90,156
2025-02-27 00:00:00,-5.00,67,-9.30,,0.00,7.10,156
2025-02-27 01:00:00,-5.60,71,-9.80,,0.00,6.60,158
2025-02-27 02:00:00,-6.10,73,-10.30,,0.00,6.40,153
2025-02-27 03:00:00,-6.50,74,-10.70,,0.00,6.30,149
2025-02-27 04:00:00,-6.90,76,-11.10,,0.00,6.40,153
2025-02-27 05:00:00,-7.20,78,-11.40,,0.00,6.30,156
2025-02-27 06:00:00,-7.40,79,-11.50,,0.00,5.20,155
2025-02-27 07:00:00,-7.80,80,-11.80,,0.00,5.00,150
2025-02-27 08:00:00,-7.90,80,-12.10,,0.00,5.80,150
2025-02-27 09:00:00,-7.10,79,-11.40,,0.00,6.90,152
2025-02-27 10:00:00,-5.70,75,-10.20,,0.00,8.80,161
2025-02-27 11:00:00,-3.80,70,-8.30,,0.00,9.20,169
2025-02-27 12:00:00,-1.80,65,-6.10,,0.00,8.40,170
2025-02-27 13:00:00,-0.40,61,-4.60,,0.00,8.30,180
2025-02-27 14:00:00,0.50,60,-3.60,,0.00,7.90,180
2025-02-27 15:00:00,2.30,58,-1.80,,0.00,8.60,180
2025-02-27 16:00:00,2.40,59,-1.60,,0.00,8.30,178
2025-02-27 17:00:00,2.20,62,-1.60,,0.00,7.20,174
2025-02-27 18:00:00,1.00,67,-2.50,,0.00,5.20,168
2025-02-27 19:00:00,0.30,70,-3.20,,0.00,5.20,164
2025-02-27 20:00:00,-0.30,71,-3.80,,0.00,4.90,163
2025-02-27 21:00:00,-1.00,71,-4.40,,0.00,3.50,156
2025-02-27 22:00:00,-1.50,73,-4.90,,0.00,3.80,163
2025-02-27 23:00:00,-2.20,74,-5.70,,0.00,4.00,175
2025-02-28 00:00:00,-3.10,76,-6.60,,0.00,4.00,175
2025-02-28 01:00:00,-3.40,76,-7.00,,0.00,4.00,175
2025-02-28 02:00:00,-3.90,76,-7.50,,0.00,4.00,175
2025-02-28 03:00:00,-4.50,78,-8.10,,0.00,4.00,170
2025-02-28 04:00:00,-4.80,77,-8.50,,0.00,3.80,163
2025-02-28 05:00:00,-5.20,77,-8.90,,0.00,3.90,158
2025-02-28 06:00:00,-5.50,77,-9.20,,0.00,3.50,156
2025-02-28 07:00:00,-5.90,77,-9.60,,0.00,3.70,151
2025-02-28 08:00:00,-6.00,76,-9.90,,0.00,4.20,149
2025-02-28 09:00:00,-4.90,73,-8.70,,0.00,4.50,151
2025-02-28 10:00:00,-3.30,68,-7.40,,0.00,6.60,158
2025-02-28 11:00:00,-1.60,63,-5.80,,0.00,8.20,165
2025-02-28 12:00:00,0.20,57,-3.90,,0.00,7.40,157
2025-02-28 13:00:00,1.40,52,-2.80,,0.00,8.30,162
2025-02-28 14:00:00,2.20,48,-2.10,,0.00,8.70,163
2025-02-28 15:00:00,2.80,46,-1.60,,0.00,9.30,167
2025-02-28 16:00:00,2.60,46,-1.80,,0.00,9.10,162
2025-02-28 17:00:00,2.10,47,-2.10,,0.00,8.00,162
2025-02-28 18:00:00,1.20,50,-2.70,,0.00,5.50,157
2025-02-28 19:00:00,0.50,52,-3.40,,0.00,5.30,152
2025-02-28 20:00:00,-0.30,55,-4.30,,0.00,5.60,153
2025-02-28 21:00:00,-0.60,59,-4.30,,0.00,4.50,151
2025-02-28 22:00:00,-1.00,60,-4.90,,0.00,5.60,153
2025-02-28 23:00:00,-1.40,61,-5.30,,0.00,6.00,155
2025-03-01 00:00:00,-1.60,64,-5.50,,0.00,6.20,159
2025-03-01 01:00:00,-2.10,66,-6.10,,0.00,6.40,164
2025-03-01 02:00:00,-2.50,68,-6.50,,0.00,6.50,161
2025-03-01 03:00:00,-3.00,73,-7.10,,0.00,7.20,153
2025-03-01 04:00:00,-3.30,74,-7.40,,0.00,7.60,155
2025-03-01 05:00:00,-3.50,75,-7.70,,0.00,8.10,159
2025-03-01 06:00:00,-3.50,78,-7.70,,0.00,8.40,160
2025-03-01 07:00:00,-3.80,79,-8.10,,0.00,8.40,160
2025-03-01 08:00:00,-3.80,79,-8.20,,0.00,9.60,160
2025-03-01 09:00:00,-3.40,80,-7.80,,0.00,9.90,161
2025-03-01 10:00:00,-2.80,78,-7.20,,0.00,9.70,165
2025-03-01 11:00:00,-1.80,75,-6.30,,0.00,11.60,173
2025-03-01 12:00:00,-0.90,73,-5.10,,0.00,9.40,173
2025-03-01 13:00:00,-0.30,71,-4.60,,0.00,10.40,182
2025-03-01 14:00:00,0.20,70,-4.10,,0.00,10.50,184
2025-03-01 15:00:00,-0.10,76,-4.20,,0.00,10.10,180
2025-03-01 16:00:00,-0.20,79,-4.30,,0.00,10.10,176
2025-03-01 17:00:00,-0.50,84,-4.50,,0.10,9.70,176
2025-03-01 18:00:00,-0.70,87,-4.80,,0.10,10.80,180
2025-03-01 19:00:00,-0.90,90,-4.90,,0.10,10.60,190
2025-03-01 20:00:00,-1.10,92,-5.00,,0.10,10.10,197
2025-03-01 21:00:00,-1.00,94,-4.70,,0.10,8.40,200
2025-03-01 22:00:00,-1.20,95,-4.70,,0.10,7.60,199
2025-03-01 23:00:00,-1.10,95,-4.70,,0.20,8.00,198
2025-03-02 00:00:00,-1.10,95,-4.60,,0.00,7.60,199
2025-03-02 01:00:00,-1.20,96,-4.60,,0.00,7.40,203
2025-03-02 02:00:00,-1.20,96,-4.60,,0.00,7.00,201
2025-03-02 03:00:00,-0.90,96,-4.10,,0.00,5.90,191
2025-03-02 04:00:00,-1.00,96,-4.30,,0.00,6.40,196
2025-03-02 05:00:00,-0.90,97,-4.30,,0.00,7.00,192
2025-03-02 06:00:00,-0.90,97,-4.20,,0.00,7.00,201
2025-03-02 07:00:00,-0.90,97,-4.20,,0.00,6.60,202
2025-03-02 08:00:00,-0.90,97,-4.10,,0.00,6.10,220
2025-03-02 09:00:00,-0.70,96,-4.00,,0.00,6.70,216
2025-03-02 10:00:00,-0.30,95,-3.80,,0.00,8.70,225
2025-03-02 11:00:00,0.50,90,-3.30,,0.00,10.30,241
2025-03-02 12:00:00,0.30,94,-3.30,,0.00,9.30,234
2025-03-02 13:00:00,1.20,86,-2.50,,0.00,10.10,243
2025-03-02 14:00:00,1.50,86,-2.20,,0.00,10.50,243
2025-03-02 15:00:00,1.20,93,-2.30,,0.00,9.10,236
2025-03-02 16:00:00,1.30,91,-2.40,,0.00,11.10,245
2025-03-02 17:00:00,1.10,93,-2.20,,0.00,8.20,241
2025-03-02 18:00:00,1.10,93,-1.80,,0.00,5.80,248
2025-03-02 19:00:00,0.80,95,-2.20,,0.00,6.00,245
2025-03-02 20:00:00,0.70,96,-2.40,,0.00,6.60,225
2025-03-02 21:00:00,0.60,96,-2.60,,0.40,7.40,241
2025-03-02 22:00:00,0.50,96,-2.70,,0.00,7.10,246
2025-03-02 23:00:00,0.40,96,-2.70,,0.00,6.90,242
2025-03-03 00:00:00,0.40,96,-2.90,,0.00,8.10,249
2025-03-03 01:00:00,0.40,96,-3.20,,0.00,9.70,268
2025-03-03 02:00:00,0.20,94,-3.60,,0.00,10.40,272
2025-03-03 03:00:00,0.30,95,-3.00,,0.10,7.60,251
2025-03-03 04:00:00,0.20,93,-3.50,,0.20,9.40,266
2025-03-03 05:00:00,0.00,92,-3.50,,0.00,8.20,255
2025-03-03 06:00:00,0.10,92,-3.50,,0.00,8.90,243
2025-03-03 07:00:00,0.00,93,-3.70,,0.00,10.20,247
2025-03-03 08:00:00,-0.00,93,-3.80,,0.00,10.10,243
2025-03-03 09:00:00,0.40,92,-3.40,,0.00,10.80,249
2025-03-03 10:00:00,0.60,92,-3.30,,0.00,11.40,252
2025-03-03 11:00:00,1.10,91,-2.90,,0.00,12.50,258
2025-03-03 12:00:00,1.60,88,-2.50,,0.00,12.80,259
2025-03-03 13:00:00,2.30,85,-1.80,,0.00,13.10,261
2025-03-03 14:00:00,2.30,84,-1.70,,0.10,12.90,247
2025-03-03 15:00:00,2.50,83,-1.60,,0.00,13.00,236
2025-03-03 16:00:00,2.40,85,-1.60,,0.00,12.90,247
2025-03-03 17:00:00,2.40,86,-1.30,,0.00,10.70,237
2025-03-03 18:00:00,2.40,88,-1.00,,0.00,9.20,239
2025-03-03 19:00:00,2.10,90,-1.30,,0.00,9.80,242
2025-03-03 20:00:00,2.00,91,-1.50,,0.00,10.40,236
2025-03-03 21:00:00,2.20,91,-1.50,,0.00,11.60,244
2025-03-03 22:00:00,2.00,92,-1.60,,0.10,11.10,241
2025-03-03 23:00:00,2.00,93,-1.80,,0.10,12.90,247
2025-03-04 00:00:00,2.20,92,-1.80,,0.00,13.80,250
2025-03-04 01:00:00,2.20,90,-1.80,,0.00,13.10,254
2025-03-04 02:00:00,2.10,90,-1.70,,0.00,12.10,253
2025-03-04 03:00:00,2.30,84,-1.50,,0.00,11.20,266
2025-03-04 04:00:00,2.20,81,-1.70,,0.00,11.20,276
2025-03-04 05:00:00,2.00,81,-1.80,,0.00,10.40,270
2025-03-04 06:00:00,2.30,78,-1.40,,0.00,9.40,263
2025-03-04 07:00:00,1.80,81,-1.90,,0.00,9.70,266
2025-03-04 08:00:00,2.00,80,-1.90,,0.00,10.80,274
2025-03-04 09:00:00,2.50,80,-1.20,,0.00,10.30,245
2025-03-04 10:00:00,3.10,79,-1.10,,0.00,13.60,259
2025-03-04 11:00:00,3.70,77,-0.60,,0.00,15.20,266
2025-03-04 12:00:00,4.20,75,-0.50,,0.00,17.70,275
2025-03-04 13:00:00,5.00,70,0.20,,0.00,18.70,268
2025-03-04 14:00:00,5.30,69,0.50,,0.00,18.20,252
2025-03-04 15:00:00,5.80,67,0.90,,0.00,19.50,274
2025-03-04 16:00:00,6.10,63,1.30,,0.00,17.30,271
2025-03-04 17:00:00,6.00,65,1.60,,0.00,15.10,271
2025-03-04 18:00:00,5.60,68,1.50,,0.00,14.10,274
2025-03-04 19:00:00,5.10,70,1.20,,0.00,12.60,272
2025-03-04 20:00:00,4.90,73,1.00,,0.00,13.00,268
2025-03-04 21:00:00,5.10,71,0.90,,0.00,14.50,264
2025-03-04 22:00:00,4.90,73,0.60,,0.00,15.30,262
2025-03-04 23:00:00,4.80,73,0.30,,0.00,16.60,268
2025-03-05 00:00:00,4.90,71,0.30,,0.00,17.00,274
2025-03-05 01:00:00,4.50,73,0.00,,0.00,16.30,278
2025-03-05 02:00:00,4.10,75,-0.40,,0.00,15.90,276
2025-03-05 03:00:00,4.10,73,-0.40,,0.00,15.40,286
2025-03-05 04:00:00,3.80,75,-0.50,,0.00,14.90,290
2025-03-05 05:00:00,3.60,76,-0.60,,0.00,13.80,290
2025-03-05 06:00:00,3.20,78,-0.90,,0.00,12.70,285
2025-03-05 07:00:00,2.60,83,-1.30,,0.00,11.70,279
2025-03-05 08:00:00,2.30,86,-1.50,,0.00,11.50,274
2025-03-05 09:00:00,3.20,82,-0.70,,0.00,12.60,275
2025-03-05 10:00:00,4.10,78,0.10,,0.00,13.30,272
2025-03-05 11:00:00,5.20,72,1.20,,0.00,13.30,268
2025-03-05 12:00:00,6.50,66,2.20,,0.00,15.50,274
2025-03-05 13:00:00,7.40,61,2.90,,0.00,16.60,269
2025-03-05 14:00:00,7.60,63,3.00,,0.00,18.00,267
2025-03-05 15:00:00,8.20,62,3.70,,0.00,17.80,256
2025-03-05 16:00:00,8.70,59,3.90,,0.00,19.60,256
2025-03-05 17:00:00,8.60,58,3.90,,0.00,18.10,253
2025-03-05 18:00:00,8.50,59,3.90,,0.00,18.40,253
2025-03-05 19:00:00,7.90,62,3.70,,0.00,14.80,264
2025-03-05 20:00:00,7.70,63,3.60,,0.10,14.80,267
2025-03-05 21:00:00,7.90,61,3.70,,0.00,14.80,267
2025-03-05 22:00:00,7.80,57,3.40,,0.00,15.50,273
2025-03-05 23:00:00,8.10,53,3.50,,0.00,15.80,269
2025-03-06 00:00:00,8.30,49,3.60,,0.00,15.50,267
2025-03-06 01:00:00,7.90,46,3.10,,0.00,15.50,269
2025-03-06 02:00:00,7.70,45,3.00,,0.00,14.80,267
2025-03-06 03:00:00,7.60,44,2.90,,0.00,14.10,266
2025-03-06 04:00:00,7.30,46,2.60,,0.00,13.70,267
2025-03-06 05:00:00,6.90,49,2.50,,0.00,13.00,264
2025-03-06 06:00:00,6.90,51,2.60,,0.00,12.20,268
2025-03-06 07:00:00,6.30,54,2.10,,0.00,11.60,265
2025-03-06 08:00:00,5.80,56,1.50,,0.00,12.40,260
2025-03-06 09:00:00,6.80,53,2.50,,0.00,12.80,259
2025-03-06 10:00:00,8.10,51,3.60,,0.00,15.20,263
2025-03-06 11:00:00,9.70,50,5.10,,0.00,16.30,262
2025-03-06 12:00:00,12.10,47,7.60,,0.00,17.70,264
2025-03-06 13:00:00,13.50,44,8.80,,0.00,19.10,267
2025-03-06 14:00:00,14.70,43,10.10,,0.00,19.80,272
2025-03-06 15:00:00,15.70,38,10.90,,0.00,19.40,270
2025-03-06 16:00:00,15.90,37,11.30,,0.00,18.40,270
2025-03-06 17:00:00,15.80,33,11.00,,0.00,17.90,279
2025-03-06 18:00:00,15.70,22,10.30,,0.00,17.00,283
2025-03-06 19:00:00,13.80,25,8.80,,0.00,14.50,276
2025-03-06 20:00:00,12.40,29,7.50,,0.00,14.10,267
2025-03-06 21:00:00,11.40,34,6.70,,0.00,13.80,263
2025-03-06 22:00:00,10.70,36,6.00,,0.00,14.40,269
2025-03-06 23:00:00,10.20,37,5.50,,0.00,13.70,268
2025-03-07 00:00:00,9.70,37,5.10,,0.00,13.00,268
2025-03-07 01:00:00,9.10,40,4.50,,0.00,13.00,268
2025-03-07 02:00:00,8.40,43,4.00,,0.00,12.20,268
2025-03-07 03:00:00,8.00,42,3.60,,0.00,11.50,266
2025-03-07 04:00:00,7.20,45,3.00,,0.00,10.90,264
2025-03-07 05:00:00,6.40,47,2.30,,0.00,9.40,263
2025-03-07 06:00:00,5.70,50,1.80,,0.00,8.30,265
2025-03-07 07:00:00,5.00,52,1.20,,0.00,8.00,262
2025-03-07 08:00:00,4.50,54,0.70,,0.00,8.00,260
2025-03-07 09:00:00,6.10,50,2.20,,0.00,8.80,261
2025-03-07 10:00:00,8.10,46,4.10,,0.00,10.20,262
2025-03-07 11:00:00,10.40,41,6.40,,0.00,10.80,266
2025-03-07 12:00:00,13.00,36,8.90,,0.00,11.90,268
2025-03-07 13:00:00,14.60,32,10.50,,0.00,11.90,272
2025-03-07 14:00:00,15.90,29,11.60,,0.00,12.60,273
2025-03-07 15:00:00,17.00,24,12.30,,0.00,13.60,282
2025-03-07 16:00:00,16.80,24,12.20,,0.00,13.40,284
2025-03-07 17:00:00,16.20,25,12.00,,0.00,10.70,284
2025-03-07 18:00:00,14.90,28,11.20,,0.00,7.30,281
2025-03-07 19:00:00,12.70,33,9.20,,0.00,5.90,281
2025-03-07 20:00:00,11.70,35,8.50,,0.00,4.50,284
2025-03-07 21:00:00,10.10,38,6.90,,0.00,4.10,285
2025-03-07 22:00:00,9.60,40,6.50,,0.00,3.90,292
2025-03-07 23:00:00,9.20,40,6.10,,0.00,3.50,294
2025-03-08 00:00:00,7.70,46,4.70,,0.00,3.20,297
2025-03-08 01:00:00,7.40,46,4.30,,0.00,3.30,276
2025-03-08 02:00:00,6.90,49,3.80,,0.00,3.30,276
2025-03-08 03:00:00,5.10,57,2.20,,0.00,2.40,297
2025-03-08 04:00:00,4.70,58,1.90,,0.00,2.10,301
2025-03-08 05:00:00,4.20,60,1.40,,0.00,1.80,307
2025-03-08 06:00:00,2.20,65,-0.60,,0.00,1.10,288
2025-03-08 07:00:00,1.70,68,-1.10,,0.00,1.10,288
2025-03-08 08:00:00,1.20,71,-1.50,,0.00,0.80,297
2025-03-08 09:00:00,3.10,66,0.50,,0.00,0.70,270
2025-03-08 10:00:00,6.00,63,3.70,,0.00,0.40,270
2025-03-08 11:00:00,9.20,49,6.60,,0.00,2.10,239
2025-03-08 12:00:00,12.70,41,10.00,,0.00,3.20,243
2025-03-08 13:00:00,14.40,36,11.50,,0.00,5.10,262
2025-03-08 14:00:00,15.40,32,12.40,,0.00,5.10,274
2025-03-08 15:00:00,16.30,29,13.30,,0.00,4.00,297
2025-03-08 16:00:00,16.20,30,13.30,,0.00,3.70,299
2025-03-08 17:00:00,15.70,32,13.10,,0.00,2.60,304
2025-03-08 18:00:00,14.80,36,12.40,,0.00,1.60,297
2025-03-08 19:00:00,12.80,35,10.20,,0.00,1.00,135
2025-03-08 20:00:00,11.00,37,8.20,,0.00,1.60,153
2025-03-08 21:00:00,9.10,48,6.50,,0.00,1.90,158
2025-03-08 22:00:00,8.40,51,5.80,,0.00,1.80,180
2025-03-08 23:00:00,7.80,55,5.30,,0.00,1.80,169
2025-03-09 00:00:00,6.00,62,3.60,,0.00,1.50,194
2025-03-09 01:00:00,5.60,63,3.00,,0.00,2.20,180
2025-03-09 02:00:00,5.10,65,2.50,,0.00,2.20,189
2025-03-09 03:00:00,4.10,69,1.50,,0.00,1.80,180
2025-03-09 04:00:00,3.70,71,1.10,,0.00,1.80,180
2025-03-09 05:00:00,3.20,72,0.60,,0.00,2.20,171
2025-03-09 06:00:00,2.60,72,-0.20,,0.00,2.20,171
2025-03-09 07:00:00,2.20,74,-0.50,,0.00,1.90,158
2025-03-09 08:00:00,2.00,75,-0.70,,0.00,1.90,158
2025-03-09 09:00:00,3.60,69,0.90,,0.00,2.20,171
2025-03-09 10:00:00,7.40,59,4.80,,0.00,2.90,180
2025-03-09 11:00:00,10.60,48,7.90,,0.00,4.00,185
2025-03-09 12:00:00,13.60,40,10.90,,0.00,4.10,195
2025-03-09 13:00:00,15.20,34,12.10,,0.00,5.80,202
2025-03-09 14:00:00,15.90,31,12.50,,0.00,7.00,201
2025-03-09 15:00:00,16.80,29,13.60,,0.00,6.30,204
2025-03-09 16:00:00,16.60,30,13.20,,0.00,7.40,203
2025-03-09 17:00:00,16.10,31,12.80,,0.00,6.40,207
2025-03-09 18:00:00,14.90,35,12.10,,0.00,3.80,197
2025-03-09 19:00:00,12.70,39,10.10,,0.00,2.60,164
2025-03-09 20:00:00,11.40,38,8.50,,0.00,3.20,153
2025-03-09 21:00:00,9.40,48,6.60,,0.00,3.60,143
2025-03-09 22:00:00,8.40,48,5.50,,0.00,3.70,151
2025-03-09 23:00:00,7.60,50,4.50,,0.00,4.30,156
2025-03-10 00:00:00,7.30,51,4.20,,0.00,4.60,162
2025-03-10 01:00:00,6.40,56,3.30,,0.00,4.80,167
2025-03-10 02:00:00,6.00,60,2.90,,0.00,5.20,168
2025-03-10 03:00:00,5.20,65,2.20,,0.00,4.70,171
2025-03-10 04:00:00,4.70,66,1.70,,0.00,4.70,171
2025-03-10 05:00:00,4.50,65,1.40,,0.00,5.10,172
2025-03-10 06:00:00,3.90,66,0.70,,0.00,5.10,172
2025-03-10 07:00:00,3.60,67,0.50,,0.00,5.10,172
2025-03-10 08:00:00,3.70,67,0.50,,0.00,5.40,172
2025-03-10 09:00:00,4.90,64,1.50,,0.00,6.90,174
2025-03-10 10:00:00,7.00,60,3.60,,0.00,8.00,172
2025-03-10 11:00:00,9.20,56,5.90,,0.00,9.10,173
2025-03-10 12:00:00,11.80,51,8.60,,0.00,9.50,171
2025-03-10 13:00:00,13.70,46,10.20,,0.00,12.30,173
2025-03-10 14:00:00,14.40,43,10.60,,0.00,13.70,177
2025-03-10 15:00:00,14.80,40,10.90,,0.00,14.00,181
2025-03-10 16:00:00,14.70,41,10.90,,0.00,13.70,180
2025-03-10 17:00:00,14.10,42,10.40,,0.00,12.60,180
2025-03-10 18:00:00,13.30,44,9.90,,0.00,10.50,174
2025-03-10 19:00:00,11.10,52,7.90,,0.00,9.00,164
2025-03-10 20:00:00,9.70,58,6.40,,0.00,10.00,159
2025-03-10 21:00:00,9.40,55,5.90,,0.00,10.10,163
2025-03-10 22:00:00,8.30,58,4.80,,0.00,10.30,168
2025-03-10 23:00:00,7.40,61,3.90,,0.00,9.90,170
2025-03-11 00:00:00,6.90,63,3.50,,0.00,9.50,169
2025-03-11 01:00:00,6.40,69,3.10,,0.00,9.50,169
2025-03-11 02:00:00,6.00,73,2.80,,0.00,9.50,171
2025-03-11 03:00:00,5.50,76,2.30,,0.00,9.50,169
2025-03-11 04:00:00,4.90,82,1.70,,0.00,9.60,167
2025-03-11 05:00:00,4.50,86,1.30,,0.00,9.90,170
2025-03-11 06:00:00,4.10,89,1.00,,0.00,9.70,165
2025-03-11 07:00:00,4.20,91,1.00,,0.00,10.70,166
2025-03-11 08:00:00,4.50,92,1.10,,0.00,12.10,168
2025-03-11 09:00:00,4.60,92,1.10,,0.00,13.00,178
2025-03-11 10:00:00,5.50,86,1.70,,0.00,15.10,183
2025-03-11 11:00:00,6.40,82,2.80,,0.00,14.10,183
2025-03-11 12:00:00,7.20,77,3.50,,0.00,14.80,181
2025-03-11 13:00:00,8.90,69,5.10,,0.00,15.60,187
2025-03-11 14:00:00,10.00,64,6.20,,0.00,15.20,185
2025-03-11 15:00:00,10.70,61,7.20,,0.00,13.40,185
2025-03-11 16:00:00,11.30,60,7.90,,0.00,13.00,174
2025-03-11 17:00:00,11.20,61,7.90,,0.00,12.60,175
2025-03-11 18:00:00,10.60,66,7.60,,0.00,11.30,171
2025-03-11 19:00:00,9.30,72,6.40,,0.00,10.90,171
2025-03-11 20:00:00,8.20,77,5.30,,0.00,10.10,174
2025-03-11 21:00:00,7.70,79,4.80,,0.00,10.10,174
2025-03-11 22:00:00,7.10,81,4.30,,0.00,9.40,176
2025-03-11 23:00:00,6.70,83,3.90,,0.00,9.40,173
2025-03-12 00:00:00,6.50,83,3.90,,0.00,7.60,177
2025-03-12 01:00:00,6.30,84,4.00,,0.00,5.80,176
2025-03-12 02:00:00,6.10,84,3.80,,0.00,5.20,168
2025-03-12 03:00:00,5.60,87,3.50,,0.00,4.10,165
2025-03-12 04:00:00,5.70,86,3.60,,0.00,4.20,160
2025-03-12 05:00:00,5.50,86,3.20,,0.00,4.90,163
2025-03-12 06:00:00,5.30,88,2.80,,0.00,6.70,164
2025-03-12 07:00:00,5.50,89,2.90,,0.00,7.60,183
2025-03-12 08:00:00,5.70,91,3.40,,0.20,6.60,189
2025-03-12 09:00:00,5.70,93,3.80,,0.70,4.20,160
2025-03-12 10:00:00,6.30,94,4.20,,0.50,6.60,167
2025-03-12 11:00:00,6.90,93,4.70,,0.20,8.40,187
2025-03-12 12:00:00,6.50,96,4.50,,0.50,6.40,218
2025-03-12 13:00:00,7.10,93,4.90,,0.50,8.30,236
2025-03-12 14:00:00,7.70,92,5.40,,0.00,9.70,248
2025-03-12 15:00:00,8.20,90,5.90,,0.00,10.40,250
2025-03-12 16:00:00,9.10,87,7.10,,0.00,7.90,246
2025-03-12 17:00:00,9.40,88,7.10,,0.00,11.20,249
2025-03-12 18:00:00,9.40,89,7.80,,0.00,7.10,246
2025-03-12 19:00:00,8.70,92,7.10,,0.00,6.70,234
2025-03-12 20:00:00,8.40,93,6.70,,0.00,6.90,231
2025-03-12 21:00:00,8.00,95,6.20,,0.00,7.10,225
2025-03-12 22:00:00,7.30,96,5.50,,0.00,6.90,223
2025-03-12 23:00:00,6.80,97,5.00,,0.00,5.70,215
2025-03-13 00:00:00,6.30,97,4.60,,0.00,4.80,207
2025-03-13 01:00:00,6.00,98,4.30,,0.00,4.50,194
2025-03-13 02:00:00,6.00,96,4.10,,0.00,5.10,188
2025-03-13 03:00:00,5.70,97,3.80,,0.00,5.10,176
2025-03-13 04:00:00,5.60,94,3.50,,0.00,5.20,168
2025-03-13 05:00:00,5.50,92,3.30,,0.00,5.80,173
2025-03-13 06:00:00,5.30,92,3.10,,0.00,5.50,169
2025-03-13 07:00:00,5.30,90,3.00,,0.00,5.50,169
2025-03-13 08:00:00,5.90,88,3.50,,0.00,6.20,159
2025-03-13 09:00:00,6.80,87,4.10,,0.00,9.60,160
2025-03-13 10:00:00,8.80,81,6.00,,0.00,11.40,162
2025-03-13 11:00:00,10.70,77,8.20,,0.00,11.40,156
2025-03-13 12:00:00,12.40,69,9.90,,0.00,11.50,148
2025-03-13 13:00:00,13.50,65,10.70,,0.00,13.40,144
2025-03-13 14:00:00,14.40,61,11.40,,0.00,15.30,141
2025-03-13 15:00:00,15.70,56,12.40,,0.00,17.60,149
2025-03-13 16:00:00,15.20,60,12.10,,0.00,16.30,145
2025-03-13 17:00:00,14.20,69,11.30,,0.20,17.70,156
2025-03-13 18:00:00,13.00,81,10.80,,1.20,14.60,142
2025-03-13 19:00:00,12.30,87,10.10,,0.90,15.00,145
2025-03-13 20:00:00,12.00,92,9.90,,2.20,16.40,151
2025-03-13 21:00:00,12.20,93,9.70,,3.50,19.20,174
2025-03-13 22:00:00,12.10,91,9.50,,1.20,19.00,190
2025-03-13 23:00:00,11.90,91,9.10,,4.80,19.80,196
2025-03-14 00:00:00,12.10,88,9.70,,1.40,16.60,202
2025-03-14 01:00:00,11.70,87,9.30,,0.00,16.10,196
2025-03-14 02:00:00,11.00,88,8.50,,0.00,15.50,193
2025-03-14 03:00:00,10.40,88,8.00,,0.00,13.60,191
2025-03-14 04:00:00,9.80,89,7.20,,0.00,14.00,192
2025-03-14 05:00:00,9.00,91,6.40,,0.00,14.00,192
2025-03-14 06:00:00,8.70,90,6.00,,0.00,13.90,197
2025-03-14 07:00:00,8.60,90,5.70,,0.00,14.50,207
2025-03-14 08:00:00,8.70,89,5.70,,0.00,15.00,210
2025-03-14 09:00:00,9.90,83,6.70,,0.00,16.90,214
2025-03-14 10:00:00,11.40,73,7.70,,0.00,19.70,220
2025-03-14 11:00:00,11.90,65,6.90,,0.00,26.10,244
2025-03-14 12:00:00,11.70,62,6.80,,0.00,24.50,253
2025-03-14 13:00:00,11.50,56,6.40,,0.00,23.90,258
2025-03-14 14:00:00,11.30,56,6.50,,0.00,21.80,261
2025-03-14 15:00:00,12.00,54,7.40,,0.00,19.90,265
2025-03-14 16:00:00,11.70,53,7.50,,0.00,17.40,264
2025-03-14 17:00:00,11.40,56,7.40,,0.00,15.60,262
2025-03-14 18:00:00,10.80,58,7.40,,0.00,11.60,263
2025-03-14 19:00:00,9.00,68,6.60,,0.00,5.80,270
2025-03-14 20:00:00,7.80,72,5.60,,0.00,3.90,292
2025-03-14 21:00:00,6.80,74,4.50,,0.00,3.80,311
2025-03-14 22:00:00,6.00,76,3.70,,0.00,3.40,342
2025-03-14 23:00:00,5.30,79,3.00,,0.00,3.30,13
2025-03-15 00:00:00,4.50,81,2.00,,0.00,4.10,15
2025-03-15 01:00:00,4.10,83,1.50,,0.00,4.40,35
2025-03-15 02:00:00,3.60,85,0.70,,0.00,6.60,61
2025-03-15 03:00:00,3.60,80,0.50,,0.00,7.10,66
2025-03-15 04:00:00,3.60,82,0.20,,0.30,9.50,81
2025-03-15 05:00:00,3.60,85,-0.20,,0.50,13.10,81
2025-03-15 06:00:00,3.70,87,-0.00,,0.30,12.60,87
2025-03-15 07:00:00,3.60,90,-0.00,,0.90,12.80,68
2025-03-15 08:00:00,3.40,91,-0.40,,0.40,13.60,50
2025-03-15 09:00:00,3.60,89,-0.10,,0.10,12.70,35
2025-03-15 10:00:00,3.60,86,-0.50,,0.00,15.10,33
2025-03-15 11:00:00,3.00,82,-1.20,,0.00,14.70,22
2025-03-15 12:00:00,2.90,82,-1.60,,0.00,16.90,16
2025-03-15 13:00:00,2.80,80,-1.90,,0.00,17.20,16
2025-03-15 14:00:00,2.50,80,-2.30,,0.00,17.20,10
2025-03-15 15:00:00,2.20,80,-3.00,,0.00,19.60,17
2025-03-15 16:00:00,2.10,78,-2.90,,0.00,18.40,23
2025-03-15 17:00:00,1.90,77,-2.80,,0.00,15.90,25
2025-03-15 18:00:00,1.60,78,-2.80,,0.00,14.20,27
2025-03-15 19:00:00,1.20,79,-3.50,,0.00,15.20,31
2025-03-15 20:00:00,0.90,80,-3.70,,0.00,14.40,32
2025-03-15 21:00:00,0.20,83,-4.20,,0.00,13.60,32
2025-03-15 22:00:00,0.20,83,-4.30,,0.00,13.40,27
2025-03-15 23:00:00,-0.10,83,-4.60,,0.00,13.90,31
2025-03-16 00:00:00,-0.60,83,-5.20,,0.00,14.00,42
2025-03-16 01:00:00,-1.00,83,-5.50,,0.00,13.30,41
2025-03-16 02:00:00,-1.10,83,-5.50,,0.00,12.00,39
2025-03-16 03:00:00,-0.90,85,-4.90,,0.00,9.80,36
2025-03-16 04:00:00,-0.90,87,-4.90,,0.10,10.00,38
2025-03-16 05:00:00,-1.00,86,-5.00,,0.10,9.90,33
2025-03-16 06:00:00,-1.60,85,-5.70,,0.00,10.00,30
2025-03-16 07:00:00,-1.80,84,-6.00,,0.00,10.50,27
2025-03-16 08:00:00,-2.00,84,-6.10,,0.00,9.50,25
2025-03-16 09:00:00,-1.50,83,-5.50,,0.00,9.10,18
2025-03-16 10:00:00,-0.90,80,-4.80,,0.00,8.80,12
2025-03-16 11:00:00,0.40,75,-3.60,,0.00,9.20,11
2025-03-16 12:00:00,2.70,64,-1.30,,0.00,9.50,11
2025-03-16 13:00:00,4.30,57,0.40,,0.00,10.10,4
2025-03-16 14:00:00,5.40,46,1.20,,0.00,11.20,358
2025-03-16 15:00:00,6.00,43,1.50,,0.00,11.20,358
2025-03-16 16:00:00,5.90,40,1.40,,0.00,10.50,352
2025-03-16 17:00:00,5.30,39,1.00,,0.00,8.80,348
2025-03-16 18:00:00,4.60,40,0.50,,0.00,6.80,342
2025-03-16 19:00:00,2.70,50,-0.90,,0.00,4.20,340
2025-03-16 20:00:00,1.70,53,-1.60,,0.00,2.40,333
2025-03-16 21:00:00,0.90,55,-2.50,,0.00,2.40,333
2025-03-16 22:00:00,0.30,57,-3.20,,0.00,3.10,315
2025-03-16 23:00:00,-0.20,61,-3.60,,0.00,2.90,300
2025-03-17 00:00:00,-0.80,65,-4.10,,0.00,2.60,286
2025-03-17 01:00:00,-1.10,65,-4.50,,0.00,2.90,263
2025-03-17 02:00:00,-1.50,66,-5.00,,0.00,3.30,257
2025-03-17 03:00:00,-2.00,70,-5.50,,0.00,3.50,246
2025-03-17 04:00:00,-2.30,71,-5.80,,0.00,3.20,243
2025-03-17 05:00:00,-2.60,73,-6.10,,0.00,3.10,234
2025-03-17 06:00:00,-3.20,77,-6.70,,0.00,3.40,238
2025-03-17 07:00:00,-3.60,79,-7.00,,0.00,3.30,229
2025-03-17 08:00:00,-3.20,78,-6.70,,0.00,3.60,217
2025-03-17 09:00:00,-1.20,76,-4.70,,0.00,4.50,209
2025-03-17 10:00:00,1.00,69,-2.70,,0.00,6.90,227
2025-03-17 11:00:00,2.60,65,-1.20,,0.00,8.20,232
2025-03-17 12:00:00,4.20,58,0.20,,0.00,9.70,248
2025-03-17 13:00:00,4.70,53,0.50,,0.00,10.50,262
2025-03-17 14:00:00,4.90,51,0.60,,0.00,11.30,279
2025-03-17 15:00:00,4.60,56,0.20,,0.00,11.90,295
2025-03-17 16:00:00,3.10,71,-1.40,,0.00,14.60,310
2025-03-17 17:00:00,1.00,91,-2.90,,0.40,11.90,335
2025-03-17 18:00:00,-0.50,90,-5.50,,0.40,17.30,348
2025-03-17 19:00:00,-1.00,87,-6.20,,0.30,18.40,1
2025-03-17 20:00:00,-1.80,86,-7.30,,0.20,19.40,1
2025-03-17 21:00:00,-2.40,84,-7.90,,0.10,19.20,6
2025-03-17 22:00:00,-2.70,85,-8.10,,0.10,18.00,359
2025-03-17 23:00:00,-3.20,76,-9.00,,0.00,19.10,1
2025-03-18 00:00:00,-3.40,73,-9.20,,0.00,18.50,8
2025-03-18 01:00:00,-3.60,71,-9.20,,0.00,17.10,7
2025-03-18 02:00:00,-3.60,68,-8.80,,0.00,14.10,4
2025-03-18 03:00:00,-3.90,66,-8.90,,0.00,12.40,350
2025-03-18 04:00:00,-4.10,63,-9.40,,0.00,13.90,350
2025-03-18 05:00:00,-4.40,63,-9.70,,0.00,13.60,348
2025-03-18 06:00:00,-5.10,64,-10.30,,0.00,13.00,346
2025-03-18 07:00:00,-5.80,67,-10.90,,0.00,12.30,339
2025-03-18 08:00:00,-5.90,67,-11.00,,0.00,12.00,339
2025-03-18 09:00:00,-4.60,62,-9.60,,0.00,11.70,342
2025-03-18 10:00:00,-3.00,57,-8.10,,0.00,12.40,343
2025-03-18 11:00:00,-1.30,50,-6.60,,0.00,13.70,342
2025-03-18 12:00:00,0.60,41,-4.70,,0.00,13.90,339
2025-03-18 13:00:00,1.40,37,-3.70,,0.00,14.50,333
2025-03-18 14:00:00,2.10,33,-3.00,,0.00,14.00,331
2025-03-18 15:00:00,2.60,32,-3.00,,0.00,15.00,325
2025-03-18 16:00:00,2.30,38,-3.00,,0.00,14.00,316
2025-03-18 17:00:00,1.80,44,-3.20,,0.00,12.50,311
2025-03-18 18:00:00,1.10,52,-3.40,,0.00,10.20,312
2025-03-18 19:00:00,0.10,61,-3.60,,0.00,5.00,300
2025-03-18 20:00:00,-0.50,65,-4.20,,0.00,5.20,295
2025-03-18 21:00:00,-0.90,67,-4.30,,0.00,3.40,288
2025-03-18 22:00:00,-1.40,73,-5.00,,0.00,5.00,270
2025-03-18 23:00:00,-1.90,79,-5.50,,0.00,5.00,270
2025-03-19 00:00:00,-2.20,86,-5.60,,0.00,4.70,279
2025-03-19 01:00:00,-2.60,89,-5.90,,0.00,4.30,275
2025-03-19 02:00:00,-2.30,91,-5.40,,0.00,3.70,259
2025-03-19 03:00:00,-1.80,93,-5.00,,0.00,4.70,266
2025-03-19 04:00:00,-1.80,95,-5.00,,0.00,4.70,274
2025-03-19 05:00:00,-1.90,96,-4.80,,0.00,3.10,249
2025-03-19 06:00:00,-1.60,95,-4.50,,0.00,3.30,257
2025-03-19 07:00:00,-1.40,94,-4.30,,0.00,3.40,238
2025-03-19 08:00:00,-1.00,92,-4.20,,0.00,5.20,245
2025-03-19 09:00:00,-0.10,91,-3.50,,0.00,7.20,243
2025-03-19 10:00:00,0.90,88,-2.60,,0.00,8.50,242
2025-03-19 11:00:00,2.10,84,-1.80,,0.00,11.80,247
2025-03-19 12:00:00,2.70,80,-1.20,,0.00,11.20,249
2025-03-19 13:00:00,3.10,82,-0.70,,0.00,11.60,254
2025-03-19 14:00:00,4.10,78,0.30,,0.00,11.60,265
2025-03-19 15:00:00,4.60,76,1.10,,0.00,10.20,262
2025-03-19 16:00:00,5.00,76,1.50,,0.00,10.10,264
2025-03-19 17:00:00,5.10,74,1.60,,0.00,10.20,260
2025-03-19 18:00:00,5.10,77,2.00,,0.00,7.80,248
2025-03-19 19:00:00,3.90,84,1.00,,0.00,6.40,243
2025-03-19 20:00:00,3.10,86,0.20,,0.00,6.10,230
2025-03-19 21:00:00,3.20,84,0.30,,0.00,5.90,223
2025-03-19 22:00:00,2.70,86,-0.30,,0.00,6.50,236
2025-03-19 23:00:00,2.40,86,-0.80,,0.00,8.00,252
2025-03-20 00:00:00,2.70,81,-0.70,,0.00,8.30,265
2025-03-20 01:00:00,2.30,82,-1.00,,0.00,7.90,270
2025-03-20 02:00:00,2.00,83,-1.40,,0.00,7.60,273
2025-03-20 03:00:00,1.40,84,-2.00,,0.00,7.50,287
2025-03-20 04:00:00,0.80,85,-2.50,,0.00,6.80,295
2025-03-20 05:00:00,0.40,86,-2.90,,0.00,6.50,304
2025-03-20 06:00:00,-0.10,88,-3.20,,0.00,5.00,300
2025-03-20 07:00:00,-0.40,90,-3.60,,0.00,5.80,300
2025-03-20 08:00:00,-0.20,89,-3.60,,0.00,6.90,309
2025-03-20 09:00:00,2.10,83,-1.20,,0.00,7.10,315
2025-03-20 10:00:00,4.00,76,0.70,,0.00,7.90,321
2025-03-20 11:00:00,6.00,70,2.90,,0.00,7.50,325
2025-03-20 12:00:00,7.90,64,5.00,,0.00,6.70,324
2025-03-20 13:00:00,9.20,57,6.50,,0.00,7.40,321
2025-03-20 14:00:00,9.90,51,7.00,,0.00,7.70,323
2025-03-20 15:00:00,10.80,48,7.70,,0.00,6.90,317
2025-03-20 16:00:00,10.80,46,7.70,,0.00,6.10,320
2025-03-20 17:00:00,10.50,46,7.50,,0.00,5.10,309
2025-03-20 18:00:00,10.40,44,7.60,,0.00,3.40,288
2025-03-20 19:00:00,8.90,51,6.30,,0.00,2.40,243
2025-03-20 20:00:00,7.90,52,5.10,,0.00,2.90,210
2025-03-20 21:00:00,6.30,56,3.60,,0.00,2.20,189
2025-03-20 22:00:00,5.70,58,2.80,,0.00,3.30,186
2025-03-20 23:00:00,5.10,62,2.20,,0.00,3.60,180
2025-03-21 00:00:00,3.60,68,0.60,,0.00,3.60,174
2025-03-21 01:00:00,3.20,69,0.20,,0.00,4.00,180
2025-03-21 02:00:00,2.60,73,-0.50,,0.00,4.30,180
2025-03-21 03:00:00,1.70,78,-1.30,,0.00,4.00,180
2025-03-21 04:00:00,1.30,79,-1.70,,0.00,4.30,185
2025-03-21 05:00:00,1.00,80,-2.10,,0.00,4.70,184
2025-03-21 06:00:00,0.60,82,-2.60,,0.00,4.70,180
2025-03-21 07:00:00,0.40,83,-2.70,,0.00,4.70,184
2025-03-21 08:00:00,0.80,82,-2.40,,0.00,5.10,188
2025-03-21 09:00:00,3.00,77,-0.20,,0.00,6.60,193
2025-03-21 10:00:00,5.10,71,1.90,,0.00,8.10,201
2025-03-21 11:00:00,7.50,62,4.30,,0.00,8.50,208
2025-03-21 12:00:00,11.00,45,7.60,,0.00,9.40,220
2025-03-21 13:00:00,12.30,37,8.50,,0.00,12.00,237
2025-03-21 14:00:00,12.70,34,8.80,,0.00,12.10,243
2025-03-21 15:00:00,12.80,32,8.80,,0.00,9.80,246
2025-03-21 16:00:00,12.80,32,8.80,,0.00,9.40,247
2025-03-21 17:00:00,12.40,33,8.70,,0.00,7.80,248
2025-03-21 18:00:00,12.30,33,8.90,,0.00,4.80,257
2025-03-21 19:00:00,10.50,41,7.70,,0.00,2.00,225
2025-03-21 20:00:00,9.40,39,6.50,,0.00,1.30,146
2025-03-21 21:00:00,7.40,49,4.60,,0.00,1.80,101
2025-03-21 22:00:00,6.20,51,3.20,,0.00,2.60,74
2025-03-21 23:00:00,5.40,55,2.40,,0.00,3.00,76
2025-03-22 00:00:00,3.80,64,0.80,,0.00,3.50,66
2025-03-22 01:00:00,3.40,65,0.30,,0.00,3.80,73
2025-03-22 02:00:00,2.60,71,-0.40,,0.00,4.10,75
2025-03-22 03:00:00,1.90,75,-1.10,,0.00,3.50,66
2025-03-22 04:00:00,1.10,81,-1.90,,0.00,4.00,63
2025-03-22 05:00:00,0.40,85,-2.60,,0.00,4.20,59
2025-03-22 06:00:00,0.40,86,-2.70,,0.00,4.50,61
2025-03-22 07:00:00,-0.10,88,-3.20,,0.00,5.00,60
2025-03-22 08:00:00,1.20,81,-2.00,,0.00,5.60,63
2025-03-22 09:00:00,3.90,70,0.50,,0.00,7.70,62
2025-03-22 10:00:00,6.40,61,2.80,,0.00,9.80,66
2025-03-22 11:00:00,9.00,55,5.40,,0.00,10.70,70
2025-03-22 12:00:00,11.30,46,7.30,,0.00,12.90,72
2025-03-22 13:00:00,12.10,36,7.70,,0.00,13.10,74
2025-03-22 14:00:00,12.30,35,8.00,,0.00,12.60,70
2025-03-22 15:00:00,12.20,35,7.70,,0.00,13.60,58
2025-03-22 16:00:00,12.20,35,7.50,,0.00,15.20,59
2025-03-22 17:00:00,10.60,45,5.60,,0.00,18.70,56
2025-03-22 18:00:00,9.80,50,5.20,,0.00,17.10,62
2025-03-22 19:00:00,7.70,66,3.50,,0.00,16.60,60
2025-03-22 20:00:00,6.00,73,1.70,,0.00,16.00,59
2025-03-22 21:00:00,5.10,74,0.80,,0.00,16.10,56
2025-03-22 22:00:00,4.00,74,-0.70,,0.00,17.00,58
2025-03-22 23:00:00,3.20,70,-1.60,,0.00,16.30,59
2025-03-23 00:00:00,2.90,72,-1.60,,0.00,14.80,61
2025-03-23 01:00:00,2.40,76,-2.10,,0.00,14.70,65
2025-03-23 02:00:00,2.10,80,-2.20,,0.00,13.70,67
2025-03-23 03:00:00,2.10,83,-2.30,,0.10,14.50,63
2025-03-23 04:00:00,1.70,87,-2.60,,0.30,14.20,63
2025-03-23 05:00:00,1.30,89,-3.10,,0.20,15.30,63
2025-03-23 06:00:00,1.30,90,-3.10,,0.00,15.20,68
2025-03-23 07:00:00,0.90,92,-3.50,,0.00,15.60,71
2025-03-23 08:00:00,1.30,91,-2.90,,0.00,14.10,75
2025-03-23 09:00:00,2.40,88,-1.70,,0.00,14.10,86
2025-03-23 10:00:00,4.00,83,0.20,,0.10,12.70,82
2025-03-23 11:00:00,5.30,78,1.60,,0.00,12.80,80
2025-03-23 12:00:00,5.80,77,2.30,,0.00,11.90,88
2025-03-23 13:00:00,8.00,66,4.80,,0.00,9.60,124
2025-03-23 14:00:00,9.20,64,6.30,,0.00,8.40,133
2025-03-23 15:00:00,9.40,67,6.90,,0.10,6.80,122
2025-03-23 16:00:00,9.80,66,7.40,,0.00,6.20,126
2025-03-23 17:00:00,9.30,70,7.00,,0.10,6.10,140
2025-03-23 18:00:00,9.30,72,7.00,,0.40,6.50,87
2025-03-23 19:00:00,8.00,81,5.60,,0.00,8.00,80
2025-03-23 20:00:00,6.90,79,4.30,,0.00,7.20,93
2025-03-23 21:00:00,7.10,63,3.70,,0.00,8.90,130
2025-03-23 22:00:00,6.50,68,3.40,,0.10,7.30,99
2025-03-23 23:00:00,6.20,67,2.90,,0.00,8.20,113
2025-03-24 00:00:00,6.20,63,2.90,,0.00,7.70,127
2025-03-24 01:00:00,6.00,62,2.40,,0.00,8.90,133
2025-03-24 02:00:00,5.70,62,2.00,,0.00,9.20,135
2025-03-24 03:00:00,5.70,61,2.10,,0.00,8.60,123
2025-03-24 04:00:00,5.20,63,1.50,,0.00,9.40,122
2025-03-24 05:00:00,4.90,65,1.00,,0.00,11.00,122
2025-03-24 06:00:00,4.80,64,0.60,,0.00,12.20,124
2025-03-24 07:00:00,4.70,64,0.30,,0.00,14.00,134
2025-03-24 08:00:00,4.90,63,0.40,,0.00,14.50,138
2025-03-24 09:00:00,5.80,60,1.50,,0.00,13.40,144
2025-03-24 10:00:00,6.40,58,1.80,,0.00,15.10,155
2025-03-24 11:00:00,6.90,60,2.50,,0.10,14.80,154
2025-03-24 12:00:00,8.00,57,2.80,,0.10,21.00,158
2025-03-24 13:00:00,8.90,52,3.10,,0.00,24.30,159
2025-03-24 14:00:00,9.10,50,3.50,,0.00,22.60,158
2025-03-24 15:00:00,8.70,54,3.70,,0.00,19.50,155
2025-03-24 16:00:00,8.80,54,3.80,,0.10,19.50,152
2025-03-24 17:00:00,8.70,54,3.90,,0.00,18.50,147
2025-03-24 18:00:00,8.50,56,3.90,,0.00,17.60,149
2025-03-24 19:00:00,8.20,58,3.70,,0.00,17.10,158
2025-03-24 20:00:00,7.20,70,2.70,,0.50,18.40,168
2025-03-24 21:00:00,6.70,75,2.50,,0.50,17.60,157
2025-03-24 22:00:00,6.50,77,2.70,,0.40,15.00,156
2025-03-24 23:00:00,6.50,77,2.30,,0.90,16.90,153
2025-03-25 00:00:00,6.40,80,2.70,,1.00,14.80,154
2025-03-25 01:00:00,6.10,81,2.30,,1.20,14.60,147
2025-03-25 02:00:00,5.80,84,2.00,,2.20,14.80,146
2025-03-25 03:00:00,5.60,86,1.90,,1.80,15.00,145
2025-03-25 04:00:00,5.40,88,1.80,,2.60,14.20,153
2025-03-25 05:00:00,5.30,90,1.90,,2.30,12.80,148
2025-03-25 06:00:00,5.30,91,2.10,,1.40,11.80,149
2025-03-25 07:00:00,5.10,93,2.10,,2.60,11.00,157
2025-03-25 08:00:00,5.10,94,2.40,,4.90,9.00,151
2025-03-25 09:00:00,5.10,94,2.40,,5.40,8.70,150
2025-03-25 10:00:00,5.30,93,2.70,,2.70,8.40,155
2025-03-25 11:00:00,5.60,93,3.20,,1.10,7.40,166
2025-03-25 12:00:00,6.00,93,3.60,,0.30,7.90,180
2025-03-25 13:00:00,6.40,92,4.20,,0.00,6.50,180
2025-03-25 14:00:00,6.70,91,4.60,,0.00,6.00,197
2025-03-25 15:00:00,6.90,92,5.00,,0.00,5.50,212
2025-03-25 16:00:00,7.20,92,5.40,,0.00,5.90,227
2025-03-25 17:00:00,7.30,93,5.40,,0.00,6.40,243
2025-03-25 18:00:00,7.00,96,5.30,,0.20,5.80,263
2025-03-25 19:00:00,6.80,97,5.30,,0.20,4.30,270
2025-03-25 20:00:00,6.60,97,5.20,,0.00,3.00,256
2025-03-25 21:00:00,6.70,98,5.10,,0.00,4.50,256
2025-03-25 22:00:00,6.60,98,4.80,,0.00,5.80,266
2025-03-25 23:00:00,6.60,98,4.70,,0.00,6.60,279
2025-03-26 00:00:00,6.50,98,4.70,,0.10,5.50,302
2025-03-26 01:00:00,6.30,98,4.50,,0.10,5.80,292
2025-03-26 02:00:00,6.10,98,4.30,,0.00,5.20,286
2025-03-26 03:00:00,5.90,98,4.10,,0.00,4.70,293
2025-03-26 04:00:00,5.80,98,4.00,,0.00,4.70,293
2025-03-26 05:00:00,5.70,98,3.80,,0.10,4.80,297
2025-03-26 06:00:00,5.60,98,3.70,,0.10,5.10,309
2025-03-26 07:00:00,5.50,97,3.50,,0.00,5.60,315
2025-03-26 08:00:00,5.50,96,3.40,,0.00,6.10,315
2025-03-26 09:00:00,5.70,94,3.50,,0.00,6.40,317
2025-03-26 10:00:00,6.50,88,4.10,,0.00,7.40,321
2025-03-26 11:00:00,6.90,87,4.60,,0.00,6.90,317
2025-03-26 12:00:00,7.30,84,5.00,,0.00,6.90,317
2025-03-26 13:00:00,7.50,83,5.40,,0.00,5.60,315
2025-03-26 14:00:00,7.70,82,5.70,,0.00,5.20,304
2025-03-26 15:00:00,8.80,74,6.40,,0.10,7.10,294
2025-03-26 16:00:00,8.80,74,6.20,,0.00,8.50,282
2025-03-26 17:00:00,9.20,70,6.50,,0.00,8.40,277
2025-03-26 18:00:00,9.00,65,6.50,,0.00,6.10,273
2025-03-26 19:00:00,7.70,73,5.70,,0.00,3.30,264
2025-03-26 20:00:00,6.90,74,4.80,,0.00,2.40,243
2025-03-26 21:00:00,6.30,75,4.20,,0.00,2.50,225
2025-03-26 22:00:00,5.70,76,3.40,,0.00,3.30,257
2025-03-26 23:00:00,5.20,78,3.00,,0.00,2.50,262
2025-03-27 00:00:00,4.90,78,2.60,,0.00,2.50,188
2025-03-27 01:00:00,4.40,78,2.00,,0.00,2.90,173
2025-03-27 02:00:00,3.90,80,1.30,,0.00,3.70,191
2025-03-27 03:00:00,3.30,84,0.70,,0.00,3.80,197
2025-03-27 04:00:00,2.90,86,0.30,,0.00,3.90,202
2025-03-27 05:00:00,2.60,87,-0.00,,0.00,3.80,197
2025-03-27 06:00:00,2.20,87,-0.50,,0.00,4.00,190
2025-03-27 07:00:00,1.90,87,-0.80,,0.00,4.30,185
2025-03-27 08:00:00,2.40,85,-0.40,,0.00,4.70,184
2025-03-27 09:00:00,4.20,78,1.30,,0.00,6.20,187
2025-03-27 10:00:00,6.10,72,3.00,,0.00,8.00,190
2025-03-27 11:00:00,8.10,68,5.10,,0.00,8.90,194
2025-03-27 12:00:00,10.50,60,7.50,,0.00,10.20,203
2025-03-27 13:00:00,11.60,56,8.90,,0.00,10.10,215
2025-03-27 14:00:00,12.20,52,9.30,,0.00,8.20,232
2025-03-27 15:00:00,12.70,49,10.00,,0.00,6.90,242
2025-03-27 16:00:00,12.90,47,10.20,,0.00,6.40,243
2025-03-27 17:00:00,12.70,47,10.00,,0.00,5.80,248
2025-03-27 18:00:00,12.20,51,9.70,,0.00,4.90,234
2025-03-27 19:00:00,10.80,60,8.90,,0.00,2.70,203
2025-03-27 20:00:00,9.50,62,7.40,,0.00,3.20,207
2025-03-27 21:00:00,9.00,65,6.90,,0.00,3.30,193
2025-03-27 22:00:00,8.40,65,6.20,,0.00,3.00,194
2025-03-27 23:00:00,8.20,65,5.90,,0.00,2.90,263
2025-03-28 00:00:00,7.30,71,5.10,,0.00,3.10,315
2025-03-28 01:00:00,6.80,79,4.80,,0.00,3.20,333
2025-03-28 02:00:00,6.60,88,4.90,,0.40,3.00,14
2025-03-28 03:00:00,6.20,90,4.50,,0.30,2.30,342
2025-03-28 04:00:00,5.60,91,3.80,,0.00,3.10,324
2025-03-28 05:00:00,5.40,93,3.50,,0.00,3.30,319
2025-03-28 06:00:00,5.00,96,2.90,,0.00,4.80,333
2025-03-28 07:00:00,4.70,98,2.40,,0.00,6.40,344
2025-03-28 08:00:00,4.50,99,2.10,,0.00,7.40,337
2025-03-28 09:00:00,5.20,95,3.00,,0.00,6.40,344
2025-03-28 10:00:00,6.80,83,4.30,,0.00,6.90,351
2025-03-28 11:00:00,8.40,72,5.90,,0.00,6.90,9
2025-03-28 12:00:00,9.60,65,6.70,,0.00,9.10,9
2025-03-28 13:00:00,10.40,61,7.40,,0.00,9.70,2
2025-03-28 14:00:00,11.00,57,7.80,,0.00,10.40,2
2025-03-28 15:00:00,11.90,47,8.70,,0.00,8.40,353
2025-03-28 16:00:00,11.70,48,8.30,,0.00,9.40,360
2025-03-28 17:00:00,11.30,48,8.00,,0.00,8.80,9
2025-03-28 18:00:00,10.80,49,7.40,,0.00,8.90,21
2025-03-28 19:00:00,9.60,56,6.70,,0.00,6.90,28
2025-03-28 20:00:00,8.10,63,5.30,,0.00,6.30,31
2025-03-28 21:00:00,7.00,67,4.50,,0.00,4.40,35
2025-03-28 22:00:00,6.10,71,3.50,,0.00,4.80,42
2025-03-28 23:00:00,5.50,74,2.90,,0.00,4.60,39
2025-03-29 00:00:00,4.50,82,1.90,,0.00,4.80,42
2025-03-29 01:00:00,4.00,83,1.30,,0.00,5.60,45
2025-03-29 02:00:00,3.60,86,0.70,,0.00,6.40,52
2025-03-29 03:00:00,3.20,88,0.50,,0.00,5.60,50
2025-03-29 04:00:00,2.80,90,0.00,,0.00,6.10,50
2025-03-29 05:00:00,2.40,93,-0.60,,0.00,6.90,51
2025-03-29 06:00:00,1.90,95,-1.00,,0.00,6.60,49
2025-03-29 07:00:00,1.90,98,-1.10,,0.00,7.70,53
2025-03-29 08:00:00,2.60,97,-0.50,,0.00,9.20,59
2025-03-29 09:00:00,4.40,90,1.10,,0.00,11.60,64
2025-03-29 10:00:00,5.50,86,1.90,,0.00,13.60,73
2025-03-29 11:00:00,6.90,84,3.70,,0.00,12.60,70
2025-03-29 12:00:00,7.70,80,4.40,,0.00,13.70,76
2025-03-29 13:00:00,8.80,74,5.70,,0.00,12.10,78
2025-03-29 14:00:00,10.50,63,6.90,,0.00,14.80,77
2025-03-29 15:00:00,11.50,56,7.70,,0.00,14.80,77
2025-03-29 16:00:00,11.10,58,7.30,,0.00,15.50,77
2025-03-29 17:00:00,11.20,57,7.60,,0.00,13.60,79
2025-03-29 18:00:00,10.20,63,6.70,,0.00,14.00,78
2025-03-29 19:00:00,8.90,69,6.00,,0.00,9.30,74
2025-03-29 20:00:00,7.30,78,4.80,,0.00,6.90,62
2025-03-29 21:00:00,6.90,77,4.30,,0.00,7.10,60
2025-03-29 22:00:00,6.10,81,3.40,,0.00,7.00,69
2025-03-29 23:00:00,5.60,84,3.00,,0.00,7.20,72
2025-03-30 00:00:00,5.30,84,2.60,,0.00,7.20,72
2025-03-30 01:00:00,4.90,87,2.20,,0.00,7.30,79
2025-03-30 02:00:00,4.50,90,1.70,,0.00,7.60,85
2025-03-30 03:00:00,4.00,91,1.30,,0.00,6.80,87
2025-03-30 04:00:00,3.70,92,1.00,,0.00,6.60,81
2025-03-30 05:00:00,3.40,93,0.70,,0.00,7.10,75
2025-03-30 06:00:00,2.90,94,0.00,,0.00,7.10,75
2025-03-30 07:00:00,2.80,94,-0.20,,0.00,7.80,77
2025-03-30 08:00:00,3.60,92,0.60,,0.00,8.60,75
2025-03-30 09:00:00,5.40,89,2.60,,0.00,9.20,79
2025-03-30 10:00:00,7.20,82,4.40,,0.00,9.80,84
2025-03-30 11:00:00,9.00,74,6.10,,0.00,11.30,83
2025-03-30 12:00:00,11.10,59,7.40,,0.00,15.20,104
2025-03-30 13:00:00,11.90,52,7.90,,0.00,15.50,112
2025-03-30 14:00:00,12.30,52,8.50,,0.00,14.00,113
2025-03-30 15:00:00,12.40,49,8.80,,0.00,12.50,108
2025-03-30 16:00:00,12.50,50,8.90,,0.00,12.20,109
2025-03-30 17:00:00,12.10,52,8.80,,0.00,11.20,105
2025-03-30 18:00:00,11.90,55,9.00,,0.00,9.00,106
2025-03-30 19:00:00,10.70,62,8.20,,0.00,6.60,77
2025-03-30 20:00:00,9.40,68,6.90,,0.00,7.20,72
2025-03-30 21:00:00,9.60,72,7.20,,0.00,7.30,70
2025-03-30 22:00:00,9.10,75,6.70,,0.10,8.00,80
2025-03-30 23:00:00,8.80,79,6.30,,0.30,9.40,86
2025-03-31 00:00:00,8.50,85,6.10,,0.40,10.00,69
2025-03-31 01:00:00,8.30,87,5.80,,0.80,10.60,66
2025-03-31 02:00:00,8.30,85,5.60,,0.20,11.50,70
2025-03-31 03:00:00,8.30,86,5.80,,0.10,9.90,80
2025-03-31 04:00:00,8.10,88,5.70,,0.30,9.90,80
2025-03-31 05:00:00,8.00,90,5.60,,0.00,9.90,80
2025-03-31 06:00:00,7.90,89,5.60,,0.00,9.30,74
2025-03-31 07:00:00,7.90,90,5.60,,0.00,9.30,77
2025-03-31 08:00:00,8.00,90,5.60,,0.00,10.00,75
2025-03-31 09:00:00,8.10,92,5.90,,0.00,9.40,72
2025-03-31 10:00:00,8.30,91,6.10,,0.00,9.60,70
2025-03-31 11:00:00,8.50,90,6.20,,0.10,10.30,78
2025-03-31 12:00:00,8.60,90,6.20,,0.10,11.20,86
2025-03-31 13:00:00,8.90,90,6.90,,0.50,9.50,81
2025-03-31 14:00:00,9.50,90,7.40,,0.30,10.10,73
2025-03-31 15:00:00,9.70,90,7.60,,0.40,11.00,67
2025-03-31 16:00:00,9.90,90,7.70,,0.10,11.80,63
2025-03-31 17:00:00,9.90,90,7.80,,0.10,11.30,53
2025-03-31 18:00:00,9.50,92,7.60,,0.20,9.90,46
2025-03-31 19:00:00,9.50,94,7.60,,0.50,10.50,49
2025-03-31 20:00:00,9.40,94,7.30,,0.90,11.20,48
2025-03-31 21:00:00,9.40,95,7.50,,0.90,10.70,50
2025-03-31 22:00:00,9.30,95,7.40,,0.60,10.20,51
2025-03-31 23:00:00,9.20,95,7.40,,0.60,9.40,43
2025-04-01 00:00:00,9.20,96,7.40,,0.50,10.10,35
2025-04-01 01:00:00,9.20,94,7.10,,0.40,11.00,38
2025-04-01 02:00:00,9.10,94,7.10,,0.50,10.70,45
2025-04-01 03:00:00,8.80,95,6.70,,0.40,10.70,42
2025-04-01 04:00:00,8.60,94,6.40,,0.40,11.30,37
2025-04-01 05:00:00,8.40,94,6.10,,0.30,11.40,35
2025-04-01 06:00:00,8.30,95,6.00,,0.20,10.80,30
2025-04-01 07:00:00,8.20,94,6.00,,0.40,10.70,33
2025-04-01 08:00:00,8.20,94,5.90,,1.10,10.80,30
2025-04-01 09:00:00,8.20,94,5.80,,0.80,11.20,33
2025-04-01 10:00:00,8.30,93,5.90,,0.80,11.50,39
2025-04-01 11:00:00,8.50,92,6.00,,0.40,12.00,39
2025-04-01 12:00:00,8.20,92,5.70,,0.80,12.20,34
2025-04-01 13:00:00,8.30,92,5.80,,0.60,11.40,35
2025-04-01 14:00:00,8.30,92,6.10,,0.60,10.00,41
2025-04-01 15:00:00,8.30,94,6.20,,1.10,9.60,34
2025-04-01 16:00:00,8.40,95,6.50,,1.20,8.70,30
2025-04-01 17:00:00,8.50,95,6.60,,1.40,8.70,24
2025-04-01 18:00:00,8.50,96,6.70,,1.60,8.40,31
2025-04-01 19:00:00,8.40,96,6.60,,1.10,8.40,25
2025-04-01 20:00:00,8.20,96,6.50,,0.70,7.30,20
2025-04-01 21:00:00,8.40,97,6.80,,1.10,6.80,25
2025-04-01 22:00:00,8.30,97,6.80,,0.60,6.40,27
2025-04-01 23:00:00,8.20,97,6.60,,0.20,7.10,30
2025-04-02 00:00:00,8.30,97,6.50,,0.50,8.20,29
2025-04-02 01:00:00,8.20,97,6.50,,0.10,7.60,25
2025-04-02 02:00:00,8.10,97,6.30,,0.10,8.10,21
2025-04-02 03:00:00,8.30,97,6.50,,0.00,8.40,31
2025-04-02 04:00:00,8.20,98,6.50,,0.00,8.00,36
2025-04-02 05:00:00,8.30,99,6.60,,0.00,7.90,39
2025-04-02 06:00:00,8.50,99,6.80,,0.30,8.20,52
2025-04-02 07:00:00,8.60,99,6.90,,0.10,8.50,54
2025-04-02 08:00:00,8.70,99,7.10,,0.00,7.70,62
2025-04-02 09:00:00,9.00,96,7.10,,0.00,9.80,73
2025-04-02 10:00:00,9.60,92,7.50,,0.00,11.40,72
2025-04-02 11:00:00,9.50,93,7.60,,0.00,9.80,66
2025-04-02 12:00:00,9.40,93,7.40,,0.00,10.90,56
2025-04-02 13:00:00,9.70,92,7.50,,0.50,12.40,54
2025-04-02 14:00:00,9.90,90,7.30,,0.70,14.80,49
2025-04-02 15:00:00,9.50,92,6.70,,0.90,16.20,37
2025-04-02 16:00:00,9.00,90,5.80,,0.50,17.40,40
2025-04-02 17:00:00,8.60,89,5.10,,0.20,18.40,42
2025-04-02 18:00:00,8.40,88,4.90,,0.20,17.30,42
2025-04-02 19:00:00,8.10,88,4.70,,0.10,16.60,41
2025-04-02 20:00:00,8.00,88,4.50,,0.10,17.30,43
2025-04-02 21:00:00,8.00,87,4.40,,0.00,17.30,48
2025-04-02 22:00:00,7.70,86,4.20,,0.00,16.30,49
2025-04-02 23:00:00,7.40,88,4.10,,0.00,15.00,48
2025-04-03 00:00:00,7.10,89,3.80,,0.00,14.30,49
2025-04-03 01:00:00,6.70,88,3.50,,0.00,13.00,46
2025-04-03 02:00:00,6.00,89,2.90,,0.00,11.50,41
2025-04-03 03:00:00,5.60,90,2.60,,0.00,10.30,36
2025-04-03 04:00:00,5.30,91,2.40,,0.00,9.50,29
2025-04-03 05:00:00,5.10,92,2.30,,0.00,8.90,27
2025-04-03 06:00:00,4.50,94,1.80,,0.00,8.40,25
2025-04-03 07:00:00,4.40,91,1.60,,0.00,8.00,27
2025-04-03 08:00:00,5.30,85,2.50,,0.00,8.00,27
2025-04-03 09:00:00,7.80,75,5.00,,0.00,8.90,21
2025-04-03 10:00:00,9.50,67,6.60,,0.00,9.60,20
2025-04-03 11:00:00,11.30,61,8.50,,0.00,9.70,15
2025-04-03 12:00:00,13.20,43,10.10,,0.00,11.40,18
2025-04-03 13:00:00,14.10,41,11.00,,0.00,12.50,18
2025-04-03 14:00:00,14.80,41,11.90,,0.00,12.00,16
2025-04-03 15:00:00,15.80,39,12.80,,0.00,10.80,15
2025-04-03 16:00:00,15.80,40,12.60,,0.00,10.10,4
2025-04-03 17:00:00,15.70,41,12.60,,0.00,9.40,358
2025-04-03 18:00:00,16.00,44,13.40,,0.00,7.60,360
2025-04-03 19:00:00,14.40,54,12.60,,0.00,3.80,343
2025-04-03 20:00:00,13.20,58,11.50,,0.00,3.40,342
2025-04-03 21:00:00,11.90,62,10.20,,0.00,2.90,330
2025-04-03 22:00:00,11.20,64,9.50,,0.00,3.20,333
2025-04-03 23:00:00,10.70,66,8.90,,0.00,3.10,339
2025-04-04 00:00:00,9.80,70,8.00,,0.00,3.00,346
2025-04-04 01:00:00,9.40,70,7.70,,0.00,2.40,333
2025-04-04 02:00:00,8.90,72,7.20,,0.00,2.00,315
2025-04-04 03:00:00,8.20,75,6.40,,0.00,2.30,309
2025-04-04 04:00:00,7.60,77,5.80,,0.00,2.40,297
2025-04-04 05:00:00,7.30,79,5.40,,0.00,3.10,291
2025-04-04 06:00:00,6.90,80,5.00,,0.00,3.00,284
2025-04-04 07:00:00,6.90,81,4.90,,0.00,3.60,276
2025-04-04 08:00:00,7.60,83,5.80,,0.00,4.00,275
2025-04-04 09:00:00,10.70,73,8.90,,0.00,5.80,266
2025-04-04 10:00:00,13.10,65,11.00,,0.00,8.30,268
2025-04-04 11:00:00,15.20,58,13.00,,0.00,9.40,268
2025-04-04 12:00:00,16.90,45,14.00,,0.00,13.60,292
2025-04-04 13:00:00,17.50,43,14.70,,0.00,14.10,283
2025-04-04 14:00:00,17.80,41,14.80,,0.00,14.90,277
2025-04-04 15:00:00,18.20,40,15.00,,0.00,14.40,271
2025-04-04 16:00:00,18.10,39,14.50,,0.00,14.40,267
2025-04-04 17:00:00,17.80,38,14.30,,0.00,13.70,267
2025-04-04 18:00:00,17.70,37,14.20,,0.00,12.70,262
2025-04-04 19:00:00,15.90,46,13.30,,0.00,8.90,249
2025-04-04 20:00:00,14.10,55,11.70,,0.00,8.30,236
2025-04-04 21:00:00,13.90,57,11.60,,0.00,7.90,240
2025-04-04 22:00:00,13.00,60,10.70,,0.00,7.70,242
2025-04-04 23:00:00,12.00,63,9.80,,0.00,6.80,238
2025-04-05 00:00:00,11.50,63,9.30,,0.00,6.60,229
2025-04-05 01:00:00,11.40,64,9.20,,0.00,6.20,249
2025-04-05 02:00:00,11.00,64,8.90,,0.00,5.10,274
2025-04-05 03:00:00,10.00,67,8.00,,0.00,3.60,276
2025-04-05 04:00:00,9.00,72,7.10,,0.00,4.00,270
2025-04-05 05:00:00,8.60,73,6.80,,0.00,2.60,286
2025-04-05 06:00:00,7.90,74,6.10,,0.00,2.40,297
2025-04-05 07:00:00,7.40,77,5.30,,0.00,4.20,290
2025-04-05 08:00:00,8.20,75,6.50,,0.00,1.80,323
2025-04-05 09:00:00,9.20,69,7.10,,0.00,3.80,311
2025-04-05 10:00:00,10.80,62,8.70,,0.00,4.70,302
2025-04-05 11:00:00,12.20,56,10.00,,0.00,4.30,312
2025-04-05 12:00:00,13.20,48,10.50,,0.00,6.30,301
2025-04-05 13:00:00,13.10,46,10.30,,0.00,6.20,291
2025-04-05 14:00:00,12.00,54,9.70,,0.40,5.10,266
2025-04-05 15:00:00,11.80,58,9.30,,0.10,7.30,11
2025-04-05 16:00:00,10.40,68,8.00,,1.00,7.90,321
2025-04-05 17:00:00,8.60,80,5.60,,2.30,12.50,311
2025-04-05 18:00:00,6.90,84,4.20,,3.40,9.10,342
2025-04-05 19:00:00,6.50,82,3.80,,2.10,8.30,2
2025-04-05 20:00:00,5.60,83,2.70,,1.70,8.30,355
2025-04-05 21:00:00,5.00,85,2.10,,0.60,8.20,345
2025-04-05 22:00:00,4.80,85,2.10,,0.00,7.00,339
2025-04-05 23:00:00,4.70,85,2.00,,0.00,6.70,324
2025-04-06 00:00:00,4.90,88,2.20,,0.00,7.90,294
2025-04-06 01:00:00,4.60,84,1.40,,0.10,9.60,304
2025-04-06 02:00:00,4.10,83,0.90,,0.00,8.80,305
2025-04-06 03:00:00,4.10,85,0.90,,0.00,8.80,305
2025-04-06 04:00:00,3.70,86,0.60,,0.10,8.40,301
2025-04-06 05:00:00,3.40,86,0.20,,0.20,8.90,302
2025-04-06 06:00:00,3.10,88,-0.20,,0.10,9.30,306
2025-04-06 07:00:00,2.80,89,-0.70,,0.10,10.20,302
2025-04-06 08:00:00,2.40,92,-1.10,,0.60,10.80,291
2025-04-06 09:00:00,1.90,94,-1.40,,0.90,9.40,288
2025-04-06 10:00:00,2.40,92,-0.90,,0.70,9.30,298
2025-04-06 11:00:00,3.00,91,-0.20,,0.50,8.90,302
2025-04-06 12:00:00,3.40,89,0.30,,0.60,8.40,313
2025-04-06 13:00:00,3.70,88,0.70,,0.60,8.00,324
2025-04-06 14:00:00,3.40,88,-0.00,,0.70,10.50,354
2025-04-06 15:00:00,2.80,87,-0.70,,0.60,10.30,348
2025-04-06 16:00:00,1.70,96,-1.40,,0.90,7.70,332
2025-04-06 17:00:00,1.00,98,-2.20,,1.00,8.00,324
2025-04-06 18:00:00,1.00,91,-2.60,,0.50,9.80,343
2025-04-06 19:00:00,0.60,89,-3.00,,0.10,9.00,337
2025-04-06 20:00:00,-0.20,94,-3.30,,0.30,5.60,297
2025-04-06 21:00:00,-0.10,92,-3.70,,0.10,8.60,268
2025-04-06 22:00:00,-0.30,92,-4.20,,0.00,10.10,253
2025-04-06 23:00:00,-0.30,91,-4.40,,0.00,12.20,242
2025-04-07 00:00:00,-0.70,91,-5.00,,0.00,12.90,240
2025-04-07 01:00:00,-1.10,89,-5.90,,0.00,15.90,231
2025-04-07 02:00:00,-1.30,85,-6.30,,0.00,16.30,229
2025-04-07 03:00:00,-1.40,86,-6.10,,0.00,14.10,218
2025-04-07 04:00:00,-1.60,88,-6.30,,0.00,14.50,210
2025-04-07 05:00:00,-2.00,86,-7.00,,0.00,16.10,220
2025-04-07 06:00:00,-1.80,89,-7.00,,0.00,17.40,220
2025-04-07 07:00:00,-1.80,85,-6.70,,0.00,15.60,220
2025-04-07 08:00:00,-1.50,81,-7.10,,0.00,19.90,228
2025-04-07 09:00:00,-1.00,84,-6.30,,0.30,18.30,223
2025-04-07 10:00:00,-0.50,83,-5.70,,0.40,18.30,227
2025-04-07 11:00:00,0.10,79,-5.10,,0.30,18.40,235
2025-04-07 12:00:00,0.30,75,-5.00,,0.30,18.60,234
2025-04-07 13:00:00,0.90,72,-4.50,,0.30,19.00,237
2025-04-07 14:00:00,0.80,68,-4.70,,0.20,19.00,243
2025-04-07 15:00:00,1.10,64,-4.30,,0.20,18.10,249
2025-04-07 16:00:00,0.90,66,-4.40,,0.20,16.90,250
2025-04-07 17:00:00,0.70,66,-4.40,,0.10,15.80,253
2025-04-07 18:00:00,-0.30,74,-4.90,,0.00,13.40,256
2025-04-07 19:00:00,-0.80,80,-5.10,,0.10,11.40,257
2025-04-07 20:00:00,-1.00,80,-5.30,,0.00,10.70,256
2025-04-07 21:00:00,-1.30,78,-5.60,,0.00,10.60,252
2025-04-07 22:00:00,-1.60,83,-5.70,,0.00,9.70,248
2025-04-07 23:00:00,-1.70,83,-5.90,,0.00,9.90,251
2025-04-08 00:00:00,-1.60,83,-5.60,,0.00,9.00,241
2025-04-08 01:00:00,-1.70,86,-6.10,,0.00,11.90,241
2025-04-08 02:00:00,-1.20,84,-6.00,,0.20,14.90,250
2025-04-08 03:00:00,-1.40,90,-5.60,,0.50,11.60,254
2025-04-08 04:00:00,-1.50,89,-5.90,,0.50,12.40,280
2025-04-08 05:00:00,-1.60,89,-6.10,,0.30,13.00,284
2025-04-08 06:00:00,-1.80,90,-6.20,,0.10,12.50,282
2025-04-08 07:00:00,-1.90,90,-6.30,,0.10,12.70,285
2025-04-08 08:00:00,-1.80,86,-6.50,,0.10,13.70,293
2025-04-08 09:00:00,-1.50,85,-6.00,,0.10,12.70,295
2025-04-08 10:00:00,-1.20,81,-5.90,,0.00,13.90,295
2025-04-08 11:00:00,-0.80,77,-5.60,,0.00,14.20,291
2025-04-08 12:00:00,-0.40,74,-5.30,,0.00,15.00,294
2025-04-08 13:00:00,-0.10,75,-5.20,,0.30,16.60,300
2025-04-08 14:00:00,-0.10,74,-5.20,,0.40,16.60,300
2025-04-08 15:00:00,0.10,73,-5.00,,0.20,16.60,297
2025-04-08 16:00:00,0.10,72,-4.90,,0.10,15.90,298
2025-04-08 17:00:00,-0.50,77,-5.50,,0.20,15.50,298
2025-04-08 18:00:00,-0.80,76,-5.30,,0.10,12.40,296
2025-04-08 19:00:00,-1.00,76,-5.40,,0.00,11.10,295
2025-04-08 20:00:00,-1.10,76,-5.50,,0.00,11.60,300
2025-04-08 21:00:00,-1.50,83,-5.70,,0.10,10.10,287
2025-04-08 22:00:00,-1.70,86,-5.80,,0.20,10.00,283
2025-04-08 23:00:00,-1.80,86,-6.00,,0.20,10.00,285
2025-04-09 00:00:00,-1.70,86,-5.80,,0.00,9.50,281
2025-04-09 01:00:00,-1.80,84,-5.80,,0.00,8.80,282
2025-04-09 02:00:00,-1.80,85,-5.80,,0.00,9.20,281
2025-04-09 03:00:00,-2.30,85,-6.20,,0.00,8.10,283
2025-04-09 04:00:00,-2.60,86,-6.30,,0.00,6.90,276
2025-04-09 05:00:00,-2.90,86,-6.70,,0.00,6.80,270
2025-04-09 06:00:00,-3.30,88,-7.00,,0.00,6.50,264
2025-04-09 07:00:00,-3.40,88,-7.10,,0.00,6.60,257
2025-04-09 08:00:00,-2.60,83,-6.50,,0.00,7.80,257
2025-04-09 09:00:00,-1.30,76,-5.30,,0.00,8.10,257
2025-04-09 10:00:00,0.10,70,-4.00,,0.00,9.20,259
2025-04-09 11:00:00,0.70,63,-3.70,,0.00,10.20,288
2025-04-09 12:00:00,1.30,50,-3.40,,0.00,11.50,302
2025-04-09 13:00:00,1.70,48,-3.10,,0.00,11.30,292
2025-04-09 14:00:00,2.30,45,-2.60,,0.00,12.00,279
2025-04-09 15:00:00,2.40,43,-2.50,,0.00,12.20,270
2025-04-09 16:00:00,2.60,42,-2.60,,0.00,13.70,267
2025-04-09 17:00:00,2.20,42,-3.00,,0.00,13.30,267
2025-04-09 18:00:00,2.00,44,-3.00,,0.00,12.60,270
2025-04-09 19:00:00,1.20,50,-3.50,,0.00,10.80,268
2025-04-09 20:00:00,0.20,61,-3.60,,0.00,6.10,242
2025-04-09 21:00:00,0.20,59,-3.70,,0.00,6.40,227
2025-04-09 22:00:00,-0.10,61,-4.20,,0.00,7.20,217
2025-04-09 23:00:00,-0.50,63,-4.70,,0.00,8.60,202
2025-04-10 00:00:00,-0.60,64,-4.90,,0.00,9.40,198
2025-04-10 01:00:00,-0.80,64,-5.30,,0.00,10.40,200
2025-04-10 02:00:00,-0.90,65,-5.40,,0.00,10.70,200
2025-04-10 03:00:00,-1.00,68,-5.60,,0.00,11.60,210
2025-04-10 04:00:00,-1.40,84,-5.80,,0.10,12.20,204
2025-04-10 05:00:00,-1.30,89,-5.80,,0.20,13.00,194
2025-04-10 06:00:00,-1.10,93,-5.60,,0.30,14.20,187
2025-04-10 07:00:00,-1.10,93,-5.50,,0.70,13.70,185
2025-04-10 08:00:00,-0.80,93,-5.10,,0.80,12.60,183
2025-04-10 09:00:00,-0.40,93,-4.50,,0.70,12.60,193
2025-04-10 10:00:00,-0.10,94,-4.00,,0.70,11.30,207
2025-04-10 11:00:00,0.20,94,-3.50,,0.70,10.30,209
2025-04-10 12:00:00,1.00,89,-2.70,,0.20,9.70,231
2025-04-10 13:00:00,1.90,78,-1.60,,0.30,7.60,278
2025-04-10 14:00:00,1.70,81,-2.00,,0.40,9.80,324
2025-04-10 15:00:00,1.30,87,-2.50,,0.50,10.30,335
2025-04-10 16:00:00,1.10,85,-2.80,,0.50,10.40,326
2025-04-10 17:00:00,0.50,89,-3.30,,0.40,10.60,325
2025-04-10 18:00:00,0.00,92,-3.80,,0.40,10.30,335
2025-04-10 19:00:00,-0.30,94,-4.20,,0.50,10.80,334
2025-04-10 20:00:00,-0.60,90,-4.70,,0.40,11.60,338
2025-04-10 21:00:00,-0.60,88,-4.60,,0.10,10.70,340
2025-04-10 22:00:00,-0.80,87,-4.70,,0.00,9.80,336
2025-04-10 23:00:00,-1.00,87,-4.90,,0.00,8.90,339
2025-04-11 00:00:00,-1.20,83,-5.20,,0.00,9.30,344
2025-04-11 01:00:00,-1.50,85,-5.40,,0.00,8.60,345
2025-04-11 02:00:00,-1.90,88,-5.60,,0.00,7.80,326
2025-04-11 03:00:00,-2.20,89,-5.90,,0.00,6.90,332
2025-04-11 04:00:00,-2.60,90,-6.20,,0.00,6.50,341
2025-04-11 05:00:00,-2.90,91,-6.40,,0.00,5.70,342
2025-04-11 06:00:00,-3.30,92,-6.70,,0.00,4.80,333
2025-04-11 07:00:00,-3.00,92,-6.50,,0.00,5.20,335
2025-04-11 08:00:00,-2.20,89,-5.80,,0.00,6.30,347
2025-04-11 09:00:00,-1.30,85,-4.80,,0.00,5.90,349
2025-04-11 10:00:00,-0.60,83,-4.10,,0.00,5.90,346
2025-04-11 11:00:00,0.10,81,-3.30,,0.00,5.70,342
2025-04-11 12:00:00,1.30,72,-2.30,,0.00,6.50,354
2025-04-11 13:00:00,2.00,69,-1.40,,0.00,5.80,7
2025-04-11 14:00:00,3.00,65,0.20,,0.00,3.50,24
2025-04-11 15:00:00,3.60,62,0.60,,0.00,3.30,77
2025-04-11 16:00:00,4.00,61,1.10,,0.00,2.60,146
2025-04-11 17:00:00,4.10,63,1.20,,0.00,3.20,180
2025-04-11 18:00:00,4.40,57,1.30,,0.00,3.70,241
2025-04-11 19:00:00,3.80,60,0.50,,0.00,4.50,256
2025-04-11 20:00:00,2.60,68,-0.40,,0.00,3.50,246
2025-04-11 21:00:00,2.40,66,-0.60,,0.00,2.30,198
2025-04-11 22:00:00,2.00,67,-0.90,,0.00,2.30,198
2025-04-11 23:00:00,1.80,67,-1.20,,0.00,2.60,214
2025-04-12 00:00:00,1.80,69,-1.10,,0.00,2.40,207
2025-04-12 01:00:00,1.60,69,-1.40,,0.00,2.80,220
2025-04-12 02:00:00,1.30,70,-1.80,,0.00,3.30,229
2025-04-12 03:00:00,0.80,75,-2.30,,0.00,3.40,238
2025-04-12 04:00:00,0.60,74,-2.50,,0.00,3.40,238
2025-04-12 05:00:00,0.50,72,-2.60,,0.00,3.40,238
2025-04-12 06:00:00,0.30,72,-2.80,,0.00,3.10,234
2025-04-12 07:00:00,0.40,72,-2.80,,0.00,3.10,225
2025-04-12 08:00:00,1.20,71,-1.80,,0.00,3.10,234
2025-04-12 09:00:00,2.80,63,-0.60,,0.00,5.20,254
2025-04-12 10:00:00,4.10,63,0.80,,0.00,6.10,242
2025-04-12 11:00:00,5.40,63,2.10,,0.00,7.60,239
2025-04-12 12:00:00,6.00,62,2.40,,0.00,8.80,261
2025-04-12 13:00:00,6.60,63,3.30,,0.00,8.10,257
2025-04-12 14:00:00,6.90,59,3.40,,0.00,9.10,261
2025-04-12 15:00:00,7.50,57,3.90,,0.00,9.40,274
2025-04-12 16:00:00,7.70,57,4.20,,0.00,9.10,279
2025-04-12 17:00:00,7.80,57,4.30,,0.00,8.80,279
2025-04-12 18:00:00,7.70,59,4.40,,0.00,8.30,275
2025-04-12 19:00:00,6.80,66,4.00,,0.00,5.40,270
2025-04-12 20:00:00,5.70,74,3.30,,0.00,3.30,257
2025-04-12 21:00:00,5.10,77,2.70,,0.00,2.90,263
2025-04-12 22:00:00,4.90,78,2.70,,0.00,1.90,248
2025-04-12 23:00:00,4.50,79,2.20,,0.00,2.30,219
2025-04-13 00:00:00,3.80,82,1.40,,0.00,3.20,243
2025-04-13 01:00:00,3.50,85,1.10,,0.00,3.30,229
2025-04-13 02:00:00,3.20,87,0.70,,0.00,3.70,209
2025-04-13 03:00:00,2.60,89,0.10,,0.00,3.80,221
2025-04-13 04:00:00,2.20,91,-0.40,,0.00,4.10,218
2025-04-13 05:00:00,2.10,92,-0.40,,0.00,3.90,214
2025-04-13 06:00:00,2.20,91,-0.40,,0.00,4.20,211
2025-04-13 07:00:00,2.60,87,-0.20,,0.00,5.70,215
2025-04-13 08:00:00,3.60,83,0.50,,0.00,7.40,223
2025-04-13 09:00:00,5.20,82,2.20,,0.00,8.20,229
2025-04-13 10:00:00,6.80,77,3.80,,0.00,9.70,228
2025-04-13 11:00:00,8.20,67,4.70,,0.00,12.00,231
2025-04-13 12:00:00,9.20,62,5.60,,0.00,12.50,237
2025-04-13 13:00:00,10.00,55,6.30,,0.00,12.50,237
2025-04-13 14:00:00,10.40,57,6.90,,0.00,12.20,236
2025-04-13 15:00:00,11.50,52,8.20,,0.00,10.70,237
2025-04-13 16:00:00,11.30,54,8.20,,0.00,9.10,236
2025-04-13 17:00:00,11.50,55,8.70,,0.00,7.40,241
2025-04-13 18:00:00,11.90,54,9.30,,0.00,6.00,237
2025-04-13 19:00:00,10.90,61,8.60,,0.00,5.10,225
2025-04-13 20:00:00,10.00,63,7.80,,0.00,4.30,204
2025-04-13 21:00:00,9.50,63,7.30,,0.00,4.20,211
2025-04-13 22:00:00,8.90,65,6.60,,0.00,3.90,214
2025-04-13 23:00:00,8.80,65,6.60,,0.00,3.10,201
2025-04-14 00:00:00,8.40,66,6.30,,0.00,2.30,162
2025-04-14 01:00:00,8.10,66,5.90,,0.00,3.10,159
2025-04-14 02:00:00,7.70,69,5.50,,0.00,3.40,162
2025-04-14 03:00:00,7.20,72,4.90,,0.00,3.50,156
2025-04-14 04:00:00,6.70,72,4.40,,0.00,3.40,162
2025-04-14 05:00:00,6.40,72,4.00,,0.00,3.80,163
2025-04-14 06:00:00,5.80,74,3.40,,0.00,4.00,170
2025-04-14 07:00:00,6.00,73,3.40,,0.00,4.40,171
2025-04-14 08:00:00,7.30,71,4.50,,0.00,6.80,177
2025-04-14 09:00:00,9.90,63,7.20,,0.00,7.60,183
2025-04-14 10:00:00,11.90,57,9.00,,0.00,9.50,191
2025-04-14 11:00:00,13.90,53,11.40,,0.00,10.30,192
2025-04-14 12:00:00,16.10,40,13.30,,0.00,12.40,206
2025-04-14 13:00:00,16.60,37,13.70,,0.00,14.50,203
2025-04-14 14:00:00,17.00,36,14.00,,0.00,14.60,200
2025-04-14 15:00:00,17.50,35,14.00,,0.00,15.70,200
2025-04-14 16:00:00,17.20,35,13.10,,0.00,15.70,200
2025-04-14 17:00:00,16.70,37,12.50,,0.00,15.80,201
2025-04-14 18:00:00,16.30,35,12.10,,0.00,14.90,200
2025-04-14 19:00:00,14.90,37,11.20,,0.00,11.20,195
2025-04-14 20:00:00,12.80,45,9.70,,0.00,8.30,182
2025-04-14 21:00:00,12.20,45,8.90,,0.00,8.60,178
2025-04-14 22:00:00,11.00,50,7.80,,0.00,8.80,171
2025-04-14 23:00:00,10.30,52,7.00,,0.00,8.80,171
2025-04-15 00:00:00,9.70,53,6.40,,0.00,8.70,175
2025-04-15 01:00:00,9.00,54,5.60,,0.00,8.60,178
2025-04-15 02:00:00,8.50,55,5.10,,0.00,9.00,178
2025-04-15 03:00:00,8.10,58,4.70,,0.00,8.60,180
2025-04-15 04:00:00,7.70,60,4.30,,0.00,8.60,180
2025-04-15 05:00:00,7.30,61,3.90,,0.00,8.60,178
2025-04-15 06:00:00,6.60,62,3.20,,0.00,8.70,175
2025-04-15 07:00:00,6.50,63,3.00,,0.00,9.10,171
2025-04-15 08:00:00,7.40,59,3.70,,0.00,10.50,172
2025-04-15 09:00:00,9.60,52,5.70,,0.00,11.90,178
2025-04-15 10:00:00,11.40,42,7.00,,0.00,14.60,189
2025-04-15 11:00:00,13.30,31,8.60,,0.00,16.30,194
2025-04-15 12:00:00,14.40,27,10.00,,0.00,16.50,196
2025-04-15 13:00:00,15.00,24,9.90,,0.00,15.90,198
2025-04-15 14:00:00,14.90,27,10.20,,0.00,14.30,198
2025-04-15 15:00:00,16.30,26,11.60,,0.00,14.30,190
2025-04-15 16:00:00,16.30,27,11.70,,0.00,13.80,186
2025-04-15 17:00:00,16.20,28,11.90,,0.00,13.00,182
2025-04-15 18:00:00,16.40,26,12.00,,0.00,12.30,183
2025-04-15 19:00:00,15.10,32,11.60,,0.00,8.30,175
2025-04-15 20:00:00,13.20,36,9.90,,0.00,6.70,164
2025-04-15 21:00:00,12.30,36,8.90,,0.00,6.30,167
2025-04-15 22:00:00,11.10,38,7.70,,0.00,5.90,166
2025-04-15 23:00:00,10.60,36,7.10,,0.00,5.20,164
2025-04-16 00:00:00,10.20,38,6.80,,0.00,5.00,159
2025-04-16 01:00:00,9.80,39,6.40,,0.00,5.30,152
2025-04-16 02:00:00,9.40,43,6.20,,0.00,5.20,155
2025-04-16 03:00:00,8.80,51,5.80,,0.00,4.80,153
2025-04-16 04:00:00,8.60,55,5.70,,0.00,4.80,153
2025-04-16 05:00:00,8.30,58,5.60,,0.00,4.60,162
2025-04-16 06:00:00,7.40,61,4.60,,0.00,4.70,157
2025-04-16 07:00:00,7.80,62,5.20,,0.00,4.30,156
2025-04-16 08:00:00,9.50,57,6.60,,0.00,6.60,158
2025-04-16 09:00:00,12.40,48,9.50,,0.00,7.40,157
2025-04-16 10:00:00,14.50,43,11.50,,0.00,8.60,158
2025-04-16 11:00:00,16.30,40,13.30,,0.00,9.00,151
2025-04-16 12:00:00,17.80,33,14.00,,0.00,13.40,166
2025-04-16 13:00:00,18.10,33,14.00,,0.00,15.50,177
2025-04-16 14:00:00,18.00,34,13.90,,0.00,15.60,187
2025-04-16 15:00:00,18.30,35,14.40,,0.00,15.20,187
2025-04-16 16:00:00,18.10,37,14.50,,0.00,14.00,192
2025-04-16 17:00:00,17.90,38,14.50,,0.00,12.30,201
2025-04-16 18:00:00,16.50,48,13.20,,0.00,15.10,218
2025-04-16 19:00:00,15.30,54,12.80,,0.00,10.10,207
2025-04-16 20:00:00,13.90,62,11.90,,0.10,7.60,172
2025-04-16 21:00:00,13.40,63,11.60,,0.20,6.30,156
2025-04-16 22:00:00,12.90,64,10.70,,0.20,8.20,139
2025-04-16 23:00:00,12.70,63,10.40,,0.10,8.70,135
2025-04-17 00:00:00,12.70,64,10.50,,0.00,8.50,144
2025-04-17 01:00:00,12.70,65,10.50,,0.00,8.60,147
2025-04-17 02:00:00,12.40,67,10.10,,0.00,9.50,151
2025-04-17 03:00:00,12.30,70,10.10,,0.00,9.80,152
2025-04-17 04:00:00,12.10,70,9.70,,0.00,11.10,151
2025-04-17 05:00:00,11.60,75,9.40,,0.00,10.50,158
2025-04-17 06:00:00,11.50,77,9.50,,0.10,9.80,156
2025-04-17 07:00:00,11.60,77,9.50,,0.10,10.20,157
2025-04-17 08:00:00,12.20,74,10.10,,0.00,10.20,157
2025-04-17 09:00:00,13.20,71,11.10,,0.20,10.40,160
2025-04-17 10:00:00,13.90,69,11.60,,0.10,12.60,153
2025-04-17 11:00:00,16.00,60,13.40,,0.00,14.10,161
2025-04-17 12:00:00,18.20,51,15.30,,0.00,16.60,176
2025-04-17 13:00:00,19.80,40,16.60,,0.00,18.60,189
2025-04-17 14:00:00,20.80,35,17.40,,0.00,19.20,193
2025-04-17 15:00:00,20.70,36,17.40,,0.00,18.20,189
2025-04-17 16:00:00,20.80,34,16.90,,0.00,18.10,193
2025-04-17 17:00:00,20.10,38,16.60,,0.00,16.30,186
2025-04-17 18:00:00,20.30,38,17.00,,0.00,14.50,187
2025-04-17 19:00:00,19.10,40,16.40,,0.00,10.40,180
2025-04-17 20:00:00,17.20,45,14.80,,0.00,8.00,172
2025-04-17 21:00:00,16.90,46,14.50,,0.00,8.30,175
2025-04-17 22:00:00,15.80,52,13.50,,0.00,8.70,175
2025-04-17 23:00:00,15.20,54,12.90,,0.00,8.70,175
2025-04-18 00:00:00,15.00,52,12.50,,0.00,9.10,173
2025-04-18 01:00:00,14.20,54,11.70,,0.00,8.70,175
2025-04-18 02:00:00,13.50,56,11.00,,0.00,8.60,180
2025-04-18 03:00:00,12.70,58,10.20,,0.00,8.30,182
2025-04-18 04:00:00,12.10,61,9.60,,0.00,7.90,183
2025-04-18 05:00:00,11.60,65,9.30,,0.00,7.60,185
2025-04-18 06:00:00,10.70,70,8.50,,0.00,6.80,183
2025-04-18 07:00:00,11.20,69,8.90,,0.00,7.90,183
2025-04-18 08:00:00,12.70,64,10.20,,0.00,9.80,188
2025-04-18 09:00:00,15.40,55,12.80,,0.00,11.40,198
2025-04-18 10:00:00,17.70,49,15.20,,0.00,11.60,202
2025-04-18 11:00:00,19.80,42,17.20,,0.00,14.00,203
2025-04-18 12:00:00,21.20,38,18.70,,0.00,15.40,196
2025-04-18 13:00:00,22.00,30,19.20,,0.00,15.50,193
2025-04-18 14:00:00,22.40,29,19.50,,0.00,15.20,194
2025-04-18 15:00:00,23.00,29,19.80,,0.00,14.20,196
2025-04-18 16:00:00,22.70,29,19.30,,0.00,13.50,196
2025-04-18 17:00:00,22.40,30,19.30,,0.00,11.90,194
2025-04-18 18:00:00,22.30,33,19.60,,0.00,10.20,190
2025-04-18 19:00:00,20.60,39,18.80,,0.00,5.80,180
2025-04-18 20:00:00,18.70,45,17.20,,0.00,4.10,165
2025-04-18 21:00:00,17.90,46,16.30,,0.00,4.10,165
2025-04-18 22:00:00,16.80,50,15.30,,0.00,4.00,153
2025-04-18 23:00:00,16.10,51,14.50,,0.00,3.90,158
2025-04-19 00:00:00,15.30,54,13.70,,0.00,4.20,160
2025-04-19 01:00:00,14.60,55,13.00,,0.00,3.90,158
2025-04-19 02:00:00,14.10,55,12.30,,0.00,4.20,160
2025-04-19 03:00:00,13.50,56,11.70,,0.00,3.80,163
2025-04-19 04:00:00,13.20,55,11.30,,0.00,3.90,158
2025-04-19 05:00:00,12.90,54,10.80,,0.00,3.90,158
2025-04-19 06:00:00,12.20,55,10.10,,0.00,3.80,163
2025-04-19 07:00:00,12.50,56,10.40,,0.00,4.30,156
2025-04-19 08:00:00,14.10,56,12.30,,0.00,4.50,166
2025-04-19 09:00:00,16.70,49,14.70,,0.00,6.30,167
2025-04-19 10:00:00,19.00,44,17.10,,0.00,6.30,167
2025-04-19 11:00:00,20.80,39,19.00,,0.00,6.70,164
2025-04-19 12:00:00,22.10,32,20.00,,0.00,9.00,164
2025-04-19 13:00:00,22.80,29,20.40,,0.00,11.80,157
2025-04-19 14:00:00,23.20,28,20.90,,0.00,12.40,154
2025-04-19 15:00:00,23.70,24,20.70,,0.00,13.00,152
2025-04-19 16:00:00,23.40,24,20.00,,0.00,12.20,152
2025-04-19 17:00:00,22.90,25,19.40,,0.00,11.60,154
2025-04-19 18:00:00,22.60,25,19.20,,0.00,10.40,160
2025-04-19 19:00:00,21.00,30,18.40,,0.00,6.20,159
2025-04-19 20:00:00,18.90,36,16.90,,0.00,3.70,151
2025-04-19 21:00:00,17.60,39,15.50,,0.00,3.90,158
2025-04-19 22:00:00,16.50,39,14.20,,0.00,3.90,158
2025-04-19 23:00:00,15.70,39,13.30,,0.00,3.70,169
2025-04-20 00:00:00,14.00,45,11.80,,0.00,3.10,159
2025-04-20 01:00:00,13.50,46,11.20,,0.00,3.40,148
2025-04-20 02:00:00,12.70,49,10.30,,0.00,3.80,139
2025-04-20 03:00:00,11.50,55,9.30,,0.00,3.70,119
2025-04-20 04:00:00,10.90,55,8.50,,0.00,4.20,121
2025-04-20 05:00:00,10.70,55,8.30,,0.00,4.10,128
2025-04-20 06:00:00,9.80,58,7.30,,0.00,4.10,128
2025-04-20 07:00:00,10.80,57,8.40,,0.00,4.30,132
2025-04-20 08:00:00,13.10,55,10.90,,0.00,5.10,141
2025-04-20 09:00:00,16.40,41,13.90,,0.00,6.30,149
2025-04-20 10:00:00,18.80,37,16.30,,0.00,7.10,150
2025-04-20 11:00:00,21.00,33,19.20,,0.00,6.70,144
2025-04-20 12:00:00,22.70,24,20.30,,0.00,10.80,154
2025-04-20 13:00:00,23.30,25,21.30,,0.00,10.60,156
2025-04-20 14:00:00,23.70,25,21.80,,0.00,10.20,157
2025-04-20 15:00:00,24.30,24,22.00,,0.00,10.20,157
2025-04-20 16:00:00,24.10,23,21.20,,0.00,9.40,157
2025-04-20 17:00:00,23.70,24,20.70,,0.00,8.60,158
2025-04-20 18:00:00,23.50,24,20.50,,0.00,7.40,157
2025-04-20 19:00:00,21.50,30,19.30,,0.00,4.30,156
2025-04-20 20:00:00,19.30,35,17.30,,0.00,3.30,139
2025-04-20 21:00:00,18.10,38,16.10,,0.00,3.60,127
2025-04-20 22:00:00,17.10,38,14.90,,0.00,3.40,122
2025-04-20 23:00:00,16.20,38,13.90,,0.00,3.40,108
2025-04-21 00:00:00,15.20,40,12.80,,0.00,3.60,84
2025-04-21 01:00:00,14.30,40,11.70,,0.00,4.30,95
2025-04-21 02:00:00,13.80,40,11.10,,0.00,4.50,104
2025-04-21 03:00:00,13.30,43,10.70,,0.00,3.90,112
2025-04-21 04:00:00,13.00,42,10.40,,0.00,4.00,117
2025-04-21 05:00:00,12.60,43,9.80,,0.00,4.80,132
2025-04-21 06:00:00,11.70,47,9.10,,0.00,4.30,138
2025-04-21 07:00:00,12.30,50,9.90,,0.00,4.60,141
2025-04-21 08:00:00,14.30,50,12.00,,0.00,6.10,140
2025-04-21 09:00:00,17.00,42,14.50,,0.00,6.80,148
2025-04-21 10:00:00,19.30,40,17.00,,0.00,7.40,151
2025-04-21 11:00:00,21.50,38,20.00,,0.00,7.90,156
2025-04-21 12:00:00,22.90,35,21.80,,0.00,9.00,157
2025-04-21 13:00:00,23.90,33,22.60,,0.00,11.20,165
2025-04-21 14:00:00,24.30,33,23.10,,0.00,10.80,165
2025-04-21 15:00:00,24.50,30,22.80,,0.00,10.20,162
2025-04-21 16:00:00,24.30,29,21.90,,0.00,9.80,163
2025-04-21 17:00:00,23.80,29,21.10,,0.00,9.40,162
2025-04-21 18:00:00,23.40,29,20.80,,0.00,8.60,165
2025-04-21 19:00:00,21.60,33,19.50,,0.00,5.40,160
2025-04-21 20:00:00,19.30,38,17.40,,0.00,3.90,146
2025-04-21 21:00:00,18.30,40,16.40,,0.00,3.90,146
2025-04-21 22:00:00,17.40,41,15.40,,0.00,3.90,146
2025-04-21 23:00:00,16.70,43,14.70,,0.00,3.90,146
2025-04-22 00:00:00,15.90,44,13.80,,0.00,4.20,149
2025-04-22 01:00:00,15.20,44,13.00,,0.00,4.20,149
2025-04-22 02:00:00,14.50,46,12.30,,0.00,4.00,153
2025-04-22 03:00:00,13.90,50,11.80,,0.00,4.00,153
2025-04-22 04:00:00,13.30,50,11.00,,0.00,4.20,149
2025-04-22 05:00:00,12.70,53,10.50,,0.00,4.30,156
2025-04-22 06:00:00,11.60,60,9.70,,0.00,3.50,156
2025-04-22 07:00:00,12.40,61,10.80,,0.00,3.10,159
2025-04-22 08:00:00,14.60,62,13.70,,0.00,1.80,169
2025-04-22 09:00:00,17.50,47,16.10,,0.00,3.00,166
2025-04-22 10:00:00,20.00,42,18.60,,0.00,3.70,169
2025-04-22 11:00:00,21.90,37,20.90,,0.00,5.40,160
2025-04-22 12:00:00,23.40,30,22.10,,0.00,8.00,170
2025-04-22 13:00:00,24.10,28,22.90,,0.00,7.90,177
2025-04-22 14:00:00,24.60,25,23.10,,0.00,8.40,187
2025-04-22 15:00:00,25.00,26,23.70,,0.00,6.50,177
2025-04-22 16:00:00,24.90,26,23.10,,0.00,5.40,176
2025-04-22 17:00:00,24.60,26,22.50,,0.00,4.70,171
2025-04-22 18:00:00,24.10,26,22.00,,0.00,3.50,156
2025-04-22 19:00:00,22.60,36,21.50,,0.00,1.80,143
2025-04-22 20:00:00,20.70,34,19.10,,0.00,1.30,124
2025-04-22 21:00:00,19.10,36,17.50,,0.00,0.50,45
2025-04-22 22:00:00,17.50,39,15.70,,0.00,1.60,27
2025-04-22 23:00:00,15.90,43,13.90,,0.00,3.10,69
2025-04-23 00:00:00,15.20,49,13.30,,0.00,3.50,66
2025-04-23 01:00:00,14.80,49,13.00,,0.00,2.80,50
2025-04-23 02:00:00,14.30,52,12.60,,0.00,2.60,34
2025-04-23 03:00:00,13.50,60,12.10,,0.00,2.50,45
2025-04-23 04:00:00,13.10,60,11.50,,0.00,3.20,90
2025-04-23 05:00:00,13.30,58,11.60,,0.00,3.00,76
2025-04-23 06:00:00,13.30,59,11.80,,0.00,2.60,56
2025-04-23 07:00:00,13.70,61,12.40,,0.00,2.60,56
2025-04-23 08:00:00,15.80,67,15.50,,0.00,1.80,53
2025-04-23 09:00:00,19.50,47,18.70,,0.00,1.60,117
2025-04-23 10:00:00,22.10,38,21.20,,0.00,1.50,135
2025-04-23 11:00:00,23.60,31,22.90,,0.00,2.30,141
2025-04-23 12:00:00,24.90,25,24.20,,0.00,3.00,166
2025-04-23 13:00:00,25.30,24,23.90,,0.00,5.80,187
2025-04-23 14:00:00,25.60,24,24.00,,0.00,6.40,196
2025-04-23 15:00:00,26.00,22,23.90,,0.00,6.00,197
2025-04-23 16:00:00,25.70,23,23.30,,0.00,5.80,210
2025-04-23 17:00:00,25.30,24,22.90,,0.00,5.10,231
2025-04-23 18:00:00,24.90,25,22.80,,0.00,3.40,252
2025-04-23 19:00:00,23.20,34,21.90,,0.00,2.60,326
2025-04-23 20:00:00,21.10,36,19.50,,0.00,3.30,354
2025-04-23 21:00:00,19.70,41,18.30,,0.00,2.60,344
2025-04-23 22:00:00,18.70,40,17.10,,0.00,1.90,338
2025-04-23 23:00:00,17.80,41,16.30,,0.00,1.40,360
2025-04-24 00:00:00,17.30,44,15.90,,0.00,1.10,360
2025-04-24 01:00:00,16.50,45,14.80,,0.00,2.10,59
2025-04-24 02:00:00,15.20,49,13.30,,0.00,4.00,80
2025-04-24 03:00:00,14.90,53,13.50,,0.00,2.30,72
2025-04-24 04:00:00,14.90,52,13.60,,0.00,1.10,18
2025-04-24 05:00:00,14.50,54,13.00,,0.00,1.80,11
2025-04-24 06:00:00,14.00,56,12.60,,0.00,2.20,351
2025-04-24 07:00:00,14.30,58,13.00,,0.00,2.30,342
2025-04-24 08:00:00,16.40,61,15.90,,0.00,0.70,360
2025-04-24 09:00:00,19.30,54,19.10,,0.00,0.80,207
2025-04-24 10:00:00,22.10,44,21.50,,0.00,2.30,219
2025-04-24 11:00:00,23.90,38,23.60,,0.00,3.60,217
2025-04-24 12:00:00,25.50,26,24.40,,0.00,4.90,234
2025-04-24 13:00:00,25.70,25,23.90,,0.00,7.10,225
2025-04-24 14:00:00,25.60,25,23.00,,0.00,10.10,264
2025-04-24 15:00:00,25.70,25,22.90,,0.00,10.30,306
2025-04-24 16:00:00,25.60,25,23.00,,0.00,8.90,328
2025-04-24 17:00:00,25.00,26,22.30,,0.00,9.00,331
2025-04-24 18:00:00,24.50,26,21.90,,0.00,7.70,332
2025-04-24 19:00:00,22.60,31,20.50,,0.00,5.70,342
2025-04-24 20:00:00,19.60,41,17.60,,0.00,6.60,331
2025-04-24 21:00:00,18.30,49,16.90,,0.00,4.80,333
2025-04-24 22:00:00,17.00,55,15.70,,0.00,5.20,348
2025-04-24 23:00:00,16.10,61,15.00,,0.00,4.30,360
2025-04-25 00:00:00,15.30,68,14.50,,0.00,4.00,10
2025-04-25 01:00:00,14.80,70,14.00,,0.00,3.80,17
2025-04-25 02:00:00,14.50,71,13.80,,0.00,3.30,13
2025-04-25 03:00:00,13.90,73,13.10,,0.00,4.00,350
2025-04-25 04:00:00,13.10,76,12.20,,0.00,4.10,345
2025-04-25 05:00:00,12.50,79,11.60,,0.00,4.50,346
2025-04-25 06:00:00,12.10,81,11.10,,0.00,4.70,351
2025-04-25 07:00:00,12.80,80,12.00,,0.00,4.50,346
2025-04-25 08:00:00,14.80,73,13.50,,0.00,8.60,360
2025-04-25 09:00:00,16.60,67,15.50,,0.00,8.00,5
2025-04-25 10:00:00,18.90,59,17.80,,0.00,9.10,7
2025-04-25 11:00:00,20.30,52,19.40,,0.00,10.50,4
2025-04-25 12:00:00,21.70,40,20.70,,0.00,9.40,353
2025-04-25 13:00:00,22.30,36,21.20,,0.00,9.90,350
2025-04-25 14:00:00,22.60,35,21.20,,0.00,10.10,354
2025-04-25 15:00:00,23.00,31,20.50,,0.00,11.20,354
2025-04-25 16:00:00,22.40,31,19.60,,0.00,11.50,358
2025-04-25 17:00:00,21.70,31,18.60,,0.00,10.80,360
2025-04-25 18:00:00,20.80,31,17.60,,0.00,10.60,350
2025-04-25 19:00:00,19.10,39,16.30,,0.00,10.50,354
2025-04-25 20:00:00,17.40,47,14.90,,0.00,10.40,358
2025-04-25 21:00:00,16.00,56,13.70,,0.00,10.80,360
2025-04-25 22:00:00,14.90,59,12.40,,0.00,11.30,9
2025-04-25 23:00:00,14.30,57,11.60,,0.00,11.70,9
2025-04-26 00:00:00,13.80,57,10.70,,0.00,13.40,5
2025-04-26 01:00:00,12.40,64,9.30,,0.00,13.70,3
2025-04-26 02:00:00,11.20,74,8.40,,0.10,13.00,3
2025-04-26 03:00:00,10.30,82,8.00,,0.50,10.80,4
2025-04-26 04:00:00,9.70,87,7.80,,0.90,8.30,360
2025-04-26 05:00:00,9.30,89,7.60,,1.30,7.20,357
2025-04-26 06:00:00,8.90,89,6.60,,0.90,10.20,10
2025-04-26 07:00:00,8.00,73,4.60,,0.10,12.60,13
2025-04-26 08:00:00,7.60,70,3.90,,0.00,13.10,8
2025-04-26 09:00:00,7.70,68,3.90,,0.00,13.80,9
2025-04-26 10:00:00,8.40,61,4.30,,0.00,15.20,7
2025-04-26 11:00:00,9.20,49,4.90,,0.00,16.00,8
2025-04-26 12:00:00,9.50,46,5.70,,0.00,15.10,359
2025-04-26 13:00:00,9.70,42,5.70,,0.00,14.60,350
2025-04-26 14:00:00,9.60,39,4.90,,0.00,14.80,342
2025-04-26 15:00:00,9.70,35,4.70,,0.00,15.00,339
2025-04-26 16:00:00,9.90,31,4.70,,0.00,15.40,339
2025-04-26 17:00:00,9.30,32,4.10,,0.00,15.70,344
2025-04-26 18:00:00,8.70,32,3.70,,0.00,13.70,342
2025-04-26 19:00:00,7.80,32,2.90,,0.00,12.80,344
2025-04-26 20:00:00,6.70,34,1.80,,0.00,12.60,347
2025-04-26 21:00:00,5.80,42,1.70,,0.00,8.60,345
2025-04-26 22:00:00,4.70,48,0.90,,0.00,6.60,338
2025-04-26 23:00:00,3.70,54,0.20,,0.00,5.20,326
2025-04-27 00:00:00,2.80,57,-0.90,,0.00,6.60,319
2025-04-27 01:00:00,2.00,60,-1.70,,0.00,6.10,320
2025-04-27 02:00:00,1.40,63,-2.20,,0.00,5.60,310
2025-04-27 03:00:00,0.70,66,-3.00,,0.00,6.10,310
2025-04-27 04:00:00,0.40,68,-3.40,,0.00,7.40,317
2025-04-27 05:00:00,0.30,73,-3.60,,0.00,8.30,326
2025-04-27 06:00:00,0.10,78,-3.90,,0.00,9.70,329
2025-04-27 07:00:00,0.80,77,-3.30,,0.00,11.30,329
2025-04-27 08:00:00,2.30,69,-2.10,,0.00,12.90,337
2025-04-27 09:00:00,3.60,62,-1.30,,0.00,16.20,339
2025-04-27 10:00:00,4.60,52,-0.60,,0.00,17.10,335
2025-04-27 11:00:00,5.40,46,-0.10,,0.00,18.10,337
2025-04-27 12:00:00,5.80,44,0.50,,0.00,17.10,335
2025-04-27 13:00:00,6.20,41,0.90,,0.00,17.70,336
2025-04-27 14:00:00,6.70,39,1.10,,0.00,18.70,337
2025-04-27 15:00:00,6.60,34,0.90,,0.00,17.80,339
2025-04-27 16:00:00,6.90,32,1.20,,0.00,17.80,339
2025-04-27 17:00:00,7.00,31,1.30,,0.00,17.20,340
2025-04-27 18:00:00,6.70,32,1.30,,0.00,14.90,345
2025-04-27 19:00:00,5.90,34,0.90,,0.00,12.70,345
2025-04-27 20:00:00,4.60,39,0.30,,0.00,8.00,342
2025-04-27 21:00:00,3.30,48,-0.20,,0.00,4.00,350
2025-04-27 22:00:00,2.70,50,-0.80,,0.00,3.30,347
2025-04-27 23:00:00,2.20,51,-1.30,,0.00,3.00,346
2025-04-28 00:00:00,0.30,63,-3.00,,0.00,2.90,330
2025-04-28 01:00:00,0.00,61,-3.30,,0.00,2.30,321
2025-04-28 02:00:00,-0.40,62,-3.70,,0.00,2.30,309
2025-04-28 03:00:00,-0.80,68,-4.10,,0.00,2.30,321
2025-04-28 04:00:00,-1.10,68,-4.40,,0.00,2.30,309
2025-04-28 05:00:00,-1.40,70,-4.70,,0.00,2.90,277
2025-04-28 06:00:00,-1.70,74,-5.00,,0.00,2.90,277
2025-04-28 07:00:00,-0.50,74,-3.70,,0.00,2.90,277
2025-04-28 08:00:00,2.40,67,-0.70,,0.00,3.30,276
2025-04-28 09:00:00,5.90,47,2.20,,0.00,6.20,260
2025-04-28 10:00:00,7.50,41,3.60,,0.00,8.60,272
2025-04-28 11:00:00,8.80,37,5.60,,0.00,8.40,277
2025-04-28 12:00:00,9.90,32,7.00,,0.00,8.50,282
2025-04-28 13:00:00,10.80,32,8.20,,0.00,9.00,272
2025-04-28 14:00:00,11.50,31,8.60,,0.00,9.70,268
2025-04-28 15:00:00,12.90,26,9.50,,0.00,9.80,262
2025-04-28 16:00:00,13.00,26,9.10,,0.00,10.20,260
2025-04-28 17:00:00,13.00,27,8.70,,0.00,10.20,262
2025-04-28 18:00:00,13.10,27,9.00,,0.00,8.60,268
2025-04-28 19:00:00,12.00,31,8.50,,0.00,5.20,258
2025-04-28 20:00:00,10.60,39,7.60,,0.00,3.20,243
2025-04-28 21:00:00,9.60,43,6.60,,0.00,3.30,229
2025-04-28 22:00:00,8.70,42,5.80,,0.00,2.40,207
2025-04-28 23:00:00,8.20,42,5.10,,0.00,3.00,194
2025-04-29 00:00:00,7.20,48,4.10,,0.00,3.70,191
2025-04-29 01:00:00,6.40,52,3.30,,0.00,4.00,180
2025-04-29 02:00:00,5.70,55,2.60,,0.00,4.00,175
2025-04-29 03:00:00,5.00,62,2.00,,0.00,4.70,184
2025-04-29 04:00:00,4.50,63,1.40,,0.00,4.70,189
2025-04-29 05:00:00,4.60,63,1.50,,0.00,5.10,188
2025-04-29 06:00:00,4.80,62,1.70,,0.00,4.80,193
2025-04-29 07:00:00,5.70,62,2.50,,0.00,6.20,201
2025-04-29 08:00:00,7.40,59,4.20,,0.00,7.40,203
2025-04-29 09:00:00,9.90,52,6.60,,0.00,8.20,218
2025-04-29 10:00:00,12.80,46,9.40,,0.00,10.20,219
2025-04-29 11:00:00,14.90,38,10.70,,0.00,15.00,235
2025-04-29 12:00:00,16.70,32,12.40,,0.00,17.20,244
2025-04-29 13:00:00,17.30,31,13.10,,0.00,17.90,242
2025-04-29 14:00:00,17.60,34,13.20,,0.00,17.70,241
2025-04-29 15:00:00,18.00,28,13.00,,0.00,18.60,248
2025-04-29 16:00:00,17.60,30,12.90,,0.00,17.10,252
2025-04-29 17:00:00,17.20,31,12.90,,0.00,15.00,260
2025-04-29 18:00:00,17.10,30,12.60,,0.00,15.30,278
2025-04-29 19:00:00,14.80,39,10.90,,0.20,13.30,289
2025-04-29 20:00:00,11.90,63,9.80,,0.80,6.20,291
2025-04-29 21:00:00,12.50,59,10.60,,0.30,3.70,259
2025-04-29 22:00:00,11.70,62,9.70,,0.00,4.70,247
2025-04-29 23:00:00,10.80,64,8.60,,0.00,5.50,238
2025-04-30 00:00:00,10.90,57,8.30,,0.00,5.80,248
2025-04-30 01:00:00,10.00,61,7.40,,0.00,6.20,260
2025-04-30 02:00:00,9.60,61,7.10,,0.00,5.40,270
2025-04-30 03:00:00,9.20,64,6.80,,0.00,4.50,284
2025-04-30 04:00:00,8.40,69,6.20,,0.00,4.10,285
2025-04-30 05:00:00,8.00,73,5.80,,0.00,4.30,294
2025-04-30 06:00:00,8.00,78,5.90,,0.00,5.10,309
2025-04-30 07:00:00,9.10,76,7.40,,0.00,3.30,311
2025-04-30 08:00:00,10.50,72,8.40,,0.00,6.70,306
2025-04-30 09:00:00,11.80,66,9.80,,0.00,6.10,310
2025-04-30 10:00:00,13.60,57,11.30,,0.00,7.40,313
2025-04-30 11:00:00,14.80,47,11.80,,0.00,10.10,297
2025-04-30 12:00:00,15.80,40,12.30,,0.00,12.70,295
2025-04-30 13:00:00,16.90,38,13.90,,0.00,11.90,299
2025-04-30 14:00:00,17.50,30,14.00,,0.00,13.80,303
2025-04-30 15:00:00,18.20,28,14.60,,0.00,12.60,297
2025-04-30 16:00:00,17.80,28,13.80,,0.00,11.80,301
2025-04-30 17:00:00,17.40,29,13.30,,0.00,12.30,308
2025-04-30 18:00:00,17.10,31,13.60,,0.00,9.20,309
2025-04-30 19:00:00,15.80,34,12.50,,0.00,8.10,315
2025-04-30 20:00:00,13.70,41,11.00,,0.00,4.10,322
2025-04-30 21:00:00,12.20,50,10.20,,0.00,1.60,333
2025-04-30 22:00:00,11.20,51,9.20,,0.00,0.80,243
2025-04-30 23:00:00,10.20,54,8.00,,0.00,1.80,169
2025-05-01 00:00:00,8.70,62,6.60,,0.00,2.30,162
2025-05-01 01:00:00,8.60,61,6.20,,0.00,3.60,180
2025-05-01 02:00:00,8.20,63,5.60,,0.00,5.00,180
2025-05-01 03:00:00,8.40,64,5.80,,0.00,5.00,180
2025-05-01 04:00:00,8.30,64,5.70,,0.00,5.80,187
2025-05-01 05:00:00,7.80,67,5.00,,0.00,7.30,191
2025-05-01 06:00:00,7.70,67,4.60,,0.00,8.80,192
2025-05-01 07:00:00,8.90,64,5.90,,0.00,9.00,203
2025-05-01 08:00:00,10.10,63,7.10,,0.00,9.90,213
2025-05-01 09:00:00,11.60,56,8.30,,0.00,11.40,259
2025-05-01 10:00:00,10.20,73,7.80,,1.10,8.80,258
2025-05-01 11:00:00,11.10,74,8.30,,0.20,12.80,254
2025-05-01 12:00:00,13.00,59,9.90,,0.00,13.00,246
2025-05-01 13:00:00,13.70,48,9.10,,0.00,20.30,283
2025-05-01 14:00:00,13.70,46,9.10,,0.00,21.40,295
2025-05-01 15:00:00,13.80,43,9.30,,0.00,19.60,296
2025-05-01 16:00:00,13.60,45,9.00,,0.00,18.90,305
2025-05-01 17:00:00,12.90,45,8.10,,0.00,19.50,309
2025-05-01 18:00:00,11.70,51,7.30,,0.00,17.60,319
2025-05-01 19:00:00,9.50,53,4.80,,0.00,18.40,325
2025-05-01 20:00:00,8.20,52,3.60,,0.00,15.30,330
2025-05-01 21:00:00,7.20,57,3.10,,0.00,13.00,326
2025-05-01 22:00:00,6.40,62,2.70,,0.00,10.20,315
2025-05-01 23:00:00,5.90,65,2.30,,0.00,9.40,310
2025-05-02 00:00:00,5.80,63,2.00,,0.00,10.40,316
2025-05-02 01:00:00,4.80,65,0.90,,0.00,10.70,315
2025-05-02 02:00:00,3.70,67,-0.30,,0.00,10.90,326
2025-05-02 03:00:00,2.90,68,-0.80,,0.00,8.30,326
2025-05-02 04:00:00,2.00,71,-1.70,,0.00,8.00,324
2025-05-02 05:00:00,1.20,73,-2.50,,0.00,7.70,319
2025-05-02 06:00:00,1.10,69,-2.70,,0.00,7.20,307
2025-05-02 07:00:00,2.70,65,-1.30,,0.00,9.20,309
2025-05-02 08:00:00,5.10,56,1.10,,0.00,9.70,315
2025-05-02 09:00:00,7.50,43,3.00,,0.00,11.80,329
2025-05-02 10:00:00,9.40,37,4.90,,0.00,13.00,332
2025-05-02 11:00:00,10.70,32,6.80,,0.00,13.50,331
2025-05-02 12:00:00,11.60,31,8.10,,0.00,14.10,322
2025-05-02 13:00:00,12.70,27,9.30,,0.00,14.30,317
2025-05-02 14:00:00,13.40,25,9.90,,0.00,14.30,315
2025-05-02 15:00:00,14.20,25,10.90,,0.00,12.00,316
2025-05-02 16:00:00,14.40,25,10.60,,0.00,10.90,316
2025-05-02 17:00:00,14.20,27,10.10,,0.00,9.70,312
2025-05-02 18:00:00,14.10,28,10.10,,0.00,8.90,310
2025-05-02 19:00:00,13.10,29,9.40,,0.00,6.20,306
2025-05-02 20:00:00,11.10,37,8.10,,0.00,3.10,291
2025-05-02 21:00:00,9.80,41,7.00,,0.00,1.80,270
2025-05-02 22:00:00,8.80,41,5.90,,0.00,1.60,207
2025-05-02 23:00:00,7.80,42,4.80,,0.00,2.20,180
2025-05-03 00:00:00,6.40,50,3.40,,0.00,2.90,180
2025-05-03 01:00:00,6.10,48,2.90,,0.00,3.60,186
2025-05-03 02:00:00,5.50,51,2.20,,0.00,4.30,175
2025-05-03 03:00:00,4.10,58,0.80,,0.00,4.70,180
2025-05-03 04:00:00,4.10,56,0.60,,0.00,5.40,180
2025-05-03 05:00:00,3.80,58,0.20,,0.00,6.50,180
2025-05-03 06:00:00,4.40,55,0.60,,0.00,7.60,183
2025-05-03 07:00:00,5.80,50,1.60,,0.00,10.10,184
2025-05-03 08:00:00,8.00,50,4.00,,0.00,11.20,184
2025-05-03 09:00:00,12.00,41,7.90,,0.00,12.40,188
2025-05-03 10:00:00,14.10,41,10.10,,0.00,14.10,193
2025-05-03 11:00:00,15.80,41,11.90,,0.00,14.90,195
2025-05-03 12:00:00,17.80,38,14.10,,0.10,14.80,209
2025-05-03 13:00:00,17.80,41,14.70,,0.20,12.00,224
2025-05-03 14:00:00,19.00,40,15.70,,0.00,14.00,224
2025-05-03 15:00:00,18.30,44,15.20,,0.10,14.00,228
2025-05-03 16:00:00,16.10,63,14.00,,0.60,12.60,233
2025-05-03 17:00:00,16.20,69,15.10,,0.50,8.10,201
2025-05-03 18:00:00,15.80,74,15.20,,0.00,6.60,189
2025-05-03 19:00:00,15.70,76,15.20,,0.00,6.60,189
2025-05-03 20:00:00,14.70,79,14.00,,0.00,7.10,195
2025-05-03 21:00:00,14.10,80,13.20,,0.00,7.20,207
2025-05-03 22:00:00,13.90,83,13.20,,0.00,6.70,216
2025-05-03 23:00:00,13.20,88,12.50,,0.00,6.90,227
2025-05-04 00:00:00,12.60,88,12.00,,0.00,5.60,230
2025-05-04 01:00:00,12.10,90,11.50,,0.00,5.40,228
2025-05-04 02:00:00,11.60,92,11.00,,0.00,4.60,219
2025-05-04 03:00:00,11.00,94,10.40,,0.00,4.00,207
2025-05-04 04:00:00,11.00,93,10.40,,0.00,3.80,197
2025-05-04 05:00:00,10.70,93,10.10,,0.00,3.70,169
2025-05-04 06:00:00,10.60,94,9.80,,0.00,4.70,180
2025-05-04 07:00:00,12.10,92,11.40,,0.00,6.10,177
2025-05-04 08:00:00,13.90,86,13.10,,0.00,9.00,185
2025-05-04 09:00:00,15.60,81,14.90,,0.00,9.40,187
2025-05-04 10:00:00,17.60,75,16.90,,0.00,11.20,182
2025-05-04 11:00:00,19.60,64,18.60,,0.00,14.20,189
2025-05-04 12:00:00,19.70,61,18.00,,0.10,15.30,210
2025-05-04 13:00:00,19.90,61,19.10,,0.20,10.00,193
2025-05-04 14:00:00,21.70,52,20.20,,0.00,13.60,191
2025-05-04 15:00:00,22.60,49,20.90,,0.00,14.40,212
2025-05-04 16:00:00,21.00,59,20.60,,0.10,8.90,212
2025-05-04 17:00:00,22.70,53,22.10,,0.00,9.70,202
2025-05-04 18:00:00,21.90,51,21.30,,0.30,6.90,227
2025-05-04 19:00:00,20.10,61,20.20,,0.10,4.60,225
2025-05-04 20:00:00,18.10,75,17.50,,0.40,11.70,227
2025-05-04 21:00:00,17.00,82,16.90,,0.40,8.90,238
2025-05-04 22:00:00,16.30,85,16.20,,0.10,8.40,223
2025-05-04 23:00:00,15.40,91,15.60,,0.00,7.40,227
2025-05-05 00:00:00,14.80,92,14.90,,0.00,6.90,227
2025-05-05 01:00:00,14.30,94,14.50,,0.00,5.70,235
2025-05-05 02:00:00,13.60,95,13.70,,0.00,5.80,266
2025-05-05 03:00:00,13.50,95,13.40,,0.00,6.20,306
2025-05-05 04:00:00,12.80,76,11.30,,0.00,7.90,336
2025-05-05 05:00:00,12.00,72,10.20,,0.00,7.20,342
2025-05-05 06:00:00,11.10,70,9.10,,0.00,6.70,344
2025-05-05 07:00:00,11.00,72,9.10,,0.00,5.80,353
2025-05-05 08:00:00,10.90,72,9.20,,0.00,4.70,351
2025-05-05 09:00:00,11.30,69,9.50,,0.00,5.00,360
2025-05-05 10:00:00,11.70,66,9.80,,0.00,5.60,345
2025-05-05 11:00:00,12.10,66,10.50,,0.00,3.70,331
2025-05-05 12:00:00,13.10,61,11.50,,0.00,3.60,270
2025-05-05 13:00:00,14.00,59,12.30,,0.00,5.20,254
2025-05-05 14:00:00,14.60,57,12.70,,0.00,6.40,254
2025-05-05 15:00:00,14.80,58,12.90,,0.00,7.10,255
2025-05-05 16:00:00,14.70,56,12.60,,0.00,7.40,241
2025-05-05 17:00:00,14.50,60,12.50,,0.00,7.60,225
2025-05-05 18:00:00,14.30,60,12.40,,0.00,6.60,229
2025-05-05 19:00:00,13.80,63,12.10,,0.00,6.10,220
2025-05-05 20:00:00,12.70,72,11.10,,0.00,6.40,218
2025-05-05 21:00:00,11.80,76,10.60,,0.00,4.50,256
2025-05-05 22:00:00,11.40,62,9.20,,0.00,5.90,313
2025-05-05 23:00:00,10.50,64,7.20,,0.00,12.70,352
2025-05-06 00:00:00,9.20,67,5.90,,0.00,11.90,355
2025-05-06 01:00:00,8.00,72,5.10,,0.00,9.40,4
2025-05-06 02:00:00,6.80,77,3.80,,0.00,9.40,7
2025-05-06 03:00:00,5.50,78,2.40,,0.00,8.70,7
2025-05-06 04:00:00,4.60,79,1.50,,0.00,8.10,13
2025-05-06 05:00:00,3.60,78,0.50,,0.00,7.20,18
2025-05-06 06:00:00,3.00,78,-0.20,,0.00,6.80,25
2025-05-06 07:00:00,4.10,73,0.80,,0.00,7.70,37
2025-05-06 08:00:00,5.60,63,1.90,,0.00,9.70,51
2025-05-06 09:00:00,7.50,52,3.70,,0.00,9.90,57
2025-05-06 10:00:00,8.90,46,5.20,,0.00,9.10,56
2025-05-06 11:00:00,10.20,42,7.00,,0.00,7.60,59
2025-05-06 12:00:00,11.00,42,8.70,,0.00,5.00,60
2025-05-06 13:00:00,11.70,39,9.20,,0.00,3.00,76
2025-05-06 14:00:00,12.30,37,10.00,,0.00,0.40,180
2025-05-06 15:00:00,13.60,36,11.10,,0.00,1.60,153
2025-05-06 16:00:00,13.80,37,11.10,,0.00,3.30,186
2025-05-06 17:00:00,13.60,39,10.70,,0.00,5.10,188
2025-05-06 18:00:00,13.20,41,10.60,,0.00,3.90,202
2025-05-06 19:00:00,12.60,50,10.50,,0.00,2.30,219
2025-05-06 20:00:00,12.00,56,10.30,,0.00,1.10,252
2025-05-06 21:00:00,11.50,53,9.60,,0.00,0.80,297
2025-05-06 22:00:00,11.10,55,9.00,,0.00,2.40,297
2025-05-06 23:00:00,10.70,54,8.50,,0.00,2.30,321
2025-05-07 00:00:00,9.90,64,8.10,,0.00,1.80,323
2025-05-07 01:00:00,9.30,65,7.30,,0.20,2.60,304
2025-05-07 02:00:00,8.40,73,6.50,,0.50,3.20,297
2025-05-07 03:00:00,8.10,82,6.50,,1.10,2.50,278
2025-05-07 04:00:00,7.70,84,6.30,,0.60,1.60,207
2025-05-07 05:00:00,7.40,86,5.90,,0.20,2.00,225
2025-05-07 06:00:00,7.40,89,5.90,,0.10,2.50,262
2025-05-07 07:00:00,7.90,87,6.30,,0.00,4.30,275
2025-05-07 08:00:00,8.60,83,6.80,,0.00,5.70,288
2025-05-07 09:00:00,10.00,70,7.90,,0.10,5.60,297
2025-05-07 10:00:00,11.40,62,9.20,,0.00,6.00,327
2025-05-07 11:00:00,12.90,51,10.90,,0.00,6.10,332
2025-05-07 12:00:00,13.50,48,12.20,,0.00,6.90,317
2025-05-07 13:00:00,14.30,45,13.10,,0.00,7.40,317
2025-05-07 14:00:00,14.90,40,13.10,,0.00,8.20,319
2025-05-07 15:00:00,15.90,35,13.50,,0.00,7.90,321
2025-05-07 16:00:00,15.70,35,12.70,,0.00,8.60,327
2025-05-07 17:00:00,15.20,35,11.70,,0.00,9.70,333
2025-05-07 18:00:00,14.60,35,11.00,,0.00,9.70,338
2025-05-07 19:00:00,13.70,37,10.20,,0.00,8.10,339
2025-05-07 20:00:00,12.20,46,9.90,,0.00,2.10,329
2025-05-07 21:00:00,11.20,45,8.00,,0.00,6.90,332
2025-05-07 22:00:00,9.60,44,6.20,,0.00,6.20,339
2025-05-07 23:00:00,8.60,47,5.10,,0.00,7.60,341
2025-05-08 00:00:00,7.40,55,4.10,,0.00,7.40,337
2025-05-08 01:00:00,6.50,61,3.10,,0.00,8.10,339
2025-05-08 02:00:00,5.70,68,2.30,,0.00,9.00,337
2025-05-08 03:00:00,4.80,71,1.30,,0.00,9.00,344
2025-05-08 04:00:00,4.10,74,0.60,,0.00,9.00,344
2025-05-08 05:00:00,3.40,77,0.00,,0.00,8.10,347
2025-05-08 06:00:00,3.00,79,-0.20,,0.00,7.30,340
2025-05-08 07:00:00,4.40,76,1.10,,0.00,8.10,347
2025-05-08 08:00:00,6.20,69,2.80,,0.00,9.50,351
2025-05-08 09:00:00,8.20,65,5.10,,0.00,8.60,345
2025-05-08 10:00:00,9.70,56,6.80,,0.00,8.60,338
2025-05-08 11:00:00,10.60,49,8.00,,0.00,9.20,329
2025-05-08 12:00:00,10.80,47,8.10,,0.00,9.80,343
2025-05-08 13:00:00,11.30,43,8.40,,0.00,9.10,342
2025-05-08 14:00:00,11.90,41,8.80,,0.00,8.40,340
2025-05-08 15:00:00,12.20,39,8.70,,0.00,7.80,338
2025-05-08 16:00:00,12.00,40,8.60,,0.00,7.60,335
2025-05-08 17:00:00,11.80,41,8.40,,0.00,7.40,331
2025-05-08 18:00:00,11.20,40,7.60,,0.00,8.20,331
2025-05-08 19:00:00,10.70,40,7.10,,0.00,7.90,336
2025-05-08 20:00:00,9.40,46,6.20,,0.00,5.50,337
2025-05-08 21:00:00,8.60,49,5.50,,0.00,5.10,352
2025-05-08 22:00:00,7.70,51,4.50,,0.00,5.50,349
2025-05-08 23:00:00,7.10,52,3.60,,0.00,6.80,342
2025-05-09 00:00:00,6.50,54,2.90,,0.00,8.00,350
2025-05-09 01:00:00,6.00,56,2.50,,0.00,7.30,9
2025-05-09 02:00:00,5.40,59,2.00,,0.00,6.90,9
2025-05-09 03:00:00,4.90,61,1.50,,0.00,6.50,19
2025-05-09 04:00:00,4.70,62,1.50,,0.00,5.00,21
2025-05-09 05:00:00,4.40,63,1.50,,0.00,3.40,18
2025-05-09 06:00:00,4.20,69,1.60,,0.00,2.50,352
2025-05-09 07:00:00,5.20,65,2.20,,0.00,5.10,8
2025-05-09 08:00:00,6.40,59,2.90,,0.00,8.30,18
2025-05-09 09:00:00,7.50,50,3.70,,0.00,9.40,18
2025-05-09 10:00:00,9.00,45,5.00,,0.00,10.60,18
2025-05-09 11:00:00,10.10,41,6.70,,0.00,10.40,14
2025-05-09 12:00:00,10.30,40,7.20,,0.00,9.00,5
2025-05-09 13:00:00,10.40,39,6.50,,0.00,8.80,9
2025-05-09 14:00:00,10.30,38,6.40,,0.00,8.70,17
2025-05-09 15:00:00,10.70,38,7.00,,0.00,7.80,22
2025-05-09 16:00:00,10.50,39,6.80,,0.00,7.70,11
2025-05-09 17:00:00,10.60,41,7.10,,0.00,7.30,11
2025-05-09 18:00:00,10.50,40,7.20,,0.00,5.40,8
2025-05-09 19:00:00,10.10,39,6.60,,0.00,5.80,7
2025-05-09 20:00:00,8.60,48,5.70,,0.00,4.00,360
2025-05-09 21:00:00,7.40,50,4.40,,0.00,3.80,343
2025-05-09 22:00:00,6.80,52,4.00,,0.00,2.70,337
2025-05-09 23:00:00,6.80,50,3.70,,0.00,3.30,311
2025-05-10 00:00:00,6.90,51,3.90,,0.00,3.40,302
2025-05-10 01:00:00,6.50,53,3.40,,0.00,4.00,297
2025-05-10 02:00:00,5.80,55,2.60,,0.00,4.40,305
2025-05-10 03:00:00,5.80,55,2.70,,0.00,4.10,308
2025-05-10 04:00:00,5.20,58,2.20,,0.00,3.90,304
2025-05-10 05:00:00,4.80,60,1.80,,0.00,4.10,308
2025-05-10 06:00:00,4.80,61,1.20,,0.00,7.60,315
2025-05-10 07:00:00,5.60,64,2.20,,0.10,8.00,324
2025-05-10 08:00:00,7.10,64,3.90,,0.00,8.10,339
2025-05-10 09:00:00,8.60,57,5.40,,0.00,7.60,329
2025-05-10 10:00:00,9.20,58,6.20,,0.10,7.90,300
2025-05-10 11:00:00,9.40,57,6.30,,0.20,8.40,295
2025-05-10 12:00:00,10.50,48,7.50,,0.00,9.70,297
2025-05-10 13:00:00,10.90,52,8.20,,0.10,10.10,297
2025-05-10 14:00:00,10.90,53,8.00,,0.30,9.50,299
2025-05-10 15:00:00,10.60,55,7.20,,0.40,10.70,303
2025-05-10 16:00:00,10.20,58,7.10,,0.20,9.10,304
2025-05-10 17:00:00,9.90,57,6.90,,0.10,8.10,302
2025-05-10 18:00:00,9.30,65,6.70,,0.10,6.60,292
2025-05-10 19:00:00,9.00,65,6.50,,0.20,5.40,290
2025-05-10 20:00:00,7.90,69,5.50,,0.10,4.50,299
2025-05-10 21:00:00,6.70,77,4.60,,0.00,2.80,310
2025-05-10 22:00:00,5.90,77,3.70,,0.00,2.80,320
2025-05-10 23:00:00,5.40,79,3.20,,0.00,2.60,326
2025-05-11 00:00:00,4.70,83,2.40,,0.00,2.90,330
2025-05-11 01:00:00,4.50,85,2.40,,0.00,2.60,326
2025-05-11 02:00:00,4.50,86,2.40,,0.00,2.40,333
2025-05-11 03:00:00,4.10,86,2.00,,0.00,2.00,315
2025-05-11 04:00:00,3.90,86,1.70,,0.00,2.30,321
2025-05-11 05:00:00,3.40,87,1.10,,0.00,3.10,339
2025-05-11 06:00:00,3.20,88,0.90,,0.00,2.90,353
2025-05-11 07:00:00,4.40,86,2.30,,0.00,2.50,360
2025-05-11 08:00:00,6.50,78,4.30,,0.00,4.40,9
2025-05-11 09:00:00,8.60,68,6.20,,0.00,4.90,17
2025-05-11 10:00:00,9.40,64,6.70,,0.10,6.70,16
2025-05-11 11:00:00,10.90,48,7.90,,0.00,8.30,355
2025-05-11 12:00:00,11.60,42,8.50,,0.00,9.90,341
2025-05-11 13:00:00,11.80,38,8.50,,0.00,9.50,331
2025-05-11 14:00:00,12.10,36,8.10,,0.00,10.20,328
2025-05-11 15:00:00,12.70,34,8.70,,0.00,10.30,331
2025-05-11 16:00:00,12.70,36,9.20,,0.00,9.30,332
2025-05-11 17:00:00,12.50,35,8.70,,0.00,9.00,331
2025-05-11 18:00:00,12.20,35,8.70,,0.00,7.00,339
2025-05-11 19:00:00,11.30,37,7.90,,0.00,6.40,344
2025-05-11 20:00:00,9.60,47,6.80,,0.00,3.40,342
2025-05-11 21:00:00,8.60,51,6.00,,0.00,1.80,360
2025-05-11 22:00:00,7.70,51,5.10,,0.00,1.80,11
2025-05-11 23:00:00,7.00,52,4.30,,0.00,1.80,360
2025-05-12 00:00:00,6.00,59,3.30,,0.00,2.20,351
2025-05-12 01:00:00,5.50,60,2.80,,0.00,1.80,349
2025-05-12 02:00:00,4.90,62,2.20,,0.00,1.80,349
2025-05-12 03:00:00,4.10,67,1.40,,0.00,1.80,349
2025-05-12 04:00:00,3.60,68,1.00,,0.00,1.80,349
2025-05-12 05:00:00,3.20,70,0.50,,0.00,1.80,349
2025-05-12 06:00:00,3.30,72,0.60,,0.00,2.40,333
2025-05-12 07:00:00,4.80,72,2.40,,0.00,2.40,333
2025-05-12 08:00:00,7.60,66,5.10,,0.00,4.30,336
2025-05-12 09:00:00,9.80,52,7.00,,0.00,5.30,332
2025-05-12 10:00:00,10.90,44,7.90,,0.00,7.40,321
2025-05-12 11:00:00,11.40,41,8.40,,0.00,8.10,315
2025-05-12 12:00:00,11.70,39,8.40,,0.00,8.90,310
2025-05-12 13:00:00,12.10,37,8.40,,0.00,8.70,300
2025-05-12 14:00:00,12.10,36,8.20,,0.00,9.20,301
2025-05-12 15:00:00,12.40,34,8.60,,0.00,8.40,301
2025-05-12 16:00:00,12.40,35,8.50,,0.00,9.00,307
2025-05-12 17:00:00,12.00,37,8.20,,0.00,9.20,301
2025-05-12 18:00:00,11.50,40,7.80,,0.00,9.20,318
2025-05-12 19:00:00,10.60,42,7.00,,0.00,8.50,324
2025-05-12 20:00:00,8.90,52,6.10,,0.00,4.60,321
2025-05-12 21:00:00,7.50,61,4.90,,0.00,3.70,331
2025-05-12 22:00:00,6.90,66,4.50,,0.00,3.10,324
2025-05-12 23:00:00,6.30,70,3.80,,0.00,3.50,294
2025-05-13 00:00:00,5.60,77,3.40,,0.00,2.90,300
2025-05-13 01:00:00,5.00,78,2.60,,0.00,3.30,311
2025-05-13 02:00:00,4.60,83,2.20,,0.00,3.80,311
2025-05-13 03:00:00,4.50,90,2.50,,0.10,2.40,333
2025-05-13 04:00:00,4.10,92,1.90,,0.00,3.30,311
2025-05-13 05:00:00,4.00,94,1.80,,0.00,3.60,307
2025-05-13 06:00:00,4.60,94,2.60,,0.00,3.60,307
2025-05-13 07:00:00,5.80,91,3.60,,0.00,5.90,317
2025-05-13 08:00:00,7.20,85,5.00,,0.00,6.40,322
2025-05-13 09:00:00,8.20,74,5.60,,0.00,7.70,332
2025-05-13 10:00:00,9.40,65,6.50,,0.00,9.00,331
2025-05-13 11:00:00,9.90,62,6.70,,0.00,11.10,324
2025-05-13 12:00:00,10.60,61,7.70,,0.20,10.50,329
2025-05-13 13:00:00,11.30,60,8.90,,0.10,10.30,331
2025-05-13 14:00:00,11.70,59,9.30,,0.10,10.00,334
2025-05-13 15:00:00,14.10,39,11.40,,0.00,8.90,333
2025-05-13 16:00:00,14.10,35,10.40,,0.00,9.70,333
2025-05-13 17:00:00,14.10,34,10.20,,0.00,10.00,330
2025-05-13 18:00:00,13.50,35,9.70,,0.00,9.90,316
2025-05-13 19:00:00,12.60,40,9.00,,0.00,8.90,317
2025-05-13 20:00:00,10.90,49,7.90,,0.00,6.20,306
2025-05-13 21:00:00,9.10,56,6.20,,0.00,6.40,308
2025-05-13 22:00:00,7.70,68,5.40,,0.00,4.10,315
2025-05-13 23:00:00,6.90,74,4.70,,0.00,3.30,319
2025-05-14 00:00:00,6.50,77,4.30,,0.00,3.30,319
2025-05-14 01:00:00,6.00,79,3.90,,0.00,2.80,320
2025-05-14 02:00:00,5.60,81,3.50,,0.00,2.90,300
2025-05-14 03:00:00,5.40,82,3.20,,0.00,3.30,283
2025-05-14 04:00:00,4.60,85,2.30,,0.00,3.70,281
2025-05-14 05:00:00,4.00,89,1.70,,0.00,3.80,287
2025-05-14 06:00:00,3.80,91,1.50,,0.00,3.90,292
2025-05-14 07:00:00,5.90,88,3.90,,0.00,3.80,287
2025-05-14 08:00:00,8.40,78,6.30,,0.00,5.40,278
2025-05-14 09:00:00,10.90,67,8.80,,0.00,6.10,270
2025-05-14 10:00:00,12.30,61,9.90,,0.30,7.90,267
2025-05-14 11:00:00,13.20,55,11.00,,0.00,8.90,297
2025-05-14 12:00:00,14.00,43,10.90,,0.00,7.90,309
2025-05-14 13:00:00,13.80,45,11.00,,0.00,7.30,290
2025-05-14 14:00:00,12.80,57,10.00,,0.50,10.20,302
2025-05-14 15:00:00,14.30,47,11.20,,0.20,10.20,262
2025-05-14 16:00:00,14.60,42,11.70,,0.00,9.80,264
2025-05-14 17:00:00,14.30,41,11.00,,0.00,9.40,268
2025-05-14 18:00:00,14.30,39,11.10,,0.00,8.00,265
2025-05-14 19:00:00,13.70,41,10.70,,0.00,6.30,239
2025-05-14 20:00:00,11.90,52,9.50,,0.00,4.00,175
2025-05-14 21:00:00,10.50,54,7.90,,0.00,4.70,171
2025-05-14 22:00:00,9.30,58,6.60,,0.00,5.50,169
2025-05-14 23:00:00,8.40,63,5.60,,0.00,7.00,168
2025-05-15 00:00:00,8.00,66,5.00,,0.00,8.30,175
2025-05-15 01:00:00,7.70,66,4.60,,0.00,8.80,171
2025-05-15 02:00:00,7.30,68,4.10,,0.00,9.30,164
2025-05-15 03:00:00,7.00,72,4.00,,0.00,8.60,158
2025-05-15 04:00:00,6.70,74,3.70,,0.00,8.70,163
2025-05-15 05:00:00,6.60,75,3.40,,0.00,9.70,158
2025-05-15 06:00:00,7.20,74,4.10,,0.00,9.80,163
2025-05-15 07:00:00,8.80,71,5.70,,0.00,10.70,166
2025-05-15 08:00:00,11.00,66,8.00,,0.00,12.00,173
2025-05-15 09:00:00,12.10,67,9.10,,0.00,14.00,181
2025-05-15 10:00:00,12.10,74,8.60,,0.20,19.30,201
2025-05-15 11:00:00,12.20,76,9.10,,0.30,18.10,201
2025-05-15 12:00:00,12.30,77,9.60,,0.10,16.10,200
2025-05-15 13:00:00,13.10,75,10.60,,0.10,14.50,199
2025-05-15 14:00:00,14.60,70,12.00,,0.20,16.00,194
2025-05-15 15:00:00,15.40,65,12.80,,0.10,15.30,188
2025-05-15 16:00:00,15.60,64,13.00,,0.20,15.70,189
2025-05-15 17:00:00,14.20,78,12.50,,1.10,12.30,187
2025-05-15 18:00:00,14.70,71,12.80,,0.20,12.60,177
2025-05-15 19:00:00,14.70,68,12.80,,0.00,10.40,180
2025-05-15 20:00:00,13.90,69,12.60,,0.00,6.30,149
2025-05-15 21:00:00,13.40,72,12.00,,0.00,6.60,151
2025-05-15 22:00:00,12.80,74,11.10,,0.30,8.70,150
2025-05-15 23:00:00,12.40,72,10.50,,0.10,9.00,157
2025-05-16 00:00:00,11.80,79,10.50,,0.10,5.80,184
2025-05-16 01:00:00,11.70,79,9.80,,0.00,9.20,149
2025-05-16 02:00:00,11.80,77,9.50,,0.00,11.70,162
2025-05-16 03:00:00,11.10,82,9.30,,0.00,9.20,154
2025-05-16 04:00:00,11.00,79,8.70,,0.00,11.30,158
2025-05-16 05:00:00,10.70,82,8.60,,0.00,10.40,166
2025-05-16 06:00:00,10.70,84,8.60,,0.00,10.80,165
2025-05-16 07:00:00,11.20,83,9.10,,0.00,11.50,166
2025-05-16 08:00:00,11.90,79,9.60,,0.00,13.10,171
2025-05-16 09:00:00,12.50,77,9.90,,0.00,14.80,177
2025-05-16 10:00:00,13.10,72,10.40,,0.00,14.80,183
2025-05-16 11:00:00,14.10,67,11.50,,0.00,14.50,186
2025-05-16 12:00:00,14.80,64,11.80,,0.00,17.10,188
2025-05-16 13:00:00,15.50,61,12.40,,0.00,17.50,194
2025-05-16 14:00:00,13.70,77,11.90,,0.00,12.20,242
2025-05-16 15:00:00,12.20,76,9.80,,0.00,12.40,306
2025-05-16 16:00:00,10.40,79,8.10,,0.00,10.40,314
2025-05-16 17:00:00,9.80,78,7.40,,0.00,9.20,334
2025-05-16 18:00:00,8.80,79,6.70,,0.00,6.50,3
2025-05-16 19:00:00,8.80,79,6.60,,0.00,7.30,351
2025-05-16 20:00:00,8.30,81,6.10,,0.00,6.60,22
2025-05-16 21:00:00,8.10,79,5.90,,0.00,5.90,43
2025-05-16 22:00:00,7.70,82,5.40,,0.00,7.20,53
2025-05-16 23:00:00,7.50,85,5.10,,0.00,8.70,60
2025-05-17 00:00:00,7.60,86,5.00,,0.00,9.70,68
2025-05-17 01:00:00,8.00,87,5.60,,0.00,9.20,79
2025-05-17 02:00:00,8.60,83,6.60,,0.00,6.50,96
2025-05-17 03:00:00,8.70,86,7.10,,0.00,5.20,102
2025-05-17 04:00:00,9.80,75,7.60,,0.00,7.00,111
2025-05-17 05:00:00,10.30,70,7.90,,0.00,8.20,113
2025-05-17 06:00:00,10.70,70,8.40,,0.00,8.00,117
2025-05-17 07:00:00,11.40,72,9.30,,0.00,8.80,125
2025-05-17 08:00:00,11.80,74,9.90,,0.10,8.70,132
2025-05-17 09:00:00,12.90,74,11.20,,0.30,8.40,130
2025-05-17 10:00:00,13.60,78,12.30,,0.10,8.10,122
2025-05-17 11:00:00,14.30,80,12.60,,0.30,13.30,123
2025-05-17 12:00:00,14.70,74,13.30,,0.40,9.90,109
2025-05-17 13:00:00,14.90,73,13.20,,0.30,11.60,120
2025-05-17 14:00:00,14.00,86,13.20,,1.50,9.50,79
2025-05-17 15:00:00,15.10,79,13.80,,0.40,11.70,108
2025-05-17 16:00:00,15.00,82,14.10,,0.30,10.40,76
2025-05-17 17:00:00,15.20,83,14.10,,0.30,11.90,76
2025-05-17 18:00:00,15.10,85,14.10,,0.10,12.20,90
2025-05-17 19:00:00,14.90,85,14.80,,0.50,5.60,117
2025-05-17 20:00:00,13.90,92,14.30,,1.90,3.10,111
2025-05-17 21:00:00,13.40,95,13.90,,2.00,1.60,117
2025-05-17 22:00:00,13.00,96,13.60,,1.50,1.00,45
2025-05-17 23:00:00,12.80,96,13.00,,1.10,3.10,111
2025-05-18 00:00:00,12.70,96,12.90,,1.20,3.00,166
2025-05-18 01:00:00,12.30,99,11.90,,4.70,7.00,235
2025-05-18 02:00:00,11.90,96,11.80,,3.30,2.90,240
2025-05-18 03:00:00,11.50,98,11.20,,1.40,4.60,231
2025-05-18 04:00:00,11.30,98,11.00,,1.30,4.00,270
2025-05-18 05:00:00,11.00,96,10.30,,0.80,5.10,278
2025-05-18 06:00:00,10.90,97,10.30,,0.20,5.10,274
2025-05-18 07:00:00,11.00,94,10.10,,0.10,6.70,286
2025-05-18 08:00:00,11.50,92,10.30,,0.10,8.20,285
2025-05-18 09:00:00,11.90,87,10.40,,0.00,10.20,278
2025-05-18 10:00:00,12.60,82,10.80,,0.00,11.90,268
2025-05-18 11:00:00,12.70,81,10.80,,0.00,11.90,267
2025-05-18 12:00:00,13.10,79,11.20,,0.00,12.60,257
2025-05-18 13:00:00,14.00,73,11.80,,0.00,13.40,256
2025-05-18 14:00:00,14.50,66,12.30,,0.00,12.30,263
2025-05-18 15:00:00,14.40,64,12.10,,0.00,11.50,266
2025-05-18 16:00:00,14.20,63,12.00,,0.00,9.70,266
2025-05-18 17:00:00,14.10,63,12.20,,0.00,8.00,260
2025-05-18 18:00:00,14.90,59,13.10,,0.00,7.30,259
2025-05-18 19:00:00,14.00,67,13.10,,0.00,2.40,243
2025-05-18 20:00:00,13.60,69,12.70,,0.00,2.60,196
2025-05-18 21:00:00,13.20,64,11.90,,0.00,2.50,188
2025-05-18 22:00:00,12.40,63,10.90,,0.00,2.60,196
2025-05-18 23:00:00,11.80,65,10.10,,0.00,3.90,214
2025-05-19 00:00:00,10.70,70,8.90,,0.00,4.20,239
2025-05-19 01:00:00,10.20,71,8.50,,0.00,3.80,229
2025-05-19 02:00:00,9.70,74,7.90,,0.00,4.00,207
2025-05-19 03:00:00,9.00,80,7.50,,0.00,2.50,188
2025-05-19 04:00:00,8.70,81,7.20,,0.00,2.60,196
2025-05-19 05:00:00,8.00,83,6.40,,0.00,2.90,187
2025-05-19 06:00:00,8.00,87,6.40,,0.00,4.00,180
2025-05-19 07:00:00,9.00,89,7.60,,0.00,4.80,193
2025-05-19 08:00:00,10.50,87,9.20,,0.00,6.30,204
2025-05-19 09:00:00,12.70,76,11.30,,0.00,7.10,210
2025-05-19 10:00:00,14.30,72,12.90,,0.10,8.70,210
2025-05-19 11:00:00,14.40,72,13.00,,0.40,9.80,216
2025-05-19 12:00:00,15.90,59,14.30,,0.20,10.10,215
2025-05-19 13:00:00,15.50,61,13.60,,0.10,9.30,216
2025-05-19 14:00:00,15.40,60,13.50,,0.00,8.40,211
2025-05-19 15:00:00,16.00,56,14.10,,0.10,7.60,239
2025-05-19 16:00:00,15.30,62,13.70,,0.30,7.40,256
2025-05-19 17:00:00,14.80,68,13.60,,0.20,6.30,294
2025-05-19 18:00:00,14.00,74,13.30,,0.70,4.10,308
2025-05-19 19:00:00,13.20,77,12.40,,0.40,4.10,308
2025-05-19 20:00:00,12.50,83,12.40,,0.00,0.50,135
2025-05-19 21:00:00,11.30,84,10.60,,0.00,2.50,180
2025-05-19 22:00:00,10.30,85,9.30,,0.00,2.90,187
2025-05-19 23:00:00,9.60,87,8.40,,0.00,3.90,202
2025-05-20 00:00:00,8.50,93,7.30,,0.00,3.60,217
2025-05-20 01:00:00,8.20,92,6.90,,0.00,3.90,236
2025-05-20 02:00:00,7.90,91,6.40,,0.00,4.10,232
2025-05-20 03:00:00,7.10,92,5.50,,0.00,3.40,238
2025-05-20 04:00:00,6.70,91,5.00,,0.00,3.60,264
2025-05-20 05:00:00,6.60,88,4.90,,0.00,2.90,277
2025-05-20 06:00:00,7.30,86,5.70,,0.00,3.10,306
2025-05-20 07:00:00,9.60,81,8.30,,0.00,2.40,297
2025-05-20 08:00:00,12.20,70,10.80,,0.00,4.30,294
2025-05-20 09:00:00,13.90,64,12.50,,0.00,4.80,283
2025-05-20 10:00:00,15.60,56,14.00,,0.00,7.90,286
2025-05-20 11:00:00,16.10,49,13.50,,0.00,10.60,288
2025-05-20 12:00:00,16.30,45,13.50,,0.00,10.20,288
2025-05-20 13:00:00,17.00,43,13.90,,0.00,12.40,292
2025-05-20 14:00:00,17.00,45,14.00,,0.00,12.40,296
2025-05-20 15:00:00,15.60,55,12.90,,0.00,12.60,297
2025-05-20 16:00:00,16.00,52,13.30,,0.00,12.30,291
2025-05-20 17:00:00,15.40,55,12.70,,0.00,12.00,291
2025-05-20 18:00:00,14.40,67,12.60,,0.00,9.20,301
2025-05-20 19:00:00,13.90,73,12.50,,0.00,7.70,298
2025-05-20 20:00:00,12.80,79,11.90,,0.00,5.10,278
2025-05-20 21:00:00,11.60,85,10.80,,0.00,3.80,287
2025-05-20 22:00:00,10.60,88,9.70,,0.00,3.60,270
2025-05-20 23:00:00,9.90,90,8.90,,0.00,4.00,260
2025-05-21 00:00:00,9.50,91,8.40,,0.00,4.00,260
2025-05-21 01:00:00,9.00,94,7.90,,0.00,4.10,255
2025-05-21 02:00:00,8.70,96,7.60,,0.00,4.10,255
2025-05-21 03:00:00,8.50,97,7.40,,0.00,4.20,250
2025-05-21 04:00:00,8.40,98,7.20,,0.00,4.20,239
2025-05-21 05:00:00,8.20,98,7.00,,0.00,4.60,225
2025-05-21 06:00:00,8.80,96,7.60,,0.00,4.80,222
2025-05-21 07:00:00,10.60,90,9.40,,0.00,6.90,231
2025-05-21 08:00:00,12.90,82,11.60,,0.00,8.30,236
2025-05-21 09:00:00,15.50,71,14.10,,0.00,10.00,240
2025-05-21 10:00:00,17.00,66,15.60,,0.00,11.80,247
2025-05-21 11:00:00,18.60,58,17.70,,0.00,12.90,247
2025-05-21 12:00:00,20.50,48,19.30,,0.00,15.20,256
2025-05-21 13:00:00,21.60,40,20.10,,0.00,16.00,261
2025-05-21 14:00:00,22.10,36,20.00,,0.00,16.70,264
2025-05-21 15:00:00,22.60,32,19.90,,0.00,15.90,273
2025-05-21 16:00:00,22.50,34,19.80,,0.00,15.30,278
2025-05-21 17:00:00,22.20,33,18.90,,0.00,14.30,280
2025-05-21 18:00:00,21.70,34,18.80,,0.00,11.30,292
2025-05-21 19:00:00,20.80,36,18.20,,0.00,9.50,295
2025-05-21 20:00:00,18.70,46,17.30,,0.00,4.00,275
2025-05-21 21:00:00,17.30,52,16.10,,0.00,3.30,264
2025-05-21 22:00:00,16.30,52,15.00,,0.00,2.80,230
2025-05-21 23:00:00,15.70,53,14.20,,0.00,3.60,217
2025-05-22 00:00:00,13.60,61,12.10,,0.00,3.40,212
2025-05-22 01:00:00,13.20,61,11.70,,0.00,2.70,203
2025-05-22 02:00:00,12.30,64,10.70,,0.00,3.30,186
2025-05-22 03:00:00,12.20,66,10.60,,0.00,3.60,186
2025-05-22 04:00:00,11.40,68,9.90,,0.00,3.30,174
2025-05-22 05:00:00,11.20,70,9.70,,0.00,3.60,180
2025-05-22 06:00:00,11.60,73,10.20,,0.00,3.60,180
2025-05-22 07:00:00,13.00,73,12.00,,0.00,3.60,186
2025-05-22 08:00:00,14.70,72,13.90,,0.00,5.10,188
2025-05-22 09:00:00,17.00,65,16.20,,0.00,6.10,183
2025-05-22 10:00:00,19.60,58,18.90,,0.00,6.90,189
2025-05-22 11:00:00,21.80,51,21.90,,0.00,8.00,185
2025-05-22 12:00:00,23.00,38,22.10,,0.00,9.40,212
2025-05-22 13:00:00,23.30,35,21.70,,0.00,11.40,204
2025-05-22 14:00:00,23.40,38,21.80,,0.00,11.40,198
2025-05-22 15:00:00,23.80,37,22.50,,0.00,8.70,187
2025-05-22 16:00:00,23.30,38,21.40,,0.10,9.40,198
2025-05-22 17:00:00,23.00,38,21.10,,0.00,9.40,198
2025-05-22 18:00:00,22.30,43,21.20,,0.10,6.20,187
2025-05-22 19:00:00,21.70,48,21.20,,0.00,4.30,138
2025-05-22 20:00:00,20.10,55,19.80,,0.00,3.60,135
2025-05-22 21:00:00,19.80,48,18.90,,0.00,3.70,151
2025-05-22 22:00:00,18.50,50,17.20,,0.00,4.90,163
2025-05-22 23:00:00,17.10,52,15.60,,0.00,5.60,165
2025-05-23 00:00:00,16.50,57,15.20,,0.00,4.70,157
2025-05-23 01:00:00,15.50,60,14.10,,0.00,5.50,148
2025-05-23 02:00:00,14.90,63,13.30,,0.00,6.80,148
2025-05-23 03:00:00,14.50,65,13.00,,0.00,7.10,156
2025-05-23 04:00:00,14.00,68,12.60,,0.00,6.50,161
2025-05-23 05:00:00,13.50,72,12.20,,0.00,6.50,161
2025-05-23 06:00:00,13.70,73,12.50,,0.00,6.40,153
2025-05-23 07:00:00,15.00,72,13.90,,0.00,7.40,151
2025-05-23 08:00:00,16.60,69,15.70,,0.00,7.70,152
2025-05-23 09:00:00,18.80,62,17.70,,0.00,10.20,162
2025-05-23 10:00:00,20.20,56,19.00,,0.00,11.10,167
2025-05-23 11:00:00,21.00,49,19.50,,0.00,11.40,167
2025-05-23 12:00:00,21.30,49,19.70,,0.00,11.60,164
2025-05-23 13:00:00,22.70,43,21.00,,0.00,12.10,163
2025-05-23 14:00:00,22.80,43,20.90,,0.00,12.80,170
2025-05-23 15:00:00,23.10,43,21.50,,0.00,10.10,174
2025-05-23 16:00:00,24.30,35,22.40,,0.00,9.10,162
2025-05-23 17:00:00,24.40,30,21.80,,0.00,10.90,153
2025-05-23 18:00:00,23.80,32,21.50,,0.00,9.50,155
2025-05-23 19:00:00,22.80,35,20.90,,0.00,6.90,152
2025-05-23 20:00:00,20.60,43,19.30,,0.00,4.30,138
2025-05-23 21:00:00,19.20,40,17.40,,0.00,4.60,135
2025-05-23 22:00:00,18.20,41,16.20,,0.00,4.90,126
2025-05-23 23:00:00,17.40,42,15.30,,0.00,5.40,127
2025-05-24 00:00:00,16.90,47,15.10,,0.00,4.90,126
2025-05-24 01:00:00,16.30,50,14.40,,0.00,5.50,122
2025-05-24 02:00:00,15.90,54,14.00,,0.00,6.60,112
2025-05-24 03:00:00,15.20,59,13.60,,0.00,5.90,104
2025-05-24 04:00:00,14.70,61,13.00,,0.00,6.40,106
2025-05-24 05:00:00,14.20,65,12.40,,0.00,7.60,109
2025-05-24 06:00:00,14.40,67,12.90,,0.00,7.20,108
2025-05-24 07:00:00,15.80,66,14.60,,0.00,7.60,121
2025-05-24 08:00:00,17.70,63,16.70,,0.00,8.10,122
2025-05-24 09:00:00,21.00,50,19.90,,0.00,8.20,128
2025-05-24 10:00:00,23.30,45,22.40,,0.00,9.50,127
2025-05-24 11:00:00,25.10,36,23.90,,0.00,12.70,145
2025-05-24 12:00:00,25.70,33,23.30,,0.00,15.40,159
2025-05-24 13:00:00,26.70,28,25.20,,0.00,13.90,155
2025-05-24 14:00:00,26.40,28,23.30,,0.00,15.50,155
2025-05-24 15:00:00,26.30,29,23.30,,0.00,14.70,158
2025-05-24 16:00:00,25.70,32,23.20,,0.00,12.70,155
2025-05-24 17:00:00,25.30,33,23.10,,0.10,11.60,154
2025-05-24 18:00:00,24.30,38,22.70,,0.00,8.70,150
2025-05-24 19:00:00,22.90,46,22.40,,0.10,4.80,132
2025-05-24 20:00:00,21.30,51,20.60,,0.00,6.30,103
2025-05-24 21:00:00,20.20,56,20.00,,0.00,3.70,119
2025-05-24 22:00:00,19.20,58,18.70,,0.00,5.40,127
2025-05-24 23:00:00,18.40,64,18.10,,0.00,5.10,184
2025-05-25 00:00:00,16.90,79,16.80,,0.00,7.40,241
2025-05-25 01:00:00,16.40,90,17.50,,0.00,3.70,299
2025-05-25 02:00:00,16.10,91,17.30,,0.10,2.20,9
2025-05-25 03:00:00,15.60,90,16.60,,0.10,2.10,59
2025-05-25 04:00:00,15.20,91,16.00,,0.00,2.90,30
2025-05-25 05:00:00,14.70,94,15.50,,0.00,2.90,90
2025-05-25 06:00:00,15.20,91,15.20,,0.40,7.90,66
2025-05-25 07:00:00,16.10,88,15.90,,0.00,10.30,61
2025-05-25 08:00:00,16.90,85,16.80,,0.00,9.80,66
2025-05-25 09:00:00,18.30,75,18.10,,0.00,9.50,81
2025-05-25 10:00:00,19.30,71,19.10,,0.00,9.50,99
2025-05-25 11:00:00,22.00,63,22.10,,0.00,10.00,103
2025-05-25 12:00:00,24.10,55,25.00,,0.00,10.50,112
2025-05-25 13:00:00,26.30,40,26.10,,0.00,13.50,134
2025-05-25 14:00:00,27.20,32,25.00,,0.00,17.70,147
2025-05-25 15:00:00,27.50,29,25.10,,0.00,19.20,146
2025-05-25 16:00:00,27.30,29,24.20,,0.00,18.40,149
2025-05-25 17:00:00,26.90,30,24.10,,0.00,15.10,147
2025-05-25 18:00:00,26.20,33,24.00,,0.00,12.70,135
2025-05-25 19:00:00,25.20,36,23.50,,0.00,10.00,128
2025-05-25 20:00:00,23.50,40,22.10,,0.00,8.20,113
2025-05-25 21:00:00,21.90,43,20.10,,0.00,10.00,105
2025-05-25 22:00:00,21.60,43,19.50,,0.00,11.60,112
2025-05-25 23:00:00,21.40,43,19.20,,0.00,11.90,119
2025-05-26 00:00:00,21.20,45,19.20,,0.00,12.00,111
2025-05-26 01:00:00,20.40,48,18.70,,0.00,10.30,151
2025-05-26 02:00:00,18.50,61,17.40,,0.30,8.70,97
2025-05-26 03:00:00,18.70,54,16.90,,0.10,11.10,103
2025-05-26 04:00:00,18.30,51,16.20,,0.00,10.80,111
2025-05-26 05:00:00,17.70,52,15.60,,0.00,10.30,115
2025-05-26 06:00:00,18.30,52,16.40,,0.00,10.20,122
2025-05-26 07:00:00,18.40,55,16.70,,0.00,10.40,124
2025-05-26 08:00:00,19.10,57,17.40,,0.00,12.00,136
2025-05-26 09:00:00,19.10,60,17.80,,0.40,11.00,148
2025-05-26 10:00:00,19.80,62,19.00,,0.00,10.80,154
2025-05-26 11:00:00,19.60,65,19.10,,0.10,9.70,153
2025-05-26 12:00:00,20.30,61,19.60,,0.10,10.10,145
2025-05-26 13:00:00,20.30,68,20.90,,0.20,5.20,164
2025-05-26 14:00:00,21.20,68,22.10,,0.10,4.80,167
2025-05-26 15:00:00,21.70,68,23.00,,0.20,4.30,180
2025-05-26 16:00:00,21.50,70,22.40,,0.20,7.30,123
2025-05-26 17:00:00,21.50,61,21.50,,0.00,8.00,126
2025-05-26 18:00:00,22.00,46,19.60,,0.00,16.10,138
2025-05-26 19:00:00,21.30,46,19.20,,0.00,13.40,126
2025-05-26 20:00:00,21.20,41,18.40,,0.00,14.40,143
2025-05-26 21:00:00,19.90,44,16.60,,0.10,18.00,147
2025-05-26 22:00:00,18.60,53,16.30,,0.20,13.30,123
2025-05-26 23:00:00,18.20,55,17.00,,0.10,6.50,93
2025-05-27 00:00:00,18.60,51,16.70,,0.10,10.20,100
2025-05-27 01:00:00,18.20,53,16.70,,0.20,7.40,119
2025-05-27 02:00:00,17.60,55,16.50,,0.00,5.20,168
2025-05-27 03:00:00,17.50,58,16.30,,0.00,6.10,135
2025-05-27 04:00:00,17.20,59,16.30,,0.00,4.60,135
2025-05-27 05:00:00,17.00,58,15.80,,0.00,5.50,101
2025-05-27 06:00:00,17.00,54,15.00,,0.00,9.80,107
2025-05-27 07:00:00,17.50,50,15.00,,0.00,11.40,108
2025-05-27 08:00:00,17.80,46,15.20,,0.00,11.00,109
2025-05-27 09:00:00,19.50,39,16.50,,0.00,12.20,114
2025-05-27 10:00:00,21.70,35,18.70,,0.00,12.70,115
2025-05-27 11:00:00,23.70,32,20.80,,0.00,14.80,124
2025-05-27 12:00:00,24.70,27,21.40,,0.00,17.80,133
2025-05-27 13:00:00,25.80,25,22.00,,0.00,20.10,136
2025-05-27 14:00:00,25.80,25,21.80,,0.00,19.60,133
2025-05-27 15:00:00,25.60,26,21.60,,0.00,18.00,123
2025-05-27 16:00:00,26.20,23,22.10,,0.00,18.40,113
2025-05-27 17:00:00,26.10,25,22.00,,0.00,18.90,121
2025-05-27 18:00:00,24.80,26,20.90,,0.00,17.00,126
2025-05-27 19:00:00,23.90,27,20.40,,0.00,13.70,120
2025-05-27 20:00:00,22.50,31,19.70,,0.00,10.10,90
2025-05-27 21:00:00,21.30,32,18.10,,0.00,11.50,76
2025-05-27 22:00:00,20.30,34,17.00,,0.00,13.20,73
2025-05-27 23:00:00,19.80,35,16.20,,0.00,14.80,77
2025-05-28 00:00:00,19.30,38,15.90,,0.00,14.60,80
2025-05-28 01:00:00,19.30,38,15.90,,0.00,14.80,91
2025-05-28 02:00:00,19.40,37,15.90,,0.00,15.00,111
2025-05-28 03:00:00,19.00,39,16.20,,0.00,10.80,111
2025-05-28 04:00:00,17.80,42,15.30,,0.00,8.80,99
2025-05-28 05:00:00,17.20,44,14.50,,0.00,9.40,88
2025-05-28 06:00:00,17.10,46,14.60,,0.00,9.00,88
2025-05-28 07:00:00,17.70,45,14.90,,0.00,11.30,97
2025-05-28 08:00:00,18.70,42,15.70,,0.00,12.80,106
2025-05-28 09:00:00,20.60,36,17.60,,0.00,12.30,105
2025-05-28 10:00:00,21.00,37,18.00,,0.00,13.20,119
2025-05-28 11:00:00,21.00,39,18.30,,0.00,12.50,123
2025-05-28 12:00:00,22.00,40,19.40,,0.00,14.20,111
2025-05-28 13:00:00,22.80,37,19.70,,0.00,16.40,119
2025-05-28 14:00:00,20.30,43,16.40,,0.10,21.40,117
2025-05-28 15:00:00,19.30,55,17.50,,0.40,12.00,111
2025-05-28 16:00:00,21.30,50,18.90,,0.00,17.10,139
2025-05-28 17:00:00,21.30,49,19.60,,0.00,12.20,146
2025-05-28 18:00:00,20.80,54,20.10,,0.00,7.00,159
2025-05-28 19:00:00,20.20,57,19.90,,0.00,5.10,135
2025-05-28 20:00:00,20.00,54,18.20,,0.00,13.20,116
2025-05-28 21:00:00,18.10,62,16.40,,0.00,12.90,117
2025-05-28 22:00:00,17.30,65,16.50,,0.00,6.90,133
2025-05-28 23:00:00,16.60,69,15.80,,0.00,6.70,106
2025-05-29 00:00:00,16.70,68,16.00,,0.00,6.90,96
2025-05-29 01:00:00,16.30,70,15.30,,0.00,8.60,88
2025-05-29 02:00:00,16.00,73,15.00,,0.00,8.80,102
2025-05-29 03:00:00,15.90,81,15.60,,0.00,7.40,113
2025-05-29 04:00:00,15.70,85,15.60,,0.20,8.10,111
2025-05-29 05:00:00,15.40,90,15.30,,0.90,8.70,107
2025-05-29 06:00:00,15.10,94,15.20,,1.90,8.30,108
2025-05-29 07:00:00,14.90,93,14.60,,2.20,10.00,103
2025-05-29 08:00:00,15.20,94,15.20,,1.70,9.80,114
2025-05-29 09:00:00,16.10,91,16.00,,0.70,11.20,123
2025-05-29 10:00:00,16.10,88,16.00,,0.20,9.70,129
2025-05-29 11:00:00,16.70,84,16.50,,0.00,10.70,123
2025-05-29 12:00:00,16.90,85,16.30,,0.10,13.90,115
2025-05-29 13:00:00,17.30,73,15.70,,0.00,15.50,121
2025-05-29 14:00:00,17.30,69,15.30,,0.00,16.60,117
2025-05-29 15:00:00,18.20,66,16.50,,0.00,15.30,131
2025-05-29 16:00:00,18.30,67,17.10,,0.00,12.80,122
2025-05-29 17:00:00,18.90,64,17.70,,0.00,12.30,130
2025-05-29 18:00:00,18.30,68,17.60,,0.00,10.00,142
2025-05-29 19:00:00,18.00,73,18.10,,0.00,5.90,142
2025-05-29 20:00:00,17.30,77,17.60,,0.00,4.80,132
2025-05-29 21:00:00,16.60,79,17.10,,0.00,3.40,122
2025-05-29 22:00:00,16.30,80,16.70,,0.00,3.40,122
2025-05-29 23:00:00,15.90,81,16.20,,0.00,3.10,135
2025-05-30 00:00:00,15.30,82,15.50,,0.00,3.10,126
2025-05-30 01:00:00,14.80,84,15.00,,0.00,2.80,140
2025-05-30 02:00:00,14.30,86,14.50,,0.00,2.80,140
2025-05-30 03:00:00,13.70,87,13.80,,0.00,2.40,117
2025-05-30 04:00:00,13.10,90,13.20,,0.00,2.50,98
2025-05-30 05:00:00,12.60,92,12.50,,0.00,3.30,84
2025-05-30 06:00:00,12.70,93,12.80,,0.00,3.00,76
2025-05-30 07:00:00,14.70,90,15.30,,0.00,2.90,83
2025-05-30 08:00:00,16.50,85,17.40,,0.00,2.50,98
2025-05-30 09:00:00,18.20,78,19.50,,0.00,0.80,63
2025-05-30 10:00:00,19.10,74,20.30,,0.10,1.40,180
2025-05-30 11:00:00,19.60,72,20.70,,0.20,2.90,210
2025-05-30 12:00:00,20.30,68,21.90,,0.10,4.10,225
2025-05-30 13:00:00,21.20,64,22.90,,0.00,3.70,241
2025-05-30 14:00:00,21.90,61,23.40,,0.00,4.60,252
2025-05-30 15:00:00,22.30,53,22.70,,0.00,5.00,270
2025-05-30 16:00:00,22.40,52,22.10,,0.00,6.90,261
2025-05-30 17:00:00,21.70,61,21.80,,0.10,8.00,280
2025-05-30 18:00:00,22.10,55,22.10,,0.00,5.00,300
2025-05-30 19:00:00,21.40,55,21.50,,0.00,3.70,331
2025-05-30 20:00:00,20.70,63,21.60,,0.00,1.30,304
2025-05-30 21:00:00,19.30,64,19.60,,0.00,2.90,300
2025-05-30 22:00:00,17.40,73,17.30,,0.00,5.90,284
2025-05-30 23:00:00,15.90,82,15.90,,0.00,6.20,291
2025-05-31 00:00:00,15.20,84,15.00,,0.00,6.30,301
2025-05-31 01:00:00,14.50,87,14.30,,0.00,6.40,313
2025-05-31 02:00:00,13.90,90,13.60,,0.00,6.90,321
2025-05-31 03:00:00,13.20,92,12.80,,0.00,6.90,321
2025-05-31 04:00:00,12.80,95,12.40,,0.00,7.10,319
2025-05-31 05:00:00,12.60,96,12.20,,0.00,7.40,317
2025-05-31 06:00:00,13.10,95,12.90,,0.00,6.40,317
2025-05-31 07:00:00,14.50,90,14.50,,0.00,6.10,320
2025-05-31 08:00:00,16.30,83,16.40,,0.00,6.60,315
2025-05-31 09:00:00,18.20,76,18.30,,0.00,7.70,298
2025-05-31 10:00:00,19.60,66,19.40,,0.00,8.90,302
2025-05-31 11:00:00,20.80,59,20.30,,0.00,9.50,299
2025-05-31 12:00:00,21.80,54,22.00,,0.00,9.20,291
2025-05-31 13:00:00,22.30,49,22.00,,0.00,10.00,291
2025-05-31 14:00:00,22.80,46,22.20,,0.00,10.50,292
2025-05-31 15:00:00,22.80,47,21.80,,0.00,11.40,298
2025-05-31 16:00:00,22.80,45,21.30,,0.00,12.00,303
2025-05-31 17:00:00,22.40,44,20.50,,0.00,12.00,309
2025-05-31 18:00:00,22.20,41,20.20,,0.00,10.50,308
2025-05-31 19:00:00,21.30,39,19.20,,0.00,8.90,313
2025-05-31 20:00:00,19.60,45,18.30,,0.00,4.10,322
2025-05-31 21:00:00,18.60,51,17.60,,0.00,3.90,304
2025-05-31 22:00:00,17.30,61,16.90,,0.00,2.60,304
2025-05-31 23:00:00,17.30,59,16.50,,0.00,4.00,280
