time,temperature_2m,relative_humidity_2m,apparent_temperature,precipitation_probability,precipitation,wind_speed_10m,wind_direction_10m
2025-06-19 00:00:00,21.90,67,23.30,,0.00,3.60,233
2025-06-19 01:00:00,21.30,65,22.20,,0.00,3.90,236
2025-06-19 02:00:00,21.00,67,21.90,,0.00,3.80,229
2025-06-19 03:00:00,20.40,70,21.40,,0.00,3.90,236
2025-06-19 04:00:00,19.80,72,20.70,,0.00,4.10,232
2025-06-19 05:00:00,19.80,70,20.60,,0.00,4.10,225
2025-06-19 06:00:00,20.10,69,20.90,,0.00,4.10,225
2025-06-19 07:00:00,21.10,66,21.90,,0.00,4.30,222
2025-06-19 08:00:00,22.90,60,23.50,,0.00,6.40,223
2025-06-19 09:00:00,24.70,51,25.00,,0.00,6.70,216
2025-06-19 10:00:00,25.80,51,26.40,,0.00,7.30,213
2025-06-19 11:00:00,26.70,49,27.20,,0.00,8.40,211
2025-06-19 12:00:00,28.50,42,29.50,,0.00,9.80,208
2025-06-19 13:00:00,29.40,39,30.90,,0.00,10.60,204
2025-06-19 14:00:00,29.90,37,31.00,,0.00,11.20,201
2025-06-19 15:00:00,30.10,38,31.30,,0.00,10.90,197
2025-06-19 16:00:00,30.20,37,30.70,,0.00,11.40,198
2025-06-19 17:00:00,29.70,38,29.30,,0.00,11.50,200
2025-06-19 18:00:00,29.30,41,29.20,,0.00,10.90,197
2025-06-19 19:00:00,28.90,42,28.90,,0.00,10.50,196
2025-06-19 20:00:00,27.80,48,28.60,,0.00,8.40,187
2025-06-19 21:00:00,26.70,50,27.50,,0.00,6.80,180
2025-06-19 22:00:00,25.50,54,26.40,,0.00,6.80,180
2025-06-19 23:00:00,24.90,55,25.60,,0.00,7.20,183
2025-06-20 00:00:00,24.40,57,25.00,,0.00,7.90,180
2025-06-20 01:00:00,23.80,58,24.30,,0.00,8.30,185
2025-06-20 02:00:00,23.30,60,23.80,,0.00,8.70,185
2025-06-20 03:00:00,22.70,65,23.60,,0.00,7.80,193
2025-06-20 04:00:00,22.20,68,22.90,,0.00,8.90,201
2025-06-20 05:00:00,21.70,71,22.50,,0.00,9.10,198
2025-06-20 06:00:00,21.80,73,22.90,,0.00,8.90,230
2025-06-20 07:00:00,22.40,73,23.30,,0.10,11.30,243
2025-06-20 08:00:00,22.80,73,23.20,,0.00,16.30,278
2025-06-20 09:00:00,22.20,75,22.10,,0.20,19.70,294
2025-06-20 10:00:00,21.00,71,19.30,,0.00,25.00,306
2025-06-20 11:00:00,18.90,67,16.80,,0.00,19.60,311
2025-06-20 12:00:00,19.90,55,17.10,,0.00,20.40,314
2025-06-20 13:00:00,20.70,51,18.60,,0.00,19.90,311
2025-06-20 14:00:00,21.50,46,19.20,,0.00,20.70,310
2025-06-20 15:00:00,21.90,42,19.40,,0.00,20.40,311
2025-06-20 16:00:00,21.90,39,18.60,,0.00,20.60,313
2025-06-20 17:00:00,22.10,37,18.60,,0.00,18.80,317
2025-06-20 18:00:00,22.20,37,19.00,,0.00,16.60,321
2025-06-20 19:00:00,21.80,39,19.00,,0.00,14.30,319
2025-06-20 20:00:00,21.20,41,18.80,,0.00,12.00,311
2025-06-20 21:00:00,20.50,46,18.50,,0.00,11.00,308
2025-06-20 22:00:00,19.20,52,17.80,,0.00,8.20,293
2025-06-20 23:00:00,18.40,55,17.00,,0.00,8.20,293
2025-06-21 00:00:00,17.50,59,16.20,,0.00,7.80,292
2025-06-21 01:00:00,16.90,62,15.70,,0.00,7.30,290
2025-06-21 02:00:00,16.20,66,15.10,,0.00,7.30,281
2025-06-21 03:00:00,15.80,69,14.80,,0.00,7.30,279
2025-06-21 04:00:00,15.40,71,14.40,,0.00,7.30,279
2025-06-21 05:00:00,15.10,73,14.10,,0.00,7.20,276
2025-06-21 06:00:00,15.20,74,14.50,,0.00,6.50,273
2025-06-21 07:00:00,16.20,70,15.30,,0.00,8.00,275
2025-06-21 08:00:00,17.80,66,16.90,,0.00,8.80,279
2025-06-21 09:00:00,19.60,59,18.70,,0.00,8.90,284
2025-06-21 10:00:00,21.40,53,20.80,,0.00,9.30,286
2025-06-21 11:00:00,22.60,45,22.00,,0.00,10.00,283
2025-06-21 12:00:00,23.10,44,22.70,,0.00,10.20,280
2025-06-21 13:00:00,24.00,40,23.70,,0.00,10.20,278
2025-06-21 14:00:00,24.60,39,24.50,,0.00,10.80,274
2025-06-21 15:00:00,24.90,37,24.30,,0.00,10.90,279
2025-06-21 16:00:00,24.90,38,23.70,,0.00,11.00,281
2025-06-21 17:00:00,24.50,39,22.70,,0.00,11.70,288
2025-06-21 18:00:00,24.30,41,22.80,,0.00,10.80,300
2025-06-21 19:00:00,23.80,41,22.40,,0.00,9.20,301
2025-06-21 20:00:00,23.30,43,22.20,,0.00,7.20,307
2025-06-21 21:00:00,22.50,46,21.90,,0.00,4.30,318
2025-06-21 22:00:00,21.10,53,21.00,,0.00,3.40,288
2025-06-21 23:00:00,20.10,56,19.80,,0.00,4.00,275
2025-06-22 00:00:00,18.70,65,18.70,,0.00,4.30,270
2025-06-22 01:00:00,18.10,67,18.00,,0.00,4.70,270
2025-06-22 02:00:00,17.50,70,17.50,,0.00,4.30,275
2025-06-22 03:00:00,16.90,74,17.00,,0.00,3.60,276
2025-06-22 04:00:00,16.40,77,16.60,,0.00,3.30,276
2025-06-22 05:00:00,16.00,79,16.30,,0.00,2.90,277
2025-06-22 06:00:00,16.00,81,16.40,,0.00,2.90,270
2025-06-22 07:00:00,17.50,77,18.20,,0.00,2.50,262
2025-06-22 08:00:00,19.80,68,20.60,,0.00,2.20,270
2025-06-22 09:00:00,22.10,51,22.20,,0.00,1.80,259
2025-06-22 10:00:00,23.80,45,24.10,,0.00,2.80,220
2025-06-22 11:00:00,25.00,41,25.70,,0.00,4.80,243
2025-06-22 12:00:00,25.80,39,27.20,,0.00,3.90,248
2025-06-22 13:00:00,26.70,36,28.10,,0.00,4.50,256
2025-06-22 14:00:00,27.40,34,28.70,,0.00,4.50,256
2025-06-22 15:00:00,27.70,34,28.70,,0.00,5.20,254
2025-06-22 16:00:00,28.00,33,28.30,,0.00,5.80,263
2025-06-22 17:00:00,28.00,32,27.20,,0.00,6.50,276
2025-06-22 18:00:00,27.50,35,26.70,,0.00,6.50,273
2025-06-22 19:00:00,27.00,38,26.60,,0.00,5.40,274
2025-06-22 20:00:00,26.30,41,26.30,,0.00,4.30,265
2025-06-22 21:00:00,24.70,53,25.80,,0.00,2.30,231
2025-06-22 22:00:00,23.60,58,24.80,,0.00,2.60,196
2025-06-22 23:00:00,22.60,63,23.80,,0.00,3.60,174
2025-06-23 00:00:00,22.10,69,23.70,,0.00,3.40,198
2025-06-23 01:00:00,21.50,68,22.70,,0.00,4.20,211
2025-06-23 02:00:00,21.20,67,22.10,,0.00,4.30,204
2025-06-23 03:00:00,21.20,68,22.30,,0.00,3.90,214
2025-06-23 04:00:00,21.00,67,21.90,,0.00,4.00,207
2025-06-23 05:00:00,20.80,68,21.70,,0.00,4.40,215
2025-06-23 06:00:00,20.70,71,21.80,,0.00,4.10,232
2025-06-23 07:00:00,21.80,69,23.00,,0.00,5.00,240
2025-06-23 08:00:00,23.00,68,24.40,,0.00,7.00,258
2025-06-23 09:00:00,23.60,70,25.60,,0.00,5.50,259
2025-06-23 10:00:00,25.40,67,27.90,,0.00,6.60,261
2025-06-23 11:00:00,26.50,65,29.20,,0.00,9.40,274
2025-06-23 12:00:00,27.40,60,30.00,,0.00,9.20,296
2025-06-23 13:00:00,25.60,64,27.40,,0.30,8.70,294
2025-06-23 14:00:00,22.40,86,24.70,,1.80,10.10,297
2025-06-23 15:00:00,20.90,87,22.30,,2.40,12.40,296
2025-06-23 16:00:00,20.70,87,22.50,,2.70,9.50,295
2025-06-23 17:00:00,21.40,83,22.90,,0.10,10.40,314
2025-06-23 18:00:00,22.10,73,23.30,,0.00,8.70,308
2025-06-23 19:00:00,22.10,69,22.70,,0.00,10.80,300
2025-06-23 20:00:00,21.40,78,22.60,,0.00,9.80,294
2025-06-23 21:00:00,21.40,78,22.80,,0.00,8.40,290
2025-06-23 22:00:00,20.50,77,21.50,,0.00,7.70,281
2025-06-23 23:00:00,19.90,77,20.60,,0.00,8.00,280
2025-06-24 00:00:00,19.50,78,20.10,,0.00,8.70,287
2025-06-24 01:00:00,18.90,72,19.00,,0.00,7.90,294
2025-06-24 02:00:00,18.30,67,17.90,,0.00,6.80,288
2025-06-24 03:00:00,17.40,71,17.20,,0.00,5.90,281
2025-06-24 04:00:00,16.90,71,16.40,,0.00,6.50,276
2025-06-24 05:00:00,16.40,71,15.80,,0.00,6.90,276
2025-06-24 06:00:00,16.30,74,15.80,,0.00,7.20,276
2025-06-24 07:00:00,17.00,73,16.40,,0.00,8.50,282
2025-06-24 08:00:00,18.00,71,17.40,,0.00,9.90,289
2025-06-24 09:00:00,19.10,68,18.50,,0.00,10.10,297
2025-06-24 10:00:00,20.30,66,19.90,,0.00,10.60,298
2025-06-24 11:00:00,21.20,60,20.30,,0.00,12.70,299
2025-06-24 12:00:00,20.90,60,19.90,,0.00,14.70,295
2025-06-24 13:00:00,20.40,68,19.90,,0.20,12.60,297
2025-06-24 14:00:00,20.80,62,19.70,,0.00,14.40,302
2025-06-24 15:00:00,21.10,62,20.40,,0.00,12.90,297
2025-06-24 16:00:00,21.50,59,20.70,,0.00,11.90,299
2025-06-24 17:00:00,22.20,55,21.40,,0.00,11.20,312
2025-06-24 18:00:00,22.10,56,21.30,,0.00,11.70,317
2025-06-24 19:00:00,21.50,62,21.00,,0.00,11.70,315
2025-06-24 20:00:00,21.00,63,20.70,,0.00,10.40,304
2025-06-24 21:00:00,20.40,67,20.40,,0.00,9.50,299
2025-06-24 22:00:00,19.00,74,19.00,,0.00,9.70,297
2025-06-24 23:00:00,18.00,80,18.00,,0.00,10.00,296
2025-06-25 00:00:00,17.30,84,17.40,,0.00,9.70,297
2025-06-25 01:00:00,16.80,86,16.80,,0.00,9.50,299
2025-06-25 02:00:00,16.40,87,16.50,,0.00,9.20,301
2025-06-25 03:00:00,16.10,88,16.10,,0.00,8.80,305
2025-06-25 04:00:00,15.80,90,15.90,,0.00,8.20,311
2025-06-25 05:00:00,15.70,91,15.90,,0.00,7.90,313
2025-06-25 06:00:00,16.10,89,16.50,,0.00,6.90,317
2025-06-25 07:00:00,16.90,87,17.50,,0.00,7.00,325
2025-06-25 08:00:00,18.60,80,18.90,,0.00,9.20,349
2025-06-25 09:00:00,19.70,75,20.20,,0.00,8.80,348
2025-06-25 10:00:00,20.90,63,20.70,,0.00,9.40,353
2025-06-25 11:00:00,22.20,54,22.20,,0.00,9.80,352
2025-06-25 12:00:00,23.20,48,23.30,,0.00,11.30,351
2025-06-25 13:00:00,24.10,45,24.10,,0.00,12.20,346
2025-06-25 14:00:00,24.90,38,24.00,,0.00,13.40,352
2025-06-25 15:00:00,25.20,38,23.90,,0.00,13.90,350
2025-06-25 16:00:00,25.50,38,24.30,,0.00,13.70,357
2025-06-25 17:00:00,25.10,39,23.20,,0.00,13.70,358
2025-06-25 18:00:00,24.90,39,22.90,,0.00,13.70,357
2025-06-25 19:00:00,24.30,38,22.20,,0.00,12.60,5
2025-06-25 20:00:00,23.50,42,22.00,,0.00,10.10,360
2025-06-25 21:00:00,22.70,47,21.90,,0.00,6.80,360
2025-06-25 22:00:00,21.60,50,21.20,,0.00,4.70,360
2025-06-25 23:00:00,20.80,56,20.70,,0.00,4.20,20
2025-06-26 00:00:00,19.30,68,19.80,,0.00,4.00,27
2025-06-26 01:00:00,18.70,69,19.20,,0.00,2.30,18
2025-06-26 02:00:00,17.70,74,18.30,,0.00,2.50,352
2025-06-26 03:00:00,16.70,78,17.30,,0.00,2.20,351
2025-06-26 04:00:00,16.30,79,16.80,,0.00,2.00,315
2025-06-26 05:00:00,15.80,81,16.20,,0.00,2.60,304
2025-06-26 06:00:00,15.70,83,16.10,,0.00,3.10,315
2025-06-26 07:00:00,16.90,81,17.80,,0.00,2.10,301
2025-06-26 08:00:00,18.90,69,19.50,,0.00,2.80,320
2025-06-26 09:00:00,21.20,55,21.30,,0.00,3.60,315
2025-06-26 10:00:00,22.60,47,22.40,,0.00,5.50,337
2025-06-26 11:00:00,23.70,43,24.00,,0.00,6.40,344
2025-06-26 12:00:00,24.70,38,25.10,,0.00,7.40,337
2025-06-26 13:00:00,25.60,34,25.70,,0.00,8.60,360
2025-06-26 14:00:00,26.10,33,26.40,,0.00,7.90,3
2025-06-26 15:00:00,26.50,33,26.30,,0.00,8.30,355
2025-06-26 16:00:00,26.60,36,26.10,,0.00,8.30,355
2025-06-26 17:00:00,26.70,35,25.50,,0.00,8.40,350
2025-06-26 18:00:00,26.80,37,26.00,,0.00,7.40,346
2025-06-26 19:00:00,26.60,38,26.00,,0.00,6.20,350
2025-06-26 20:00:00,26.00,42,26.00,,0.00,4.00,350
2025-06-26 21:00:00,25.30,47,25.90,,0.00,2.30,321
2025-06-26 22:00:00,23.70,51,24.10,,0.00,3.30,257
2025-06-26 23:00:00,22.10,60,22.70,,0.00,4.10,255
2025-06-27 00:00:00,21.10,69,22.30,,0.00,3.70,259
2025-06-27 01:00:00,20.80,68,21.80,,0.00,3.70,259
2025-06-27 02:00:00,20.70,69,21.70,,0.00,4.00,260
2025-06-27 03:00:00,20.00,73,21.10,,0.00,4.10,285
2025-06-27 04:00:00,19.70,73,20.60,,0.00,4.00,280
2025-06-27 05:00:00,19.20,74,20.10,,0.00,4.00,280
2025-06-27 06:00:00,19.30,75,20.40,,0.00,3.30,276
2025-06-27 07:00:00,20.40,73,21.80,,0.00,3.30,283
2025-06-27 08:00:00,22.20,64,23.40,,0.00,3.80,311
2025-06-27 09:00:00,24.40,57,25.60,,0.00,3.50,336
2025-06-27 10:00:00,26.10,50,27.30,,0.00,5.50,23
2025-06-27 11:00:00,27.40,44,28.70,,0.00,7.60,19
2025-06-27 12:00:00,27.50,42,27.60,,0.00,9.10,18
2025-06-27 13:00:00,28.30,38,28.50,,0.00,9.00,16
2025-06-27 14:00:00,28.40,37,27.90,,0.00,8.70,24
2025-06-27 15:00:00,28.60,40,28.30,,0.00,10.60,28
2025-06-27 16:00:00,29.00,38,28.80,,0.00,7.90,30
2025-06-27 17:00:00,29.20,38,29.10,,0.00,8.60,33
2025-06-27 18:00:00,29.00,39,29.20,,0.00,6.90,39
2025-06-27 19:00:00,28.50,40,28.60,,0.00,7.10,45
2025-06-27 20:00:00,27.50,45,28.00,,0.00,7.20,72
2025-06-27 21:00:00,26.20,53,27.20,,0.00,6.50,90
2025-06-27 22:00:00,24.50,61,25.90,,0.00,5.90,101
2025-06-27 23:00:00,23.50,65,25.10,,0.00,4.10,105
2025-06-28 00:00:00,22.10,75,24.30,,0.00,3.60,90
2025-06-28 01:00:00,21.30,78,23.50,,0.00,3.20,117
2025-06-28 02:00:00,20.90,80,23.10,,0.00,2.80,130
2025-06-28 03:00:00,20.20,84,22.50,,0.00,2.60,106
2025-06-28 04:00:00,19.50,87,21.70,,0.00,3.00,104
2025-06-28 05:00:00,19.10,89,21.30,,0.00,2.30,108
2025-06-28 06:00:00,19.30,90,21.70,,0.00,2.00,135
2025-06-28 07:00:00,20.70,85,23.50,,0.00,0.70,180
2025-06-28 08:00:00,22.70,72,25.20,,0.00,0.80,243
2025-06-28 09:00:00,24.80,56,26.40,,0.00,1.10,270
2025-06-28 10:00:00,25.90,49,26.70,,0.00,4.60,51
2025-06-28 11:00:00,26.70,44,27.10,,0.00,6.50,71
2025-06-28 12:00:00,27.30,40,27.60,,0.00,6.10,90
2025-06-28 13:00:00,27.70,38,28.30,,0.00,6.00,107
2025-06-28 14:00:00,28.10,36,28.60,,0.00,5.80,112
2025-06-28 15:00:00,28.40,36,28.60,,0.00,5.90,101
2025-06-28 16:00:00,28.50,35,28.20,,0.00,5.80,90
2025-06-28 17:00:00,28.60,34,28.00,,0.00,6.20,83
2025-06-28 18:00:00,28.50,37,28.30,,0.00,6.50,90
2025-06-28 19:00:00,27.90,39,27.70,,0.00,6.50,93
2025-06-28 20:00:00,26.90,43,26.90,,0.00,7.00,102
2025-06-28 21:00:00,26.10,49,27.20,,0.00,3.10,135
2025-06-28 22:00:00,24.70,54,25.90,,0.00,3.00,166
2025-06-28 23:00:00,24.00,56,25.20,,0.00,2.40,207
2025-06-29 00:00:00,22.50,64,23.90,,0.00,2.30,231
2025-06-29 01:00:00,21.80,64,22.90,,0.00,3.00,256
2025-06-29 02:00:00,21.20,65,22.00,,0.00,3.80,253
2025-06-29 03:00:00,19.80,74,21.00,,0.00,3.30,264
2025-06-29 04:00:00,19.30,76,20.40,,0.00,3.70,259
2025-06-29 05:00:00,18.90,78,20.00,,0.00,4.30,265
2025-06-29 06:00:00,18.40,86,19.90,,0.00,3.60,264
2025-06-29 07:00:00,20.40,82,22.60,,0.00,2.50,262
2025-06-29 08:00:00,23.10,68,25.00,,0.00,3.10,291
2025-06-29 09:00:00,25.50,54,26.90,,0.00,3.10,306
2025-06-29 10:00:00,27.10,46,28.60,,0.00,2.60,326
2025-06-29 11:00:00,28.20,41,30.10,,0.00,1.80,11
2025-06-29 12:00:00,28.90,36,30.00,,0.00,1.60,63
2025-06-29 13:00:00,29.60,33,30.40,,0.00,2.60,74
2025-06-29 14:00:00,30.00,32,30.60,,0.00,1.80,101
2025-06-29 15:00:00,30.50,32,31.50,,0.00,1.90,158
2025-06-29 16:00:00,30.80,32,31.00,,0.00,2.90,210
2025-06-29 17:00:00,30.90,32,31.00,,0.00,4.30,222
2025-06-29 18:00:00,30.70,33,30.70,,0.00,5.40,250
2025-06-29 19:00:00,30.20,35,30.30,,0.00,5.80,263
2025-06-29 20:00:00,29.00,39,29.30,,0.00,6.20,263
2025-06-29 21:00:00,27.20,50,28.70,,0.00,3.00,256
2025-06-29 22:00:00,25.70,57,27.70,,0.00,2.30,231
2025-06-29 23:00:00,24.70,59,26.40,,0.00,3.10,216
2025-06-30 00:00:00,24.10,62,25.80,,0.00,3.00,194
2025-06-30 01:00:00,23.50,63,25.10,,0.00,3.30,186
2025-06-30 02:00:00,22.90,66,24.50,,0.00,3.30,186
2025-06-30 03:00:00,22.60,69,24.60,,0.00,2.10,211
2025-06-30 04:00:00,22.00,69,23.60,,0.00,3.20,243
2025-06-30 05:00:00,21.30,71,22.70,,0.00,3.60,233
2025-06-30 06:00:00,21.00,73,22.50,,0.00,3.30,229
2025-06-30 07:00:00,22.40,71,24.40,,0.00,2.50,225
2025-06-30 08:00:00,25.00,58,26.70,,0.00,2.70,203
2025-06-30 09:00:00,26.90,49,28.10,,0.00,4.20,200
2025-06-30 10:00:00,28.80,44,30.00,,0.00,5.70,198
2025-06-30 11:00:00,30.10,39,31.60,,0.00,7.00,192
2025-06-30 12:00:00,30.80,37,32.10,,0.00,7.90,183
2025-06-30 13:00:00,31.30,34,32.20,,0.00,7.50,197
2025-06-30 14:00:00,31.80,32,32.20,,0.00,7.10,204
2025-06-30 15:00:00,32.20,32,32.70,,0.00,7.10,195
2025-06-30 16:00:00,32.20,31,32.20,,0.00,6.30,193
2025-06-30 17:00:00,32.20,30,32.10,,0.00,5.90,194
2025-06-30 18:00:00,31.80,33,32.10,,0.00,5.80,202
2025-06-30 19:00:00,31.50,34,31.90,,0.00,4.90,197
2025-06-30 20:00:00,30.50,36,30.90,,0.00,5.60,195
2025-06-30 21:00:00,29.20,39,29.80,,0.00,4.30,185
2025-06-30 22:00:00,27.40,47,28.40,,0.00,4.50,166
2025-06-30 23:00:00,26.30,50,27.30,,0.00,4.40,171
2025-07-01 00:00:00,25.20,58,26.70,,0.00,5.20,168
2025-07-01 01:00:00,24.70,60,26.10,,0.00,5.40,176
2025-07-01 02:00:00,24.10,63,25.70,,0.00,5.00,180
2025-07-01 03:00:00,22.90,71,24.80,,0.00,4.40,171
2025-07-01 04:00:00,22.60,70,24.40,,0.00,4.00,170
2025-07-01 05:00:00,22.10,72,23.90,,0.00,4.10,165
2025-07-01 06:00:00,22.10,74,24.10,,0.00,3.90,158
2025-07-01 07:00:00,23.60,67,25.40,,0.00,4.80,167
2025-07-01 08:00:00,25.50,58,26.70,,0.00,7.60,177
2025-07-01 09:00:00,27.50,50,28.40,,0.00,8.80,189
2025-07-01 10:00:00,28.80,47,30.00,,0.00,8.40,200
2025-07-01 11:00:00,30.50,42,32.40,,0.00,8.30,198
2025-07-01 12:00:00,31.80,36,33.20,,0.00,10.50,196
2025-07-01 13:00:00,32.70,32,33.90,,0.00,11.60,196
2025-07-01 14:00:00,33.20,30,34.20,,0.00,11.90,194
2025-07-01 15:00:00,33.20,31,34.30,,0.00,10.50,186
2025-07-01 16:00:00,33.30,30,33.60,,0.00,10.40,182
2025-07-01 17:00:00,32.90,30,32.50,,0.00,9.70,182
2025-07-01 18:00:00,32.70,29,32.00,,0.00,10.10,184
2025-07-01 19:00:00,32.20,29,31.40,,0.00,9.70,182
2025-07-01 20:00:00,31.20,30,30.50,,0.00,7.60,180
2025-07-01 21:00:00,29.40,38,29.80,,0.00,5.00,159
2025-07-01 22:00:00,27.50,43,28.00,,0.00,5.30,152
2025-07-01 23:00:00,26.50,47,27.10,,0.00,5.50,157
2025-07-02 00:00:00,26.00,50,26.80,,0.00,5.40,160
2025-07-02 01:00:00,25.20,49,25.60,,0.00,5.70,162
2025-07-02 02:00:00,24.70,49,24.80,,0.00,6.40,164
2025-07-02 03:00:00,23.90,52,24.10,,0.00,6.10,177
2025-07-02 04:00:00,23.50,48,23.00,,0.00,7.20,186
2025-07-02 05:00:00,23.00,48,22.40,,0.00,7.00,192
2025-07-02 06:00:00,22.60,51,22.30,,0.00,6.30,193
2025-07-02 07:00:00,22.90,53,22.80,,0.00,6.60,193
2025-07-02 08:00:00,23.60,55,23.80,,0.00,7.20,177
2025-07-02 09:00:00,24.40,53,24.70,,0.00,7.40,166
2025-07-02 10:00:00,26.00,52,26.50,,0.00,8.80,168
2025-07-02 11:00:00,27.00,51,27.70,,0.00,9.60,167
2025-07-02 12:00:00,29.50,42,29.60,,0.00,11.70,162
2025-07-02 13:00:00,31.80,33,32.30,,0.00,15.30,171
2025-07-02 14:00:00,32.70,29,32.40,,0.00,16.60,179
2025-07-02 15:00:00,32.40,28,31.50,,0.00,15.10,180
2025-07-02 16:00:00,32.90,27,31.70,,0.00,15.10,183
2025-07-02 17:00:00,32.90,26,31.00,,0.00,14.80,186
2025-07-02 18:00:00,31.30,33,30.40,,0.00,12.70,205
2025-07-02 19:00:00,30.50,38,30.70,,0.00,9.30,216
2025-07-02 20:00:00,28.90,49,30.60,,0.00,5.70,235
2025-07-02 21:00:00,26.90,63,30.00,,0.00,2.90,277
2025-07-02 22:00:00,25.80,71,29.40,,0.00,2.30,342
2025-07-02 23:00:00,25.00,74,28.40,,0.00,3.30,6
2025-07-03 00:00:00,23.90,85,27.60,,0.00,5.80,360
2025-07-03 01:00:00,23.30,87,27.10,,0.00,4.00,360
2025-07-03 02:00:00,22.90,90,26.60,,0.00,5.50,11
2025-07-03 03:00:00,22.70,91,26.40,,0.00,4.80,48
2025-07-03 04:00:00,22.50,89,26.30,,0.00,2.10,301
2025-07-03 05:00:00,22.00,94,26.20,,0.00,1.10,270
2025-07-03 06:00:00,22.30,86,25.40,,0.00,4.70,176
2025-07-03 07:00:00,22.50,77,24.50,,0.00,7.20,207
2025-07-03 08:00:00,22.80,78,24.70,,0.00,8.80,235
2025-07-03 09:00:00,22.50,85,25.10,,0.30,7.60,267
2025-07-03 10:00:00,22.10,86,24.70,,0.00,7.60,315
2025-07-03 11:00:00,22.10,84,24.50,,0.00,7.60,355
2025-07-03 12:00:00,24.10,73,26.90,,0.00,3.80,343
2025-07-03 13:00:00,23.50,75,25.60,,0.00,7.70,323
2025-07-03 14:00:00,24.70,70,26.60,,0.00,9.20,329
2025-07-03 15:00:00,24.50,72,26.20,,0.00,11.40,347
2025-07-03 16:00:00,23.30,75,24.80,,0.00,11.70,351
2025-07-03 17:00:00,23.20,74,24.40,,0.00,12.70,353
2025-07-03 18:00:00,22.50,79,24.00,,0.00,11.50,358
2025-07-03 19:00:00,22.10,80,23.50,,0.00,11.90,2
2025-07-03 20:00:00,21.80,82,23.50,,0.00,9.80,17
2025-07-03 21:00:00,21.40,84,23.20,,0.00,9.20,21
2025-07-03 22:00:00,20.90,86,22.90,,0.00,7.60,355
2025-07-03 23:00:00,20.40,88,22.40,,0.00,7.20,360
2025-07-04 00:00:00,20.10,89,22.00,,0.00,7.20,360
2025-07-04 01:00:00,19.90,89,21.90,,0.00,6.50,357
2025-07-04 02:00:00,20.00,89,22.10,,0.00,5.80,7
2025-07-04 03:00:00,19.60,90,21.80,,0.00,4.10,15
2025-07-04 04:00:00,19.30,91,21.70,,0.00,2.90,353
2025-07-04 05:00:00,18.80,94,21.20,,0.00,3.10,306
2025-07-04 06:00:00,18.80,95,21.00,,0.00,4.40,305
2025-07-04 07:00:00,19.40,92,21.80,,0.00,3.20,297
2025-07-04 08:00:00,20.80,85,23.40,,0.00,2.60,34
2025-07-04 09:00:00,22.50,79,25.20,,0.00,3.40,342
2025-07-04 10:00:00,25.00,68,27.80,,0.00,2.90,353
2025-07-04 11:00:00,26.90,60,30.40,,0.00,2.10,59
2025-07-04 12:00:00,28.30,53,31.30,,0.00,3.10,111
2025-07-04 13:00:00,28.90,47,30.30,,0.00,6.60,158
2025-07-04 14:00:00,28.40,50,30.10,,0.00,5.40,200
2025-07-04 15:00:00,28.20,53,30.00,,0.10,7.50,215
2025-07-04 16:00:00,28.70,55,31.60,,0.10,3.30,221
2025-07-04 17:00:00,28.70,52,30.80,,0.10,5.40,228
2025-07-04 18:00:00,23.20,81,25.90,,3.00,7.60,172
2025-07-04 19:00:00,23.30,77,25.70,,0.10,6.50,270
2025-07-04 20:00:00,22.80,79,25.30,,0.00,6.20,277
2025-07-04 21:00:00,22.00,83,24.70,,6.70,5.00,111
2025-07-04 22:00:00,21.00,89,24.00,,0.90,3.30,257
2025-07-04 23:00:00,20.80,89,23.60,,0.00,4.00,265
2025-07-05 00:00:00,20.70,90,22.80,,0.00,8.90,297
2025-07-05 01:00:00,19.90,91,21.40,,0.00,10.50,311
2025-07-05 02:00:00,19.30,90,20.80,,0.00,8.70,318
2025-07-05 03:00:00,18.60,90,19.90,,0.00,7.70,307
2025-07-05 04:00:00,18.20,90,19.10,,0.20,9.20,301
2025-07-05 05:00:00,17.80,92,18.80,,0.60,9.10,304
2025-07-05 06:00:00,17.80,90,18.40,,0.80,9.90,303
2025-07-05 07:00:00,17.80,88,18.30,,0.00,10.00,300
2025-07-05 08:00:00,18.10,84,18.40,,0.00,10.30,306
2025-07-05 09:00:00,18.70,79,18.90,,0.00,10.30,306
2025-07-05 10:00:00,19.80,73,19.90,,0.00,10.00,300
2025-07-05 11:00:00,20.90,64,20.60,,0.00,10.40,304
2025-07-05 12:00:00,21.70,54,20.70,,0.00,11.00,308
2025-07-05 13:00:00,23.00,50,22.20,,0.00,13.20,305
2025-07-05 14:00:00,24.30,46,23.90,,0.00,12.40,296
2025-07-05 15:00:00,24.80,43,23.70,,0.00,12.80,292
2025-07-05 16:00:00,24.80,43,23.20,,0.00,13.40,290
2025-07-05 17:00:00,24.10,48,22.80,,0.00,14.00,296
2025-07-05 18:00:00,24.70,41,22.90,,0.00,14.00,299
2025-07-05 19:00:00,24.30,40,22.40,,0.00,12.70,299
2025-07-05 20:00:00,23.30,46,21.90,,0.00,11.60,300
2025-07-05 21:00:00,22.30,51,21.70,,0.00,7.60,295
2025-07-05 22:00:00,20.90,57,20.50,,0.00,6.80,288
2025-07-05 23:00:00,20.00,62,19.60,,0.00,7.80,292
2025-07-06 00:00:00,18.90,69,18.70,,0.00,8.10,291
2025-07-06 01:00:00,18.00,74,17.80,,0.00,8.40,295
2025-07-06 02:00:00,17.40,76,17.40,,0.00,6.90,298
2025-07-06 03:00:00,16.70,80,16.60,,0.00,7.70,298
2025-07-06 04:00:00,16.20,81,16.00,,0.00,7.70,298
2025-07-06 05:00:00,15.70,82,15.50,,0.00,7.50,305
2025-07-06 06:00:00,15.80,81,15.70,,0.00,5.60,310
2025-07-06 07:00:00,16.70,77,16.80,,0.00,5.40,318
2025-07-06 08:00:00,18.30,70,18.40,,0.00,5.00,330
2025-07-06 09:00:00,20.30,55,19.70,,0.00,5.60,345
2025-07-06 10:00:00,21.70,42,20.70,,0.00,6.70,344
2025-07-06 11:00:00,22.90,35,22.10,,0.00,7.30,340
2025-07-06 12:00:00,23.60,32,23.40,,0.00,6.40,333
2025-07-06 13:00:00,24.50,32,24.80,,0.00,5.80,338
2025-07-06 14:00:00,25.20,31,25.90,,0.00,4.00,350
2025-07-06 15:00:00,25.80,31,26.50,,0.00,3.30,354
2025-07-06 16:00:00,26.30,30,26.50,,0.00,1.90,22
2025-07-06 17:00:00,26.50,30,25.90,,0.00,2.00,45
2025-07-06 18:00:00,26.40,30,25.50,,0.00,1.10,72
2025-07-06 19:00:00,26.00,32,25.00,,0.00,3.10,111
2025-07-06 20:00:00,25.10,35,23.70,,0.00,6.40,117
2025-07-06 21:00:00,23.90,38,22.80,,0.00,4.90,107
2025-07-06 22:00:00,22.50,42,21.50,,0.00,4.50,119
2025-07-06 23:00:00,21.50,45,20.70,,0.00,4.10,135
2025-07-07 00:00:00,20.40,53,19.90,,0.00,4.30,138
2025-07-07 01:00:00,19.70,55,19.20,,0.00,4.30,138
2025-07-07 02:00:00,19.10,58,18.70,,0.00,3.80,139
2025-07-07 03:00:00,18.30,66,18.30,,0.00,3.90,124
2025-07-07 04:00:00,18.00,67,18.00,,0.00,3.70,119
2025-07-07 05:00:00,17.20,70,17.00,,0.00,4.50,119
2025-07-07 06:00:00,17.20,71,17.00,,0.00,5.00,120
2025-07-07 07:00:00,18.00,66,17.50,,0.00,6.70,126
2025-07-07 08:00:00,19.50,62,19.00,,0.00,7.20,127
2025-07-07 09:00:00,22.00,49,21.00,,0.00,9.00,127
2025-07-07 10:00:00,23.80,43,22.80,,0.00,9.90,123
2025-07-07 11:00:00,25.20,37,24.60,,0.00,10.10,125
2025-07-07 12:00:00,25.70,37,25.90,,0.00,9.30,126
2025-07-07 13:00:00,26.30,37,26.60,,0.00,8.60,123
2025-07-07 14:00:00,26.90,35,26.70,,0.00,8.60,123
2025-07-07 15:00:00,27.30,35,27.60,,0.00,8.40,121
2025-07-07 16:00:00,27.50,34,27.10,,0.00,8.20,119
2025-07-07 17:00:00,27.30,36,26.40,,0.00,7.60,121
2025-07-07 18:00:00,27.20,37,26.50,,0.00,6.80,122
2025-07-07 19:00:00,26.50,39,26.00,,0.00,6.30,114
2025-07-07 20:00:00,25.60,44,25.50,,0.00,5.50,101
2025-07-07 21:00:00,24.90,46,25.00,,0.00,4.70,90
2025-07-07 22:00:00,23.40,50,23.50,,0.00,4.30,95
2025-07-07 23:00:00,22.40,54,22.60,,0.00,4.40,99
2025-07-08 00:00:00,21.30,61,21.80,,0.00,4.20,110
2025-07-08 01:00:00,20.70,63,21.30,,0.00,3.40,122
2025-07-08 02:00:00,20.20,65,20.90,,0.00,3.10,135
2025-07-08 03:00:00,19.80,69,20.70,,0.00,2.30,129
2025-07-08 04:00:00,19.50,69,20.40,,0.00,1.80,101
2025-07-08 05:00:00,19.00,71,19.80,,0.00,2.50,82
2025-07-08 06:00:00,18.70,77,19.80,,0.00,2.70,67
2025-07-08 07:00:00,19.20,74,20.40,,0.00,1.80,79
2025-07-08 08:00:00,20.70,68,22.00,,0.00,1.80,90
2025-07-08 09:00:00,23.20,54,23.90,,0.00,2.20,99
2025-07-08 10:00:00,24.10,52,25.00,,0.00,2.20,81
2025-07-08 11:00:00,25.70,46,26.30,,0.00,2.90,60
2025-07-08 12:00:00,27.40,38,28.50,,0.00,6.30,77
2025-07-08 13:00:00,28.50,34,29.80,,0.00,5.80,86
2025-07-08 14:00:00,29.10,33,30.10,,0.00,5.40,94
2025-07-08 15:00:00,29.20,33,30.20,,0.00,5.00,90
2025-07-08 16:00:00,29.70,31,30.20,,0.00,4.30,90
2025-07-08 17:00:00,29.50,31,29.20,,0.00,3.50,66
2025-07-08 18:00:00,29.70,31,29.40,,0.00,3.70,29
2025-07-08 19:00:00,29.20,32,28.60,,0.00,5.70,18
2025-07-08 20:00:00,28.10,36,27.80,,0.00,5.00,21
2025-07-08 21:00:00,26.60,47,27.70,,0.00,2.10,31
2025-07-08 22:00:00,25.40,52,26.70,,0.00,1.80,79
2025-07-08 23:00:00,24.50,52,25.70,,0.00,1.10,108
2025-07-09 00:00:00,23.70,57,25.00,,0.00,1.90,338
2025-07-09 01:00:00,23.00,59,24.10,,0.00,2.80,320
2025-07-09 02:00:00,22.40,61,23.30,,0.00,3.90,304
2025-07-09 03:00:00,21.10,66,22.00,,0.00,4.00,297
2025-07-09 04:00:00,20.00,71,20.90,,0.00,4.00,297
2025-07-09 05:00:00,19.40,73,20.40,,0.00,3.60,307
2025-07-09 06:00:00,19.40,74,20.40,,0.00,3.60,315
2025-07-09 07:00:00,20.60,73,22.00,,0.00,3.10,315
2025-07-09 08:00:00,23.00,66,24.70,,0.00,3.70,349
2025-07-09 09:00:00,25.10,59,26.50,,0.00,5.50,11
2025-07-09 10:00:00,26.90,47,27.40,,0.00,7.60,19
2025-07-09 11:00:00,28.20,40,28.60,,0.00,9.30,16
2025-07-09 12:00:00,29.30,36,30.20,,0.00,8.90,14
2025-07-09 13:00:00,30.20,34,31.10,,0.00,9.80,8
2025-07-09 14:00:00,30.60,34,31.30,,0.00,10.50,4
2025-07-09 15:00:00,30.80,35,31.20,,0.00,10.50,4
2025-07-09 16:00:00,31.30,35,31.60,,0.00,10.50,6
2025-07-09 17:00:00,31.60,33,31.40,,0.00,10.80,2
2025-07-09 18:00:00,31.90,34,31.70,,0.00,9.90,10
2025-07-09 19:00:00,31.50,30,30.50,,0.00,10.10,35
2025-07-09 20:00:00,30.30,32,29.70,,0.00,7.40,61
2025-07-09 21:00:00,29.00,37,29.20,,0.00,4.20,59
2025-07-09 22:00:00,27.40,44,28.10,,0.00,4.10,38
2025-07-09 23:00:00,26.30,48,27.10,,0.00,4.70,9
2025-07-10 00:00:00,25.60,55,26.70,,0.00,5.90,11
2025-07-10 01:00:00,24.60,61,25.80,,0.00,7.00,12
2025-07-10 02:00:00,23.50,69,25.00,,0.00,8.20,15
2025-07-10 03:00:00,22.60,78,24.60,,0.00,8.10,13
2025-07-10 04:00:00,22.00,82,24.10,,0.00,8.00,8
2025-07-10 05:00:00,21.70,84,23.80,,0.00,7.90,3
2025-07-10 06:00:00,21.70,85,24.00,,0.00,7.20,6
2025-07-10 07:00:00,22.30,81,24.40,,0.00,8.60,15
2025-07-10 08:00:00,23.40,75,25.30,,0.00,8.80,9
2025-07-10 09:00:00,25.10,69,27.10,,0.00,9.10,9
2025-07-10 10:00:00,26.60,63,28.50,,0.00,10.20,10
2025-07-10 11:00:00,28.30,59,30.90,,0.00,10.50,8
2025-07-10 12:00:00,29.40,57,32.80,,0.00,10.90,9
2025-07-10 13:00:00,30.70,51,33.50,,0.00,11.60,16
2025-07-10 14:00:00,31.20,45,33.10,,0.30,9.40,43
2025-07-10 15:00:00,32.10,43,34.30,,0.20,9.40,47
2025-07-10 16:00:00,32.30,40,33.60,,0.00,8.90,43
2025-07-10 17:00:00,31.80,41,32.70,,0.10,10.70,50
2025-07-10 18:00:00,31.20,45,32.70,,0.10,9.40,40
2025-07-10 19:00:00,30.50,50,32.40,,0.00,9.10,56
2025-07-10 20:00:00,29.70,54,32.30,,0.00,7.00,78
2025-07-10 21:00:00,28.70,60,32.10,,0.00,3.70,79
2025-07-10 22:00:00,27.50,66,31.10,,0.00,3.70,61
2025-07-10 23:00:00,26.80,66,29.90,,0.00,4.30,66
2025-07-11 00:00:00,25.80,66,28.50,,0.00,4.90,54
2025-07-11 01:00:00,24.90,70,27.50,,0.00,5.40,53
2025-07-11 02:00:00,24.10,74,26.80,,0.00,4.90,54
2025-07-11 03:00:00,23.40,79,26.40,,0.00,4.50,61
2025-07-11 04:00:00,22.90,83,26.10,,0.00,3.90,56
2025-07-11 05:00:00,22.30,87,25.70,,0.00,3.70,61
2025-07-11 06:00:00,22.10,87,25.50,,0.00,2.80,50
2025-07-11 07:00:00,22.80,85,26.20,,0.00,4.20,59
2025-07-11 08:00:00,24.10,79,27.40,,0.00,5.00,60
2025-07-11 09:00:00,26.00,69,29.00,,0.00,5.30,62
2025-07-11 10:00:00,27.90,63,31.20,,0.00,5.50,67
2025-07-11 11:00:00,29.70,55,33.50,,0.00,6.00,73
2025-07-11 12:00:00,31.30,49,35.40,,0.00,5.80,86
2025-07-11 13:00:00,32.40,43,36.20,,0.00,5.80,97
2025-07-11 14:00:00,33.30,39,36.60,,0.00,5.60,105
2025-07-11 15:00:00,33.70,38,36.40,,0.00,6.70,106
2025-07-11 16:00:00,33.80,36,35.60,,0.00,6.40,106
2025-07-11 17:00:00,33.60,36,34.90,,0.00,6.80,108
2025-07-11 18:00:00,33.40,38,35.10,,0.00,5.80,112
2025-07-11 19:00:00,33.00,38,34.50,,0.00,6.40,106
2025-07-11 20:00:00,32.30,40,33.80,,0.00,7.10,105
2025-07-11 21:00:00,31.30,42,32.80,,0.00,5.90,101
2025-07-11 22:00:00,29.70,51,32.00,,0.00,5.50,101
2025-07-11 23:00:00,28.70,55,31.20,,0.00,4.80,103
2025-07-12 00:00:00,27.70,61,30.70,,0.00,4.00,117
2025-07-12 01:00:00,26.90,64,29.90,,0.00,3.60,127
2025-07-12 02:00:00,26.20,68,29.50,,0.00,3.60,127
2025-07-12 03:00:00,25.60,70,28.90,,0.00,3.30,131
2025-07-12 04:00:00,25.20,71,28.30,,0.00,3.30,139
2025-07-12 05:00:00,24.70,73,27.80,,0.00,3.30,131
2025-07-12 06:00:00,24.50,76,28.00,,0.00,2.30,129
2025-07-12 07:00:00,25.20,73,28.60,,0.00,3.10,126
2025-07-12 08:00:00,26.80,66,30.00,,0.00,4.10,135
2025-07-12 09:00:00,28.70,57,31.60,,0.00,4.20,149
2025-07-12 10:00:00,30.80,50,33.70,,0.00,4.30,156
2025-07-12 11:00:00,32.60,39,35.20,,0.00,5.40,176
2025-07-12 12:00:00,33.70,37,36.90,,0.00,3.60,180
2025-07-12 13:00:00,34.50,33,37.60,,0.00,3.30,174
2025-07-12 14:00:00,34.80,32,37.00,,0.00,3.90,158
2025-07-12 15:00:00,34.90,33,36.30,,0.00,4.70,157
2025-07-12 16:00:00,34.90,32,36.10,,0.00,5.50,157
2025-07-12 17:00:00,34.90,31,35.80,,0.00,5.80,150
2025-07-12 18:00:00,34.60,33,36.00,,0.00,4.30,156
2025-07-12 19:00:00,34.10,34,35.40,,0.00,5.20,146
2025-07-12 20:00:00,33.10,37,34.80,,0.10,3.70,151
2025-07-12 21:00:00,31.70,42,33.60,,0.00,4.00,117
2025-07-12 22:00:00,29.90,51,32.40,,0.00,4.50,119
2025-07-12 23:00:00,28.80,54,31.20,,0.00,4.80,132
2025-07-13 00:00:00,27.70,60,30.50,,0.00,4.60,141
2025-07-13 01:00:00,26.90,63,29.80,,0.00,4.40,145
2025-07-13 02:00:00,26.30,67,29.30,,0.00,4.30,156
2025-07-13 03:00:00,26.20,67,29.30,,0.00,3.40,162
2025-07-13 04:00:00,26.00,64,28.70,,0.00,3.30,174
2025-07-13 05:00:00,25.70,62,28.10,,0.00,3.30,167
2025-07-13 06:00:00,25.10,67,27.80,,0.00,3.10,159
2025-07-13 07:00:00,26.00,65,28.90,,0.00,3.10,159
2025-07-13 08:00:00,28.00,53,29.90,,0.00,5.40,172
2025-07-13 09:00:00,29.70,46,31.20,,0.00,6.50,177
2025-07-13 10:00:00,31.40,44,33.30,,0.00,6.80,177
2025-07-13 11:00:00,33.00,38,35.20,,0.00,7.90,180
2025-07-13 12:00:00,34.40,33,36.50,,0.00,8.40,170
2025-07-13 13:00:00,35.10,31,36.90,,0.00,8.60,165
2025-07-13 14:00:00,35.60,29,36.90,,0.00,8.80,168
2025-07-13 15:00:00,36.00,28,37.20,,0.00,9.30,164
2025-07-13 16:00:00,36.10,27,36.60,,0.00,9.10,171
2025-07-13 17:00:00,36.10,27,36.20,,0.00,9.10,173
2025-07-13 18:00:00,35.60,28,35.60,,0.00,9.20,169
2025-07-13 19:00:00,35.00,29,35.10,,0.00,8.70,173
2025-07-13 20:00:00,33.90,31,34.20,,0.00,7.70,169
2025-07-13 21:00:00,32.00,38,33.30,,0.00,5.00,150
2025-07-13 22:00:00,30.20,45,31.90,,0.00,5.60,140
2025-07-13 23:00:00,28.70,54,30.60,,0.00,8.30,146
2025-07-14 00:00:00,27.80,56,29.70,,0.00,8.00,153
2025-07-14 01:00:00,27.10,56,28.80,,0.00,7.10,165
2025-07-14 02:00:00,26.60,55,27.90,,0.00,6.90,171
2025-07-14 03:00:00,25.70,57,27.00,,0.00,6.20,173
2025-07-14 04:00:00,25.40,57,26.60,,0.00,6.20,173
2025-07-14 05:00:00,25.00,56,26.00,,0.00,6.10,177
2025-07-14 06:00:00,24.80,57,25.90,,0.00,5.80,180
2025-07-14 07:00:00,25.70,52,26.40,,0.00,6.90,186
2025-07-14 08:00:00,27.10,49,27.70,,0.00,8.00,190
2025-07-14 09:00:00,29.00,42,29.20,,0.00,9.20,191
2025-07-14 10:00:00,30.70,40,31.20,,0.00,10.00,193
2025-07-14 11:00:00,32.70,36,34.10,,0.00,9.30,193
2025-07-14 12:00:00,34.40,32,36.30,,0.00,9.00,196
2025-07-14 13:00:00,35.90,29,37.90,,0.00,9.00,196
2025-07-14 14:00:00,36.60,26,38.10,,0.00,8.70,197
2025-07-14 15:00:00,36.90,26,38.10,,0.00,9.30,193
2025-07-14 16:00:00,37.20,23,37.00,,0.00,8.00,188
2025-07-14 17:00:00,36.90,24,36.40,,0.00,9.30,196
2025-07-14 18:00:00,36.60,24,36.30,,0.00,8.20,209
2025-07-14 19:00:00,36.00,26,36.10,,0.00,6.80,212
2025-07-14 20:00:00,34.80,28,35.10,,0.00,6.20,187
2025-07-14 21:00:00,32.60,35,33.50,,0.00,5.20,164
2025-07-14 22:00:00,30.90,39,31.90,,0.00,5.50,169
2025-07-14 23:00:00,29.60,44,30.90,,0.00,4.80,167
2025-07-15 00:00:00,28.20,48,29.60,,0.00,4.30,156
2025-07-15 01:00:00,27.50,49,28.90,,0.00,4.20,160
2025-07-15 02:00:00,27.00,50,28.30,,0.00,4.40,171
2025-07-15 03:00:00,26.00,56,27.80,,0.00,3.70,169
2025-07-15 04:00:00,25.70,55,27.20,,0.00,3.60,180
2025-07-15 05:00:00,25.10,58,26.70,,0.00,3.60,180
2025-07-15 06:00:00,24.60,61,26.40,,0.00,3.30,186
2025-07-15 07:00:00,25.60,57,27.60,,0.00,1.50,225
2025-07-15 08:00:00,28.40,48,30.30,,0.00,1.50,194
2025-07-15 09:00:00,29.40,44,31.00,,0.00,2.80,220
2025-07-15 10:00:00,31.40,38,32.70,,0.00,4.50,209
2025-07-15 11:00:00,33.00,34,34.80,,0.00,5.40,217
2025-07-15 12:00:00,33.70,33,36.30,,0.00,4.60,252
2025-07-15 13:00:00,35.10,30,37.90,,0.00,4.60,252
2025-07-15 14:00:00,35.90,28,38.40,,0.00,5.10,262
2025-07-15 15:00:00,35.80,28,37.80,,0.00,5.40,312
2025-07-15 16:00:00,36.00,27,37.40,,0.00,4.20,340
2025-07-15 17:00:00,35.80,28,36.70,,0.00,4.30,48
2025-07-15 18:00:00,35.00,37,37.00,,0.10,6.10,40
2025-07-15 19:00:00,34.00,41,36.40,,0.00,6.10,50
2025-07-15 20:00:00,33.00,44,35.70,,0.00,5.30,62
2025-07-15 21:00:00,31.80,43,34.10,,0.00,3.60,84
2025-07-15 22:00:00,30.10,55,33.40,,0.00,3.70,101
2025-07-15 23:00:00,29.00,61,32.80,,0.00,2.50,90
2025-07-16 00:00:00,28.20,66,32.30,,0.00,2.30,72
2025-07-16 01:00:00,27.50,70,31.90,,0.00,1.80,79
2025-07-16 02:00:00,27.20,71,31.50,,0.00,1.80,53
2025-07-16 03:00:00,26.60,73,30.90,,0.00,2.00,45
2025-07-16 04:00:00,26.10,74,30.20,,0.00,2.10,59
2025-07-16 05:00:00,25.70,75,29.70,,0.00,2.20,81
2025-07-16 06:00:00,25.20,75,28.20,,0.10,8.00,352
2025-07-16 07:00:00,25.60,74,29.40,,0.10,2.20,9
2025-07-16 08:00:00,26.90,69,30.60,,0.00,3.30,49
2025-07-16 09:00:00,28.70,59,31.60,,0.00,6.10,87
2025-07-16 10:00:00,30.70,52,33.40,,0.00,6.80,108
2025-07-16 11:00:00,32.20,47,35.60,,0.00,6.70,126
2025-07-16 12:00:00,33.60,42,37.50,,0.00,5.90,133
2025-07-16 13:00:00,34.20,40,38.50,,0.10,4.50,104
2025-07-16 14:00:00,35.10,37,39.10,,0.10,3.80,139
2025-07-16 15:00:00,36.00,32,38.60,,0.10,3.90,214
2025-07-16 16:00:00,36.00,31,38.80,,0.00,0.40,360
2025-07-16 17:00:00,35.00,37,36.50,,0.30,10.00,60
2025-07-16 18:00:00,33.20,47,36.00,,0.50,8.00,80
2025-07-16 19:00:00,33.00,47,35.70,,0.00,8.70,97
2025-07-16 20:00:00,31.70,53,34.80,,0.00,9.00,106
2025-07-16 21:00:00,30.40,59,34.20,,0.00,6.00,107
2025-07-16 22:00:00,29.20,62,32.90,,0.00,5.50,113
2025-07-16 23:00:00,28.30,66,32.20,,0.00,4.40,125
2025-07-17 00:00:00,27.80,68,31.70,,0.00,4.30,138
2025-07-17 01:00:00,27.20,70,31.00,,0.00,4.20,149
2025-07-17 02:00:00,26.70,72,30.50,,0.00,4.20,160
2025-07-17 03:00:00,26.40,72,30.20,,0.00,3.50,156
2025-07-17 04:00:00,26.00,74,29.90,,0.00,3.70,151
2025-07-17 05:00:00,25.60,76,29.50,,0.00,3.70,151
2025-07-17 06:00:00,25.30,79,29.40,,0.00,2.90,150
2025-07-17 07:00:00,26.30,76,30.60,,0.00,3.10,144
2025-07-17 08:00:00,28.10,66,32.10,,0.00,2.60,164
2025-07-17 09:00:00,29.30,60,33.10,,0.00,2.60,164
2025-07-17 10:00:00,30.30,53,33.50,,0.00,3.20,243
2025-07-17 11:00:00,31.70,48,34.80,,0.00,3.20,207
2025-07-17 12:00:00,33.30,44,37.40,,0.00,4.10,195
2025-07-17 13:00:00,34.60,39,38.90,,0.00,4.50,209
2025-07-17 14:00:00,35.40,36,39.00,,0.00,5.70,198
2025-07-17 15:00:00,36.00,34,39.00,,0.10,7.20,207
2025-07-17 16:00:00,33.30,43,35.30,,0.40,9.70,225
2025-07-17 17:00:00,32.60,46,35.10,,0.10,7.00,339
2025-07-17 18:00:00,31.90,51,34.90,,0.00,7.70,332
2025-07-17 19:00:00,31.20,54,34.60,,0.00,5.90,349
2025-07-17 20:00:00,30.60,57,34.30,,0.00,4.30,336
2025-07-17 21:00:00,28.20,69,32.50,,0.00,3.80,319
2025-07-17 22:00:00,27.10,77,32.10,,0.00,2.40,297
2025-07-17 23:00:00,26.20,83,31.50,,0.00,2.20,270
2025-07-18 00:00:00,25.60,83,30.40,,0.00,2.50,270
2025-07-18 01:00:00,25.20,86,30.10,,0.00,3.30,264
2025-07-18 02:00:00,24.70,88,29.50,,0.00,2.90,270
2025-07-18 03:00:00,24.10,88,28.60,,0.00,2.70,293
2025-07-18 04:00:00,23.90,89,28.40,,0.00,2.90,300
2025-07-18 05:00:00,23.60,89,27.80,,0.00,3.10,291
2025-07-18 06:00:00,23.40,89,27.70,,0.00,2.50,278
2025-07-18 07:00:00,24.80,82,29.10,,0.00,2.30,288
2025-07-18 08:00:00,26.50,74,31.00,,0.00,0.80,333
2025-07-18 09:00:00,28.00,65,32.10,,0.00,1.10,90
2025-07-18 10:00:00,29.60,57,33.40,,0.00,1.10,180
2025-07-18 11:00:00,31.00,51,35.10,,0.00,2.50,262
2025-07-18 12:00:00,31.20,50,35.10,,0.10,5.40,266
2025-07-18 13:00:00,28.20,68,32.20,,1.20,7.90,344
2025-07-18 14:00:00,29.20,64,33.40,,0.00,5.40,360
2025-07-18 15:00:00,28.80,66,32.30,,0.10,11.00,322
2025-07-18 16:00:00,27.20,75,31.30,,1.10,6.50,326
2025-07-18 17:00:00,27.40,72,30.90,,0.10,9.70,315
2025-07-18 18:00:00,27.40,70,30.70,,0.10,8.40,317
2025-07-18 19:00:00,26.40,73,29.30,,0.10,10.70,318
2025-07-18 20:00:00,25.10,82,28.30,,0.10,10.70,315
2025-07-18 21:00:00,23.80,85,26.70,,0.20,10.20,321
2025-07-18 22:00:00,23.10,87,26.10,,0.00,9.10,326
2025-07-18 23:00:00,22.50,89,25.50,,0.10,8.20,331
2025-07-19 00:00:00,21.90,88,24.60,,0.00,7.70,311
2025-07-19 01:00:00,21.50,90,23.90,,0.00,9.20,315
2025-07-19 02:00:00,20.90,91,23.20,,0.00,8.70,318
2025-07-19 03:00:00,20.50,91,22.70,,0.00,8.20,319
2025-07-19 04:00:00,20.10,92,22.10,,0.00,8.20,319
2025-07-19 05:00:00,19.80,93,21.80,,0.00,8.40,320
2025-07-19 06:00:00,19.60,92,21.40,,0.00,8.40,320
2025-07-19 07:00:00,19.90,89,21.40,,0.00,9.80,324
2025-07-19 08:00:00,20.80,84,22.20,,0.00,10.00,322
2025-07-19 09:00:00,22.10,76,23.30,,0.00,10.60,332
2025-07-19 10:00:00,23.50,67,24.40,,0.00,11.30,333
2025-07-19 11:00:00,24.50,62,25.20,,0.00,11.80,337
2025-07-19 12:00:00,25.60,56,26.70,,0.00,11.20,339
2025-07-19 13:00:00,26.30,52,27.40,,0.00,11.60,338
2025-07-19 14:00:00,27.10,49,28.00,,0.00,12.00,339
2025-07-19 15:00:00,27.40,47,27.80,,0.00,12.10,350
2025-07-19 16:00:00,27.70,44,27.70,,0.00,12.00,353
2025-07-19 17:00:00,27.70,43,27.30,,0.00,11.20,356
2025-07-19 18:00:00,27.70,41,27.10,,0.00,10.60,350
2025-07-19 19:00:00,27.00,44,26.70,,0.00,9.60,347
2025-07-19 20:00:00,26.30,46,26.30,,0.00,8.40,335
2025-07-19 21:00:00,25.50,52,26.20,,0.00,6.10,332
2025-07-19 22:00:00,24.30,56,25.20,,0.00,4.80,312
2025-07-19 23:00:00,23.50,59,24.30,,0.00,6.10,315
2025-07-20 00:00:00,22.80,63,23.80,,0.00,5.60,320
2025-07-20 01:00:00,22.00,65,23.00,,0.00,4.30,312
2025-07-20 02:00:00,21.20,66,22.20,,0.00,3.90,292
2025-07-20 03:00:00,20.00,70,20.70,,0.00,4.40,305
2025-07-20 04:00:00,19.60,69,20.10,,0.00,5.40,318
2025-07-20 05:00:00,19.00,74,19.70,,0.00,4.60,321
2025-07-20 06:00:00,18.30,84,19.70,,0.00,3.40,342
2025-07-20 07:00:00,19.30,79,20.70,,0.00,3.60,354
2025-07-20 08:00:00,20.70,69,21.60,,0.00,4.70,4
2025-07-20 09:00:00,22.60,60,23.30,,0.00,4.80,13
2025-07-20 10:00:00,24.00,55,24.90,,0.00,5.20,348
2025-07-20 11:00:00,25.30,48,26.10,,0.00,7.60,329
2025-07-20 12:00:00,26.00,43,26.80,,0.00,8.60,327
2025-07-20 13:00:00,26.60,41,27.60,,0.00,8.20,331
2025-07-20 14:00:00,27.20,40,28.10,,0.00,8.60,338
2025-07-20 15:00:00,27.60,37,28.00,,0.00,7.60,341
2025-07-20 16:00:00,27.90,36,28.00,,0.00,7.50,343
2025-07-20 17:00:00,27.90,36,27.30,,0.00,6.80,342
2025-07-20 18:00:00,27.90,37,27.70,,0.00,5.40,340
2025-07-20 19:00:00,27.30,38,27.00,,0.00,5.80,338
2025-07-20 20:00:00,26.60,41,26.60,,0.00,5.20,348
2025-07-20 21:00:00,25.70,47,26.40,,0.00,2.70,23
2025-07-20 22:00:00,24.60,54,25.80,,0.00,2.20,81
2025-07-20 23:00:00,23.70,58,25.10,,0.00,2.00,135
2025-07-21 00:00:00,22.10,71,24.00,,0.00,2.60,164
2025-07-21 01:00:00,21.50,73,23.30,,0.00,2.90,187
2025-07-21 02:00:00,21.00,74,22.80,,0.00,2.70,203
2025-07-21 03:00:00,20.20,79,22.10,,0.00,2.30,219
2025-07-21 04:00:00,19.80,79,21.60,,0.00,1.90,202
2025-07-21 05:00:00,19.30,80,21.10,,0.00,1.40,180
2025-07-21 06:00:00,19.10,83,21.00,,0.00,1.50,166
2025-07-21 07:00:00,20.10,79,22.00,,0.00,1.50,194
2025-07-21 08:00:00,22.10,68,23.90,,0.00,1.50,166
2025-07-21 09:00:00,24.30,54,25.40,,0.00,2.20,171
2025-07-21 10:00:00,25.70,47,26.30,,0.00,4.10,165
2025-07-21 11:00:00,26.70,42,27.10,,0.00,4.70,176
2025-07-21 12:00:00,27.80,38,28.50,,0.00,3.20,207
2025-07-21 13:00:00,28.40,35,28.60,,0.00,3.10,225
2025-07-21 14:00:00,28.90,34,28.80,,0.00,3.60,225
2025-07-21 15:00:00,29.20,33,29.10,,0.00,3.30,221
2025-07-21 16:00:00,29.40,33,29.30,,0.00,3.60,217
2025-07-21 17:00:00,29.30,34,29.20,,0.00,4.80,193
2025-07-21 18:00:00,29.10,34,29.00,,0.00,3.90,214
2025-07-21 19:00:00,28.60,35,28.70,,0.00,2.30,198
2025-07-21 20:00:00,27.70,39,27.90,,0.00,4.30,66
2025-07-21 21:00:00,26.40,48,27.20,,0.00,5.20,78
2025-07-21 22:00:00,25.50,53,26.50,,0.00,4.70,99
2025-07-21 23:00:00,24.50,55,25.60,,0.00,3.60,96
2025-07-22 00:00:00,24.10,57,25.40,,0.00,2.90,120
2025-07-22 01:00:00,23.50,59,24.70,,0.00,3.40,108
2025-07-22 02:00:00,22.90,61,24.00,,0.00,4.00,100
2025-07-22 03:00:00,22.50,67,24.10,,0.00,3.30,13
2025-07-22 04:00:00,21.70,72,23.50,,0.30,2.60,106
2025-07-22 05:00:00,21.40,74,23.30,,0.00,3.10,144
2025-07-22 06:00:00,21.60,69,23.20,,0.00,2.60,146
2025-07-22 07:00:00,22.20,67,23.70,,0.00,2.90,173
2025-07-22 08:00:00,23.60,61,25.30,,0.00,1.80,180
2025-07-22 09:00:00,25.10,53,26.20,,0.00,4.00,95
2025-07-22 10:00:00,26.30,47,27.10,,0.00,3.60,96
2025-07-22 11:00:00,27.20,45,28.00,,0.00,3.50,66
2025-07-22 12:00:00,27.90,43,28.90,,0.00,2.10,31
2025-07-22 13:00:00,27.50,47,28.30,,0.00,6.20,7
2025-07-22 14:00:00,27.10,49,28.50,,0.10,2.60,344
2025-07-22 15:00:00,27.80,47,29.40,,0.00,2.40,27
2025-07-22 16:00:00,28.30,45,29.90,,0.00,2.10,59
2025-07-22 17:00:00,28.60,44,30.10,,0.00,1.50,14
2025-07-22 18:00:00,27.80,46,28.70,,0.10,5.40,356
2025-07-22 19:00:00,24.60,63,25.70,,0.20,9.80,24
2025-07-22 20:00:00,24.00,70,25.80,,0.00,7.80,22
2025-07-22 21:00:00,23.20,71,25.10,,0.00,5.50,32
2025-07-22 22:00:00,22.20,76,24.60,,0.00,3.10,21
2025-07-22 23:00:00,21.60,80,24.00,,0.00,2.90,353
2025-07-23 00:00:00,21.10,85,23.70,,0.00,3.40,342
2025-07-23 01:00:00,20.50,88,23.20,,0.00,3.10,339
2025-07-23 02:00:00,20.20,89,22.80,,0.00,3.10,324
2025-07-23 03:00:00,19.90,89,22.40,,0.00,3.10,315
2025-07-23 04:00:00,19.60,90,22.10,,0.00,3.10,315
2025-07-23 05:00:00,19.10,91,21.40,,0.00,2.80,310
2025-07-23 06:00:00,18.70,92,20.90,,0.00,3.10,306
2025-07-23 07:00:00,19.70,86,21.70,,0.00,4.10,315
2025-07-23 08:00:00,21.20,74,22.50,,0.00,6.10,332
2025-07-23 09:00:00,22.40,63,23.10,,0.00,7.00,339
2025-07-23 10:00:00,23.90,54,23.90,,0.00,9.30,347
2025-07-23 11:00:00,24.70,51,25.00,,0.00,10.20,350
2025-07-23 12:00:00,25.70,44,25.80,,0.00,10.30,348
2025-07-23 13:00:00,26.40,42,26.50,,0.00,10.20,350
2025-07-23 14:00:00,27.20,38,27.50,,0.00,10.50,356
2025-07-23 15:00:00,27.80,33,27.90,,0.00,9.00,360
2025-07-23 16:00:00,27.90,34,27.40,,0.00,10.40,360
2025-07-23 17:00:00,27.10,38,26.10,,0.00,9.70,358
2025-07-23 18:00:00,27.10,41,26.70,,0.00,8.60,345
2025-07-23 19:00:00,26.90,41,26.50,,0.00,8.50,348
2025-07-23 20:00:00,26.30,43,26.00,,0.00,8.10,347
2025-07-23 21:00:00,25.40,48,26.00,,0.00,4.00,355
2025-07-23 22:00:00,24.40,56,25.60,,0.00,3.30,6
2025-07-23 23:00:00,23.60,62,25.20,,0.00,2.70,23
2025-07-24 00:00:00,22.70,69,24.80,,0.00,1.80,349
2025-07-24 01:00:00,22.00,72,24.00,,0.00,2.50,360
2025-07-24 02:00:00,21.40,75,23.40,,0.00,2.50,8
2025-07-24 03:00:00,20.90,78,22.90,,0.00,2.50,315
2025-07-24 04:00:00,20.20,81,22.20,,0.00,2.50,315
2025-07-24 05:00:00,19.80,85,21.90,,0.00,2.50,352
2025-07-24 06:00:00,19.30,89,21.60,,0.00,2.20,351
2025-07-24 07:00:00,20.20,85,22.50,,0.00,2.60,16
2025-07-24 08:00:00,21.20,76,23.00,,0.00,4.50,29
2025-07-24 09:00:00,22.70,69,24.30,,0.00,5.10,39
2025-07-24 10:00:00,24.20,61,25.30,,0.00,6.90,43
2025-07-24 11:00:00,25.20,55,26.00,,0.00,8.20,52
2025-07-24 12:00:00,25.90,51,26.60,,0.00,7.40,61
2025-07-24 13:00:00,26.30,49,26.90,,0.00,7.50,73
2025-07-24 14:00:00,26.80,48,27.10,,0.00,8.40,80
2025-07-24 15:00:00,26.90,46,26.90,,0.00,9.20,79
2025-07-24 16:00:00,26.90,46,27.10,,0.00,8.70,83
2025-07-24 17:00:00,27.10,45,27.40,,0.00,7.60,87
2025-07-24 18:00:00,26.80,46,26.90,,0.00,8.70,83
2025-07-24 19:00:00,26.30,47,26.30,,0.00,9.10,83
2025-07-24 20:00:00,25.60,48,25.50,,0.00,9.00,85
2025-07-24 21:00:00,24.50,50,24.50,,0.00,7.20,90
2025-07-24 22:00:00,23.20,55,23.40,,0.00,6.10,87
2025-07-24 23:00:00,22.00,56,21.90,,0.00,6.80,90
2025-07-25 00:00:00,21.10,54,20.50,,0.00,7.00,102
2025-07-25 01:00:00,20.30,54,19.50,,0.00,6.70,106
2025-07-25 02:00:00,19.60,55,18.90,,0.00,5.50,113
2025-07-25 03:00:00,18.70,60,18.40,,0.00,4.10,105
2025-07-25 04:00:00,18.20,61,17.80,,0.00,4.10,105
2025-07-25 05:00:00,17.70,64,17.40,,0.00,3.70,101
2025-07-25 06:00:00,17.30,66,17.10,,0.00,3.30,96
2025-07-25 07:00:00,17.90,64,17.60,,0.00,4.40,99
2025-07-25 08:00:00,19.30,59,18.80,,0.00,5.40,110
2025-07-25 09:00:00,21.40,51,20.80,,0.00,5.70,108
2025-07-25 10:00:00,23.40,44,22.60,,0.00,7.20,108
2025-07-25 11:00:00,24.80,38,23.90,,0.00,10.20,108
2025-07-25 12:00:00,25.30,37,25.10,,0.00,8.80,102
2025-07-25 13:00:00,26.00,36,26.20,,0.00,8.40,100
2025-07-25 14:00:00,26.50,35,26.80,,0.00,7.60,98
2025-07-25 15:00:00,26.70,34,26.40,,0.00,7.60,90
2025-07-25 16:00:00,26.40,34,25.10,,0.00,7.60,98
2025-07-25 17:00:00,25.90,35,24.40,,0.00,8.60,105
2025-07-25 18:00:00,25.60,36,24.30,,0.00,7.80,103
2025-07-25 19:00:00,25.40,36,24.20,,0.00,6.40,117
2025-07-25 20:00:00,24.70,38,23.80,,0.00,5.40,132
2025-07-25 21:00:00,23.80,44,23.60,,0.00,3.10,69
2025-07-25 22:00:00,22.70,50,22.80,,0.00,2.90,60
2025-07-25 23:00:00,22.10,54,22.50,,0.00,2.30,51
2025-07-26 00:00:00,21.40,61,22.20,,0.00,2.80,50
2025-07-26 01:00:00,21.20,61,21.80,,0.00,2.80,50
2025-07-26 02:00:00,20.80,63,21.60,,0.00,2.60,34
2025-07-26 03:00:00,20.30,66,21.10,,0.00,2.80,50
2025-07-26 04:00:00,19.90,67,20.70,,0.00,2.30,51
2025-07-26 05:00:00,19.60,69,20.40,,0.00,2.80,50
2025-07-26 06:00:00,19.10,71,19.90,,0.00,2.90,60
2025-07-26 07:00:00,19.60,68,20.20,,0.00,3.30,77
2025-07-26 08:00:00,20.60,64,21.20,,0.00,3.30,103
2025-07-26 09:00:00,22.10,57,22.90,,0.00,1.30,146
2025-07-26 10:00:00,23.70,51,24.40,,0.00,1.30,124
2025-07-26 11:00:00,25.20,46,25.60,,0.00,2.60,74
2025-07-26 12:00:00,26.60,42,27.10,,0.00,3.80,41
2025-07-26 13:00:00,27.90,34,27.30,,0.00,8.00,80
2025-07-26 14:00:00,28.30,39,28.20,,0.00,7.80,68
2025-07-26 15:00:00,28.70,34,28.00,,0.00,7.30,81
2025-07-26 16:00:00,28.90,33,28.10,,0.00,8.00,82
2025-07-26 17:00:00,29.00,32,28.00,,0.00,7.90,87
2025-07-26 18:00:00,28.60,32,27.60,,0.00,7.20,93
2025-07-26 19:00:00,28.10,32,27.10,,0.00,6.50,90
2025-07-26 20:00:00,27.20,35,26.40,,0.00,6.20,80
2025-07-26 21:00:00,25.40,49,26.00,,0.00,4.50,76
2025-07-26 22:00:00,24.50,53,25.60,,0.00,1.90,68
2025-07-26 23:00:00,23.60,58,24.80,,0.00,2.70,337
2025-07-27 00:00:00,22.30,66,23.70,,0.00,3.40,328
2025-07-27 01:00:00,21.80,66,23.10,,0.00,3.30,319
2025-07-27 02:00:00,21.00,72,22.20,,0.00,4.70,302
2025-07-27 03:00:00,19.50,79,20.90,,0.00,3.30,283
2025-07-27 04:00:00,18.80,84,20.50,,0.00,2.60,304
2025-07-27 05:00:00,18.50,84,20.00,,0.00,3.10,315
2025-07-27 06:00:00,18.50,83,20.00,,0.00,3.10,291
2025-07-27 07:00:00,19.60,79,21.50,,0.00,1.10,288
2025-07-27 08:00:00,22.30,69,24.40,,0.00,0.80,333
2025-07-27 09:00:00,24.40,58,26.10,,0.00,1.00,315
2025-07-27 10:00:00,26.30,50,27.90,,0.00,0.50,225
2025-07-27 11:00:00,27.80,43,29.10,,0.00,1.60,243
2025-07-27 12:00:00,28.20,40,29.40,,0.00,2.10,239
2025-07-27 13:00:00,29.10,38,30.70,,0.00,1.60,207
2025-07-27 14:00:00,29.70,36,31.40,,0.00,1.80,191
2025-07-27 15:00:00,29.30,40,30.40,,0.00,2.10,149
2025-07-27 16:00:00,28.70,42,29.70,,0.00,3.40,58
2025-07-27 17:00:00,24.50,71,27.30,,1.30,3.10,54
2025-07-27 18:00:00,25.80,61,28.10,,0.00,3.50,246
2025-07-27 19:00:00,25.70,61,27.60,,0.00,5.80,263
2025-07-27 20:00:00,24.50,70,26.70,,0.00,6.80,245
2025-07-27 21:00:00,22.80,80,25.80,,0.00,3.60,264
2025-07-27 22:00:00,21.80,86,24.90,,0.00,3.10,225
2025-07-27 23:00:00,21.10,89,24.00,,0.00,3.60,264
2025-07-28 00:00:00,20.80,89,23.80,,0.00,2.70,247
2025-07-28 01:00:00,20.30,92,23.20,,0.00,3.10,234
2025-07-28 02:00:00,19.90,92,22.60,,0.00,3.50,246
2025-07-28 03:00:00,19.80,90,22.30,,0.00,3.50,246
2025-07-28 04:00:00,19.40,90,21.70,,0.00,3.60,264
2025-07-28 05:00:00,19.10,90,21.20,,0.00,3.70,259
2025-07-28 06:00:00,18.70,88,20.50,,0.00,3.60,264
2025-07-28 07:00:00,19.60,83,21.40,,0.00,3.60,264
2025-07-28 08:00:00,21.10,73,22.60,,0.00,4.00,275
2025-07-28 09:00:00,22.70,66,24.10,,0.00,4.00,265
2025-07-28 10:00:00,24.70,56,25.70,,0.00,5.40,266
2025-07-28 11:00:00,26.00,49,27.00,,0.00,7.70,259
2025-07-28 12:00:00,27.50,43,28.70,,0.00,7.90,254
2025-07-28 13:00:00,28.20,40,29.40,,0.00,7.60,251
2025-07-28 14:00:00,28.90,38,29.60,,0.00,8.10,249
2025-07-28 15:00:00,29.20,40,30.10,,0.00,7.20,252
2025-07-28 16:00:00,29.40,40,29.90,,0.00,6.80,245
2025-07-28 17:00:00,29.80,39,30.10,,0.00,7.40,241
2025-07-28 18:00:00,29.90,38,30.20,,0.00,7.10,246
2025-07-28 19:00:00,29.80,38,30.10,,0.00,6.50,236
2025-07-28 20:00:00,29.00,39,29.50,,0.00,5.00,201
2025-07-28 21:00:00,27.60,47,28.50,,0.00,5.40,180
2025-07-28 22:00:00,26.50,50,27.50,,0.00,5.50,191
2025-07-28 23:00:00,25.90,52,26.60,,0.00,6.80,198
2025-07-29 00:00:00,25.30,55,26.00,,0.00,8.20,218
2025-07-29 01:00:00,23.20,72,23.70,,0.00,15.90,303
2025-07-29 02:00:00,22.10,75,22.30,,0.00,16.40,296
2025-07-29 03:00:00,20.00,80,19.30,,0.80,20.50,301
2025-07-29 04:00:00,16.40,80,15.60,,1.20,11.60,300
2025-07-29 05:00:00,16.30,81,15.10,,0.20,14.70,292
2025-07-29 06:00:00,15.20,75,13.40,,0.00,13.90,287
2025-07-29 07:00:00,14.90,75,13.00,,0.00,14.20,279
2025-07-29 08:00:00,15.60,72,13.60,,0.00,14.40,267
2025-07-29 09:00:00,17.40,65,15.40,,0.00,15.30,261
2025-07-29 10:00:00,18.90,58,16.70,,0.00,16.00,256
2025-07-29 11:00:00,20.40,51,18.40,,0.00,17.60,255
2025-07-29 12:00:00,22.20,45,20.50,,0.00,18.90,261
2025-07-29 13:00:00,23.00,44,21.40,,0.00,19.80,270
2025-07-29 14:00:00,23.30,42,21.00,,0.00,21.20,280
2025-07-29 15:00:00,23.30,41,20.60,,0.00,21.10,278
2025-07-29 16:00:00,23.60,40,20.50,,0.00,20.30,277
2025-07-29 17:00:00,23.60,40,20.30,,0.00,21.40,278
2025-07-29 18:00:00,23.20,41,19.90,,0.00,21.00,282
2025-07-29 19:00:00,22.50,42,19.10,,0.00,21.30,286
2025-07-29 20:00:00,21.70,44,18.90,,0.00,17.10,277
2025-07-29 21:00:00,21.00,47,18.50,,0.00,15.50,273
2025-07-29 22:00:00,20.10,51,17.80,,0.00,15.20,266
2025-07-29 23:00:00,19.50,53,17.10,,0.00,16.20,270
2025-07-30 00:00:00,19.10,55,16.40,,0.00,18.20,278
2025-07-30 01:00:00,18.60,59,15.70,,0.00,20.50,288
2025-07-30 02:00:00,18.00,64,15.60,,0.00,18.40,282
2025-07-30 03:00:00,17.00,75,15.40,,0.10,16.70,284
2025-07-30 04:00:00,16.90,75,14.90,,0.00,18.50,283
2025-07-30 05:00:00,16.40,80,14.80,,0.40,17.70,290
2025-07-30 06:00:00,16.30,83,15.10,,0.10,15.30,289
2025-07-30 07:00:00,16.60,81,15.40,,0.00,15.30,285
2025-07-30 08:00:00,16.80,82,15.80,,0.00,14.50,293
2025-07-30 09:00:00,17.20,80,15.90,,0.00,16.60,297
2025-07-30 10:00:00,17.00,81,15.80,,0.00,16.30,295
2025-07-30 11:00:00,17.10,80,16.00,,0.00,15.80,294
2025-07-30 12:00:00,18.40,74,17.20,,0.00,16.40,303
2025-07-30 13:00:00,18.60,72,17.10,,0.00,17.40,300
2025-07-30 14:00:00,19.20,74,18.00,,0.20,17.80,306
2025-07-30 15:00:00,20.20,69,19.30,,0.00,15.70,302
2025-07-30 16:00:00,22.00,61,21.00,,0.00,16.00,306
2025-07-30 17:00:00,22.70,56,21.50,,0.00,16.30,315
2025-07-30 18:00:00,22.90,55,21.30,,0.00,18.40,318
2025-07-30 19:00:00,21.70,62,20.70,,0.00,16.30,317
2025-07-30 20:00:00,20.90,67,20.30,,0.00,14.10,310
2025-07-30 21:00:00,20.10,70,20.00,,0.00,11.10,299
2025-07-30 22:00:00,19.40,73,19.20,,0.00,11.80,293
2025-07-30 23:00:00,18.60,77,18.10,,0.00,13.40,301
2025-07-31 00:00:00,18.00,81,17.60,,0.00,13.40,306
2025-07-31 01:00:00,17.70,83,17.40,,0.00,12.50,303
2025-07-31 02:00:00,17.20,85,17.00,,0.00,11.40,298
2025-07-31 03:00:00,16.60,86,16.40,,0.00,11.30,292
2025-07-31 04:00:00,16.10,86,15.60,,0.00,11.40,294
2025-07-31 05:00:00,15.60,87,15.20,,0.00,10.70,290
2025-07-31 06:00:00,15.20,86,14.50,,0.00,10.60,288
2025-07-31 07:00:00,15.60,83,14.90,,0.00,10.70,290
2025-07-31 08:00:00,17.00,75,16.10,,0.00,11.30,292
2025-07-31 09:00:00,18.50,69,17.90,,0.00,10.30,295
2025-07-31 10:00:00,20.40,63,19.70,,0.00,11.50,302
2025-07-31 11:00:00,21.60,56,20.50,,0.00,13.50,312
2025-07-31 12:00:00,22.80,50,21.70,,0.00,13.70,315
2025-07-31 13:00:00,23.40,46,22.00,,0.00,13.20,313
2025-07-31 14:00:00,24.20,43,22.80,,0.00,13.30,308
2025-07-31 15:00:00,24.70,41,23.10,,0.00,12.80,308
2025-07-31 16:00:00,25.10,39,23.40,,0.00,12.50,309
2025-07-31 17:00:00,25.30,38,23.50,,0.00,12.60,307
2025-07-31 18:00:00,25.30,37,23.40,,0.00,12.40,306
2025-07-31 19:00:00,24.70,39,23.00,,0.00,11.30,307
2025-07-31 20:00:00,23.70,42,22.40,,0.00,9.10,304
2025-07-31 21:00:00,22.60,47,22.00,,0.00,6.00,295
2025-07-31 22:00:00,21.40,52,20.90,,0.00,5.80,292
2025-07-31 23:00:00,20.60,55,20.30,,0.00,5.00,291
2025-08-01 00:00:00,19.00,62,18.80,,0.00,4.70,279
2025-08-01 01:00:00,17.80,66,17.60,,0.00,4.40,261
2025-08-01 02:00:00,17.20,67,16.90,,0.00,4.10,232
2025-08-01 03:00:00,16.20,71,15.90,,0.00,3.80,229
2025-08-01 04:00:00,16.20,68,15.60,,0.00,4.40,235
2025-08-01 05:00:00,16.10,67,15.40,,0.00,4.90,234
2025-08-01 06:00:00,15.80,70,15.10,,0.00,5.50,238
2025-08-01 07:00:00,17.10,66,16.30,,0.00,7.20,233
2025-08-01 08:00:00,18.80,63,17.90,,0.00,9.10,252
2025-08-01 09:00:00,20.50,58,19.80,,0.00,8.90,249
2025-08-01 10:00:00,22.50,53,22.00,,0.00,9.00,254
2025-08-01 11:00:00,24.50,46,23.90,,0.00,10.10,268
2025-08-01 12:00:00,26.70,34,26.00,,0.00,12.10,280
2025-08-01 13:00:00,27.50,31,26.60,,0.00,12.70,278
2025-08-01 14:00:00,28.20,30,27.30,,0.00,12.60,273
2025-08-01 15:00:00,29.00,28,28.00,,0.00,12.00,277
2025-08-01 16:00:00,29.40,26,27.70,,0.00,11.80,282
2025-08-01 17:00:00,29.50,25,27.20,,0.00,11.90,284
2025-08-01 18:00:00,29.40,25,26.90,,0.00,12.30,291
2025-08-01 19:00:00,28.30,29,26.20,,0.00,11.60,306
2025-08-01 20:00:00,27.00,32,25.40,,0.00,8.70,318
2025-08-01 21:00:00,25.50,38,24.70,,0.00,5.90,308
2025-08-01 22:00:00,23.70,41,22.70,,0.00,6.40,317
2025-08-01 23:00:00,22.60,51,22.50,,0.00,4.70,351
2025-08-02 00:00:00,21.50,62,22.50,,0.00,1.50,315
2025-08-02 01:00:00,20.60,64,21.30,,0.00,2.60,254
2025-08-02 02:00:00,19.70,66,20.20,,0.00,3.10,225
2025-08-02 03:00:00,18.20,72,18.60,,0.00,3.30,229
2025-08-02 04:00:00,17.70,72,18.00,,0.00,3.60,225
2025-08-02 05:00:00,17.70,72,17.90,,0.00,3.60,264
2025-08-02 06:00:00,17.50,73,17.90,,0.00,3.30,257
2025-08-02 07:00:00,18.40,70,18.80,,0.00,3.20,243
2025-08-02 08:00:00,20.10,62,20.20,,0.00,4.50,256
2025-08-02 09:00:00,21.50,56,21.50,,0.00,5.10,278
2025-08-02 10:00:00,23.50,51,23.70,,0.00,4.50,299
2025-08-02 11:00:00,25.20,42,25.30,,0.00,6.60,311
2025-08-02 12:00:00,26.60,35,26.40,,0.00,9.00,307
2025-08-02 13:00:00,27.10,32,26.70,,0.00,9.90,303
2025-08-02 14:00:00,27.60,32,27.20,,0.00,10.00,300
2025-08-02 15:00:00,27.80,32,27.30,,0.00,9.40,302
2025-08-02 16:00:00,28.30,29,27.20,,0.00,8.80,305
2025-08-02 17:00:00,28.40,26,26.30,,0.00,9.20,309
2025-08-02 18:00:00,28.50,26,26.50,,0.00,8.40,313
2025-08-02 19:00:00,27.60,28,25.90,,0.00,7.00,325
2025-08-02 20:00:00,26.50,32,25.40,,0.00,4.50,346
2025-08-02 21:00:00,24.70,43,24.60,,0.00,2.80,40
2025-08-02 22:00:00,23.40,49,23.60,,0.00,2.50,90
2025-08-02 23:00:00,22.60,51,22.80,,0.00,2.60,146
2025-08-03 00:00:00,21.20,59,21.60,,0.00,3.60,174
2025-08-03 01:00:00,20.60,60,20.90,,0.00,3.60,174
2025-08-03 02:00:00,20.10,63,20.40,,0.00,3.80,163
2025-08-03 03:00:00,19.50,69,20.10,,0.00,3.70,169
2025-08-03 04:00:00,19.00,71,19.60,,0.00,4.00,170
2025-08-03 05:00:00,18.90,72,19.50,,0.00,3.80,163
2025-08-03 06:00:00,18.70,73,19.40,,0.00,3.20,153
2025-08-03 07:00:00,19.10,73,20.00,,0.00,3.10,144
2025-08-03 08:00:00,21.00,63,21.70,,0.00,3.60,143
2025-08-03 09:00:00,22.40,56,22.70,,0.00,5.20,146
2025-08-03 10:00:00,24.10,50,24.10,,0.00,6.60,151
2025-08-03 11:00:00,25.00,51,25.40,,0.00,7.00,145
2025-08-03 12:00:00,25.90,52,26.70,,0.00,7.10,135
2025-08-03 13:00:00,25.40,55,26.50,,0.00,5.80,184
2025-08-03 14:00:00,24.20,64,26.40,,0.30,1.80,143
2025-08-03 15:00:00,22.00,82,24.60,,0.90,4.50,61
2025-08-03 16:00:00,21.70,84,23.90,,1.00,7.20,63
2025-08-03 17:00:00,21.10,87,23.10,,1.00,8.70,73
2025-08-03 18:00:00,20.40,88,21.90,,0.70,10.20,67
2025-08-03 19:00:00,19.80,92,21.40,,0.80,9.80,66
2025-08-03 20:00:00,19.30,93,21.00,,2.50,9.30,77
2025-08-03 21:00:00,18.80,94,20.10,,4.10,10.60,62
2025-08-03 22:00:00,18.50,93,19.80,,1.00,9.10,56
2025-08-03 23:00:00,18.20,93,19.20,,0.00,9.70,42
2025-08-04 00:00:00,18.00,93,19.10,,0.10,9.40,32
2025-08-04 01:00:00,17.90,91,18.40,,0.00,11.60,30
2025-08-04 02:00:00,17.60,91,17.80,,0.00,12.90,18
2025-08-04 03:00:00,16.50,88,16.30,,0.00,12.00,9
2025-08-04 04:00:00,16.10,86,15.70,,0.00,11.40,11
2025-08-04 05:00:00,15.90,88,15.50,,0.00,11.20,6
2025-08-04 06:00:00,15.90,88,15.50,,0.00,11.20,4
2025-08-04 07:00:00,16.00,87,15.60,,0.00,11.20,358
2025-08-04 08:00:00,16.80,83,16.10,,0.00,13.00,360
2025-08-04 09:00:00,17.20,82,16.70,,0.00,13.00,360
2025-08-04 10:00:00,18.60,74,17.80,,0.00,14.00,1
2025-08-04 11:00:00,19.80,69,19.10,,0.00,13.30,360
2025-08-04 12:00:00,21.10,64,20.60,,0.00,12.30,353
2025-08-04 13:00:00,22.30,58,22.40,,0.00,11.50,360
2025-08-04 14:00:00,22.60,54,21.80,,0.00,11.90,3
2025-08-04 15:00:00,23.70,48,22.60,,0.00,11.90,2
2025-08-04 16:00:00,23.70,49,22.80,,0.00,11.20,360
2025-08-04 17:00:00,23.90,49,23.20,,0.00,10.40,358
2025-08-04 18:00:00,24.20,46,23.40,,0.00,9.10,351
2025-08-04 19:00:00,23.80,46,23.00,,0.00,8.70,343
2025-08-04 20:00:00,22.80,54,22.70,,0.00,6.70,324
2025-08-04 21:00:00,21.90,61,22.60,,0.00,4.60,309
2025-08-04 22:00:00,20.90,65,21.50,,0.00,4.30,294
2025-08-04 23:00:00,20.20,66,20.70,,0.00,4.70,293
2025-08-05 00:00:00,19.80,69,20.40,,0.00,4.30,294
2025-08-05 01:00:00,19.20,71,19.80,,0.00,4.20,290
2025-08-05 02:00:00,18.80,71,19.40,,0.00,3.70,281
2025-08-05 03:00:00,17.60,76,18.10,,0.00,3.80,287
2025-08-05 04:00:00,17.10,78,17.60,,0.00,3.80,287
2025-08-05 05:00:00,16.70,79,17.10,,0.00,3.80,287
2025-08-05 06:00:00,16.20,81,16.50,,0.00,3.90,292
2025-08-05 07:00:00,16.80,79,17.20,,0.00,3.90,292
2025-08-05 08:00:00,18.50,72,18.90,,0.00,4.90,306
2025-08-05 09:00:00,20.40,62,20.40,,0.00,5.60,320
2025-08-05 10:00:00,22.20,58,22.70,,0.00,4.70,328
2025-08-05 11:00:00,24.00,49,24.70,,0.00,5.50,337
2025-08-05 12:00:00,25.50,37,25.00,,0.00,7.80,338
2025-08-05 13:00:00,25.90,37,25.40,,0.00,7.50,343
2025-08-05 14:00:00,26.20,36,25.60,,0.00,6.50,341
2025-08-05 15:00:00,26.30,37,25.80,,0.00,6.00,335
2025-08-05 16:00:00,26.50,34,25.30,,0.00,6.80,335
2025-08-05 17:00:00,26.30,36,25.40,,0.00,6.40,333
2025-08-05 18:00:00,26.20,36,25.40,,0.00,5.20,326
2025-08-05 19:00:00,25.50,40,25.00,,0.00,5.50,328
2025-08-05 20:00:00,24.50,46,24.50,,0.00,4.10,322
2025-08-05 21:00:00,23.50,54,24.30,,0.00,2.50,360
2025-08-05 22:00:00,22.60,58,23.60,,0.00,1.90,22
2025-08-05 23:00:00,22.00,59,22.90,,0.00,1.30,34
2025-08-06 00:00:00,21.20,65,22.40,,0.00,1.10,162
2025-08-06 01:00:00,20.60,66,21.70,,0.00,1.10,162
2025-08-06 02:00:00,20.10,69,21.20,,0.00,1.90,112
2025-08-06 03:00:00,19.80,74,21.20,,0.00,2.10,121
2025-08-06 04:00:00,19.50,76,20.90,,0.00,1.90,112
2025-08-06 05:00:00,19.00,78,20.40,,0.00,1.50,76
2025-08-06 06:00:00,18.70,81,20.30,,0.00,1.10,72
2025-08-06 07:00:00,18.90,81,20.60,,0.00,1.10,72
2025-08-06 08:00:00,20.10,77,21.90,,0.00,1.10,108
2025-08-06 09:00:00,21.40,69,23.10,,0.00,1.40,90
2025-08-06 10:00:00,22.90,63,24.50,,0.00,1.80,90
2025-08-06 11:00:00,24.70,51,25.80,,0.00,2.30,72
2025-08-06 12:00:00,25.70,45,26.50,,0.00,4.10,45
2025-08-06 13:00:00,26.00,44,26.70,,0.00,5.40,48
2025-08-06 14:00:00,26.40,43,27.00,,0.00,4.90,36
2025-08-06 15:00:00,26.10,46,26.60,,0.00,4.90,36
2025-08-06 16:00:00,26.20,46,26.70,,0.00,4.50,29
2025-08-06 17:00:00,25.70,50,26.30,,0.00,6.10,3
2025-08-06 18:00:00,25.30,52,26.00,,0.10,5.80,360
2025-08-06 19:00:00,24.50,51,25.00,,0.00,5.20,335
2025-08-06 20:00:00,22.90,67,24.10,,0.00,7.60,315
2025-08-06 21:00:00,21.80,76,23.60,,0.00,6.20,306
2025-08-06 22:00:00,20.80,80,22.30,,0.00,7.80,292
2025-08-06 23:00:00,20.30,84,21.80,,0.10,8.10,302
2025-08-07 00:00:00,19.80,88,21.60,,0.20,7.10,315
2025-08-07 01:00:00,19.60,91,21.70,,0.00,5.60,310
2025-08-07 02:00:00,19.30,92,21.40,,0.00,5.40,318
2025-08-07 03:00:00,19.00,91,21.20,,0.00,3.80,319
2025-08-07 04:00:00,18.60,93,20.50,,0.50,5.10,321
2025-08-07 05:00:00,18.30,94,20.00,,1.30,5.90,313
2025-08-07 06:00:00,17.90,93,19.40,,0.00,5.50,302
2025-08-07 07:00:00,17.90,92,19.40,,0.00,5.60,297
2025-08-07 08:00:00,18.40,87,19.60,,0.00,6.90,298
2025-08-07 09:00:00,18.90,83,19.90,,0.00,7.40,293
2025-08-07 10:00:00,20.10,77,20.90,,0.00,7.90,294
2025-08-07 11:00:00,21.50,67,22.00,,0.00,8.10,291
2025-08-07 12:00:00,23.00,57,22.80,,0.00,10.50,301
2025-08-07 13:00:00,23.70,53,23.50,,0.00,10.50,308
2025-08-07 14:00:00,24.30,50,23.80,,0.00,10.90,314
2025-08-07 15:00:00,25.40,45,25.20,,0.00,10.00,311
2025-08-07 16:00:00,25.70,43,25.10,,0.00,8.90,310
2025-08-07 17:00:00,25.80,40,24.70,,0.00,10.20,315
2025-08-07 18:00:00,25.70,41,24.80,,0.00,9.50,307
2025-08-07 19:00:00,25.10,45,24.50,,0.00,9.10,304
2025-08-07 20:00:00,24.20,49,24.10,,0.00,6.60,299
2025-08-07 21:00:00,22.90,58,23.70,,0.00,4.10,285
2025-08-07 22:00:00,22.10,61,22.60,,0.00,6.10,298
2025-08-07 23:00:00,21.40,65,22.20,,0.00,4.50,284
2025-08-08 00:00:00,20.40,72,21.50,,0.00,4.30,294
2025-08-08 01:00:00,19.80,76,21.10,,0.00,3.60,264
2025-08-08 02:00:00,19.30,79,20.60,,0.00,4.00,270
2025-08-08 03:00:00,18.70,81,19.90,,0.00,3.70,259
2025-08-08 04:00:00,18.20,83,19.30,,0.00,4.00,260
2025-08-08 05:00:00,18.00,83,19.10,,0.00,4.00,265
2025-08-08 06:00:00,17.60,84,18.70,,0.00,3.60,270
2025-08-08 07:00:00,18.10,82,19.20,,0.00,4.00,280
2025-08-08 08:00:00,19.40,76,20.30,,0.00,5.70,288
2025-08-08 09:00:00,20.70,73,21.80,,0.00,5.60,315
2025-08-08 10:00:00,22.20,67,23.30,,0.00,5.60,320
2025-08-08 11:00:00,23.20,59,23.50,,0.00,8.20,319
2025-08-08 12:00:00,24.60,52,25.00,,0.00,8.40,317
2025-08-08 13:00:00,25.20,48,24.80,,0.00,10.20,312
2025-08-08 14:00:00,25.40,47,24.90,,0.00,10.70,315
2025-08-08 15:00:00,26.50,44,25.90,,0.00,11.00,319
2025-08-08 16:00:00,26.70,43,26.10,,0.00,10.50,329
2025-08-08 17:00:00,26.60,43,26.00,,0.00,10.30,331
2025-08-08 18:00:00,26.10,45,25.80,,0.00,9.10,342
2025-08-08 19:00:00,25.30,47,25.20,,0.00,7.30,349
2025-08-08 20:00:00,24.20,52,24.70,,0.00,5.20,348
2025-08-08 21:00:00,22.90,61,24.10,,0.00,2.60,344
2025-08-08 22:00:00,22.00,66,23.50,,0.00,2.10,329
2025-08-08 23:00:00,21.60,68,23.10,,0.00,2.30,309
2025-08-09 00:00:00,20.70,73,22.50,,0.00,1.30,326
2025-08-09 01:00:00,20.20,75,22.10,,0.00,0.50,45
2025-08-09 02:00:00,19.80,77,21.40,,0.00,1.80,281
2025-08-09 03:00:00,18.90,79,20.20,,0.00,3.10,249
2025-08-09 04:00:00,18.20,81,19.50,,0.00,2.70,247
2025-08-09 05:00:00,17.50,85,18.70,,0.00,2.90,240
2025-08-09 06:00:00,17.40,85,18.70,,0.00,1.80,233
2025-08-09 07:00:00,17.50,86,19.00,,0.00,1.60,243
2025-08-09 08:00:00,19.50,82,21.40,,0.00,1.50,256
2025-08-09 09:00:00,22.00,63,23.30,,0.00,1.00,225
2025-08-09 10:00:00,23.70,54,24.80,,0.00,0.70,180
2025-08-09 11:00:00,25.10,47,26.40,,0.00,0.50,315
2025-08-09 12:00:00,26.10,43,26.60,,0.00,2.90,300
2025-08-09 13:00:00,26.40,41,26.50,,0.00,4.10,322
2025-08-09 14:00:00,26.50,40,26.50,,0.00,4.10,315
2025-08-09 15:00:00,26.50,42,26.70,,0.00,4.00,333
2025-08-09 16:00:00,27.00,42,27.40,,0.00,3.30,347
2025-08-09 17:00:00,26.90,43,27.30,,0.00,4.10,345
2025-08-09 18:00:00,26.80,45,27.60,,0.00,3.10,339
2025-08-09 19:00:00,26.10,47,26.80,,0.00,4.20,329
2025-08-09 20:00:00,24.90,53,25.50,,0.00,6.10,298
2025-08-09 21:00:00,23.10,67,25.00,,0.00,3.10,291
2025-08-09 22:00:00,22.10,73,24.00,,0.00,4.40,305
2025-08-09 23:00:00,21.60,77,23.70,,0.00,3.20,333
2025-08-10 00:00:00,21.00,87,23.90,,0.10,1.90,338
2025-08-10 01:00:00,20.60,89,23.50,,0.10,2.30,18
2025-08-10 02:00:00,20.30,91,23.20,,0.00,3.10,45
2025-08-10 03:00:00,20.10,88,22.60,,0.00,2.60,124
2025-08-10 04:00:00,19.80,88,22.20,,0.00,3.30,174
2025-08-10 05:00:00,19.40,89,21.50,,0.00,4.30,180
2025-08-10 06:00:00,18.90,92,21.00,,0.00,3.60,174
2025-08-10 07:00:00,19.00,92,21.10,,0.30,4.80,207
2025-08-10 08:00:00,19.20,91,21.40,,0.70,4.10,225
2025-08-10 09:00:00,19.60,88,21.70,,0.50,4.50,241
2025-08-10 10:00:00,20.20,87,22.50,,0.20,4.10,232
2025-08-10 11:00:00,21.70,78,23.80,,0.00,4.50,241
2025-08-10 12:00:00,24.00,62,25.30,,0.00,6.00,295
2025-08-10 13:00:00,25.20,58,27.00,,0.00,7.40,313
2025-08-10 14:00:00,25.90,58,27.90,,0.00,7.20,307
2025-08-10 15:00:00,27.00,51,27.80,,0.00,8.50,306
2025-08-10 16:00:00,27.00,50,27.60,,0.00,9.40,302
2025-08-10 17:00:00,24.30,64,24.90,,0.30,13.10,302
2025-08-10 18:00:00,26.20,51,26.20,,0.00,12.00,311
2025-08-10 19:00:00,25.80,53,26.00,,0.00,11.20,303
2025-08-10 20:00:00,25.00,57,25.80,,0.00,8.70,294
2025-08-10 21:00:00,23.90,59,24.70,,0.00,7.20,288
2025-08-10 22:00:00,22.70,58,23.10,,0.00,5.80,274
2025-08-10 23:00:00,21.90,58,21.60,,0.00,9.40,288
2025-08-11 00:00:00,21.10,66,21.50,,0.00,7.40,284
2025-08-11 01:00:00,20.30,72,21.10,,0.00,6.10,270
2025-08-11 02:00:00,19.80,76,20.70,,0.00,6.50,267
2025-08-11 03:00:00,19.20,79,20.20,,0.00,5.40,250
2025-08-11 04:00:00,18.80,81,19.70,,0.00,6.50,264
2025-08-11 05:00:00,19.30,80,20.20,,0.00,7.60,262
2025-08-11 06:00:00,19.30,80,20.00,,0.00,8.70,265
2025-08-11 07:00:00,19.40,81,20.10,,0.00,9.70,270
2025-08-11 08:00:00,20.30,77,20.70,,0.00,11.80,282
2025-08-11 09:00:00,21.40,66,21.50,,0.00,10.00,285
2025-08-11 10:00:00,21.90,62,21.10,,0.00,15.00,287
2025-08-11 11:00:00,23.10,54,21.80,,0.00,16.00,293
2025-08-11 12:00:00,24.50,37,22.50,,0.00,16.30,301
2025-08-11 13:00:00,24.60,39,22.20,,0.00,17.00,302
2025-08-11 14:00:00,25.50,35,23.00,,0.00,17.60,305
2025-08-11 15:00:00,25.80,32,22.50,,0.00,18.90,301
2025-08-11 16:00:00,25.30,34,22.30,,0.00,17.20,296
2025-08-11 17:00:00,25.10,34,22.10,,0.00,17.60,293
2025-08-11 18:00:00,24.80,35,22.20,,0.00,15.20,292
2025-08-11 19:00:00,24.20,39,21.80,,0.00,15.00,294
2025-08-11 20:00:00,23.20,43,21.80,,0.00,10.00,291
2025-08-11 21:00:00,21.40,59,21.10,,0.30,8.70,275
2025-08-11 22:00:00,20.50,61,20.30,,0.00,6.90,276
2025-08-11 23:00:00,19.50,68,19.50,,0.00,7.90,286
2025-08-12 00:00:00,18.70,77,19.10,,0.00,7.60,278
2025-08-12 01:00:00,18.40,78,18.40,,0.00,10.10,287
2025-08-12 02:00:00,18.20,77,17.70,,0.10,12.10,297
2025-08-12 03:00:00,17.40,77,17.00,,0.00,10.30,299
2025-08-12 04:00:00,16.50,78,15.80,,0.00,10.60,298
2025-08-12 05:00:00,15.60,79,14.80,,0.00,10.10,297
2025-08-12 06:00:00,14.60,80,13.70,,0.00,8.70,287
2025-08-12 07:00:00,14.60,78,13.60,,0.00,9.00,286
2025-08-12 08:00:00,15.70,72,14.40,,0.00,10.40,290
2025-08-12 09:00:00,17.00,65,15.40,,0.00,12.10,300
2025-08-12 10:00:00,18.40,59,16.60,,0.00,12.90,300
2025-08-12 11:00:00,19.50,54,17.60,,0.00,14.50,300
2025-08-12 12:00:00,20.80,47,18.80,,0.00,14.90,302
2025-08-12 13:00:00,21.80,42,19.60,,0.00,15.10,303
2025-08-12 14:00:00,22.40,40,20.10,,0.00,14.70,301
2025-08-12 15:00:00,22.60,40,20.20,,0.00,13.90,301
2025-08-12 16:00:00,22.90,39,20.50,,0.00,13.20,299
2025-08-12 17:00:00,22.90,38,20.40,,0.00,13.20,299
2025-08-12 18:00:00,22.90,39,20.60,,0.00,12.40,292
2025-08-12 19:00:00,22.10,41,19.80,,0.00,12.10,293
2025-08-12 20:00:00,21.10,45,19.60,,0.00,8.20,293
2025-08-12 21:00:00,20.00,51,19.00,,0.00,6.10,273
2025-08-12 22:00:00,18.70,56,17.90,,0.00,4.70,266
2025-08-12 23:00:00,18.20,59,17.40,,0.00,5.10,262
2025-08-13 00:00:00,17.80,62,17.10,,0.00,5.40,266
2025-08-13 01:00:00,17.70,62,16.90,,0.00,6.10,273
2025-08-13 02:00:00,17.30,63,16.40,,0.00,6.50,267
2025-08-13 03:00:00,16.60,68,15.90,,0.00,6.50,264
2025-08-13 04:00:00,16.40,67,15.40,,0.00,7.60,267
2025-08-13 05:00:00,16.20,67,15.10,,0.00,7.60,275
2025-08-13 06:00:00,15.60,70,14.50,,0.00,7.70,281
2025-08-13 07:00:00,15.60,71,14.60,,0.00,8.00,280
2025-08-13 08:00:00,16.50,69,15.50,,0.00,8.40,290
2025-08-13 09:00:00,17.80,64,16.60,,0.00,10.10,305
2025-08-13 10:00:00,19.80,55,18.50,,0.00,9.90,314
2025-08-13 11:00:00,20.90,48,19.10,,0.00,12.70,315
2025-08-13 12:00:00,21.50,44,19.50,,0.00,13.80,319
2025-08-13 13:00:00,22.10,41,19.70,,0.00,13.60,320
2025-08-13 14:00:00,22.60,39,20.30,,0.00,13.40,324
2025-08-13 15:00:00,22.60,38,20.00,,0.00,13.90,329
2025-08-13 16:00:00,22.40,40,20.00,,0.00,13.50,335
2025-08-13 17:00:00,22.10,41,19.80,,0.00,12.50,342
2025-08-13 18:00:00,22.40,41,20.30,,0.00,11.20,339
2025-08-13 19:00:00,21.60,45,19.90,,0.00,10.00,347
2025-08-13 20:00:00,20.40,49,19.20,,0.00,7.40,346
2025-08-13 21:00:00,19.70,52,18.80,,0.00,5.50,337
2025-08-13 22:00:00,18.60,57,18.00,,0.00,4.20,329
2025-08-13 23:00:00,17.60,64,17.30,,0.00,3.80,311
2025-08-14 00:00:00,16.60,71,16.40,,0.00,3.70,299
2025-08-14 01:00:00,15.80,74,15.60,,0.00,4.20,290
2025-08-14 02:00:00,15.30,74,14.90,,0.00,4.20,290
2025-08-14 03:00:00,14.90,75,14.50,,0.00,3.30,283
2025-08-14 04:00:00,14.40,78,14.00,,0.00,3.60,276
2025-08-14 05:00:00,13.90,80,13.50,,0.00,3.70,281
2025-08-14 06:00:00,13.60,81,13.20,,0.00,3.40,288
2025-08-14 07:00:00,14.00,80,13.70,,0.00,3.00,284
2025-08-14 08:00:00,15.90,73,15.80,,0.00,3.20,297
2025-08-14 09:00:00,17.90,66,17.70,,0.00,4.40,305
2025-08-14 10:00:00,19.80,60,19.70,,0.00,4.30,312
2025-08-14 11:00:00,21.30,54,21.40,,0.00,5.90,322
2025-08-14 12:00:00,22.60,48,23.10,,0.00,5.50,337
2025-08-14 13:00:00,23.50,45,24.20,,0.00,5.30,332
2025-08-14 14:00:00,24.20,43,24.80,,0.00,5.00,330
2025-08-14 15:00:00,24.60,41,24.60,,0.00,5.60,333
2025-08-14 16:00:00,25.00,37,23.90,,0.00,6.60,338
2025-08-14 17:00:00,24.80,38,23.60,,0.00,7.40,346
2025-08-14 18:00:00,24.70,41,23.80,,0.00,6.90,351
2025-08-14 19:00:00,24.00,42,23.30,,0.00,5.50,11
2025-08-14 20:00:00,23.00,46,22.70,,0.00,3.10,36
2025-08-14 21:00:00,21.60,57,22.10,,0.00,1.90,68
2025-08-14 22:00:00,20.60,58,21.20,,0.00,0.70,180
2025-08-14 23:00:00,19.70,62,19.90,,0.00,3.10,234
2025-08-15 00:00:00,18.50,67,18.70,,0.00,3.40,238
2025-08-15 01:00:00,17.30,72,17.40,,0.00,3.50,246
2025-08-15 02:00:00,16.20,79,16.40,,0.00,3.70,259
2025-08-15 03:00:00,15.50,83,15.80,,0.00,3.60,264
2025-08-15 04:00:00,15.60,83,16.00,,0.00,3.60,264
2025-08-15 05:00:00,15.80,81,16.10,,0.00,3.20,270
2025-08-15 06:00:00,15.80,80,16.10,,0.00,2.90,277
2025-08-15 07:00:00,16.30,78,16.70,,0.00,2.60,286
2025-08-15 08:00:00,18.20,72,18.80,,0.00,2.10,301
2025-08-15 09:00:00,20.30,58,20.50,,0.00,2.40,333
2025-08-15 10:00:00,22.20,52,22.20,,0.00,3.60,354
2025-08-15 11:00:00,23.60,44,22.90,,0.00,5.80,4
2025-08-15 12:00:00,24.80,38,23.60,,0.00,7.30,11
2025-08-15 13:00:00,25.00,38,24.30,,0.00,7.40,14
2025-08-15 14:00:00,25.70,35,25.10,,0.00,6.60,22
2025-08-15 15:00:00,26.50,32,26.10,,0.00,6.90,28
2025-08-15 16:00:00,26.70,32,25.90,,0.00,7.00,21
2025-08-15 17:00:00,26.50,32,25.10,,0.00,7.10,15
2025-08-15 18:00:00,26.50,32,25.10,,0.00,6.90,6
2025-08-15 19:00:00,25.80,34,24.40,,0.00,6.80,3
2025-08-15 20:00:00,24.30,40,23.50,,0.00,4.70,356
2025-08-15 21:00:00,22.40,54,22.70,,0.00,3.30,354
2025-08-15 22:00:00,21.40,58,21.90,,0.00,2.60,344
2025-08-15 23:00:00,21.10,58,21.50,,0.00,2.50,315
2025-08-16 00:00:00,20.30,65,20.90,,0.00,3.20,297
2025-08-16 01:00:00,19.40,67,19.90,,0.00,3.60,315
2025-08-16 02:00:00,19.00,71,19.80,,0.00,2.40,333
2025-08-16 03:00:00,18.30,77,19.50,,0.00,1.60,333
2025-08-16 04:00:00,17.70,82,19.00,,0.00,1.50,346
2025-08-16 05:00:00,17.20,85,18.50,,0.00,2.00,45
2025-08-16 06:00:00,17.00,85,18.10,,0.00,2.30,72
2025-08-16 07:00:00,17.20,82,18.20,,0.00,2.30,108
2025-08-16 08:00:00,18.60,75,19.60,,0.00,2.30,129
2025-08-16 09:00:00,20.90,60,21.30,,0.00,3.30,139
2025-08-16 10:00:00,23.00,53,23.30,,0.00,4.30,138
2025-08-16 11:00:00,24.50,46,24.30,,0.00,5.90,142
2025-08-16 12:00:00,25.70,39,24.90,,0.00,6.60,139
2025-08-16 13:00:00,25.90,37,25.10,,0.00,5.70,145
2025-08-16 14:00:00,26.50,35,25.70,,0.00,5.60,140
2025-08-16 15:00:00,27.00,35,26.50,,0.00,3.90,124
2025-08-16 16:00:00,27.20,34,26.70,,0.00,3.90,124
2025-08-16 17:00:00,27.10,34,26.40,,0.00,4.30,132
2025-08-16 18:00:00,27.00,34,26.40,,0.00,4.00,153
2025-08-16 19:00:00,26.40,36,25.80,,0.00,3.90,158
2025-08-16 20:00:00,24.90,41,24.60,,0.00,3.70,151
2025-08-16 21:00:00,23.20,53,23.70,,0.00,3.10,135
2025-08-16 22:00:00,22.10,58,22.70,,0.00,3.10,126
2025-08-16 23:00:00,21.20,61,21.90,,0.00,3.10,111
2025-08-17 00:00:00,20.30,66,21.10,,0.00,3.20,117
2025-08-17 01:00:00,19.50,69,20.20,,0.00,3.30,131
2025-08-17 02:00:00,19.00,70,19.60,,0.00,3.30,139
2025-08-17 03:00:00,18.00,76,18.70,,0.00,3.30,139
2025-08-17 04:00:00,17.60,77,18.20,,0.00,3.50,156
2025-08-17 05:00:00,17.30,77,17.80,,0.00,3.10,144
2025-08-17 06:00:00,16.90,79,17.50,,0.00,2.60,124
2025-08-17 07:00:00,17.10,78,17.70,,0.00,2.80,130
2025-08-17 08:00:00,18.70,72,19.50,,0.00,2.80,130
2025-08-17 09:00:00,21.40,56,21.50,,0.00,4.10,128
2025-08-17 10:00:00,23.70,47,23.30,,0.00,6.10,130
2025-08-17 11:00:00,25.60,40,25.20,,0.00,7.40,137
2025-08-17 12:00:00,27.00,36,27.00,,0.00,8.10,135
2025-08-17 13:00:00,27.90,34,28.10,,0.00,7.90,141
2025-08-17 14:00:00,28.70,31,28.90,,0.00,7.30,147
2025-08-17 15:00:00,29.30,30,29.30,,0.00,6.80,148
2025-08-17 16:00:00,29.60,30,29.20,,0.00,6.10,152
2025-08-17 17:00:00,29.50,30,28.70,,0.00,5.60,153
2025-08-17 18:00:00,29.60,30,28.90,,0.00,5.40,138
2025-08-17 19:00:00,28.80,30,27.80,,0.00,5.90,133
2025-08-17 20:00:00,27.20,33,26.40,,0.00,4.70,122
2025-08-17 21:00:00,25.30,41,25.10,,0.00,3.80,131
2025-08-17 22:00:00,24.10,45,24.00,,0.00,3.60,143
2025-08-17 23:00:00,23.40,46,23.30,,0.00,3.40,148
2025-08-18 00:00:00,22.80,50,22.90,,0.00,3.60,143
2025-08-18 01:00:00,22.10,51,22.00,,0.00,3.80,139
2025-08-18 02:00:00,21.30,53,21.20,,0.00,3.90,146
2025-08-18 03:00:00,20.40,61,20.60,,0.00,4.10,142
2025-08-18 04:00:00,19.80,66,20.20,,0.00,3.80,139
2025-08-18 05:00:00,19.20,71,19.90,,0.00,3.60,135
2025-08-18 06:00:00,18.60,76,19.60,,0.00,3.10,126
2025-08-18 07:00:00,18.80,74,19.60,,0.00,3.10,126
2025-08-18 08:00:00,20.50,65,21.20,,0.00,3.60,127
2025-08-18 09:00:00,22.80,54,23.00,,0.00,4.60,129
2025-08-18 10:00:00,25.00,48,25.30,,0.00,5.20,124
2025-08-18 11:00:00,27.10,43,27.70,,0.00,5.80,120
2025-08-18 12:00:00,29.90,35,30.50,,0.00,7.70,118
2025-08-18 13:00:00,31.30,34,32.30,,0.00,8.60,123
2025-08-18 14:00:00,32.30,32,33.30,,0.00,8.40,130
2025-08-18 15:00:00,33.40,29,34.10,,0.00,7.10,131
2025-08-18 16:00:00,33.40,27,33.00,,0.00,6.40,133
2025-08-18 17:00:00,32.90,29,32.90,,0.10,5.30,152
2025-08-18 18:00:00,32.90,31,33.50,,0.10,4.00,153
2025-08-18 19:00:00,31.80,35,32.70,,0.10,3.60,180
2025-08-18 20:00:00,30.40,43,32.40,,0.00,1.90,112
2025-08-18 21:00:00,28.30,53,30.70,,0.00,2.80,140
2025-08-18 22:00:00,27.10,57,29.40,,0.00,3.40,148
2025-08-18 23:00:00,25.80,62,28.10,,0.00,4.10,135
2025-08-19 00:00:00,24.30,66,26.30,,0.00,4.60,135
2025-08-19 01:00:00,23.60,63,25.10,,0.00,4.10,142
2025-08-19 02:00:00,23.10,60,24.20,,0.00,3.60,143
2025-08-19 03:00:00,22.60,64,24.00,,0.00,3.30,139
2025-08-19 04:00:00,22.10,65,23.30,,0.00,3.60,135
2025-08-19 05:00:00,21.50,67,22.60,,0.00,3.60,135
2025-08-19 06:00:00,20.90,71,22.20,,0.00,3.30,131
2025-08-19 07:00:00,20.90,70,22.20,,0.00,3.10,144
2025-08-19 08:00:00,22.80,62,23.90,,0.00,4.10,142
2025-08-19 09:00:00,24.80,55,25.90,,0.00,4.70,157
2025-08-19 10:00:00,27.30,47,28.20,,0.00,5.60,153
2025-08-19 11:00:00,29.60,41,30.50,,0.00,6.30,149
2025-08-19 12:00:00,32.00,36,33.40,,0.00,7.30,147
2025-08-19 13:00:00,33.10,31,34.00,,0.00,9.00,157
2025-08-19 14:00:00,33.50,30,33.50,,0.00,8.70,163
2025-08-19 15:00:00,34.40,28,34.50,,0.00,8.40,160
2025-08-19 16:00:00,34.70,27,34.70,,0.00,8.40,155
2025-08-19 17:00:00,34.40,27,34.00,,0.00,8.00,153
2025-08-19 18:00:00,34.20,27,33.80,,0.00,7.60,155
2025-08-19 19:00:00,33.30,28,32.90,,0.00,7.10,150
2025-08-19 20:00:00,31.30,34,31.80,,0.00,4.60,129
2025-08-19 21:00:00,28.90,44,30.00,,0.00,4.60,135
2025-08-19 22:00:00,27.60,46,28.70,,0.00,4.20,149
2025-08-19 23:00:00,26.60,48,27.50,,0.00,4.30,156
2025-08-20 00:00:00,25.20,57,26.60,,0.00,4.50,151
2025-08-20 01:00:00,24.40,59,25.70,,0.00,4.60,162
2025-08-20 02:00:00,23.90,58,25.00,,0.00,4.10,165
2025-08-20 03:00:00,23.60,59,24.80,,0.00,3.80,163
2025-08-20 04:00:00,23.30,58,24.20,,0.00,3.60,174
2025-08-20 05:00:00,23.00,59,24.00,,0.00,3.30,174
2025-08-20 06:00:00,21.80,65,22.90,,0.00,3.40,162
2025-08-20 07:00:00,21.60,66,22.80,,0.00,3.30,167
2025-08-20 08:00:00,23.30,62,24.80,,0.00,3.00,166
2025-08-20 09:00:00,26.10,47,26.90,,0.00,3.20,180
2025-08-20 10:00:00,28.60,42,29.50,,0.00,3.30,174
2025-08-20 11:00:00,30.70,38,32.10,,0.00,3.10,159
2025-08-20 12:00:00,32.50,34,34.40,,0.00,3.80,131
2025-08-20 13:00:00,33.50,32,35.30,,0.00,5.90,133
2025-08-20 14:00:00,34.20,28,35.20,,0.00,6.90,133
2025-08-20 15:00:00,34.50,25,34.90,,0.00,6.10,135
2025-08-20 16:00:00,34.70,24,34.40,,0.00,6.40,137
2025-08-20 17:00:00,34.40,24,33.70,,0.00,7.10,135
2025-08-20 18:00:00,34.20,24,33.40,,0.00,6.90,133
2025-08-20 19:00:00,33.10,25,32.30,,0.00,6.70,126
2025-08-20 20:00:00,30.90,30,30.60,,0.00,4.70,122
2025-08-20 21:00:00,28.40,39,28.80,,0.00,4.30,132
2025-08-20 22:00:00,27.20,39,27.20,,0.00,3.90,146
2025-08-20 23:00:00,26.90,38,26.80,,0.00,3.40,162
2025-08-21 00:00:00,26.30,42,26.50,,0.00,3.50,156
2025-08-21 01:00:00,25.20,46,25.60,,0.00,3.10,135
2025-08-21 02:00:00,24.20,50,24.80,,0.00,2.60,146
2025-08-21 03:00:00,23.60,54,24.50,,0.00,1.50,166
2025-08-21 04:00:00,22.80,57,23.70,,0.00,2.60,164
2025-08-21 05:00:00,22.20,60,23.00,,0.00,3.10,144
2025-08-21 06:00:00,21.30,68,22.60,,0.00,2.40,117
2025-08-21 07:00:00,21.50,67,23.00,,0.00,1.10,90
2025-08-21 08:00:00,23.20,60,24.70,,0.00,1.10,90
2025-08-21 09:00:00,25.80,47,26.70,,0.00,1.50,104
2025-08-21 10:00:00,28.40,38,28.60,,0.00,4.30,114
2025-08-21 11:00:00,30.50,32,30.60,,0.00,5.70,108
2025-08-21 12:00:00,32.40,24,32.20,,0.00,6.80,108
2025-08-21 13:00:00,33.40,21,32.80,,0.00,8.80,125
2025-08-21 14:00:00,34.00,19,33.10,,0.00,9.20,132
2025-08-21 15:00:00,34.50,18,33.30,,0.00,9.20,135
2025-08-21 16:00:00,34.50,18,32.80,,0.00,8.70,128
2025-08-21 17:00:00,34.30,18,32.30,,0.00,7.90,129
2025-08-21 18:00:00,33.80,19,31.80,,0.00,8.60,147
2025-08-21 19:00:00,32.80,17,30.50,,0.00,6.90,141
2025-08-21 20:00:00,30.70,22,29.30,,0.00,3.50,114
2025-08-21 21:00:00,29.10,32,28.90,,0.00,2.70,67
2025-08-21 22:00:00,28.00,35,27.80,,0.00,3.40,108
2025-08-21 23:00:00,27.00,36,26.80,,0.00,3.20,153
2025-08-22 00:00:00,26.20,42,26.70,,0.00,1.60,207
2025-08-22 01:00:00,25.50,41,25.50,,0.00,2.60,254
2025-08-22 02:00:00,24.60,42,24.60,,0.00,1.80,233
2025-08-22 03:00:00,23.90,49,24.20,,0.00,3.00,104
2025-08-22 04:00:00,23.20,54,24.10,,0.00,1.40,90
2025-08-22 05:00:00,22.80,54,23.70,,0.00,0.80,117
2025-08-22 06:00:00,22.10,55,22.70,,0.00,1.80,217
2025-08-22 07:00:00,22.30,55,22.80,,0.00,2.60,196
2025-08-22 08:00:00,23.00,55,23.90,,0.00,1.80,169
2025-08-22 09:00:00,24.80,45,25.00,,0.00,3.30,257
2025-08-22 10:00:00,26.40,39,26.30,,0.00,3.30,283
2025-08-22 11:00:00,27.60,35,27.00,,0.00,5.40,290
2025-08-22 12:00:00,28.10,43,27.90,,0.00,10.80,300
2025-08-22 13:00:00,27.90,45,27.80,,0.00,12.00,309
2025-08-22 14:00:00,28.20,53,29.30,,0.00,12.00,316
2025-08-22 15:00:00,29.40,50,30.60,,0.00,11.30,323
2025-08-22 16:00:00,29.40,50,30.40,,0.00,12.60,323
2025-08-22 17:00:00,28.80,53,29.80,,0.00,13.80,321
2025-08-22 18:00:00,27.30,54,27.70,,0.00,14.80,319
2025-08-22 19:00:00,25.80,58,26.10,,0.00,14.10,320
2025-08-22 20:00:00,23.60,61,23.30,,0.00,15.00,314
2025-08-22 21:00:00,22.40,65,22.40,,0.00,12.50,316
2025-08-22 22:00:00,21.20,71,21.20,,0.00,13.00,314
2025-08-22 23:00:00,20.20,73,20.00,,0.00,13.00,314
2025-08-23 00:00:00,19.20,75,19.00,,0.00,12.00,316
2025-08-23 01:00:00,18.60,72,18.10,,0.00,11.00,319
2025-08-23 02:00:00,18.00,73,17.40,,0.00,10.50,319
2025-08-23 03:00:00,17.30,77,17.00,,0.00,9.40,313
2025-08-23 04:00:00,16.60,80,16.30,,0.00,9.20,312
2025-08-23 05:00:00,16.10,79,15.50,,0.00,8.90,310
2025-08-23 06:00:00,15.60,76,14.70,,0.00,8.70,312
2025-08-23 07:00:00,15.60,72,14.60,,0.00,8.20,308
2025-08-23 08:00:00,16.60,66,15.40,,0.00,8.70,308
2025-08-23 09:00:00,18.00,60,16.70,,0.00,9.40,317
2025-08-23 10:00:00,19.60,55,18.20,,0.00,10.20,328
2025-08-23 11:00:00,20.90,49,19.30,,0.00,11.00,337
2025-08-23 12:00:00,22.30,43,20.60,,0.00,11.40,342
2025-08-23 13:00:00,23.40,40,22.60,,0.00,10.90,343
2025-08-23 14:00:00,24.20,38,23.30,,0.00,10.60,342
2025-08-23 15:00:00,24.90,37,24.00,,0.00,9.20,339
2025-08-23 16:00:00,25.00,37,23.50,,0.00,9.70,338
2025-08-23 17:00:00,25.00,36,23.30,,0.00,9.10,342
2025-08-23 18:00:00,24.90,37,23.40,,0.00,8.60,338
2025-08-23 19:00:00,24.00,38,22.50,,0.00,8.00,342
2025-08-23 20:00:00,22.90,41,21.90,,0.00,5.40,340
2025-08-23 21:00:00,21.60,48,21.10,,0.00,3.80,343
2025-08-23 22:00:00,20.40,54,20.10,,0.00,3.20,333
2025-08-23 23:00:00,19.60,58,19.50,,0.00,2.70,337
2025-08-24 00:00:00,18.80,64,19.00,,0.00,3.00,346
2025-08-24 01:00:00,18.30,67,18.60,,0.00,2.70,337
2025-08-24 02:00:00,18.00,67,18.20,,0.00,2.60,326
2025-08-24 03:00:00,17.30,70,17.40,,0.00,3.10,324
2025-08-24 04:00:00,16.90,71,17.00,,0.00,3.10,315
2025-08-24 05:00:00,16.50,73,16.60,,0.00,2.60,326
2025-08-24 06:00:00,16.00,75,16.00,,0.00,3.20,333
2025-08-24 07:00:00,16.10,76,16.20,,0.00,2.90,330
2025-08-24 08:00:00,17.70,71,18.10,,0.00,2.30,342
2025-08-24 09:00:00,19.40,56,18.90,,0.00,4.80,13
2025-08-24 10:00:00,21.40,48,20.60,,0.00,5.80,22
2025-08-24 11:00:00,22.90,42,21.70,,0.00,7.50,17
2025-08-24 12:00:00,24.60,38,24.10,,0.00,7.00,12
2025-08-24 13:00:00,25.60,35,25.30,,0.00,7.60,5
2025-08-24 14:00:00,26.60,32,26.10,,0.00,7.60,3
2025-08-24 15:00:00,27.30,31,26.50,,0.00,7.60,360
2025-08-24 16:00:00,27.60,29,26.20,,0.00,7.60,5
2025-08-24 17:00:00,27.50,30,26.00,,0.00,7.60,8
2025-08-24 18:00:00,27.60,33,26.50,,0.00,7.30,11
2025-08-24 19:00:00,26.70,36,25.90,,0.00,6.30,13
2025-08-24 20:00:00,25.30,41,25.10,,0.00,3.60,6
2025-08-24 21:00:00,23.60,51,24.00,,0.00,3.10,21
2025-08-24 22:00:00,22.50,55,23.10,,0.00,2.90,30
2025-08-24 23:00:00,21.80,58,22.40,,0.00,2.70,23
2025-08-25 00:00:00,21.20,62,22.00,,0.00,3.00,14
2025-08-25 01:00:00,20.50,64,21.10,,0.00,3.10,21
2025-08-25 02:00:00,20.10,65,20.70,,0.00,3.10,21
2025-08-25 03:00:00,19.60,68,20.20,,0.00,3.30,13
2025-08-25 04:00:00,19.00,71,19.70,,0.00,2.90,7
2025-08-25 05:00:00,18.40,74,19.10,,0.00,3.00,14
2025-08-25 06:00:00,17.90,73,18.50,,0.00,2.60,16
2025-08-25 07:00:00,17.80,73,18.40,,0.00,2.60,16
2025-08-25 08:00:00,19.10,67,19.60,,0.00,2.60,34
2025-08-25 09:00:00,21.10,56,21.20,,0.00,3.30,49
2025-08-25 10:00:00,23.40,50,23.60,,0.00,4.10,52
2025-08-25 11:00:00,25.80,46,26.30,,0.00,4.60,45
2025-08-25 12:00:00,28.60,42,29.90,,0.00,6.00,57
2025-08-25 13:00:00,30.10,40,31.80,,0.00,6.40,63
2025-08-25 14:00:00,31.20,38,33.00,,0.00,6.40,63
2025-08-25 15:00:00,32.00,36,33.50,,0.00,6.80,65
2025-08-25 16:00:00,32.20,35,33.00,,0.00,6.40,63
2025-08-25 17:00:00,32.10,35,32.70,,0.00,6.40,63
2025-08-25 18:00:00,31.90,35,32.40,,0.00,6.40,63
2025-08-25 19:00:00,30.90,37,31.40,,0.00,6.80,65
2025-08-25 20:00:00,29.20,42,30.20,,0.00,4.70,58
2025-08-25 21:00:00,27.70,48,29.00,,0.00,3.80,41
2025-08-25 22:00:00,26.30,53,27.80,,0.00,3.60,45
2025-08-25 23:00:00,25.40,56,27.00,,0.00,2.80,50
2025-08-26 00:00:00,25.00,57,26.60,,0.00,2.60,34
2025-08-26 01:00:00,24.20,60,25.90,,0.00,2.30,39
2025-08-26 02:00:00,23.40,63,25.00,,0.00,2.70,23
2025-08-26 03:00:00,22.60,67,24.30,,0.00,2.60,16
2025-08-26 04:00:00,21.80,69,23.40,,0.00,2.60,16
2025-08-26 05:00:00,21.10,72,22.70,,0.00,2.60,16
2025-08-26 06:00:00,20.20,74,21.70,,0.00,2.50,360
2025-08-26 07:00:00,20.00,75,21.50,,0.00,2.50,360
2025-08-26 08:00:00,21.20,70,22.70,,0.00,2.20,9
2025-08-26 09:00:00,23.30,57,24.30,,0.00,3.10,21
2025-08-26 10:00:00,25.80,48,26.30,,0.00,4.80,27
2025-08-26 11:00:00,28.10,42,28.60,,0.00,6.90,28
2025-08-26 12:00:00,30.20,35,30.70,,0.00,8.20,38
2025-08-26 13:00:00,31.10,33,31.90,,0.00,8.20,38
2025-08-26 14:00:00,32.00,29,32.30,,0.00,8.50,36
2025-08-26 15:00:00,32.50,28,32.70,,0.00,7.80,34
2025-08-26 16:00:00,32.60,27,32.00,,0.00,8.40,31
2025-08-26 17:00:00,32.50,25,31.20,,0.00,8.40,31
2025-08-26 18:00:00,32.10,28,31.20,,0.00,8.40,31
2025-08-26 19:00:00,30.90,29,29.90,,0.00,8.00,36
2025-08-26 20:00:00,29.00,34,28.70,,0.00,5.20,34
2025-08-26 21:00:00,27.70,40,28.00,,0.00,4.00,27
2025-08-26 22:00:00,26.30,45,26.80,,0.00,4.10,15
2025-08-26 23:00:00,25.10,50,25.70,,0.00,4.00,10
2025-08-27 00:00:00,24.10,56,25.10,,0.00,3.60,6
2025-08-27 01:00:00,23.20,60,24.30,,0.00,3.60,360
2025-08-27 02:00:00,22.40,65,23.70,,0.00,3.60,360
2025-08-27 03:00:00,21.60,68,22.90,,0.00,3.30,347
2025-08-27 04:00:00,21.20,70,22.50,,0.00,3.30,347
2025-08-27 05:00:00,20.60,72,21.80,,0.00,3.60,354
2025-08-27 06:00:00,19.90,75,21.10,,0.00,4.00,360
2025-08-27 07:00:00,19.80,74,20.90,,0.00,4.00,5
2025-08-27 08:00:00,20.80,69,21.60,,0.00,5.20,16
2025-08-27 09:00:00,22.10,62,22.60,,0.00,6.30,24
2025-08-27 10:00:00,24.40,54,24.90,,0.00,6.70,36
2025-08-27 11:00:00,26.50,48,27.10,,0.00,7.10,45
2025-08-27 12:00:00,29.00,38,29.30,,0.00,7.40,61
2025-08-27 13:00:00,30.50,34,30.80,,0.00,8.20,67
2025-08-27 14:00:00,31.80,28,31.20,,0.00,10.10,92
2025-08-27 15:00:00,32.10,29,31.20,,0.00,10.10,92
2025-08-27 16:00:00,32.10,28,31.00,,0.00,9.80,84
2025-08-27 17:00:00,31.60,29,30.60,,0.00,9.50,79
2025-08-27 18:00:00,31.50,31,30.90,,0.00,9.50,79
2025-08-27 19:00:00,30.60,30,29.80,,0.00,7.70,79
2025-08-27 20:00:00,29.00,35,28.90,,0.00,5.00,69
2025-08-27 21:00:00,27.70,38,27.60,,0.00,4.60,45
2025-08-27 22:00:00,26.40,41,26.50,,0.00,3.60,37
2025-08-27 23:00:00,25.60,44,26.00,,0.00,2.40,27
2025-08-28 00:00:00,24.60,49,25.10,,0.00,3.10,21
2025-08-28 01:00:00,24.10,51,24.60,,0.00,3.30,6
2025-08-28 02:00:00,23.40,54,24.00,,0.00,3.40,18
2025-08-28 03:00:00,23.00,58,23.90,,0.00,2.90,30
2025-08-28 04:00:00,22.60,59,23.60,,0.00,2.60,34
2025-08-28 05:00:00,22.10,62,23.20,,0.00,2.90,30
2025-08-28 06:00:00,21.70,64,22.70,,0.00,3.10,21
2025-08-28 07:00:00,21.60,63,22.40,,0.00,3.40,18
2025-08-28 08:00:00,22.60,58,23.20,,0.00,4.00,27
2025-08-28 09:00:00,23.80,53,24.20,,0.00,5.60,40
2025-08-28 10:00:00,25.80,47,25.80,,0.00,7.90,51
2025-08-28 11:00:00,27.90,42,27.70,,0.00,9.40,58
2025-08-28 12:00:00,30.10,33,29.40,,0.00,13.30,71
2025-08-28 13:00:00,30.70,32,29.70,,0.00,12.80,79
2025-08-28 14:00:00,31.30,30,30.00,,0.00,12.30,83
2025-08-28 15:00:00,31.30,29,29.80,,0.00,12.30,85
2025-08-28 16:00:00,31.30,28,29.80,,0.00,11.70,101
2025-08-28 17:00:00,29.50,33,28.60,,0.00,9.40,122
2025-08-28 18:00:00,29.40,32,28.70,,0.00,7.30,101
2025-08-28 19:00:00,28.30,35,27.60,,0.00,7.70,79
2025-08-28 20:00:00,27.10,39,26.80,,0.00,6.20,69
2025-08-28 21:00:00,27.20,41,27.30,,0.00,5.30,62
2025-08-28 22:00:00,26.20,44,26.50,,0.00,4.70,58
2025-08-28 23:00:00,25.60,46,25.90,,0.00,4.80,48
2025-08-29 00:00:00,25.00,51,25.70,,0.00,4.60,45
2025-08-29 01:00:00,24.30,53,24.90,,0.00,5.10,45
2025-08-29 02:00:00,23.60,56,24.10,,0.00,5.60,40
2025-08-29 03:00:00,23.00,59,23.70,,0.00,5.40,42
2025-08-29 04:00:00,22.20,60,22.70,,0.00,5.40,37
2025-08-29 05:00:00,21.50,62,21.90,,0.00,5.80,30
2025-08-29 06:00:00,21.10,63,21.60,,0.00,5.20,34
2025-08-29 07:00:00,20.90,62,21.10,,0.00,5.50,32
2025-08-29 08:00:00,21.60,59,21.80,,0.00,5.90,47
2025-08-29 09:00:00,23.10,51,22.80,,0.00,7.10,49
2025-08-29 10:00:00,25.30,43,24.70,,0.00,7.80,56
2025-08-29 11:00:00,27.40,37,26.60,,0.00,8.50,54
2025-08-29 12:00:00,29.50,32,29.10,,0.00,8.60,57
2025-08-29 13:00:00,31.20,27,30.30,,0.00,10.80,64
2025-08-29 14:00:00,31.70,25,30.20,,0.00,10.80,69
2025-08-29 15:00:00,32.00,25,30.40,,0.00,10.00,64
2025-08-29 16:00:00,31.90,25,30.30,,0.00,9.80,62
2025-08-29 17:00:00,31.70,25,29.90,,0.00,10.50,59
2025-08-29 18:00:00,31.30,26,29.70,,0.00,10.10,55
2025-08-29 19:00:00,30.20,28,28.90,,0.00,8.70,48
2025-08-29 20:00:00,28.60,31,27.40,,0.00,7.70,37
2025-08-29 21:00:00,27.40,33,26.20,,0.00,7.70,41
2025-08-29 22:00:00,26.00,36,24.80,,0.00,7.90,43
2025-08-29 23:00:00,24.80,38,23.70,,0.00,6.90,43
2025-08-30 00:00:00,24.10,39,23.10,,0.00,5.90,52
2025-08-30 01:00:00,23.30,40,22.20,,0.00,5.10,51
2025-08-30 02:00:00,22.50,42,21.60,,0.00,4.10,38
2025-08-30 03:00:00,21.90,45,21.10,,0.00,3.90,34
2025-08-30 04:00:00,21.30,47,20.70,,0.00,3.50,24
2025-08-30 05:00:00,20.80,49,20.10,,0.00,3.70,29
2025-08-30 06:00:00,19.80,54,19.40,,0.00,3.70,29
2025-08-30 07:00:00,19.50,56,19.10,,0.00,3.70,29
2025-08-30 08:00:00,20.40,54,19.80,,0.00,5.20,34
2025-08-30 09:00:00,21.80,47,20.90,,0.00,6.10,40
2025-08-30 10:00:00,23.90,42,23.00,,0.00,6.60,49
2025-08-30 11:00:00,26.10,37,25.30,,0.00,6.70,54
2025-08-30 12:00:00,29.20,29,28.70,,0.00,6.60,81
2025-08-30 13:00:00,30.90,24,30.10,,0.00,8.00,100
2025-08-30 14:00:00,31.70,23,30.50,,0.00,10.10,92
2025-08-30 15:00:00,31.70,24,30.30,,0.00,10.80,88
2025-08-30 16:00:00,31.70,23,29.70,,0.00,10.50,82
2025-08-30 17:00:00,31.40,23,29.20,,0.00,11.00,79
2025-08-30 18:00:00,30.90,22,28.50,,0.00,11.10,77
2025-08-30 19:00:00,29.80,22,27.20,,0.00,10.30,78
2025-08-30 20:00:00,28.00,25,26.00,,0.00,6.70,74
2025-08-30 21:00:00,26.80,29,25.20,,0.00,6.20,69
2025-08-30 22:00:00,25.60,31,24.00,,0.00,5.80,68
2025-08-30 23:00:00,24.40,33,23.10,,0.00,4.20,59
2025-08-31 00:00:00,23.30,39,22.40,,0.00,3.60,45
2025-08-31 01:00:00,22.30,41,21.40,,0.00,3.50,24
2025-08-31 02:00:00,21.60,44,20.80,,0.00,3.20,27
2025-08-31 03:00:00,20.50,52,20.10,,0.00,3.30,6
2025-08-31 04:00:00,19.70,55,19.40,,0.00,2.90,7
2025-08-31 05:00:00,19.00,58,18.80,,0.00,2.90,7
2025-08-31 06:00:00,18.20,64,18.10,,0.00,2.90,7
2025-08-31 07:00:00,18.30,63,18.30,,0.00,2.30,18
2025-08-31 08:00:00,19.40,57,19.30,,0.00,2.40,27
2025-08-31 09:00:00,20.90,48,20.20,,0.00,4.00,80
2025-08-31 10:00:00,22.20,43,21.10,,0.00,5.20,106
2025-08-31 11:00:00,24.40,37,23.40,,0.00,4.70,90
2025-08-31 12:00:00,27.70,27,26.10,,0.00,6.00,33
2025-08-31 13:00:00,29.00,26,27.20,,0.00,7.40,29
2025-08-31 14:00:00,29.90,25,27.90,,0.00,9.20,48
2025-08-31 15:00:00,30.20,24,28.10,,0.00,9.90,71
2025-08-31 16:00:00,29.90,25,27.80,,0.00,10.30,65
2025-08-31 17:00:00,29.30,27,27.60,,0.00,9.00,61
2025-08-31 18:00:00,28.50,32,27.20,,0.00,9.30,62
2025-08-31 19:00:00,27.10,38,26.50,,0.00,7.80,56
2025-08-31 20:00:00,25.60,43,25.40,,0.00,5.90,43
2025-08-31 21:00:00,25.00,47,25.10,,0.00,5.40,42
2025-08-31 22:00:00,23.90,51,24.30,,0.00,4.20,31
2025-08-31 23:00:00,23.30,52,23.80,,0.00,3.30,13
2025-09-01 00:00:00,22.40,59,23.20,,0.00,3.30,347
2025-09-01 01:00:00,21.90,61,22.70,,0.00,3.30,347
2025-09-01 02:00:00,21.50,62,22.20,,0.00,3.30,354
2025-09-01 03:00:00,20.80,68,21.90,,0.00,3.00,346
2025-09-01 04:00:00,20.40,68,21.40,,0.00,3.20,360
2025-09-01 05:00:00,20.10,68,21.00,,0.00,2.90,360
2025-09-01 06:00:00,19.70,69,20.50,,0.00,2.90,7
2025-09-01 07:00:00,19.70,68,20.50,,0.00,2.90,7
2025-09-01 08:00:00,20.80,61,21.20,,0.00,3.60,45
2025-09-01 09:00:00,22.00,52,21.90,,0.00,4.70,58
2025-09-01 10:00:00,24.00,45,23.50,,0.00,5.90,76
2025-09-01 11:00:00,25.80,39,25.00,,0.00,6.70,74
2025-09-01 12:00:00,27.80,34,26.80,,0.00,7.40,76
2025-09-01 13:00:00,29.10,32,28.30,,0.00,8.20,75
2025-09-01 14:00:00,29.90,32,29.00,,0.00,9.50,79
2025-09-01 15:00:00,30.50,30,29.20,,0.00,10.60,80
2025-09-01 16:00:00,30.40,30,29.00,,0.00,11.60,97
2025-09-01 17:00:00,30.10,27,28.20,,0.00,10.80,105
2025-09-01 18:00:00,30.20,26,28.20,,0.00,10.50,112
2025-09-01 19:00:00,29.10,29,28.00,,0.00,5.60,117
2025-09-01 20:00:00,27.40,33,26.60,,0.00,5.40,180
2025-09-01 21:00:00,26.30,36,25.90,,0.00,3.30,221
2025-09-01 22:00:00,25.30,39,24.90,,0.00,3.40,288
2025-09-01 23:00:00,24.50,42,24.40,,0.00,2.50,352
2025-09-02 00:00:00,23.90,46,23.90,,0.00,3.30,41
2025-09-02 01:00:00,23.40,51,23.70,,0.00,3.30,41
2025-09-02 02:00:00,22.70,52,22.80,,0.00,4.00,85
2025-09-02 03:00:00,22.20,51,21.90,,0.00,5.40,110
2025-09-02 04:00:00,21.60,50,20.90,,0.00,5.80,112
2025-09-02 05:00:00,21.10,50,20.50,,0.00,4.90,107
2025-09-02 06:00:00,20.60,53,20.10,,0.00,4.30,90
2025-09-02 07:00:00,20.30,53,20.00,,0.00,2.90,97
2025-09-02 08:00:00,20.70,51,20.50,,0.00,2.30,72
2025-09-02 09:00:00,21.60,44,20.60,,0.00,4.80,63
2025-09-02 10:00:00,23.20,40,22.00,,0.00,6.60,61
2025-09-02 11:00:00,25.00,34,23.30,,0.00,8.10,58
2025-09-02 12:00:00,27.30,28,25.20,,0.00,9.50,53
2025-09-02 13:00:00,28.60,23,26.20,,0.00,11.90,61
2025-09-02 14:00:00,29.30,22,26.90,,0.00,11.30,59
2025-09-02 15:00:00,30.00,22,27.60,,0.00,10.80,53
2025-09-02 16:00:00,30.30,22,27.70,,0.00,11.30,53
2025-09-02 17:00:00,30.10,24,27.70,,0.00,11.60,54
2025-09-02 18:00:00,29.80,26,27.80,,0.00,10.90,46
2025-09-02 19:00:00,28.70,29,27.10,,0.00,8.70,30
2025-09-02 20:00:00,27.00,34,25.80,,0.00,7.80,13
2025-09-02 21:00:00,25.80,38,24.90,,0.00,7.40,14
2025-09-02 22:00:00,24.70,41,24.00,,0.00,6.00,17
2025-09-02 23:00:00,23.90,43,23.20,,0.00,5.90,14
2025-09-03 00:00:00,23.20,49,22.90,,0.00,6.00,17
2025-09-03 01:00:00,22.60,48,22.20,,0.00,4.80,27
2025-09-03 02:00:00,22.00,49,21.60,,0.00,4.50,29
2025-09-03 03:00:00,21.30,51,20.90,,0.00,4.30,48
2025-09-03 04:00:00,20.70,51,20.20,,0.00,3.90,56
2025-09-03 05:00:00,20.20,52,19.70,,0.00,3.10,54
2025-09-03 06:00:00,20.00,54,19.60,,0.00,3.30,49
2025-09-03 07:00:00,19.80,54,19.30,,0.00,4.20,59
2025-09-03 08:00:00,20.50,52,19.70,,0.00,6.00,73
2025-09-03 09:00:00,21.30,51,20.80,,0.00,5.50,67
2025-09-03 10:00:00,22.90,47,22.30,,0.00,6.30,59
2025-09-03 11:00:00,24.40,43,23.70,,0.00,6.90,62
2025-09-03 12:00:00,26.60,38,25.90,,0.00,7.60,59
2025-09-03 13:00:00,28.40,32,27.20,,0.00,11.70,79
2025-09-03 14:00:00,29.10,32,27.80,,0.00,13.80,97
2025-09-03 15:00:00,30.10,28,28.20,,0.00,14.20,97
2025-09-03 16:00:00,29.40,29,27.30,,0.00,13.40,98
2025-09-03 17:00:00,28.70,29,26.50,,0.00,12.60,93
2025-09-03 18:00:00,28.80,27,26.80,,0.00,10.20,98
2025-09-03 19:00:00,27.40,30,25.80,,0.00,8.00,108
2025-09-03 20:00:00,25.80,35,24.60,,0.00,6.70,126
2025-09-03 21:00:00,24.60,46,24.90,,0.00,2.20,171
2025-09-03 22:00:00,24.00,48,24.50,,0.00,1.80,270
2025-09-03 23:00:00,23.30,50,23.60,,0.00,3.10,315
2025-09-04 00:00:00,23.30,50,23.50,,0.00,3.00,14
2025-09-04 01:00:00,22.70,53,23.00,,0.00,4.00,27
2025-09-04 02:00:00,22.20,55,22.50,,0.00,3.20,27
2025-09-04 03:00:00,21.40,56,21.60,,0.00,3.30,13
2025-09-04 04:00:00,20.80,56,20.60,,0.00,4.70,23
2025-09-04 05:00:00,20.10,57,19.70,,0.00,5.00,21
2025-09-04 06:00:00,19.80,56,19.10,,0.00,6.00,17
2025-09-04 07:00:00,19.20,57,18.30,,0.00,7.00,21
2025-09-04 08:00:00,19.40,54,18.30,,0.00,7.40,29
2025-09-04 09:00:00,20.40,45,18.60,,0.00,8.90,32
2025-09-04 10:00:00,22.00,40,20.00,,0.00,9.90,46
2025-09-04 11:00:00,23.80,36,21.90,,0.00,8.90,43
2025-09-04 12:00:00,25.80,30,23.50,,0.00,10.50,49
2025-09-04 13:00:00,27.20,24,24.10,,0.00,12.20,62
2025-09-04 14:00:00,27.80,23,24.60,,0.00,13.00,66
2025-09-04 15:00:00,28.50,18,24.80,,0.00,12.90,67
2025-09-04 16:00:00,28.40,17,24.60,,0.00,12.70,65
2025-09-04 17:00:00,28.10,16,24.10,,0.00,12.40,64
2025-09-04 18:00:00,27.60,19,24.20,,0.00,10.80,64
2025-09-04 19:00:00,26.60,21,23.60,,0.00,8.70,66
2025-09-04 20:00:00,25.10,25,22.60,,0.00,6.90,62
2025-09-04 21:00:00,24.50,27,22.20,,0.00,6.30,59
2025-09-04 22:00:00,23.60,30,21.50,,0.00,6.10,45
2025-09-04 23:00:00,22.80,33,20.70,,0.00,7.10,41
2025-09-05 00:00:00,21.90,39,20.00,,0.00,7.90,47
2025-09-05 01:00:00,20.90,44,19.30,,0.00,7.60,45
2025-09-05 02:00:00,20.30,47,18.90,,0.00,6.60,45
2025-09-05 03:00:00,20.00,49,18.70,,0.00,6.60,41
2025-09-05 04:00:00,19.30,52,18.00,,0.00,7.40,39
2025-09-05 05:00:00,18.70,54,17.30,,0.00,7.70,37
2025-09-05 06:00:00,18.60,53,17.10,,0.00,8.10,45
2025-09-05 07:00:00,18.10,55,16.60,,0.00,7.90,47
2025-09-05 08:00:00,18.40,58,17.20,,0.00,8.40,50
2025-09-05 09:00:00,19.60,58,18.70,,0.00,7.90,47
2025-09-05 10:00:00,21.10,55,20.30,,0.00,9.50,53
2025-09-05 11:00:00,22.00,54,21.20,,0.00,10.30,61
2025-09-05 12:00:00,24.00,46,23.00,,0.00,10.20,58
2025-09-05 13:00:00,25.90,39,24.50,,0.00,11.30,59
2025-09-05 14:00:00,27.30,29,24.50,,0.00,15.00,79
2025-09-05 15:00:00,27.60,22,23.80,,0.00,16.50,80
2025-09-05 16:00:00,26.50,24,22.80,,0.00,16.00,59
2025-09-05 17:00:00,26.70,25,23.60,,0.00,13.20,61
2025-09-05 18:00:00,27.00,24,23.60,,0.00,14.10,77
2025-09-05 19:00:00,25.70,27,22.90,,0.00,11.50,76
2025-09-05 20:00:00,24.00,35,22.20,,0.00,8.00,72
2025-09-05 21:00:00,23.50,40,22.30,,0.00,7.10,75
2025-09-05 22:00:00,22.60,43,21.40,,0.00,7.50,73
2025-09-05 23:00:00,21.60,48,20.50,,0.00,7.80,68
2025-09-06 00:00:00,20.70,53,19.80,,0.00,7.90,66
2025-09-06 01:00:00,20.20,55,19.10,,0.00,9.40,72
2025-09-06 02:00:00,19.60,56,18.50,,0.00,8.80,78
2025-09-06 03:00:00,19.00,57,17.90,,0.00,8.00,82
2025-09-06 04:00:00,18.50,55,17.20,,0.00,8.00,85
2025-09-06 05:00:00,18.00,54,16.50,,0.00,8.00,82
2025-09-06 06:00:00,17.30,55,15.80,,0.00,7.30,79
2025-09-06 07:00:00,16.90,54,15.10,,0.00,7.30,79
2025-09-06 08:00:00,17.40,50,15.40,,0.00,7.70,79
2025-09-06 09:00:00,19.00,43,16.80,,0.00,8.40,83
2025-09-06 10:00:00,21.00,38,18.70,,0.00,9.10,81
2025-09-06 11:00:00,22.90,34,20.60,,0.00,9.30,77
2025-09-06 12:00:00,25.00,30,23.10,,0.00,10.00,77
2025-09-06 13:00:00,26.20,29,24.50,,0.00,11.50,86
2025-09-06 14:00:00,26.80,28,25.00,,0.00,12.00,99
2025-09-06 15:00:00,27.30,27,25.20,,0.00,11.60,97
2025-09-06 16:00:00,27.10,27,24.40,,0.00,11.90,93
2025-09-06 17:00:00,26.60,26,23.80,,0.00,11.90,92
2025-09-06 18:00:00,26.20,25,23.20,,0.00,11.50,90
2025-09-06 19:00:00,24.90,27,22.20,,0.00,10.10,90
2025-09-06 20:00:00,23.10,31,20.90,,0.00,6.60,77
2025-09-06 21:00:00,22.20,35,20.20,,0.00,6.70,74
2025-09-06 22:00:00,20.80,39,18.90,,0.00,6.90,81
2025-09-06 23:00:00,19.70,42,17.80,,0.00,6.50,87
2025-09-07 00:00:00,19.00,44,17.20,,0.00,6.50,90
2025-09-07 01:00:00,18.10,46,16.20,,0.00,6.20,97
2025-09-07 02:00:00,17.30,47,15.40,,0.00,5.50,101
2025-09-07 03:00:00,16.60,49,14.80,,0.00,5.60,105
2025-09-07 04:00:00,16.00,49,14.00,,0.00,5.20,106
2025-09-07 05:00:00,15.30,50,13.30,,0.00,5.60,105
2025-09-07 06:00:00,14.40,51,12.30,,0.00,5.20,102
2025-09-07 07:00:00,14.10,51,11.90,,0.00,5.20,106
2025-09-07 08:00:00,14.90,47,12.50,,0.00,6.20,111
2025-09-07 09:00:00,16.80,41,14.40,,0.00,5.90,104
2025-09-07 10:00:00,19.30,34,16.70,,0.00,7.00,102
2025-09-07 11:00:00,21.80,28,18.90,,0.00,8.40,100
2025-09-07 12:00:00,24.40,22,21.30,,0.00,12.10,102
2025-09-07 13:00:00,25.10,21,22.30,,0.00,12.00,99
2025-09-07 14:00:00,25.80,20,22.90,,0.00,12.00,97
2025-09-07 15:00:00,26.10,20,22.80,,0.00,12.60,95
2025-09-07 16:00:00,26.00,20,22.30,,0.00,12.30,93
2025-09-07 17:00:00,25.50,22,22.10,,0.00,11.50,94
2025-09-07 18:00:00,25.30,23,22.00,,0.00,10.80,94
2025-09-07 19:00:00,24.00,26,21.10,,0.00,8.60,90
2025-09-07 20:00:00,22.30,30,20.00,,0.00,5.80,83
2025-09-07 21:00:00,20.70,40,19.10,,0.00,5.20,78
2025-09-07 22:00:00,19.60,42,17.90,,0.00,4.70,81
2025-09-07 23:00:00,18.40,47,17.00,,0.00,4.00,80
2025-09-08 00:00:00,17.30,52,16.20,,0.00,3.10,69
2025-09-08 01:00:00,16.80,52,15.60,,0.00,2.90,60
2025-09-08 02:00:00,16.10,55,14.90,,0.00,2.80,40
2025-09-08 03:00:00,15.00,59,13.80,,0.00,3.10,45
2025-09-08 04:00:00,14.30,60,13.00,,0.00,2.80,40
2025-09-08 05:00:00,13.60,63,12.30,,0.00,3.10,45
2025-09-08 06:00:00,12.70,66,11.40,,0.00,2.80,40
2025-09-08 07:00:00,12.30,67,11.00,,0.00,2.80,50
2025-09-08 08:00:00,13.10,64,11.80,,0.00,2.60,56
2025-09-08 09:00:00,15.70,49,13.90,,0.00,3.70,79
2025-09-08 10:00:00,18.50,40,16.40,,0.00,5.40,94
2025-09-08 11:00:00,21.20,32,18.80,,0.00,6.60,99
2025-09-08 12:00:00,24.20,24,21.80,,0.00,8.80,99
2025-09-08 13:00:00,25.10,22,22.40,,0.00,11.40,101
2025-09-08 14:00:00,25.60,22,23.20,,0.00,10.20,100
2025-09-08 15:00:00,26.00,22,23.40,,0.00,9.80,98
2025-09-08 16:00:00,25.90,22,22.80,,0.00,9.80,96
2025-09-08 17:00:00,25.50,23,22.40,,0.00,9.80,96
2025-09-08 18:00:00,25.30,22,22.10,,0.00,9.80,98
2025-09-08 19:00:00,23.90,24,21.00,,0.00,7.20,96
2025-09-08 20:00:00,21.90,28,19.50,,0.00,4.70,90
2025-09-08 21:00:00,20.50,36,18.60,,0.00,4.00,85
2025-09-08 22:00:00,19.10,39,17.30,,0.00,4.00,85
2025-09-08 23:00:00,18.20,42,16.50,,0.00,3.60,90
2025-09-09 00:00:00,17.20,49,15.80,,0.00,2.70,67
2025-09-09 01:00:00,16.60,50,15.20,,0.00,2.80,40
2025-09-09 02:00:00,15.70,55,14.50,,0.00,2.40,27
2025-09-09 03:00:00,14.60,62,13.50,,0.00,2.80,50
2025-09-09 04:00:00,14.00,63,12.90,,0.00,2.80,40
2025-09-09 05:00:00,13.50,65,12.30,,0.00,3.30,41
2025-09-09 06:00:00,13.20,65,11.80,,0.00,3.60,37
2025-09-09 07:00:00,13.20,64,11.80,,0.00,3.60,45
2025-09-09 08:00:00,13.70,63,12.60,,0.00,2.10,59
2025-09-09 09:00:00,16.10,50,14.50,,0.00,3.20,90
2025-09-09 10:00:00,18.60,42,16.60,,0.00,5.90,101
2025-09-09 11:00:00,21.60,34,19.40,,0.00,6.60,103
2025-09-09 12:00:00,24.90,24,22.20,,0.00,10.50,117
2025-09-09 13:00:00,25.90,23,23.20,,0.00,12.20,118
2025-09-09 14:00:00,26.50,20,23.50,,0.00,13.00,114
2025-09-09 15:00:00,26.60,21,23.30,,0.00,13.40,110
2025-09-09 16:00:00,26.30,21,22.70,,0.00,13.00,109
2025-09-09 17:00:00,25.70,23,22.20,,0.00,12.90,108
2025-09-09 18:00:00,24.90,26,21.70,,0.00,11.80,110
2025-09-09 19:00:00,23.30,30,20.50,,0.00,10.40,104
2025-09-09 20:00:00,21.10,36,18.60,,0.00,9.70,94
2025-09-09 21:00:00,19.80,42,17.50,,0.00,9.60,103
2025-09-09 22:00:00,18.40,45,16.10,,0.00,9.30,106
2025-09-09 23:00:00,17.40,50,15.50,,0.00,7.20,108
2025-09-10 00:00:00,16.50,53,14.70,,0.00,6.30,103
2025-09-10 01:00:00,15.50,59,14.20,,0.00,4.60,108
2025-09-10 02:00:00,14.70,63,13.50,,0.00,4.10,105
2025-09-10 03:00:00,14.40,63,13.20,,0.00,3.70,101
2025-09-10 04:00:00,13.90,66,12.90,,0.00,2.90,83
2025-09-10 05:00:00,13.40,68,12.30,,0.00,3.20,90
2025-09-10 06:00:00,13.10,69,12.10,,0.00,2.50,82
2025-09-10 07:00:00,12.90,69,11.80,,0.00,2.90,83
2025-09-10 08:00:00,14.10,64,13.10,,0.00,2.20,90
2025-09-10 09:00:00,16.10,54,14.90,,0.00,2.10,121
2025-09-10 10:00:00,18.90,45,17.40,,0.00,5.00,111
2025-09-10 11:00:00,21.20,39,19.60,,0.00,5.60,117
2025-09-10 12:00:00,23.40,34,22.10,,0.00,5.80,112
2025-09-10 13:00:00,24.90,34,24.00,,0.00,7.20,117
2025-09-10 14:00:00,25.70,35,24.70,,0.00,8.90,117
2025-09-10 15:00:00,26.20,35,25.10,,0.00,8.60,112
2025-09-10 16:00:00,26.00,37,24.90,,0.00,7.60,115
2025-09-10 17:00:00,25.90,36,24.50,,0.00,9.00,119
2025-09-10 18:00:00,25.00,42,24.10,,0.00,9.00,106
2025-09-10 19:00:00,23.80,45,22.90,,0.00,8.50,102
2025-09-10 20:00:00,22.00,54,21.60,,0.00,7.40,104
2025-09-10 21:00:00,20.70,68,21.20,,0.00,7.20,108
2025-09-10 22:00:00,19.90,73,20.50,,0.00,6.80,115
2025-09-10 23:00:00,19.40,76,20.20,,0.00,5.50,122
2025-09-11 00:00:00,18.90,78,19.80,,0.00,5.10,129
2025-09-11 01:00:00,18.50,80,19.50,,0.00,4.10,135
2025-09-11 02:00:00,18.20,82,19.30,,0.00,3.60,135
2025-09-11 03:00:00,18.00,84,19.40,,0.00,2.80,140
2025-09-11 04:00:00,17.70,86,19.10,,0.00,2.50,135
2025-09-11 05:00:00,17.20,89,18.60,,0.00,2.80,130
2025-09-11 06:00:00,16.60,92,17.90,,0.00,2.70,113
2025-09-11 07:00:00,16.40,94,17.80,,0.00,3.40,108
2025-09-11 08:00:00,17.40,87,18.40,,0.00,4.70,113
2025-09-11 09:00:00,18.40,83,19.50,,0.00,5.20,115
2025-09-11 10:00:00,20.50,73,21.40,,0.00,6.10,118
2025-09-11 11:00:00,22.30,65,23.20,,0.00,6.30,121
2025-09-11 12:00:00,24.80,53,25.20,,0.00,7.60,121
2025-09-11 13:00:00,26.20,44,26.40,,0.00,7.60,121
2025-09-11 14:00:00,27.10,39,26.90,,0.00,7.30,123
2025-09-11 15:00:00,27.30,36,26.60,,0.00,6.90,133
2025-09-11 16:00:00,27.50,34,26.50,,0.00,7.60,135
2025-09-11 17:00:00,27.20,35,26.10,,0.00,8.70,128
2025-09-11 18:00:00,26.80,38,26.10,,0.00,7.40,133
2025-09-11 19:00:00,25.80,41,25.20,,0.00,7.20,127
2025-09-11 20:00:00,24.60,48,24.60,,0.00,5.90,128
2025-09-11 21:00:00,24.00,52,24.50,,0.00,4.60,108
2025-09-11 22:00:00,23.10,56,23.80,,0.00,4.00,100
2025-09-11 23:00:00,22.20,60,22.80,,0.00,4.40,99
2025-09-12 00:00:00,21.70,63,22.50,,0.00,4.00,100
2025-09-12 01:00:00,21.40,65,22.10,,0.00,5.70,108
2025-09-12 02:00:00,21.00,68,21.30,,0.00,8.60,123
2025-09-12 03:00:00,20.70,74,22.20,,0.00,4.00,100
2025-09-12 04:00:00,20.50,74,21.50,,0.00,5.90,101
2025-09-12 05:00:00,19.90,76,20.70,,0.00,7.10,114
2025-09-12 06:00:00,19.20,80,20.50,,0.10,4.30,132
2025-09-12 07:00:00,19.00,82,20.40,,0.10,4.00,85
2025-09-12 08:00:00,19.20,82,20.60,,0.10,4.60,72
2025-09-12 09:00:00,19.60,82,21.10,,0.00,5.60,75
2025-09-12 10:00:00,21.20,75,22.50,,0.00,7.20,96
2025-09-12 11:00:00,23.60,64,24.50,,0.00,9.10,97
2025-09-12 12:00:00,25.80,56,26.40,,0.00,11.00,109
2025-09-12 13:00:00,26.90,52,27.20,,0.00,12.60,121
2025-09-12 14:00:00,27.80,47,27.70,,0.00,13.60,130
2025-09-12 15:00:00,28.10,46,27.90,,0.00,13.50,134
2025-09-12 16:00:00,27.70,48,27.90,,0.10,11.80,128
2025-09-12 17:00:00,26.80,52,27.10,,0.10,12.00,134
2025-09-12 18:00:00,25.40,58,26.20,,0.30,10.10,153
2025-09-12 19:00:00,24.00,67,25.40,,0.00,8.40,160
2025-09-12 20:00:00,22.80,73,24.60,,0.00,6.90,141
2025-09-12 21:00:00,22.00,78,23.90,,0.00,6.90,152
2025-09-12 22:00:00,21.10,82,23.20,,0.00,5.70,162
2025-09-12 23:00:00,20.60,84,22.70,,0.00,4.70,157
2025-09-13 00:00:00,20.10,88,22.40,,0.00,4.80,153
2025-09-13 01:00:00,19.70,90,21.90,,0.00,4.60,141
2025-09-13 02:00:00,19.20,92,21.40,,0.00,4.40,145
2025-09-13 03:00:00,18.90,94,21.20,,0.00,3.70,151
2025-09-13 04:00:00,18.60,95,20.90,,0.00,3.60,135
2025-09-13 05:00:00,18.40,96,20.60,,0.00,4.20,121
2025-09-13 06:00:00,18.40,97,20.60,,0.00,4.50,119
2025-09-13 07:00:00,18.40,97,20.50,,0.00,5.40,127
2025-09-13 08:00:00,18.90,94,20.80,,0.00,6.60,131
2025-09-13 09:00:00,19.60,91,21.60,,0.00,6.90,137
2025-09-13 10:00:00,21.30,79,22.70,,0.00,9.00,143
2025-09-13 11:00:00,22.70,68,23.30,,0.00,10.80,143
2025-09-13 12:00:00,22.90,68,23.50,,0.00,11.30,143
2025-09-13 13:00:00,23.70,64,24.30,,0.00,11.30,153
2025-09-13 14:00:00,24.20,63,24.90,,0.00,11.00,157
2025-09-13 15:00:00,24.60,62,25.40,,0.10,10.90,153
2025-09-13 16:00:00,24.70,61,25.40,,0.00,11.10,144
2025-09-13 17:00:00,24.50,62,25.30,,0.00,10.90,136
2025-09-13 18:00:00,24.70,58,25.30,,0.10,9.90,136
2025-09-13 19:00:00,23.40,64,24.40,,0.10,7.90,137
2025-09-13 20:00:00,22.30,68,23.30,,0.00,7.60,90
2025-09-13 21:00:00,21.40,76,22.60,,0.00,9.00,106
2025-09-13 22:00:00,20.70,83,22.10,,0.00,9.40,122
2025-09-13 23:00:00,20.30,84,21.70,,0.00,8.30,124
2025-09-14 00:00:00,19.80,90,21.70,,0.00,7.60,115
2025-09-14 01:00:00,19.50,93,21.60,,0.00,6.80,108
2025-09-14 02:00:00,19.40,92,21.30,,0.00,6.70,106
2025-09-14 03:00:00,18.90,90,20.50,,0.00,6.90,99
2025-09-14 04:00:00,18.40,87,19.40,,0.00,7.70,101
2025-09-14 05:00:00,18.00,86,18.80,,0.00,7.70,101
2025-09-14 06:00:00,17.60,84,18.10,,0.00,7.60,95
2025-09-14 07:00:00,17.30,79,17.30,,0.00,7.60,98
2025-09-14 08:00:00,17.70,69,16.80,,0.00,9.70,105
2025-09-14 09:00:00,18.70,59,17.40,,0.00,9.50,101
2025-09-14 10:00:00,20.00,53,18.40,,0.00,11.10,103
2025-09-14 11:00:00,21.10,49,19.30,,0.00,12.20,104
2025-09-14 12:00:00,23.10,42,21.20,,0.00,12.80,100
2025-09-14 13:00:00,24.00,42,22.60,,0.00,13.10,98
2025-09-14 14:00:00,24.80,42,23.50,,0.00,13.40,96
2025-09-14 15:00:00,25.80,41,24.10,,0.00,14.90,97
2025-09-14 16:00:00,25.80,42,24.20,,0.00,14.90,98
2025-09-14 17:00:00,25.50,43,23.90,,0.00,14.80,103
2025-09-14 18:00:00,25.20,40,23.30,,0.00,14.30,100
2025-09-14 19:00:00,24.70,41,23.10,,0.00,12.10,100
2025-09-14 20:00:00,24.00,42,22.50,,0.00,11.30,97
2025-09-14 21:00:00,23.30,46,22.00,,0.00,11.50,94
2025-09-14 22:00:00,23.50,44,21.80,,0.00,12.60,110
2025-09-14 23:00:00,23.50,42,21.60,,0.00,12.80,106
2025-09-15 00:00:00,23.30,40,21.00,,0.00,13.90,111
2025-09-15 01:00:00,22.60,41,20.40,,0.00,12.60,114
2025-09-15 02:00:00,21.80,43,19.70,,0.00,11.60,112
2025-09-15 03:00:00,21.00,46,19.20,,0.00,10.00,105
2025-09-15 04:00:00,20.10,47,18.20,,0.00,10.10,107
2025-09-15 05:00:00,19.30,48,17.30,,0.00,10.40,104
2025-09-15 06:00:00,19.20,47,16.90,,0.00,11.50,104
2025-09-15 07:00:00,18.60,47,16.10,,0.00,12.40,107
2025-09-15 08:00:00,18.80,46,16.10,,0.00,13.20,112
2025-09-15 09:00:00,20.40,40,17.40,,0.00,13.80,110
2025-09-15 10:00:00,21.90,37,18.70,,0.00,15.80,111
2025-09-15 11:00:00,23.80,34,20.60,,0.00,16.60,114
2025-09-15 12:00:00,26.00,29,22.50,,0.00,18.20,115
2025-09-15 13:00:00,27.50,26,24.20,,0.00,19.30,117
2025-09-15 14:00:00,28.40,21,24.30,,0.00,21.10,115
2025-09-15 15:00:00,28.40,20,24.10,,0.00,19.80,109
2025-09-15 16:00:00,27.90,20,23.40,,0.00,19.20,103
2025-09-15 17:00:00,27.10,19,22.50,,0.00,18.60,99
2025-09-15 18:00:00,26.00,19,21.50,,0.00,17.20,100
2025-09-15 19:00:00,24.50,23,20.70,,0.00,14.20,97
2025-09-15 20:00:00,23.10,27,19.80,,0.00,11.50,92
2025-09-15 21:00:00,22.10,31,19.30,,0.00,10.10,86
2025-09-15 22:00:00,20.80,33,18.00,,0.00,9.60,77
2025-09-15 23:00:00,19.90,37,17.10,,0.00,10.00,75
2025-09-16 00:00:00,19.90,37,17.00,,0.00,11.10,77
2025-09-16 01:00:00,19.50,39,16.60,,0.00,12.00,81
2025-09-16 02:00:00,19.20,41,16.40,,0.00,11.60,83
2025-09-16 03:00:00,19.10,42,16.30,,0.00,11.60,83
2025-09-16 04:00:00,18.50,43,15.80,,0.00,11.30,81
2025-09-16 05:00:00,18.00,45,15.30,,0.00,11.30,81
2025-09-16 06:00:00,17.40,47,14.80,,0.00,11.00,79
2025-09-16 07:00:00,17.00,48,14.30,,0.00,11.40,77
2025-09-16 08:00:00,17.40,47,14.70,,0.00,11.50,76
2025-09-16 09:00:00,19.50,40,16.40,,0.00,13.70,85
2025-09-16 10:00:00,21.50,35,18.20,,0.00,14.90,83
2025-09-16 11:00:00,23.70,30,20.20,,0.00,15.30,81
2025-09-16 12:00:00,25.80,25,21.90,,0.00,19.20,95
2025-09-16 13:00:00,26.60,23,22.70,,0.00,20.40,98
2025-09-16 14:00:00,27.00,21,22.90,,0.00,20.00,98
2025-09-16 15:00:00,27.00,22,22.80,,0.00,19.10,94
2025-09-16 16:00:00,26.70,23,22.60,,0.00,18.40,92
2025-09-16 17:00:00,26.20,24,22.20,,0.00,17.60,91
2025-09-16 18:00:00,25.70,27,22.10,,0.00,16.60,90
2025-09-16 19:00:00,24.50,29,21.40,,0.00,13.40,84
2025-09-16 20:00:00,23.20,31,20.40,,0.00,11.00,79
2025-09-16 21:00:00,22.10,36,19.80,,0.00,9.40,67
2025-09-16 22:00:00,21.00,39,18.70,,0.00,9.20,69
2025-09-16 23:00:00,20.30,41,18.10,,0.00,8.80,71
2025-09-17 00:00:00,19.80,43,17.70,,0.00,8.60,68
2025-09-17 01:00:00,19.10,45,17.10,,0.00,7.70,62
2025-09-17 02:00:00,18.40,47,16.50,,0.00,7.20,63
2025-09-17 03:00:00,17.70,51,16.00,,0.00,6.60,68
2025-09-17 04:00:00,17.00,53,15.40,,0.00,6.60,68
2025-09-17 05:00:00,16.40,55,14.80,,0.00,6.10,62
2025-09-17 06:00:00,15.90,59,14.50,,0.00,5.80,60
2025-09-17 07:00:00,15.60,59,14.10,,0.00,6.00,57
2025-09-17 08:00:00,16.10,58,14.60,,0.00,6.00,57
2025-09-17 09:00:00,17.80,53,16.30,,0.00,6.80,58
2025-09-17 10:00:00,20.30,45,18.40,,0.00,9.20,69
2025-09-17 11:00:00,22.50,38,20.40,,0.00,9.30,74
2025-09-17 12:00:00,25.20,31,22.90,,0.00,11.30,83
2025-09-17 13:00:00,26.00,26,22.60,,0.00,14.40,89
2025-09-17 14:00:00,26.70,22,23.10,,0.00,14.00,89
2025-09-17 15:00:00,26.50,22,22.90,,0.00,13.70,85
2025-09-17 16:00:00,26.20,22,22.70,,0.00,12.80,79
2025-09-17 17:00:00,25.80,22,22.40,,0.00,11.70,72
2025-09-17 18:00:00,24.70,28,21.80,,0.00,11.40,103
2025-09-17 19:00:00,23.40,32,21.50,,0.00,6.00,65
2025-09-17 20:00:00,22.50,34,20.50,,0.00,6.30,59
2025-09-17 21:00:00,21.40,41,19.80,,0.00,6.10,62
2025-09-17 22:00:00,20.50,42,18.70,,0.00,6.70,54
2025-09-17 23:00:00,20.00,42,18.10,,0.00,7.10,49
2025-09-18 00:00:00,18.80,49,17.20,,0.00,6.60,49
2025-09-18 01:00:00,17.90,51,16.40,,0.00,5.90,47
2025-09-18 02:00:00,17.30,53,15.90,,0.00,5.40,37
2025-09-18 03:00:00,16.60,55,15.10,,0.00,5.70,35
2025-09-18 04:00:00,16.20,57,14.80,,0.00,5.70,35
2025-09-18 05:00:00,15.80,59,14.50,,0.00,4.90,36
2025-09-18 06:00:00,15.90,59,14.50,,0.00,5.40,42
2025-09-18 07:00:00,15.40,61,14.20,,0.00,4.60,45
2025-09-18 08:00:00,15.80,59,14.50,,0.00,5.40,42
2025-09-18 09:00:00,16.70,56,15.20,,0.00,6.40,47
2025-09-18 10:00:00,18.30,49,16.50,,0.00,8.00,63
2025-09-18 11:00:00,19.80,42,17.60,,0.00,9.40,67
2025-09-18 12:00:00,22.20,30,18.90,,0.00,13.00,84
2025-09-18 13:00:00,21.60,29,18.00,,0.00,13.70,85
2025-09-18 14:00:00,21.00,27,17.10,,0.00,13.10,81
2025-09-18 15:00:00,18.20,51,16.00,,0.10,11.20,75
2025-09-18 16:00:00,16.70,64,15.30,,0.30,9.60,56
2025-09-18 17:00:00,16.40,69,15.30,,0.10,9.30,36
2025-09-18 18:00:00,16.50,70,15.30,,0.40,10.20,18
2025-09-18 19:00:00,16.50,69,15.30,,0.10,9.40,23
2025-09-18 20:00:00,16.50,66,15.20,,0.00,9.00,29
2025-09-18 21:00:00,16.60,64,15.50,,0.30,7.20,37
2025-09-18 22:00:00,16.30,63,15.00,,0.00,7.10,41
2025-09-18 23:00:00,15.60,61,14.10,,0.00,7.10,41
2025-09-19 00:00:00,15.20,60,13.60,,0.00,6.90,43
2025-09-19 01:00:00,14.60,59,12.80,,0.00,6.60,45
2025-09-19 02:00:00,13.90,59,12.00,,0.00,6.10,45
2025-09-19 03:00:00,13.30,58,11.30,,0.00,5.40,53
2025-09-19 04:00:00,12.50,58,10.40,,0.00,4.90,54
2025-09-19 05:00:00,11.70,58,9.60,,0.00,4.30,48
2025-09-19 06:00:00,11.20,58,9.10,,0.00,3.60,53
2025-09-19 07:00:00,10.70,57,8.50,,0.00,3.60,53
2025-09-19 08:00:00,11.20,54,8.90,,0.00,3.90,56
2025-09-19 09:00:00,12.80,47,10.30,,0.00,4.90,54
2025-09-19 10:00:00,15.00,41,12.40,,0.00,5.80,60
2025-09-19 11:00:00,17.50,35,14.80,,0.00,6.20,54
2025-09-19 12:00:00,20.80,24,17.70,,0.00,7.80,56
2025-09-19 13:00:00,22.70,19,19.10,,0.00,11.50,70
2025-09-19 14:00:00,23.30,17,19.50,,0.00,12.30,75
2025-09-19 15:00:00,23.60,18,19.50,,0.00,12.30,75
2025-09-19 16:00:00,23.40,18,19.30,,0.00,11.30,68
2025-09-19 17:00:00,22.90,19,18.80,,0.00,11.10,61
2025-09-19 18:00:00,22.40,19,18.50,,0.00,10.20,58
2025-09-19 19:00:00,20.70,22,17.20,,0.00,7.60,45
2025-09-19 20:00:00,19.20,25,16.00,,0.00,6.10,45
2025-09-19 21:00:00,17.70,37,15.30,,0.00,4.80,42
2025-09-19 22:00:00,16.40,40,14.20,,0.00,3.90,34
2025-09-19 23:00:00,15.30,45,13.20,,0.00,3.90,34
2025-09-20 00:00:00,14.30,50,12.30,,0.00,3.70,29
2025-09-20 01:00:00,14.00,51,12.10,,0.00,3.40,18
2025-09-20 02:00:00,13.20,55,11.40,,0.00,3.30,354
2025-09-20 03:00:00,12.40,60,10.70,,0.00,3.30,347
2025-09-20 04:00:00,12.10,61,10.30,,0.00,3.40,342
2025-09-20 05:00:00,11.90,61,10.10,,0.00,3.60,354
2025-09-20 06:00:00,11.90,63,10.10,,0.00,4.00,360
2025-09-20 07:00:00,11.70,65,10.00,,0.00,3.60,354
2025-09-20 08:00:00,12.40,65,10.90,,0.00,3.30,354
2025-09-20 09:00:00,14.30,58,12.90,,0.00,2.90,353
2025-09-20 10:00:00,16.90,52,15.30,,0.00,5.50,11
2025-09-20 11:00:00,19.40,46,17.80,,0.00,6.30,13
2025-09-20 12:00:00,22.30,39,20.80,,0.00,7.30,9
2025-09-20 13:00:00,23.50,33,21.50,,0.00,9.60,13
2025-09-20 14:00:00,24.00,34,22.10,,0.00,10.20,10
2025-09-20 15:00:00,24.40,35,22.30,,0.00,10.10,6
2025-09-20 16:00:00,24.10,37,22.20,,0.00,10.50,4
2025-09-20 17:00:00,23.50,40,21.80,,0.00,10.10,354
2025-09-20 18:00:00,23.60,40,22.00,,0.00,9.00,358
2025-09-20 19:00:00,22.00,43,20.80,,0.00,5.60,345
2025-09-20 20:00:00,20.70,47,19.70,,0.00,4.50,346
2025-09-20 21:00:00,19.50,55,19.00,,0.00,4.00,350
2025-09-20 22:00:00,18.50,61,18.10,,0.00,4.00,355
2025-09-20 23:00:00,17.60,66,17.40,,0.00,3.60,354
2025-09-21 00:00:00,16.50,69,16.20,,0.00,3.60,354
2025-09-21 01:00:00,15.70,71,15.30,,0.00,3.60,354
2025-09-21 02:00:00,14.90,72,14.40,,0.00,3.20,360
2025-09-21 03:00:00,14.30,74,13.80,,0.00,2.90,360
2025-09-21 04:00:00,13.60,77,13.10,,0.00,2.90,353
2025-09-21 05:00:00,13.10,80,12.70,,0.00,2.60,344
2025-09-21 06:00:00,12.40,83,11.90,,0.00,2.60,344
2025-09-21 07:00:00,12.00,84,11.50,,0.00,2.50,352
2025-09-21 08:00:00,12.40,84,11.90,,0.00,2.50,352
2025-09-21 09:00:00,14.30,74,13.80,,0.00,2.40,27
2025-09-21 10:00:00,16.60,61,15.70,,0.00,4.00,27
2025-09-21 11:00:00,19.00,50,17.90,,0.00,4.50,29
2025-09-21 12:00:00,21.20,42,19.90,,0.00,5.40,37
2025-09-21 13:00:00,22.40,39,21.20,,0.00,5.90,38
2025-09-21 14:00:00,23.20,36,22.00,,0.00,5.60,27
2025-09-21 15:00:00,23.90,35,22.40,,0.00,5.90,14
2025-09-21 16:00:00,23.90,36,22.40,,0.00,6.20,7
2025-09-21 17:00:00,23.40,38,22.10,,0.00,6.10,360
2025-09-21 18:00:00,23.60,37,22.40,,0.00,4.70,356
2025-09-21 19:00:00,21.40,40,20.20,,0.00,3.40,328
2025-09-21 20:00:00,19.90,43,18.80,,0.00,2.50,315
2025-09-21 21:00:00,18.80,51,18.20,,0.00,1.50,315
2025-09-21 22:00:00,18.10,50,17.30,,0.00,1.40,270
2025-09-21 23:00:00,17.50,53,16.60,,0.00,2.60,254
2025-09-22 00:00:00,16.30,58,15.40,,0.00,3.00,256
2025-09-22 01:00:00,15.40,61,14.30,,0.00,3.60,264
2025-09-22 02:00:00,14.60,64,13.50,,0.00,4.00,270
2025-09-22 03:00:00,14.00,67,12.90,,0.00,3.60,276
2025-09-22 04:00:00,13.00,73,12.00,,0.00,3.60,264
2025-09-22 05:00:00,12.70,74,11.70,,0.00,3.60,270
2025-09-22 06:00:00,12.60,72,11.50,,0.00,3.60,276
2025-09-22 07:00:00,12.60,73,11.50,,0.00,3.70,281
2025-09-22 08:00:00,13.30,73,12.40,,0.00,3.10,291
2025-09-22 09:00:00,16.00,66,15.60,,0.00,2.50,315
2025-09-22 10:00:00,18.60,62,18.40,,0.00,4.00,360
2025-09-22 11:00:00,20.80,57,20.80,,0.00,4.00,10
2025-09-22 12:00:00,23.00,49,22.80,,0.00,4.90,17
2025-09-22 13:00:00,24.00,45,23.80,,0.00,5.90,14
2025-09-22 14:00:00,24.50,43,24.10,,0.00,6.60,9
2025-09-22 15:00:00,24.80,40,23.90,,0.00,6.90,6
2025-09-22 16:00:00,24.60,39,23.50,,0.00,6.90,6
2025-09-22 17:00:00,24.00,40,22.90,,0.00,7.20,360
2025-09-22 18:00:00,23.90,41,22.90,,0.00,6.50,360
2025-09-22 19:00:00,21.90,46,21.10,,0.00,4.70,356
2025-09-22 20:00:00,20.50,51,20.00,,0.00,3.60,6
2025-09-22 21:00:00,19.20,60,19.10,,0.00,3.40,32
2025-09-22 22:00:00,18.40,54,17.50,,0.00,4.40,55
2025-09-22 23:00:00,17.60,55,16.60,,0.00,4.50,61
2025-09-23 00:00:00,16.60,59,15.70,,0.00,4.00,63
2025-09-23 01:00:00,15.70,61,14.80,,0.00,3.40,72
2025-09-23 02:00:00,15.00,63,14.00,,0.00,3.30,84
2025-09-23 03:00:00,14.40,65,13.40,,0.00,2.60,56
2025-09-23 04:00:00,13.80,66,12.70,,0.00,2.80,50
2025-09-23 05:00:00,13.00,69,12.00,,0.00,2.80,40
2025-09-23 06:00:00,12.30,73,11.30,,0.00,2.90,30
2025-09-23 07:00:00,11.70,76,10.70,,0.00,2.60,34
2025-09-23 08:00:00,11.80,76,10.90,,0.00,2.30,39
2025-09-23 09:00:00,13.30,71,12.40,,0.00,3.10,45
2025-09-23 10:00:00,15.60,59,14.40,,0.00,4.30,66
2025-09-23 11:00:00,18.10,51,17.00,,0.00,4.00,63
2025-09-23 12:00:00,20.90,42,19.60,,0.00,4.50,61
2025-09-23 13:00:00,22.60,38,21.20,,0.00,5.50,67
2025-09-23 14:00:00,23.80,36,22.30,,0.00,6.20,83
2025-09-23 15:00:00,24.20,34,22.60,,0.00,6.20,80
2025-09-23 16:00:00,24.30,33,22.50,,0.00,6.50,90
2025-09-23 17:00:00,23.90,34,22.20,,0.00,6.50,93
2025-09-23 18:00:00,24.10,33,22.50,,0.00,5.40,98
2025-09-23 19:00:00,22.20,38,20.90,,0.00,3.60,90
2025-09-23 20:00:00,20.90,42,19.70,,0.00,3.30,96
2025-09-23 21:00:00,19.60,51,18.90,,0.00,2.90,97
2025-09-23 22:00:00,18.70,54,18.00,,0.00,2.90,120
2025-09-23 23:00:00,18.10,55,17.40,,0.00,2.90,120
2025-09-24 00:00:00,17.50,59,16.90,,0.00,2.90,120
2025-09-24 01:00:00,16.90,63,16.40,,0.00,3.10,126
2025-09-24 02:00:00,16.20,67,15.80,,0.00,3.10,126
2025-09-24 03:00:00,15.20,73,14.80,,0.00,3.10,111
2025-09-24 04:00:00,14.60,76,14.20,,0.00,3.60,127
2025-09-24 05:00:00,14.10,77,13.60,,0.00,3.80,139
2025-09-24 06:00:00,13.50,80,13.10,,0.00,3.30,131
2025-09-24 07:00:00,13.00,81,12.40,,0.00,3.60,135
2025-09-24 08:00:00,13.60,78,13.00,,0.00,3.60,135
2025-09-24 09:00:00,14.80,74,14.40,,0.00,3.60,135
2025-09-24 10:00:00,17.70,62,17.10,,0.00,4.80,138
2025-09-24 11:00:00,20.50,53,19.80,,0.00,6.10,135
2025-09-24 12:00:00,23.80,41,22.70,,0.00,7.70,139
2025-09-24 13:00:00,25.20,34,23.50,,0.00,10.20,148
2025-09-24 14:00:00,26.10,32,24.10,,0.00,11.10,151
2025-09-24 15:00:00,26.70,32,24.70,,0.00,10.70,147
2025-09-24 16:00:00,26.60,31,24.60,,0.00,10.30,151
2025-09-24 17:00:00,26.20,31,24.20,,0.00,9.80,152
2025-09-24 18:00:00,25.90,29,23.80,,0.00,8.20,157
2025-09-24 19:00:00,23.60,36,22.20,,0.00,5.40,127
2025-09-24 20:00:00,21.60,42,20.10,,0.00,7.20,127
2025-09-24 21:00:00,20.80,44,19.10,,0.00,8.40,140
2025-09-24 22:00:00,19.80,47,18.20,,0.00,7.70,143
2025-09-24 23:00:00,18.90,52,17.60,,0.00,6.60,151
2025-09-25 00:00:00,18.20,57,17.20,,0.00,5.50,157
2025-09-25 01:00:00,17.60,59,16.80,,0.00,5.00,159
2025-09-25 02:00:00,17.20,60,16.30,,0.00,5.00,180
2025-09-25 03:00:00,17.40,57,16.30,,0.00,5.40,180
2025-09-25 04:00:00,17.80,53,16.50,,0.00,5.50,191
2025-09-25 05:00:00,18.10,52,16.70,,0.00,6.20,201
2025-09-25 06:00:00,17.70,55,16.50,,0.00,5.40,188
2025-09-25 07:00:00,16.80,57,15.30,,0.00,7.20,180
2025-09-25 08:00:00,16.90,55,15.30,,0.00,7.20,183
2025-09-25 09:00:00,17.80,54,16.20,,0.00,8.30,185
2025-09-25 10:00:00,20.10,45,18.20,,0.00,9.40,184
2025-09-25 11:00:00,22.30,39,20.20,,0.00,10.10,178
2025-09-25 12:00:00,24.80,34,22.40,,0.00,12.60,183
2025-09-25 13:00:00,25.60,31,22.80,,0.00,14.10,186
2025-09-25 14:00:00,26.10,30,23.20,,0.00,14.40,181
2025-09-25 15:00:00,26.60,29,23.70,,0.00,14.50,174
2025-09-25 16:00:00,26.30,29,23.40,,0.00,13.80,174
2025-09-25 17:00:00,25.70,30,22.90,,0.00,13.10,172
2025-09-25 18:00:00,25.10,31,22.70,,0.00,11.30,173
2025-09-25 19:00:00,23.20,35,21.30,,0.00,7.90,164
2025-09-25 20:00:00,22.20,35,20.20,,0.00,7.00,168
2025-09-25 21:00:00,21.40,38,19.60,,0.00,6.70,164
2025-09-25 22:00:00,20.30,42,18.60,,0.00,6.20,159
2025-09-25 23:00:00,19.60,45,18.10,,0.00,5.80,158
2025-09-26 00:00:00,19.10,49,17.80,,0.00,5.50,157
2025-09-26 01:00:00,18.30,51,16.90,,0.00,6.00,155
2025-09-26 02:00:00,17.80,53,16.30,,0.00,6.40,164
2025-09-26 03:00:00,17.40,53,16.00,,0.00,5.90,166
2025-09-26 04:00:00,17.00,56,15.50,,0.00,6.60,158
2025-09-26 05:00:00,16.80,57,15.30,,0.00,7.10,165
2025-09-26 06:00:00,16.60,59,15.20,,0.00,7.10,165
2025-09-26 07:00:00,16.70,59,15.30,,0.00,7.30,169
2025-09-26 08:00:00,16.80,59,15.40,,0.00,7.20,174
2025-09-26 09:00:00,17.00,61,15.70,,0.00,7.80,158
2025-09-26 10:00:00,17.10,64,15.70,,0.10,10.20,148
2025-09-26 11:00:00,17.40,65,16.20,,0.10,9.70,158
2025-09-26 12:00:00,18.40,62,17.50,,0.00,8.60,158
2025-09-26 13:00:00,20.80,53,19.40,,0.00,10.90,153
2025-09-26 14:00:00,22.50,48,21.00,,0.00,12.00,159
2025-09-26 15:00:00,23.20,47,21.90,,0.00,11.70,169
2025-09-26 16:00:00,23.40,47,22.00,,0.00,12.60,185
2025-09-26 17:00:00,23.20,47,22.10,,0.00,9.60,167
2025-09-26 18:00:00,22.90,49,22.30,,0.00,7.00,145
2025-09-26 19:00:00,21.70,53,21.30,,0.00,6.20,144
2025-09-26 20:00:00,20.80,56,20.20,,0.00,7.20,153
2025-09-26 21:00:00,20.50,56,19.90,,0.00,7.40,166
2025-09-26 22:00:00,20.10,58,19.60,,0.00,6.80,177
2025-09-26 23:00:00,19.80,61,19.30,,0.00,7.70,169
2025-09-27 00:00:00,19.80,62,19.50,,0.00,7.30,169
2025-09-27 01:00:00,19.40,65,19.10,,0.00,8.00,170
2025-09-27 02:00:00,19.20,68,18.90,,0.00,9.10,171
2025-09-27 03:00:00,19.10,68,18.70,,0.00,9.10,171
2025-09-27 04:00:00,18.80,70,18.30,,0.00,9.80,172
2025-09-27 05:00:00,18.50,73,18.10,,0.00,10.30,168
2025-09-27 06:00:00,18.10,78,18.00,,0.00,10.40,166
2025-09-27 07:00:00,17.60,84,17.60,,0.00,10.60,170
2025-09-27 08:00:00,17.70,86,17.80,,0.00,11.30,173
2025-09-27 09:00:00,18.10,84,18.20,,0.00,11.90,177
2025-09-27 10:00:00,19.00,80,19.10,,0.00,11.90,175
2025-09-27 11:00:00,20.10,75,20.10,,0.00,13.00,182
2025-09-27 12:00:00,21.70,68,21.70,,0.00,12.80,169
2025-09-27 13:00:00,23.00,62,22.90,,0.00,13.00,178
2025-09-27 14:00:00,24.30,55,24.00,,0.00,12.60,185
2025-09-27 15:00:00,25.80,49,25.40,,0.00,12.20,194
2025-09-27 16:00:00,26.10,47,25.70,,0.00,11.30,197
2025-09-27 17:00:00,26.80,42,26.30,,0.00,9.50,205
2025-09-27 18:00:00,26.40,42,26.20,,0.00,6.60,193
2025-09-27 19:00:00,25.00,48,25.20,,0.00,5.90,169
2025-09-27 20:00:00,24.30,50,24.40,,0.00,5.80,173
2025-09-27 21:00:00,23.60,52,23.70,,0.00,6.20,190
2025-09-27 22:00:00,23.20,52,23.10,,0.00,6.10,183
2025-09-27 23:00:00,22.80,52,22.60,,0.00,6.60,189
2025-09-28 00:00:00,22.40,52,22.10,,0.00,6.50,183
2025-09-28 01:00:00,21.90,54,21.50,,0.00,7.60,180
2025-09-28 02:00:00,21.00,58,20.50,,0.00,8.60,182
2025-09-28 03:00:00,20.70,58,20.10,,0.00,8.60,182
2025-09-28 04:00:00,19.80,66,19.50,,0.00,9.00,185
2025-09-28 05:00:00,19.30,74,19.40,,0.00,9.40,187
2025-09-28 06:00:00,18.60,81,19.10,,0.00,9.00,185
2025-09-28 07:00:00,18.10,83,18.40,,0.00,9.40,184
2025-09-28 08:00:00,18.20,79,18.00,,0.00,11.20,184
2025-09-28 09:00:00,19.10,72,18.90,,0.00,10.50,184
2025-09-28 10:00:00,20.80,65,20.50,,0.00,11.40,191
2025-09-28 11:00:00,22.50,60,22.20,,0.00,11.80,192
2025-09-28 12:00:00,24.50,53,24.20,,0.00,12.10,190
2025-09-28 13:00:00,25.90,49,25.60,,0.00,11.90,185
2025-09-28 14:00:00,27.20,46,27.00,,0.00,11.90,185
2025-09-28 15:00:00,28.40,39,27.70,,0.00,11.60,185
2025-09-28 16:00:00,28.50,37,27.50,,0.00,11.90,183
2025-09-28 17:00:00,28.00,33,26.40,,0.00,11.50,178
2025-09-28 18:00:00,27.00,32,25.30,,0.00,9.40,173
2025-09-28 19:00:00,25.20,36,24.00,,0.00,6.50,161
2025-09-28 20:00:00,23.90,40,22.60,,0.00,7.60,161
2025-09-28 21:00:00,22.80,49,22.20,,0.00,7.70,169
2025-09-28 22:00:00,22.20,53,21.70,,0.00,8.40,170
2025-09-28 23:00:00,21.50,55,21.10,,0.00,7.60,175
2025-09-29 00:00:00,20.70,58,20.50,,0.00,6.20,173
2025-09-29 01:00:00,19.90,61,19.90,,0.00,5.10,172
2025-09-29 02:00:00,19.10,64,19.10,,0.00,4.70,171
2025-09-29 03:00:00,18.10,70,18.30,,0.00,4.00,170
2025-09-29 04:00:00,17.40,72,17.50,,0.00,4.20,160
2025-09-29 05:00:00,16.90,74,17.00,,0.00,4.10,165
2025-09-29 06:00:00,16.30,77,16.80,,0.00,1.80,233
2025-09-29 07:00:00,15.80,78,16.20,,0.00,1.00,225
2025-09-29 08:00:00,15.50,80,15.60,,0.00,3.10,306
2025-09-29 09:00:00,16.20,87,16.70,,0.00,5.60,333
2025-09-29 10:00:00,18.00,76,18.20,,0.00,7.30,340
2025-09-29 11:00:00,17.40,79,17.40,,0.00,8.00,342
2025-09-29 12:00:00,18.40,73,18.00,,0.00,10.10,343
2025-09-29 13:00:00,17.70,76,16.70,,0.00,14.30,342
2025-09-29 14:00:00,17.30,70,15.80,,0.00,13.90,343
2025-09-29 15:00:00,16.50,74,15.00,,0.00,14.50,346
2025-09-29 16:00:00,16.50,73,14.80,,0.00,15.10,348
2025-09-29 17:00:00,15.60,76,13.70,,0.00,15.40,349
2025-09-29 18:00:00,14.80,79,12.90,,0.00,15.90,354
2025-09-29 19:00:00,14.50,80,12.50,,0.00,15.80,359
2025-09-29 20:00:00,13.70,81,11.40,,0.00,17.00,356
2025-09-29 21:00:00,12.80,82,10.40,,0.00,16.20,357
2025-09-29 22:00:00,12.40,79,9.70,,0.00,15.90,357
2025-09-29 23:00:00,12.10,75,9.20,,0.00,15.80,359
2025-09-30 00:00:00,12.20,74,9.30,,0.00,15.80,360
2025-09-30 01:00:00,12.00,75,9.00,,0.00,16.20,4
2025-09-30 02:00:00,11.70,79,8.80,,0.00,16.80,9
2025-09-30 03:00:00,11.50,81,8.70,,0.00,15.70,9
2025-09-30 04:00:00,11.30,80,8.50,,0.00,15.40,11
2025-09-30 05:00:00,11.10,80,8.20,,0.00,15.50,12
2025-09-30 06:00:00,11.00,80,8.20,,0.00,14.80,14
2025-09-30 07:00:00,10.90,80,8.10,,0.00,14.80,13
2025-09-30 08:00:00,10.80,80,8.10,,0.10,14.00,12
2025-09-30 09:00:00,11.20,77,8.50,,0.10,14.20,16
2025-09-30 10:00:00,11.70,74,9.00,,0.00,14.10,13
2025-09-30 11:00:00,12.50,71,9.70,,0.00,14.60,10
2025-09-30 12:00:00,13.00,69,10.10,,0.00,14.80,13
2025-09-30 13:00:00,13.80,66,11.00,,0.00,14.80,14
2025-09-30 14:00:00,14.50,63,11.60,,0.00,14.90,20
2025-09-30 15:00:00,14.70,64,12.00,,0.00,14.80,18
2025-09-30 16:00:00,15.00,63,12.40,,0.00,14.10,19
2025-09-30 17:00:00,14.60,64,12.00,,0.00,13.90,21
2025-09-30 18:00:00,14.20,67,11.80,,0.00,13.10,21
2025-09-30 19:00:00,13.50,70,11.30,,0.00,11.70,18
2025-09-30 20:00:00,12.90,72,10.70,,0.00,11.40,18
2025-09-30 21:00:00,12.70,73,10.60,,0.00,10.50,16
2025-09-30 22:00:00,12.30,73,10.10,,0.00,10.70,12
2025-09-30 23:00:00,12.10,75,10.00,,0.00,10.30,12
2025-10-01 00:00:00,12.00,76,10.00,,0.00,9.80,8
2025-10-01 01:00:00,11.60,79,9.70,,0.00,9.80,8
2025-10-01 02:00:00,11.30,81,9.40,,0.00,9.40,7
2025-10-01 03:00:00,10.90,82,9.10,,0.00,8.60,2
2025-10-01 04:00:00,10.50,84,8.70,,0.00,8.60,360
2025-10-01 05:00:00,10.10,86,8.40,,0.00,8.30,358
2025-10-01 06:00:00,10.20,87,8.70,,0.00,7.40,346
2025-10-01 07:00:00,9.80,90,8.20,,0.00,7.80,338
2025-10-01 08:00:00,9.60,88,7.70,,0.00,8.40,335
2025-10-01 09:00:00,10.10,84,8.10,,0.00,9.10,342
2025-10-01 10:00:00,11.30,78,9.40,,0.00,8.80,348
2025-10-01 11:00:00,12.70,72,10.90,,0.00,8.20,345
2025-10-01 12:00:00,14.20,64,12.30,,0.00,8.40,340
2025-10-01 13:00:00,15.80,59,13.90,,0.00,9.00,344
2025-10-01 14:00:00,16.70,55,14.70,,0.00,10.00,347
2025-10-01 15:00:00,17.10,55,15.10,,0.00,10.00,347
2025-10-01 16:00:00,17.20,55,15.30,,0.00,9.90,350
2025-10-01 17:00:00,16.80,57,14.90,,0.00,9.80,352
2025-10-01 18:00:00,16.30,61,14.70,,0.00,8.70,355
2025-10-01 19:00:00,15.30,67,14.10,,0.00,6.80,342
2025-10-01 20:00:00,14.50,72,13.20,,0.00,7.90,317
2025-10-01 21:00:00,13.60,75,12.10,,0.00,8.40,317
2025-10-01 22:00:00,12.70,79,11.20,,0.00,9.20,318
2025-10-01 23:00:00,11.90,83,10.30,,0.00,9.20,321
2025-10-02 00:00:00,11.40,84,9.70,,0.00,9.00,323
2025-10-02 01:00:00,10.80,86,9.20,,0.00,8.70,318
2025-10-02 02:00:00,10.40,88,8.70,,0.00,8.90,317
2025-10-02 03:00:00,10.20,88,8.50,,0.00,8.70,318
2025-10-02 04:00:00,9.70,90,8.00,,0.00,8.70,318
2025-10-02 05:00:00,9.50,92,7.90,,0.00,7.70,323
2025-10-02 06:00:00,9.10,91,7.40,,0.00,7.40,321
2025-10-02 07:00:00,9.00,92,7.30,,0.00,7.70,323
2025-10-02 08:00:00,9.20,90,7.50,,0.00,7.30,327
2025-10-02 09:00:00,9.80,87,8.20,,0.00,7.00,339
2025-10-02 10:00:00,10.70,84,9.30,,0.00,6.20,353
2025-10-02 11:00:00,11.60,80,10.30,,0.00,5.70,342
2025-10-02 12:00:00,12.70,76,11.40,,0.00,6.00,335
2025-10-02 13:00:00,13.20,73,12.00,,0.00,5.20,344
2025-10-02 14:00:00,13.80,71,12.80,,0.00,4.30,5
2025-10-02 15:00:00,15.40,63,14.40,,0.00,4.20,31
2025-10-02 16:00:00,15.70,61,14.70,,0.00,4.10,38
2025-10-02 17:00:00,16.00,61,15.20,,0.00,2.80,40
2025-10-02 18:00:00,15.90,61,15.20,,0.00,1.90,338
2025-10-02 19:00:00,15.10,64,14.30,,0.00,2.80,320
2025-10-02 20:00:00,14.70,67,14.00,,0.00,2.00,315
2025-10-02 21:00:00,13.80,76,13.50,,0.00,1.50,14
2025-10-02 22:00:00,13.60,78,13.40,,0.00,1.60,27
2025-10-02 23:00:00,13.40,81,13.20,,0.00,1.50,14
2025-10-03 00:00:00,13.00,86,13.00,,0.00,1.50,14
2025-10-03 01:00:00,13.00,86,12.90,,0.00,1.80,79
2025-10-03 02:00:00,12.70,86,12.50,,0.00,2.70,113
2025-10-03 03:00:00,12.30,91,12.30,,0.00,2.30,108
2025-10-03 04:00:00,12.50,83,11.90,,0.00,3.60,135
2025-10-03 05:00:00,12.40,77,11.50,,0.00,3.80,139
2025-10-03 06:00:00,11.30,83,10.30,,0.00,3.80,139
2025-10-03 07:00:00,11.50,74,10.10,,0.00,3.90,146
2025-10-03 08:00:00,11.60,70,10.10,,0.00,4.30,138
2025-10-03 09:00:00,12.50,61,10.50,,0.00,5.10,141
2025-10-03 10:00:00,13.60,54,11.20,,0.00,7.10,156
2025-10-03 11:00:00,15.30,49,12.60,,0.00,9.60,146
2025-10-03 12:00:00,17.90,46,15.60,,0.00,9.00,157
2025-10-03 13:00:00,19.20,47,17.30,,0.00,8.90,148
2025-10-03 14:00:00,21.00,47,19.30,,0.00,10.70,147
2025-10-03 15:00:00,22.00,45,19.80,,0.00,13.90,170
2025-10-03 16:00:00,21.70,48,19.90,,0.00,13.00,174
2025-10-03 17:00:00,21.30,53,20.10,,0.00,10.70,168
2025-10-03 18:00:00,21.10,53,20.20,,0.00,8.50,168
2025-10-03 19:00:00,19.70,58,19.00,,0.00,6.70,164
2025-10-03 20:00:00,18.80,61,18.30,,0.00,5.90,169
2025-10-03 21:00:00,18.40,61,17.70,,0.00,6.00,155
2025-10-03 22:00:00,17.80,64,17.20,,0.00,5.70,162
2025-10-03 23:00:00,17.50,65,17.00,,0.00,5.50,169
2025-10-04 00:00:00,17.10,66,16.70,,0.00,4.60,162
2025-10-04 01:00:00,16.60,68,16.10,,0.00,4.80,167
2025-10-04 02:00:00,16.20,70,15.60,,0.00,5.10,172
2025-10-04 03:00:00,15.50,73,15.10,,0.00,4.40,171
2025-10-04 04:00:00,15.10,75,14.60,,0.00,4.70,171
2025-10-04 05:00:00,14.60,75,14.00,,0.00,5.10,172
2025-10-04 06:00:00,14.30,73,13.50,,0.00,5.20,168
2025-10-04 07:00:00,14.10,73,12.90,,0.00,6.60,171
2025-10-04 08:00:00,13.80,74,12.50,,0.00,7.60,172
2025-10-04 09:00:00,14.00,76,12.90,,0.00,7.70,169
2025-10-04 10:00:00,14.90,75,13.70,,0.00,8.80,171
2025-10-04 11:00:00,15.90,74,15.00,,0.00,9.20,159
2025-10-04 12:00:00,16.90,73,16.20,,0.00,9.20,159
2025-10-04 13:00:00,18.00,69,17.30,,0.00,10.00,154
2025-10-04 14:00:00,18.80,67,18.00,,0.00,10.60,162
2025-10-04 15:00:00,20.40,59,19.50,,0.00,10.50,164
2025-10-04 16:00:00,20.70,59,20.20,,0.00,8.40,160
2025-10-04 17:00:00,21.00,58,20.90,,0.00,5.70,145
2025-10-04 18:00:00,20.60,59,20.80,,0.00,3.90,112
2025-10-04 19:00:00,19.70,66,20.20,,0.10,2.90,120
2025-10-04 20:00:00,19.10,70,19.90,,0.10,2.50,90
2025-10-04 21:00:00,18.90,72,19.70,,0.00,2.50,82
2025-10-04 22:00:00,18.60,72,19.40,,0.00,2.60,124
2025-10-04 23:00:00,18.20,74,18.60,,0.20,4.70,157
2025-10-05 00:00:00,17.70,77,18.20,,0.30,4.30,185
2025-10-05 01:00:00,17.10,82,18.00,,0.60,2.90,180
2025-10-05 02:00:00,16.80,85,18.00,,0.60,1.80,169
2025-10-05 03:00:00,16.60,87,17.50,,0.50,3.60,143
2025-10-05 04:00:00,16.50,84,17.10,,0.10,4.10,165
2025-10-05 05:00:00,16.50,83,16.90,,0.00,4.70,176
2025-10-05 06:00:00,16.20,87,17.10,,0.00,3.20,180
2025-10-05 07:00:00,16.20,88,17.40,,0.10,1.10,198
2025-10-05 08:00:00,16.10,90,17.40,,0.10,1.10,180
2025-10-05 09:00:00,16.30,90,17.70,,0.00,0.70,270
2025-10-05 10:00:00,16.90,86,18.20,,0.00,1.30,326
2025-10-05 11:00:00,17.40,83,18.40,,0.00,3.20,360
2025-10-05 12:00:00,16.60,88,17.40,,0.00,5.20,25
2025-10-05 13:00:00,17.00,87,18.00,,0.00,4.50,29
2025-10-05 14:00:00,16.80,88,17.70,,0.10,5.10,4
2025-10-05 15:00:00,15.70,94,16.10,,0.70,7.60,355
2025-10-05 16:00:00,15.10,95,15.50,,1.90,7.20,6
2025-10-05 17:00:00,15.40,93,15.60,,0.40,7.90,30
2025-10-05 18:00:00,15.30,95,15.80,,0.20,7.10,30
2025-10-05 19:00:00,15.00,96,15.40,,0.30,7.40,29
2025-10-05 20:00:00,14.80,96,15.10,,0.10,7.40,29
2025-10-05 21:00:00,14.90,97,15.40,,0.00,6.80,32
2025-10-05 22:00:00,14.90,97,15.30,,0.00,6.70,36
2025-10-05 23:00:00,14.90,97,15.50,,0.00,6.40,43
2025-10-06 00:00:00,15.00,98,15.60,,0.00,6.40,43
2025-10-06 01:00:00,15.20,98,16.00,,3.70,5.60,45
2025-10-06 02:00:00,15.30,98,16.10,,5.30,6.00,65
2025-10-06 03:00:00,15.50,98,16.30,,3.60,6.20,83
2025-10-06 04:00:00,15.90,99,17.00,,1.30,5.40,90
2025-10-06 05:00:00,16.20,98,17.40,,0.50,5.50,101
2025-10-06 06:00:00,16.10,98,17.60,,0.30,3.60,90
2025-10-06 07:00:00,16.40,98,17.60,,0.50,5.70,125
2025-10-06 08:00:00,16.70,98,17.60,,0.20,8.40,140
2025-10-06 09:00:00,17.00,98,18.00,,1.10,8.80,145
2025-10-06 10:00:00,17.40,97,18.50,,2.20,9.20,149
2025-10-06 11:00:00,17.80,94,18.50,,1.20,11.10,167
2025-10-06 12:00:00,18.10,95,19.20,,2.10,10.70,168
2025-10-06 13:00:00,18.40,91,19.50,,1.10,9.10,187
2025-10-06 14:00:00,18.70,90,19.70,,1.20,9.80,188
2025-10-06 15:00:00,19.00,88,20.20,,0.70,8.50,208
2025-10-06 16:00:00,18.90,88,20.20,,0.20,7.60,225
2025-10-06 17:00:00,18.20,88,19.00,,1.00,9.10,261
2025-10-06 18:00:00,17.00,87,17.20,,0.00,9.90,280
2025-10-06 19:00:00,16.10,88,16.10,,0.00,9.60,283
2025-10-06 20:00:00,15.50,88,15.40,,0.00,8.10,283
2025-10-06 21:00:00,15.20,89,15.30,,0.00,6.50,289
2025-10-06 22:00:00,15.00,89,15.10,,0.00,5.70,288
2025-10-06 23:00:00,14.60,89,14.60,,0.00,6.20,291
2025-10-07 00:00:00,14.00,87,13.60,,0.00,7.00,305
2025-10-07 01:00:00,13.70,88,13.20,,0.00,7.10,311
2025-10-07 02:00:00,13.50,87,13.00,,0.00,6.10,315
2025-10-07 03:00:00,12.90,88,12.30,,0.00,6.10,320
2025-10-07 04:00:00,12.70,89,12.10,,0.00,6.10,310
2025-10-07 05:00:00,12.40,91,11.70,,0.40,7.20,307
2025-10-07 06:00:00,12.00,92,11.10,,1.00,7.10,311
2025-10-07 07:00:00,11.80,92,10.80,,2.50,7.70,311
2025-10-07 08:00:00,11.60,92,10.60,,2.70,7.20,307
2025-10-07 09:00:00,11.40,91,10.30,,2.70,8.10,302
2025-10-07 10:00:00,11.50,91,10.10,,0.30,9.40,310
2025-10-07 11:00:00,11.60,89,10.30,,0.20,8.70,312
2025-10-07 12:00:00,11.80,89,10.50,,0.30,9.40,313
2025-10-07 13:00:00,11.90,87,10.40,,0.30,10.00,308
2025-10-07 14:00:00,12.00,87,10.60,,0.50,9.70,297
2025-10-07 15:00:00,11.90,87,10.20,,0.00,11.40,294
2025-10-07 16:00:00,11.90,85,10.10,,0.00,11.40,294
2025-10-07 17:00:00,11.80,86,9.80,,0.00,12.30,291
2025-10-07 18:00:00,11.60,85,9.40,,0.00,13.20,287
2025-10-07 19:00:00,11.30,86,9.20,,0.00,12.80,281
2025-10-07 20:00:00,11.10,85,8.80,,0.00,13.40,278
2025-10-07 21:00:00,10.90,85,8.50,,0.00,13.80,276
2025-10-07 22:00:00,10.70,85,8.30,,0.00,13.40,278
2025-10-07 23:00:00,10.50,85,8.00,,0.00,13.60,281
2025-10-08 00:00:00,10.20,83,7.60,,0.00,13.20,281
2025-10-08 01:00:00,10.10,82,7.60,,0.00,12.30,273
2025-10-08 02:00:00,10.00,81,7.40,,0.00,12.20,270
2025-10-08 03:00:00,9.70,80,7.00,,0.00,12.30,263
2025-10-08 04:00:00,9.30,82,6.40,,0.00,13.40,264
2025-10-08 05:00:00,9.00,84,6.20,,0.00,13.10,262
2025-10-08 06:00:00,8.40,85,5.50,,0.00,13.10,261
2025-10-08 07:00:00,8.00,86,5.00,,0.00,13.00,267
2025-10-08 08:00:00,7.80,86,4.90,,0.00,12.60,268
2025-10-08 09:00:00,8.50,83,5.60,,0.00,13.00,268
2025-10-08 10:00:00,9.70,78,6.80,,0.00,12.60,267
2025-10-08 11:00:00,11.20,71,8.20,,0.00,13.70,273
2025-10-08 12:00:00,12.50,65,9.50,,0.00,14.10,283
2025-10-08 13:00:00,13.70,60,10.70,,0.00,13.80,279
2025-10-08 14:00:00,14.50,58,11.60,,0.00,13.00,275
2025-10-08 15:00:00,15.50,52,12.60,,0.00,12.50,282
2025-10-08 16:00:00,15.60,52,12.90,,0.00,11.30,277
2025-10-08 17:00:00,15.40,53,13.00,,0.00,9.00,275
2025-10-08 18:00:00,15.10,55,13.20,,0.00,5.80,274
2025-10-08 19:00:00,13.70,63,12.30,,0.00,4.00,270
2025-10-08 20:00:00,12.80,69,11.50,,0.00,3.70,259
2025-10-08 21:00:00,11.70,76,10.50,,0.00,3.40,252
2025-10-08 22:00:00,11.10,79,10.00,,0.00,3.20,243
2025-10-08 23:00:00,10.70,81,9.60,,0.00,3.10,249
2025-10-09 00:00:00,10.20,84,9.10,,0.00,2.70,247
2025-10-09 01:00:00,10.20,83,9.30,,0.00,1.60,207
2025-10-09 02:00:00,10.00,86,9.10,,0.00,2.50,135
2025-10-09 03:00:00,9.70,90,8.80,,0.00,2.80,130
2025-10-09 04:00:00,9.50,89,8.50,,0.00,3.30,131
2025-10-09 05:00:00,9.10,88,7.80,,0.00,3.70,119
2025-10-09 06:00:00,8.80,88,7.40,,0.00,3.90,124
2025-10-09 07:00:00,8.70,86,7.20,,0.00,4.60,129
2025-10-09 08:00:00,8.70,86,7.10,,0.00,5.10,135
2025-10-09 09:00:00,9.90,84,8.50,,0.00,5.10,141
2025-10-09 10:00:00,12.00,79,10.50,,0.00,7.10,139
2025-10-09 11:00:00,14.10,74,12.70,,0.00,8.20,142
2025-10-09 12:00:00,16.50,66,15.20,,0.00,8.90,140
2025-10-09 13:00:00,17.90,61,16.50,,0.00,10.50,139
2025-10-09 14:00:00,18.90,57,17.20,,0.00,11.50,141
2025-10-09 15:00:00,20.10,54,18.60,,0.00,11.50,141
2025-10-09 16:00:00,20.00,55,18.50,,0.00,11.80,140
2025-10-09 17:00:00,19.50,58,18.20,,0.00,10.90,134
2025-10-09 18:00:00,18.70,63,18.00,,0.00,8.40,130
2025-10-09 19:00:00,17.50,70,17.00,,0.00,7.10,139
2025-10-09 20:00:00,16.80,74,16.50,,0.00,6.20,144
2025-10-09 21:00:00,16.20,81,16.20,,0.00,6.00,147
2025-10-09 22:00:00,15.70,84,15.70,,0.00,6.00,155
2025-10-09 23:00:00,15.30,86,15.30,,0.00,6.30,156
2025-10-10 00:00:00,15.00,87,15.00,,0.00,5.80,158
2025-10-10 01:00:00,14.70,86,14.50,,0.00,5.90,166
2025-10-10 02:00:00,14.40,87,14.20,,0.00,5.80,173
2025-10-10 03:00:00,13.60,90,13.60,,0.00,4.50,166
2025-10-10 04:00:00,13.10,92,13.00,,0.00,4.90,163
2025-10-10 05:00:00,12.70,93,12.40,,0.00,5.80,158
2025-10-10 06:00:00,12.20,94,11.70,,0.00,6.00,155
2025-10-10 07:00:00,11.90,95,11.30,,0.00,6.30,156
2025-10-10 08:00:00,11.80,96,11.20,,0.00,6.60,158
2025-10-10 09:00:00,12.40,95,11.80,,0.00,8.00,162
2025-10-10 10:00:00,14.10,87,13.20,,0.00,9.90,170
2025-10-10 11:00:00,15.50,81,15.00,,0.00,8.20,165
2025-10-10 12:00:00,16.90,74,16.10,,0.00,10.10,163
2025-10-10 13:00:00,18.20,64,16.90,,0.00,11.70,171
2025-10-10 14:00:00,19.10,60,17.90,,0.00,10.50,172
2025-10-10 15:00:00,19.80,59,18.80,,0.00,10.40,166
2025-10-10 16:00:00,19.80,60,18.90,,0.00,9.90,161
2025-10-10 17:00:00,19.40,64,18.90,,0.00,8.90,148
2025-10-10 18:00:00,19.00,71,19.20,,0.00,6.40,128
2025-10-10 19:00:00,17.80,77,18.10,,0.00,6.60,131
2025-10-10 20:00:00,17.10,82,17.50,,0.00,6.40,137
2025-10-10 21:00:00,16.50,85,16.70,,0.00,7.40,133
2025-10-10 22:00:00,16.20,86,16.40,,0.00,7.10,139
2025-10-10 23:00:00,15.90,87,16.30,,0.00,5.90,142
2025-10-11 00:00:00,15.50,89,15.90,,0.00,5.10,141
2025-10-11 01:00:00,15.30,89,15.70,,0.00,5.40,138
2025-10-11 02:00:00,15.10,90,15.40,,0.00,5.60,140
2025-10-11 03:00:00,14.70,92,15.10,,0.00,4.70,148
2025-10-11 04:00:00,14.60,92,14.90,,0.00,5.20,146
2025-10-11 05:00:00,14.30,93,14.50,,0.00,5.70,145
2025-10-11 06:00:00,13.70,94,13.70,,0.00,5.30,152
2025-10-11 07:00:00,13.70,94,13.60,,0.00,6.30,156
2025-10-11 08:00:00,13.70,95,13.50,,0.00,7.70,152
2025-10-11 09:00:00,14.20,95,13.80,,0.00,10.20,162
2025-10-11 10:00:00,15.80,86,15.20,,0.00,11.20,165
2025-10-11 11:00:00,16.50,83,16.20,,0.00,10.00,159
2025-10-11 12:00:00,17.10,84,17.00,,0.00,10.50,158
2025-10-11 13:00:00,18.50,74,18.10,,0.00,10.90,163
2025-10-11 14:00:00,19.30,70,19.00,,0.00,10.70,160
2025-10-11 15:00:00,19.80,69,19.60,,0.00,10.60,156
2025-10-11 16:00:00,19.60,74,19.50,,0.00,11.10,151
2025-10-11 17:00:00,19.30,76,19.80,,0.00,8.30,146
2025-10-11 18:00:00,18.90,80,19.60,,0.00,7.60,135
2025-10-11 19:00:00,18.00,84,18.80,,0.00,6.70,144
2025-10-11 20:00:00,17.50,86,18.30,,0.00,6.50,146
2025-10-11 21:00:00,17.10,89,18.10,,0.00,5.20,146
2025-10-11 22:00:00,16.70,91,17.70,,1.30,5.40,160
2025-10-11 23:00:00,16.40,93,17.50,,1.40,4.80,167
2025-10-12 00:00:00,16.40,93,17.60,,0.40,3.40,198
2025-10-12 01:00:00,16.30,94,17.80,,0.30,2.10,239
2025-10-12 02:00:00,16.10,95,16.80,,1.30,7.60,295
2025-10-12 03:00:00,14.30,89,13.10,,2.00,13.30,308
2025-10-12 04:00:00,13.10,91,11.90,,3.20,11.80,329
2025-10-12 05:00:00,12.90,90,11.60,,0.90,11.60,334
2025-10-12 06:00:00,13.00,90,11.90,,0.10,10.20,321
2025-10-12 07:00:00,12.90,89,11.60,,0.00,11.20,327
2025-10-12 08:00:00,12.90,88,11.40,,0.00,12.30,328
2025-10-12 09:00:00,12.80,88,11.30,,0.00,12.60,333
2025-10-12 10:00:00,12.10,86,10.00,,0.20,14.20,333
2025-10-12 11:00:00,11.60,86,9.60,,0.20,12.60,329
2025-10-12 12:00:00,11.80,86,9.90,,0.50,11.80,322
2025-10-12 13:00:00,11.60,85,9.60,,0.30,12.10,323
2025-10-12 14:00:00,11.50,83,9.40,,0.20,12.60,333
2025-10-12 15:00:00,11.70,81,9.70,,0.20,11.00,328
2025-10-12 16:00:00,11.60,81,9.60,,0.20,10.80,330
2025-10-12 17:00:00,11.40,82,9.50,,0.10,10.20,328
2025-10-12 18:00:00,11.70,82,9.90,,0.00,9.50,331
2025-10-12 19:00:00,11.50,82,9.70,,0.00,10.20,337
2025-10-12 20:00:00,11.50,81,9.50,,0.00,10.60,336
2025-10-12 21:00:00,11.20,83,9.10,,0.00,11.60,334
2025-10-12 22:00:00,11.00,82,8.80,,0.00,11.10,335
2025-10-12 23:00:00,10.80,83,8.70,,0.00,10.60,332
2025-10-13 00:00:00,10.70,85,8.80,,0.00,10.00,330
2025-10-13 01:00:00,10.40,85,8.30,,0.00,10.30,324
2025-10-13 02:00:00,10.10,85,8.00,,0.00,10.30,324
2025-10-13 03:00:00,9.90,87,7.90,,0.00,9.60,326
2025-10-13 04:00:00,9.70,87,7.60,,0.00,10.00,322
2025-10-13 05:00:00,9.50,87,7.50,,0.00,9.50,323
2025-10-13 06:00:00,9.20,87,7.10,,0.00,9.20,315
2025-10-13 07:00:00,8.90,88,6.90,,0.00,8.70,312
2025-10-13 08:00:00,8.70,88,6.60,,0.00,8.80,305
2025-10-13 09:00:00,8.70,87,6.50,,0.00,8.90,302
2025-10-13 10:00:00,8.90,85,6.70,,0.00,9.50,307
2025-10-13 11:00:00,9.40,84,7.30,,0.00,8.40,313
2025-10-13 12:00:00,10.40,81,8.70,,0.00,6.90,313
2025-10-13 13:00:00,11.20,78,9.50,,0.00,7.10,311
2025-10-13 14:00:00,12.30,73,10.70,,0.00,6.60,315
2025-10-13 15:00:00,12.40,76,11.30,,0.00,3.90,338
2025-10-13 16:00:00,12.50,74,11.50,,0.00,3.10,315
2025-10-13 17:00:00,12.40,74,11.70,,0.00,0.80,27
2025-10-13 18:00:00,12.10,79,11.40,,0.00,2.10,121
2025-10-13 19:00:00,10.90,90,10.10,,0.00,4.20,121
2025-10-13 20:00:00,10.30,95,9.50,,0.00,4.90,144
2025-10-13 21:00:00,9.90,97,9.10,,0.00,4.50,151
2025-10-13 22:00:00,9.60,98,8.70,,0.00,4.70,157
2025-10-13 23:00:00,9.30,97,8.40,,0.00,4.40,171
2025-10-14 00:00:00,9.10,98,8.10,,0.00,4.60,162
2025-10-14 01:00:00,8.90,96,7.70,,0.00,5.10,172
2025-10-14 02:00:00,8.80,91,7.30,,0.00,5.40,188
2025-10-14 03:00:00,8.60,87,6.80,,0.00,6.20,216
2025-10-14 04:00:00,8.70,86,6.30,,0.40,10.50,264
2025-10-14 05:00:00,8.30,89,6.80,,1.40,4.30,265
2025-10-14 06:00:00,8.00,91,6.30,,0.40,6.00,245
2025-10-14 07:00:00,7.90,90,6.00,,0.00,6.80,245
2025-10-14 08:00:00,7.90,89,5.50,,0.00,9.70,255
2025-10-14 09:00:00,7.90,78,5.10,,0.00,9.80,253
2025-10-14 10:00:00,9.00,74,6.20,,0.00,9.90,226
2025-10-14 11:00:00,10.10,67,6.40,,0.00,16.40,244
2025-10-14 12:00:00,11.40,64,8.00,,0.00,15.10,242
2025-10-14 13:00:00,11.20,68,7.90,,0.00,15.50,248
2025-10-14 14:00:00,10.50,72,7.20,,0.00,15.50,252
2025-10-14 15:00:00,10.40,74,7.40,,0.10,14.00,247
2025-10-14 16:00:00,10.50,73,7.40,,0.00,14.00,244
2025-10-14 17:00:00,10.30,77,7.30,,0.00,14.10,251
2025-10-14 18:00:00,10.30,81,7.50,,0.10,13.90,253
2025-10-14 19:00:00,10.00,83,7.30,,0.10,13.40,256
2025-10-14 20:00:00,9.90,83,7.30,,0.00,12.80,260
2025-10-14 21:00:00,9.80,81,7.00,,0.00,13.40,264
2025-10-14 22:00:00,9.60,82,6.80,,0.00,13.00,264
2025-10-14 23:00:00,9.30,81,6.40,,0.00,13.50,261
2025-10-15 00:00:00,9.20,80,6.50,,0.00,11.70,261
2025-10-15 01:00:00,8.90,80,6.20,,0.00,11.00,259
2025-10-15 02:00:00,8.40,82,5.70,,0.00,10.40,250
2025-10-15 03:00:00,8.20,83,5.50,,0.00,10.70,250
2025-10-15 04:00:00,8.00,83,5.30,,0.00,10.90,253
2025-10-15 05:00:00,7.80,84,5.20,,0.00,10.10,253
2025-10-15 06:00:00,7.70,85,5.20,,0.00,9.20,249
2025-10-15 07:00:00,7.50,86,4.90,,0.00,9.30,254
2025-10-15 08:00:00,7.40,86,4.80,,0.00,9.60,257
2025-10-15 09:00:00,7.80,84,5.30,,0.00,9.30,257
2025-10-15 10:00:00,8.70,79,5.60,,0.00,13.20,281
2025-10-15 11:00:00,9.60,73,6.70,,0.00,11.80,282
2025-10-15 12:00:00,10.30,69,7.50,,0.00,10.80,285
2025-10-15 13:00:00,10.60,71,8.20,,0.00,9.00,286
2025-10-15 14:00:00,10.60,71,8.00,,0.00,9.80,287
2025-10-15 15:00:00,11.20,70,9.00,,0.00,7.90,273
2025-10-15 16:00:00,11.20,68,8.70,,0.00,9.70,285
2025-10-15 17:00:00,11.10,69,8.90,,0.00,7.30,290
2025-10-15 18:00:00,10.70,71,8.70,,0.00,6.70,306
2025-10-15 19:00:00,10.00,79,8.40,,0.10,4.40,305
2025-10-15 20:00:00,9.70,82,8.30,,0.20,4.10,285
2025-10-15 21:00:00,9.50,84,7.90,,0.00,5.20,295
2025-10-15 22:00:00,9.10,86,7.40,,0.00,6.10,298
2025-10-15 23:00:00,8.60,90,6.90,,0.10,6.40,313
2025-10-16 00:00:00,8.50,92,6.90,,0.00,6.20,306
2025-10-16 01:00:00,8.00,92,6.30,,0.00,5.90,308
2025-10-16 02:00:00,7.70,91,5.90,,0.00,6.00,303
2025-10-16 03:00:00,7.40,91,5.60,,0.00,5.50,302
2025-10-16 04:00:00,7.10,91,5.10,,0.00,6.10,298
2025-10-16 05:00:00,6.80,92,4.80,,0.00,5.60,297
2025-10-16 06:00:00,6.60,94,4.80,,0.00,5.00,291
2025-10-16 07:00:00,6.30,95,4.40,,0.00,5.50,293
2025-10-16 08:00:00,6.30,95,4.30,,0.00,6.40,297
2025-10-16 09:00:00,6.80,92,4.80,,0.00,6.30,283
2025-10-16 10:00:00,8.00,86,5.80,,0.00,7.90,294
2025-10-16 11:00:00,9.40,77,7.30,,0.00,7.20,297
2025-10-16 12:00:00,10.00,75,7.90,,0.00,7.20,297
2025-10-16 13:00:00,9.90,79,7.80,,0.50,8.20,299
2025-10-16 14:00:00,9.50,82,7.40,,0.80,8.50,306
2025-10-16 15:00:00,9.80,81,7.60,,0.10,9.40,320
2025-10-16 16:00:00,9.70,78,7.30,,0.30,10.20,337
2025-10-16 17:00:00,9.20,81,6.70,,0.40,10.30,348
2025-10-16 18:00:00,8.90,83,6.50,,0.10,9.60,347
2025-10-16 19:00:00,8.30,85,5.70,,0.40,11.20,354
2025-10-16 20:00:00,8.20,82,5.70,,0.00,9.50,351
2025-10-16 21:00:00,7.90,85,5.30,,0.00,9.70,356
2025-10-16 22:00:00,7.80,82,5.20,,0.00,9.40,4
2025-10-16 23:00:00,7.60,84,4.70,,0.00,11.30,17
2025-10-17 00:00:00,7.20,84,4.50,,0.10,9.60,13
2025-10-17 01:00:00,6.90,84,4.10,,0.00,10.30,12
2025-10-17 02:00:00,6.60,82,3.50,,0.00,10.90,9
2025-10-17 03:00:00,6.00,82,3.10,,0.00,9.10,7
2025-10-17 04:00:00,5.40,83,2.50,,0.00,8.70,5
2025-10-17 05:00:00,5.10,86,2.20,,0.00,8.30,5
2025-10-17 06:00:00,4.60,87,1.70,,0.00,8.30,2
2025-10-17 07:00:00,4.40,87,1.50,,0.00,7.90,3
2025-10-17 08:00:00,4.20,89,1.40,,0.00,7.20,357
2025-10-17 09:00:00,4.80,87,2.00,,0.00,8.10,347
2025-10-17 10:00:00,5.60,84,2.70,,0.00,8.80,348
2025-10-17 11:00:00,6.50,79,3.50,,0.00,9.50,349
2025-10-17 12:00:00,7.80,70,4.80,,0.00,9.20,349
2025-10-17 13:00:00,8.70,62,5.30,,0.00,11.20,360
2025-10-17 14:00:00,9.30,57,5.70,,0.00,11.20,358
2025-10-17 15:00:00,9.60,55,6.00,,0.00,10.80,356
2025-10-17 16:00:00,9.50,54,5.90,,0.00,10.80,356
2025-10-17 17:00:00,9.20,55,5.70,,0.00,10.10,358
2025-10-17 18:00:00,8.90,57,5.70,,0.00,7.90,357
2025-10-17 19:00:00,8.00,62,5.10,,0.00,6.10,357
2025-10-17 20:00:00,7.60,65,4.80,,0.00,5.80,4
2025-10-17 21:00:00,6.90,70,4.20,,0.00,5.80,4
2025-10-17 22:00:00,6.50,72,3.80,,0.00,5.80,7
2025-10-17 23:00:00,6.00,74,3.50,,0.00,4.70,9
2025-10-18 00:00:00,5.40,76,2.90,,0.00,4.70,4
2025-10-18 01:00:00,5.10,81,2.70,,0.00,3.70,349
2025-10-18 02:00:00,4.60,87,2.40,,0.00,3.70,331
2025-10-18 03:00:00,4.10,91,1.80,,0.00,3.80,311
2025-10-18 04:00:00,3.60,91,1.20,,0.00,4.10,308
2025-10-18 05:00:00,3.20,88,0.70,,0.00,4.10,308
2025-10-18 06:00:00,2.80,89,0.30,,0.00,3.80,311
2025-10-18 07:00:00,2.50,91,-0.00,,0.00,3.80,311
2025-10-18 08:00:00,2.30,93,-0.30,,0.00,4.10,315
2025-10-18 09:00:00,3.40,92,1.20,,0.00,3.40,328
2025-10-18 10:00:00,5.10,87,2.70,,0.00,5.40,352
2025-10-18 11:00:00,6.60,80,4.10,,0.00,6.20,7
2025-10-18 12:00:00,8.50,69,5.90,,0.00,7.00,12
2025-10-18 13:00:00,9.20,63,6.20,,0.00,8.70,30
2025-10-18 14:00:00,9.80,60,6.70,,0.00,9.40,32
2025-10-18 15:00:00,9.60,58,6.40,,0.00,9.20,31
2025-10-18 16:00:00,9.50,59,6.40,,0.00,9.20,26
2025-10-18 17:00:00,9.20,61,6.00,,0.00,9.50,29
2025-10-18 18:00:00,8.80,68,6.10,,0.00,7.70,28
2025-10-18 19:00:00,7.90,73,5.40,,0.00,6.80,32
2025-10-18 20:00:00,7.30,75,4.70,,0.00,6.60,41
2025-10-18 21:00:00,6.50,76,4.00,,0.00,5.90,38
2025-10-18 22:00:00,5.60,76,3.00,,0.00,5.60,40
2025-10-18 23:00:00,4.90,77,2.20,,0.00,5.40,42
2025-10-19 00:00:00,4.40,81,1.80,,0.00,4.90,36
2025-10-19 01:00:00,3.80,84,1.20,,0.00,4.50,29
2025-10-19 02:00:00,3.30,86,0.70,,0.00,4.80,27
2025-10-19 03:00:00,3.40,86,0.90,,0.00,4.20,20
2025-10-19 04:00:00,3.50,87,1.00,,0.00,4.40,9
2025-10-19 05:00:00,3.60,86,1.00,,0.00,4.30,5
2025-10-19 06:00:00,3.90,82,1.00,,0.00,5.90,14
2025-10-19 07:00:00,3.60,83,0.80,,0.00,5.90,14
2025-10-19 08:00:00,3.30,85,0.30,,0.00,7.00,21
2025-10-19 09:00:00,4.10,82,1.10,,0.00,7.30,20
2025-10-19 10:00:00,5.00,76,1.90,,0.00,8.20,23
2025-10-19 11:00:00,6.40,71,3.40,,0.00,8.10,21
2025-10-19 12:00:00,7.30,68,4.30,,0.00,8.00,27
2025-10-19 13:00:00,8.10,63,5.00,,0.00,8.20,23
2025-10-19 14:00:00,8.40,61,5.30,,0.00,8.40,20
2025-10-19 15:00:00,8.30,61,5.10,,0.00,8.40,20
2025-10-19 16:00:00,8.10,63,4.90,,0.00,8.90,14
2025-10-19 17:00:00,7.60,64,4.30,,0.00,8.90,14
2025-10-19 18:00:00,7.10,65,3.90,,0.00,8.20,15
2025-10-19 19:00:00,6.60,68,3.70,,0.00,6.80,18
2025-10-19 20:00:00,6.20,71,3.40,,0.00,6.30,24
2025-10-19 21:00:00,5.40,74,2.50,,0.00,6.50,19
2025-10-19 22:00:00,5.20,76,2.40,,0.00,6.20,21
2025-10-19 23:00:00,4.90,77,2.10,,0.00,5.80,22
2025-10-20 00:00:00,4.20,78,1.50,,0.00,5.20,12
2025-10-20 01:00:00,3.90,79,1.20,,0.00,4.70,4
2025-10-20 02:00:00,3.60,79,0.80,,0.00,4.70,4
2025-10-20 03:00:00,3.40,80,0.80,,0.00,3.20,333
2025-10-20 04:00:00,3.00,81,0.30,,0.00,3.50,336
2025-10-20 05:00:00,2.70,81,-0.00,,0.00,3.50,336
2025-10-20 06:00:00,2.30,86,-0.50,,0.00,4.90,324
2025-10-20 07:00:00,2.00,89,-0.80,,0.00,5.20,326
2025-10-20 08:00:00,1.70,89,-1.20,,0.00,5.40,323
2025-10-20 09:00:00,2.80,88,0.10,,0.00,5.20,335
2025-10-20 10:00:00,4.00,85,1.20,,0.00,6.60,351
2025-10-20 11:00:00,5.50,78,2.70,,0.00,6.80,357
2025-10-20 12:00:00,7.60,70,4.90,,0.00,7.20,360
2025-10-20 13:00:00,8.70,63,5.80,,0.00,7.60,357
2025-10-20 14:00:00,9.50,58,6.50,,0.00,8.00,352
2025-10-20 15:00:00,10.40,51,7.20,,0.00,7.80,347
2025-10-20 16:00:00,10.40,48,7.00,,0.00,8.10,347
2025-10-20 17:00:00,9.90,51,6.70,,0.00,7.60,352
2025-10-20 18:00:00,9.60,60,7.20,,0.00,4.70,351
2025-10-20 19:00:00,8.60,65,6.20,,0.00,4.50,331
2025-10-20 20:00:00,7.70,72,5.40,,0.00,4.60,321
2025-10-20 21:00:00,6.60,79,4.30,,0.00,4.60,315
2025-10-20 22:00:00,5.90,81,3.60,,0.00,4.60,309
2025-10-20 23:00:00,5.40,82,3.10,,0.00,4.20,301
2025-10-21 00:00:00,4.60,85,2.30,,0.00,3.90,292
2025-10-21 01:00:00,4.10,86,1.70,,0.00,4.10,285
2025-10-21 02:00:00,3.60,88,1.10,,0.00,4.00,280
2025-10-21 03:00:00,3.20,90,0.70,,0.00,4.00,280
2025-10-21 04:00:00,2.90,90,0.40,,0.00,4.50,284
2025-10-21 05:00:00,2.70,90,0.10,,0.00,4.50,284
2025-10-21 06:00:00,2.40,91,-0.30,,0.00,4.60,288
2025-10-21 07:00:00,2.40,90,-0.30,,0.00,5.00,291
2025-10-21 08:00:00,2.40,88,-0.40,,0.00,4.90,287
2025-10-21 09:00:00,3.50,84,0.90,,0.00,4.30,294
2025-10-21 10:00:00,5.60,74,3.00,,0.00,4.70,302
2025-10-21 11:00:00,7.90,64,5.30,,0.00,4.80,312
2025-10-21 12:00:00,11.00,54,8.40,,0.00,5.40,323
2025-10-21 13:00:00,12.80,46,10.10,,0.00,5.50,328
2025-10-21 14:00:00,14.20,43,11.60,,0.00,4.70,328
2025-10-21 15:00:00,15.30,38,12.60,,0.00,4.60,342
2025-10-21 16:00:00,15.20,40,12.80,,0.00,3.50,336
2025-10-21 17:00:00,14.50,45,12.40,,0.00,2.60,344
2025-10-21 18:00:00,13.50,55,11.80,,0.00,2.30,342
2025-10-21 19:00:00,12.10,57,10.40,,0.00,2.10,301
2025-10-21 20:00:00,10.80,62,8.80,,0.00,3.70,259
2025-10-21 21:00:00,9.90,65,7.90,,0.00,3.60,233
2025-10-21 22:00:00,9.90,62,7.60,,0.00,4.40,235
2025-10-21 23:00:00,8.70,65,6.30,,0.00,4.40,235
2025-10-22 00:00:00,7.90,66,5.50,,0.00,4.20,239
2025-10-22 01:00:00,7.40,67,5.00,,0.00,4.20,239
2025-10-22 02:00:00,7.10,68,4.60,,0.00,4.30,228
2025-10-22 03:00:00,6.60,68,4.10,,0.00,4.10,232
2025-10-22 04:00:00,6.30,69,3.60,,0.00,4.60,231
2025-10-22 05:00:00,5.80,70,3.10,,0.00,4.30,228
2025-10-22 06:00:00,5.00,72,2.30,,0.00,4.40,235
2025-10-22 07:00:00,4.50,73,1.80,,0.00,4.40,235
2025-10-22 08:00:00,4.10,75,1.30,,0.00,4.30,228
2025-10-22 09:00:00,4.90,72,2.20,,0.00,4.10,232
2025-10-22 10:00:00,7.60,63,5.20,,0.00,3.30,221
2025-10-22 11:00:00,10.70,47,7.60,,0.00,6.10,225
2025-10-22 12:00:00,13.30,43,10.20,,0.00,7.40,223
2025-10-22 13:00:00,14.90,38,11.60,,0.00,8.40,223
2025-10-22 14:00:00,16.00,35,12.70,,0.00,8.70,222
2025-10-22 15:00:00,17.50,30,14.20,,0.00,7.90,219
2025-10-22 16:00:00,17.30,32,14.20,,0.00,7.60,211
2025-10-22 17:00:00,16.40,37,13.70,,0.00,5.50,203
2025-10-22 18:00:00,15.20,44,12.90,,0.00,4.60,198
2025-10-22 19:00:00,13.40,49,11.00,,0.00,5.00,201
2025-10-22 20:00:00,12.60,51,10.10,,0.00,5.80,202
2025-10-22 21:00:00,12.40,50,9.80,,0.00,6.10,208
2025-10-22 22:00:00,12.10,49,9.20,,0.00,7.20,217
2025-10-22 23:00:00,11.70,50,8.70,,0.00,7.90,223
2025-10-23 00:00:00,11.30,54,8.40,,0.00,7.90,231
2025-10-23 01:00:00,10.90,55,7.90,,0.00,8.30,236
2025-10-23 02:00:00,10.60,57,7.60,,0.00,8.60,237
2025-10-23 03:00:00,10.10,59,7.20,,0.00,8.20,241
2025-10-23 04:00:00,9.50,61,6.50,,0.00,8.20,241
2025-10-23 05:00:00,8.80,65,5.90,,0.00,8.00,243
2025-10-23 06:00:00,8.10,69,5.30,,0.00,7.60,245
2025-10-23 07:00:00,7.50,72,4.70,,0.00,7.90,246
2025-10-23 08:00:00,7.50,72,4.60,,0.00,9.00,254
2025-10-23 09:00:00,8.10,72,5.10,,0.00,9.90,260
2025-10-23 10:00:00,9.60,70,6.90,,0.00,9.70,266
2025-10-23 11:00:00,11.70,67,9.10,,0.00,10.50,276
2025-10-23 12:00:00,12.90,68,10.20,,0.00,13.40,294
2025-10-23 13:00:00,13.90,69,11.70,,0.00,12.40,300
2025-10-23 14:00:00,14.20,71,12.20,,0.00,11.90,299
2025-10-23 15:00:00,14.90,69,12.60,,0.00,14.30,311
2025-10-23 16:00:00,14.60,70,12.60,,0.00,12.40,306
2025-10-23 17:00:00,14.00,64,11.30,,0.00,13.60,310
2025-10-23 18:00:00,13.30,62,10.70,,0.00,11.50,309
2025-10-23 19:00:00,11.90,68,9.40,,0.00,10.30,306
2025-10-23 20:00:00,10.80,73,8.50,,0.00,9.50,307
2025-10-23 21:00:00,10.20,74,7.80,,0.00,8.80,305
2025-10-23 22:00:00,9.70,74,7.30,,0.00,8.20,299
2025-10-23 23:00:00,9.00,77,6.50,,0.00,8.90,291
2025-10-24 00:00:00,8.60,77,6.10,,0.00,8.60,292
2025-10-24 01:00:00,8.00,79,5.40,,0.00,8.90,291
2025-10-24 02:00:00,7.60,81,5.00,,0.00,8.70,294
2025-10-24 03:00:00,7.40,83,5.00,,0.00,7.70,298
2025-10-24 04:00:00,6.90,86,4.50,,0.00,7.70,298
2025-10-24 05:00:00,6.30,87,3.80,,0.00,8.00,297
2025-10-24 06:00:00,5.80,88,3.30,,0.00,7.60,289
2025-10-24 07:00:00,5.50,88,2.80,,0.00,8.20,293
2025-10-24 08:00:00,5.30,88,2.60,,0.00,8.10,291
2025-10-24 09:00:00,5.70,87,2.90,,0.00,8.50,282
2025-10-24 10:00:00,6.90,83,4.20,,0.00,8.80,279
2025-10-24 11:00:00,8.50,77,5.70,,0.00,10.70,290
2025-10-24 12:00:00,9.80,74,7.10,,0.00,10.20,288
2025-10-24 13:00:00,10.50,66,7.30,,0.00,12.70,299
2025-10-24 14:00:00,10.60,66,7.40,,0.00,13.20,299
2025-10-24 15:00:00,10.70,66,7.60,,0.00,12.40,300
2025-10-24 16:00:00,10.20,66,6.90,,0.00,12.80,302
2025-10-24 17:00:00,9.70,69,6.60,,0.00,11.30,301
2025-10-24 18:00:00,9.80,71,7.00,,0.00,10.00,300
2025-10-24 19:00:00,9.50,74,6.90,,0.00,9.60,304
2025-10-24 20:00:00,9.20,76,6.80,,0.00,8.20,308
2025-10-24 21:00:00,8.90,76,6.30,,0.00,9.00,323
2025-10-24 22:00:00,8.60,78,6.20,,0.00,7.90,317
2025-10-24 23:00:00,8.40,79,5.90,,0.00,8.70,294
2025-10-25 00:00:00,8.20,80,5.60,,0.00,9.40,302
2025-10-25 01:00:00,8.10,78,5.40,,0.00,9.00,293
2025-10-25 02:00:00,8.00,80,5.40,,0.00,9.30,298
2025-10-25 03:00:00,8.10,83,5.60,,0.00,9.10,288
2025-10-25 04:00:00,8.00,85,5.40,,0.00,10.00,283
2025-10-25 05:00:00,7.90,86,5.40,,0.00,9.40,293
2025-10-25 06:00:00,7.80,88,5.70,,0.00,7.90,294
2025-10-25 07:00:00,7.80,88,5.70,,0.00,7.90,294
2025-10-25 08:00:00,7.90,88,5.70,,0.00,8.20,293
2025-10-25 09:00:00,8.30,86,6.10,,0.00,8.20,293
2025-10-25 10:00:00,8.80,84,6.50,,0.00,9.00,299
2025-10-25 11:00:00,9.80,79,7.50,,0.00,9.10,304
2025-10-25 12:00:00,10.20,79,8.00,,0.00,8.80,305
2025-10-25 13:00:00,11.30,74,9.10,,0.00,9.30,298
2025-10-25 14:00:00,11.40,73,9.10,,0.00,10.50,301
2025-10-25 15:00:00,11.50,73,9.20,,0.00,10.10,305
2025-10-25 16:00:00,11.40,72,9.10,,0.00,10.00,308
2025-10-25 17:00:00,11.00,72,8.60,,0.00,9.70,315
2025-10-25 18:00:00,10.70,74,8.70,,0.00,7.60,315
2025-10-25 19:00:00,10.30,76,8.40,,0.00,6.20,306
2025-10-25 20:00:00,10.00,79,8.30,,0.00,5.40,307
2025-10-25 21:00:00,9.60,79,7.90,,0.00,5.40,312
2025-10-25 22:00:00,9.50,80,7.90,,0.00,4.10,308
2025-10-25 23:00:00,9.30,81,7.60,,0.00,4.60,315
2025-10-26 00:00:00,9.10,82,7.50,,0.00,4.80,318
2025-10-26 01:00:00,8.90,84,7.40,,0.00,4.10,308
2025-10-26 02:00:00,8.80,83,7.30,,0.00,3.90,304
2025-10-26 03:00:00,8.70,82,7.10,,0.00,4.20,301
2025-10-26 04:00:00,8.60,82,6.90,,0.00,4.50,284
2025-10-26 05:00:00,8.40,82,6.60,,0.00,5.10,278
2025-10-26 06:00:00,8.10,83,6.20,,0.00,5.20,286
2025-10-26 07:00:00,7.70,84,5.90,,0.00,4.70,293
2025-10-26 08:00:00,7.50,85,5.60,,0.00,4.30,294
2025-10-26 09:00:00,7.70,82,5.90,,0.00,4.00,297
2025-10-26 10:00:00,8.30,78,6.50,,0.00,3.40,302
2025-10-26 11:00:00,9.10,73,7.50,,0.00,1.90,292
2025-10-26 12:00:00,9.80,65,8.10,,0.00,1.30,214
2025-10-26 13:00:00,10.40,62,8.30,,0.00,4.30,180
2025-10-26 14:00:00,10.80,59,8.40,,0.00,5.80,180
2025-10-26 15:00:00,11.20,57,8.70,,0.00,5.50,191
2025-10-26 16:00:00,11.00,59,8.60,,0.00,5.60,195
2025-10-26 17:00:00,10.70,60,8.30,,0.00,5.40,188
2025-10-26 18:00:00,9.80,65,7.80,,0.00,3.20,180
2025-10-26 19:00:00,8.80,70,6.90,,0.00,3.20,180
2025-10-26 20:00:00,8.10,73,6.00,,0.00,4.00,185
2025-10-26 21:00:00,7.80,73,5.60,,0.00,4.00,185
2025-10-26 22:00:00,7.40,75,5.30,,0.00,4.00,190
2025-10-26 23:00:00,7.30,75,5.10,,0.00,4.40,189
2025-10-27 00:00:00,7.10,77,4.90,,0.00,4.50,194
2025-10-27 01:00:00,7.10,77,4.80,,0.00,5.20,196
2025-10-27 02:00:00,7.10,78,4.80,,0.00,5.70,198
2025-10-27 03:00:00,6.80,81,4.60,,0.00,4.90,197
2025-10-27 04:00:00,6.40,83,4.20,,0.00,4.80,193
2025-10-27 05:00:00,6.10,85,3.90,,0.00,5.10,188
2025-10-27 06:00:00,5.70,87,3.40,,0.00,5.10,188
2025-10-27 07:00:00,5.50,87,3.20,,0.00,5.20,196
2025-10-27 08:00:00,5.30,86,2.90,,0.00,5.60,195
2025-10-27 09:00:00,5.30,86,2.70,,0.00,6.50,199
2025-10-27 10:00:00,6.50,81,3.80,,0.00,7.60,199
2025-10-27 11:00:00,8.20,76,5.60,,0.00,8.40,200
2025-10-27 12:00:00,10.30,69,7.90,,0.00,8.10,201
2025-10-27 13:00:00,11.70,66,9.50,,0.00,7.30,189
2025-10-27 14:00:00,12.80,64,10.60,,0.00,8.00,188
2025-10-27 15:00:00,14.20,59,12.10,,0.00,7.70,191
2025-10-27 16:00:00,14.20,60,12.20,,0.00,7.60,199
2025-10-27 17:00:00,13.70,63,12.00,,0.00,5.60,207
2025-10-27 18:00:00,12.60,68,11.20,,0.00,3.60,217
2025-10-27 19:00:00,11.40,74,10.10,,0.00,3.80,221
2025-10-27 20:00:00,10.90,77,9.50,,0.00,4.10,218
2025-10-27 21:00:00,10.00,81,8.60,,0.00,4.10,232
2025-10-27 22:00:00,9.60,83,8.10,,0.00,4.70,238
2025-10-27 23:00:00,9.40,84,7.90,,0.00,4.50,241
2025-10-28 00:00:00,8.70,89,7.30,,0.00,4.10,255
2025-10-28 01:00:00,8.20,89,6.80,,0.00,3.80,253
2025-10-28 02:00:00,8.00,89,6.50,,0.00,3.40,252
2025-10-28 03:00:00,7.80,90,6.50,,0.00,2.60,254
2025-10-28 04:00:00,7.60,92,6.30,,0.00,2.70,247
2025-10-28 05:00:00,7.50,92,6.20,,0.00,2.90,240
2025-10-28 06:00:00,7.60,92,6.30,,0.00,2.60,236
2025-10-28 07:00:00,7.50,93,6.20,,0.00,2.50,225
2025-10-28 08:00:00,7.70,92,6.30,,0.00,3.40,252
2025-10-28 09:00:00,7.90,91,6.60,,0.00,2.70,247
2025-10-28 10:00:00,9.20,87,8.00,,0.00,2.60,236
2025-10-28 11:00:00,11.20,78,10.20,,0.00,2.80,230
2025-10-28 12:00:00,12.90,72,11.50,,0.00,5.50,259
2025-10-28 13:00:00,14.00,68,12.60,,0.00,6.20,260
2025-10-28 14:00:00,15.00,64,13.40,,0.00,7.20,267
2025-10-28 15:00:00,15.80,64,14.20,,0.00,9.60,283
2025-10-28 16:00:00,15.30,67,13.40,,0.00,11.80,297
2025-10-28 17:00:00,14.50,71,13.10,,0.00,8.70,294
2025-10-28 18:00:00,13.90,74,12.30,,0.00,10.20,302
2025-10-28 19:00:00,13.20,77,11.40,,0.00,10.70,303
2025-10-28 20:00:00,12.40,81,10.50,,0.00,11.30,307
2025-10-28 21:00:00,11.80,81,9.90,,0.00,10.70,315
2025-10-28 22:00:00,11.20,76,9.00,,0.00,10.10,325
2025-10-28 23:00:00,10.20,79,8.40,,0.00,7.00,305
2025-10-29 00:00:00,9.30,86,7.60,,0.00,6.60,292
2025-10-29 01:00:00,8.60,86,6.90,,0.00,5.80,292
2025-10-29 02:00:00,8.00,86,6.10,,0.00,5.90,281
2025-10-29 03:00:00,7.90,83,5.80,,0.00,6.50,289
2025-10-29 04:00:00,7.50,83,5.20,,0.00,7.10,294
2025-10-29 05:00:00,7.10,83,4.70,,0.00,7.60,295
2025-10-29 06:00:00,6.80,82,4.50,,0.00,6.20,291
2025-10-29 07:00:00,6.60,84,4.30,,0.00,6.60,292
2025-10-29 08:00:00,6.40,85,4.30,,0.00,5.10,274
2025-10-29 09:00:00,6.70,86,4.40,,0.00,6.60,292
2025-10-29 10:00:00,7.50,82,5.20,,0.00,6.80,295
2025-10-29 11:00:00,8.40,75,5.80,,0.00,8.30,304
2025-10-29 12:00:00,9.90,65,7.20,,0.00,7.90,309
2025-10-29 13:00:00,10.60,60,7.70,,0.00,8.90,313
2025-10-29 14:00:00,11.30,57,8.40,,0.00,8.90,313
2025-10-29 15:00:00,12.20,54,9.50,,0.00,7.70,307
2025-10-29 16:00:00,12.10,53,9.20,,0.00,8.20,311
2025-10-29 17:00:00,11.60,55,9.00,,0.00,6.90,313
2025-10-29 18:00:00,10.60,61,8.60,,0.00,3.60,315
2025-10-29 19:00:00,9.60,66,7.60,,0.00,3.10,315
2025-10-29 20:00:00,9.10,69,7.20,,0.00,2.30,309
2025-10-29 21:00:00,8.00,76,6.20,,0.00,2.30,309
2025-10-29 22:00:00,7.80,75,6.00,,0.00,2.30,309
2025-10-29 23:00:00,7.40,77,5.60,,0.00,2.20,279
2025-10-30 00:00:00,7.00,81,5.30,,0.00,1.80,233
2025-10-30 01:00:00,6.50,83,4.70,,0.00,2.30,198
2025-10-30 02:00:00,6.30,85,4.40,,0.00,3.30,186
2025-10-30 03:00:00,6.50,86,4.80,,0.00,2.60,164
2025-10-30 04:00:00,6.30,87,4.50,,0.00,2.90,180
2025-10-30 05:00:00,6.30,88,4.50,,0.00,3.00,166
2025-10-30 06:00:00,6.40,87,4.60,,0.00,3.20,180
2025-10-30 07:00:00,6.10,88,4.20,,0.00,3.60,174
2025-10-30 08:00:00,6.30,87,4.50,,0.00,2.90,180
2025-10-30 09:00:00,7.00,86,5.30,,0.00,2.90,187
2025-10-30 10:00:00,7.90,82,6.00,,0.00,4.30,180
2025-10-30 11:00:00,8.60,80,6.60,,0.00,5.90,191
2025-10-30 12:00:00,8.60,85,6.80,,0.00,5.40,188
2025-10-30 13:00:00,9.40,84,7.70,,0.00,5.80,202
2025-10-30 14:00:00,10.50,82,9.00,,0.00,6.40,223
2025-10-30 15:00:00,11.80,82,10.50,,0.00,6.40,243
2025-10-30 16:00:00,12.60,78,11.50,,0.00,5.40,266
2025-10-30 17:00:00,12.40,80,11.30,,0.00,5.70,252
2025-10-30 18:00:00,12.10,83,11.00,,0.00,5.80,248
2025-10-30 19:00:00,11.90,85,10.70,,0.00,7.60,239
2025-10-30 20:00:00,11.80,87,10.60,,0.00,8.20,247
2025-10-30 21:00:00,11.50,91,10.40,,0.00,8.00,252
2025-10-30 22:00:00,11.60,92,10.30,,0.00,9.20,249
2025-10-30 23:00:00,11.80,91,10.30,,0.00,10.70,256
2025-10-31 00:00:00,11.90,92,10.60,,0.00,10.70,256
2025-10-31 01:00:00,12.00,90,10.50,,0.00,11.70,261
2025-10-31 02:00:00,12.00,89,10.30,,0.00,12.30,265
2025-10-31 03:00:00,11.80,90,10.20,,0.00,11.60,263
2025-10-31 04:00:00,11.60,88,9.60,,0.00,13.70,267
2025-10-31 05:00:00,11.50,89,9.50,,0.00,13.30,272
2025-10-31 06:00:00,11.60,86,9.60,,0.00,12.60,275
2025-10-31 07:00:00,11.60,85,9.50,,0.10,13.20,281
2025-10-31 08:00:00,11.40,86,9.30,,0.20,12.50,288
2025-10-31 09:00:00,11.10,85,9.00,,0.20,11.70,313
2025-10-31 10:00:00,10.90,81,8.60,,0.00,12.00,321
2025-10-31 11:00:00,10.70,67,7.40,,0.00,13.70,315
2025-10-31 12:00:00,10.80,63,7.50,,0.00,12.80,308
2025-10-31 13:00:00,11.10,63,7.80,,0.00,13.10,307
2025-10-31 14:00:00,11.20,64,8.10,,0.00,12.10,307
2025-10-31 15:00:00,11.30,61,8.30,,0.00,10.90,304
2025-10-31 16:00:00,11.00,63,8.10,,0.00,10.40,304
2025-10-31 17:00:00,10.50,63,7.80,,0.00,8.90,302
2025-10-31 18:00:00,10.40,67,8.20,,0.00,5.50,281
2025-10-31 19:00:00,10.00,68,7.90,,0.00,5.00,270
2025-10-31 20:00:00,9.70,70,7.70,,0.00,5.10,262
2025-10-31 21:00:00,9.50,71,7.30,,0.00,5.90,256
2025-10-31 22:00:00,9.20,74,7.00,,0.00,6.70,254
2025-10-31 23:00:00,9.00,79,7.00,,0.00,6.60,248
2025-11-01 00:00:00,8.80,78,6.50,,0.00,7.80,248
2025-11-01 01:00:00,8.70,77,6.10,,0.00,9.70,248
2025-11-01 02:00:00,8.50,79,5.70,,0.10,10.50,248
2025-11-01 03:00:00,8.20,82,5.40,,0.30,10.70,250
2025-11-01 04:00:00,8.10,83,5.30,,0.20,11.40,246
2025-11-01 05:00:00,8.20,82,5.30,,0.00,12.10,253
2025-11-01 06:00:00,8.30,80,5.10,,0.00,13.10,262
2025-11-01 07:00:00,8.20,81,5.20,,0.00,12.30,265
2025-11-01 08:00:00,8.40,81,5.50,,0.00,11.60,263
2025-11-01 09:00:00,8.70,81,5.70,,0.00,13.10,279
2025-11-01 10:00:00,9.00,79,6.00,,0.00,13.00,270
2025-11-01 11:00:00,9.30,78,6.30,,0.00,13.00,267
2025-11-01 12:00:00,9.80,76,6.60,,0.00,14.80,267
2025-11-01 13:00:00,10.10,75,6.70,,0.00,16.20,266
2025-11-01 14:00:00,10.50,75,7.00,,0.00,17.00,253
2025-11-01 15:00:00,11.50,69,7.80,,0.00,18.10,253
2025-11-01 16:00:00,11.70,67,7.70,,0.00,20.20,269
2025-11-01 17:00:00,11.20,70,7.70,,0.00,17.00,257
2025-11-01 18:00:00,11.50,71,8.10,,0.00,17.00,266
2025-11-01 19:00:00,11.40,72,8.20,,0.00,16.20,257
2025-11-01 20:00:00,11.40,72,7.80,,0.00,18.10,263
2025-11-01 21:00:00,11.70,71,8.30,,0.00,17.00,264
2025-11-01 22:00:00,11.60,72,8.50,,0.00,15.80,269
2025-11-01 23:00:00,11.70,72,8.70,,0.00,14.80,270
2025-11-02 00:00:00,11.90,72,8.90,,0.00,15.10,267
2025-11-02 01:00:00,11.70,73,8.70,,0.00,15.20,265
2025-11-02 02:00:00,11.80,74,8.60,,0.00,16.60,265
2025-11-02 03:00:00,12.00,72,8.70,,0.00,17.40,263
2025-11-02 04:00:00,11.90,73,8.50,,0.00,18.50,263
2025-11-02 05:00:00,11.60,74,8.30,,0.00,17.70,265
2025-11-02 06:00:00,11.30,76,8.10,,0.00,17.30,270
2025-11-02 07:00:00,10.90,80,7.80,,0.20,17.30,271
2025-11-02 08:00:00,10.90,79,7.50,,0.00,18.60,280
2025-11-02 09:00:00,10.60,77,7.30,,0.00,16.70,284
2025-11-02 10:00:00,10.20,76,7.00,,0.20,15.80,315
2025-11-02 11:00:00,9.00,53,4.60,,0.40,15.40,339
2025-11-02 12:00:00,8.30,38,2.40,,0.00,20.70,329
2025-11-02 13:00:00,8.10,40,2.50,,0.00,19.60,317
2025-11-02 14:00:00,8.50,41,3.00,,0.00,19.60,313
2025-11-02 15:00:00,8.60,32,2.70,,0.00,19.90,314
2025-11-02 16:00:00,7.80,35,2.10,,0.00,18.70,308
2025-11-02 17:00:00,7.00,36,1.30,,0.00,18.30,313
2025-11-02 18:00:00,6.10,41,0.70,,0.00,16.60,318
2025-11-02 19:00:00,5.40,45,0.30,,0.00,15.30,304
2025-11-02 20:00:00,5.00,48,-0.10,,0.00,15.50,306
2025-11-02 21:00:00,4.80,49,-0.30,,0.00,15.90,308
2025-11-02 22:00:00,4.40,51,-0.70,,0.00,15.90,308
2025-11-02 23:00:00,4.00,53,-0.80,,0.00,14.40,307
2025-11-03 00:00:00,3.70,52,-1.10,,0.00,13.90,307
2025-11-03 01:00:00,3.20,54,-1.50,,0.00,13.30,303
2025-11-03 02:00:00,2.80,56,-1.90,,0.00,13.10,302
2025-11-03 03:00:00,2.70,57,-1.90,,0.00,11.90,295
2025-11-03 04:00:00,2.00,61,-2.50,,0.00,11.80,293
2025-11-03 05:00:00,1.60,65,-2.90,,0.00,12.20,294
2025-11-03 06:00:00,1.00,67,-3.40,,0.00,11.80,293
2025-11-03 07:00:00,0.70,71,-3.70,,0.00,11.60,292
2025-11-03 08:00:00,0.30,74,-4.10,,0.00,11.80,290
2025-11-03 09:00:00,0.30,77,-4.10,,0.00,12.20,289
2025-11-03 10:00:00,1.20,74,-3.10,,0.00,12.00,291
2025-11-03 11:00:00,2.40,69,-1.90,,0.00,12.10,293
2025-11-03 12:00:00,4.10,63,-0.30,,0.00,13.10,307
2025-11-03 13:00:00,4.80,58,0.50,,0.00,12.70,305
2025-11-03 14:00:00,5.40,55,1.10,,0.00,12.40,300
2025-11-03 15:00:00,6.00,51,1.60,,0.00,12.10,297
2025-11-03 16:00:00,5.80,50,1.50,,0.00,11.70,288
2025-11-03 17:00:00,5.50,47,1.10,,0.00,10.70,282
2025-11-03 18:00:00,5.30,52,1.30,,0.00,9.40,272
2025-11-03 19:00:00,4.70,55,0.70,,0.00,9.50,261
2025-11-03 20:00:00,4.40,56,0.30,,0.00,9.90,251
2025-11-03 21:00:00,4.30,58,0.10,,0.00,11.30,248
2025-11-03 22:00:00,4.20,58,-0.40,,0.00,13.70,247
2025-11-03 23:00:00,4.40,57,-0.40,,0.00,15.20,248
2025-11-04 00:00:00,4.70,55,-0.40,,0.00,17.10,252
2025-11-04 01:00:00,4.60,55,-0.70,,0.10,18.20,252
2025-11-04 02:00:00,4.60,55,-1.00,,0.10,20.10,255
2025-11-04 03:00:00,4.90,53,-0.50,,0.00,19.30,256
2025-11-04 04:00:00,5.00,55,-0.60,,0.00,20.50,259
2025-11-04 05:00:00,5.20,58,-0.40,,0.00,21.00,264
2025-11-04 06:00:00,5.40,62,0.00,,0.20,21.20,269
2025-11-04 07:00:00,5.60,67,0.50,,0.10,20.20,275
2025-11-04 08:00:00,5.60,72,0.70,,0.00,20.00,288
2025-11-04 09:00:00,6.20,73,1.40,,0.00,20.20,305
2025-11-04 10:00:00,6.50,71,1.70,,0.00,20.10,324
2025-11-04 11:00:00,5.90,52,0.20,,0.20,21.30,330
2025-11-04 12:00:00,5.30,49,-0.90,,0.00,23.70,330
2025-11-04 13:00:00,4.70,55,-1.10,,0.00,21.70,331
2025-11-04 14:00:00,5.40,45,-0.40,,0.00,20.60,335
2025-11-04 15:00:00,6.20,41,0.30,,0.00,20.30,343
2025-11-04 16:00:00,5.80,41,-0.20,,0.00,20.90,339
2025-11-04 17:00:00,5.10,46,-0.30,,0.00,17.40,342
2025-11-04 18:00:00,4.50,50,-0.80,,0.00,17.40,336
2025-11-04 19:00:00,3.70,61,-1.30,,0.00,16.70,335
2025-11-04 20:00:00,3.10,61,-1.90,,0.00,16.10,331
2025-11-04 21:00:00,2.70,59,-2.20,,0.00,14.50,330
2025-11-04 22:00:00,2.50,60,-2.30,,0.00,13.70,333
2025-11-04 23:00:00,2.10,62,-2.30,,0.00,11.90,331
2025-11-05 00:00:00,1.80,61,-2.60,,0.00,11.20,327
2025-11-05 01:00:00,1.20,64,-3.00,,0.00,10.30,324
2025-11-05 02:00:00,0.40,69,-3.80,,0.00,9.40,313
2025-11-05 03:00:00,-0.10,71,-4.20,,0.00,8.70,308
2025-11-05 04:00:00,-0.60,73,-4.70,,0.00,9.10,304
2025-11-05 05:00:00,-1.10,75,-5.20,,0.00,9.00,299
2025-11-05 06:00:00,-1.50,77,-5.60,,0.00,9.00,293
2025-11-05 07:00:00,-1.70,78,-5.90,,0.00,9.20,291
2025-11-05 08:00:00,-2.00,79,-6.20,,0.00,9.40,288
2025-11-05 09:00:00,-1.90,79,-6.00,,0.00,9.10,279
2025-11-05 10:00:00,-1.10,77,-5.20,,0.00,9.10,277
2025-11-05 11:00:00,0.50,69,-3.80,,0.00,10.20,278
2025-11-05 12:00:00,2.90,62,-1.20,,0.00,10.40,284
2025-11-05 13:00:00,4.50,58,0.30,,0.00,11.40,288
2025-11-05 14:00:00,5.50,56,1.40,,0.00,11.10,283
2025-11-05 15:00:00,6.00,53,1.80,,0.00,11.80,290
2025-11-05 16:00:00,5.90,54,1.70,,0.00,11.60,275
2025-11-05 17:00:00,5.50,55,1.30,,0.00,11.50,268
2025-11-05 18:00:00,5.50,56,1.30,,0.00,11.20,266
2025-11-05 19:00:00,5.20,57,1.00,,0.00,11.60,265
2025-11-05 20:00:00,5.30,57,0.90,,0.00,13.00,264
2025-11-05 21:00:00,5.30,59,1.00,,0.00,13.30,272
2025-11-05 22:00:00,5.10,63,0.70,,0.00,13.70,272
2025-11-05 23:00:00,5.00,66,0.80,,0.00,13.40,276
2025-11-06 00:00:00,5.20,68,1.20,,0.00,13.10,278
2025-11-06 01:00:00,5.10,69,1.00,,0.00,13.50,279
2025-11-06 02:00:00,4.90,71,0.90,,0.10,13.10,279
2025-11-06 03:00:00,5.00,73,1.10,,0.10,12.40,278
2025-11-06 04:00:00,4.80,73,0.90,,0.00,12.40,278
2025-11-06 05:00:00,4.60,74,0.70,,0.00,12.30,277
2025-11-06 06:00:00,4.60,75,0.80,,0.00,12.00,277
2025-11-06 07:00:00,4.40,75,0.70,,0.00,11.70,279
2025-11-06 08:00:00,4.20,77,0.40,,0.00,11.70,281
2025-11-06 09:00:00,4.30,76,0.40,,0.00,12.30,285
2025-11-06 10:00:00,5.00,74,1.20,,0.00,11.80,290
2025-11-06 11:00:00,6.20,70,2.50,,0.00,12.20,298
2025-11-06 12:00:00,7.30,71,4.10,,0.00,10.10,305
2025-11-06 13:00:00,8.20,69,5.10,,0.00,10.20,309
2025-11-06 14:00:00,8.90,66,5.90,,0.00,9.50,299
2025-11-06 15:00:00,9.10,67,6.30,,0.00,8.70,300
2025-11-06 16:00:00,9.10,68,6.30,,0.00,8.50,298
2025-11-06 17:00:00,8.50,71,5.90,,0.00,7.10,300
2025-11-06 18:00:00,7.70,75,5.60,,0.00,4.40,305
2025-11-06 19:00:00,6.90,80,4.70,,0.00,4.70,302
2025-11-06 20:00:00,6.40,82,4.10,,0.00,5.80,300
2025-11-06 21:00:00,6.20,83,3.70,,0.00,6.70,286
2025-11-06 22:00:00,6.20,85,3.60,,0.00,7.30,281
2025-11-06 23:00:00,6.00,86,3.40,,0.00,7.30,281
2025-11-07 00:00:00,5.50,87,2.70,,0.00,8.40,280
2025-11-07 01:00:00,5.00,88,2.10,,0.00,8.80,279
2025-11-07 02:00:00,4.40,88,1.40,,0.00,8.60,285
2025-11-07 03:00:00,3.90,86,0.90,,0.00,8.30,288
2025-11-07 04:00:00,3.70,86,0.70,,0.00,8.20,285
2025-11-07 05:00:00,3.40,87,0.30,,0.00,8.10,283
2025-11-07 06:00:00,3.10,85,-0.10,,0.00,8.00,280
2025-11-07 07:00:00,2.70,86,-0.50,,0.00,8.00,278
2025-11-07 08:00:00,2.50,85,-0.80,,0.00,8.00,275
2025-11-07 09:00:00,2.50,82,-0.70,,0.00,7.60,273
2025-11-07 10:00:00,3.40,74,-0.10,,0.00,8.30,275
2025-11-07 11:00:00,4.90,67,1.50,,0.00,8.00,275
2025-11-07 12:00:00,7.00,63,3.60,,0.00,8.70,277
2025-11-07 13:00:00,8.40,59,5.10,,0.00,8.70,277
2025-11-07 14:00:00,9.50,56,6.20,,0.00,9.10,279
2025-11-07 15:00:00,10.50,54,7.30,,0.00,8.90,284
2025-11-07 16:00:00,10.30,56,7.30,,0.00,8.50,282
2025-11-07 17:00:00,9.50,62,6.90,,0.00,6.20,277
2025-11-07 18:00:00,8.30,67,5.80,,0.00,5.10,274
2025-11-07 19:00:00,7.20,72,4.70,,0.00,5.10,278
2025-11-07 20:00:00,6.40,76,4.00,,0.00,5.10,274
2025-11-07 21:00:00,5.80,79,3.20,,0.00,5.40,278
2025-11-07 22:00:00,5.20,82,2.70,,0.00,5.50,281
2025-11-07 23:00:00,4.80,84,2.30,,0.00,5.60,285
2025-11-08 00:00:00,4.60,85,2.00,,0.00,5.70,288
2025-11-08 01:00:00,4.40,86,1.70,,0.00,6.40,297
2025-11-08 02:00:00,4.20,87,1.30,,0.00,7.40,309
2025-11-08 03:00:00,3.80,87,0.80,,0.00,7.90,313
2025-11-08 04:00:00,3.70,87,0.70,,0.00,7.70,307
2025-11-08 05:00:00,3.20,88,0.10,,0.00,7.70,307
2025-11-08 06:00:00,3.00,87,0.00,,0.00,6.70,306
2025-11-08 07:00:00,3.10,86,-0.00,,0.00,7.70,307
2025-11-08 08:00:00,3.20,87,0.10,,0.00,7.90,300
2025-11-08 09:00:00,3.20,87,0.20,,0.00,7.40,309
2025-11-08 10:00:00,3.70,85,0.60,,0.00,8.10,315
2025-11-08 11:00:00,4.20,83,1.30,,0.00,7.40,321
2025-11-08 12:00:00,4.40,86,1.60,,0.10,7.10,336
2025-11-08 13:00:00,4.90,85,2.10,,0.00,7.10,319
2025-11-08 14:00:00,5.30,84,2.50,,0.00,7.90,317
2025-11-08 15:00:00,5.60,85,2.90,,0.00,7.70,323
2025-11-08 16:00:00,5.90,84,3.20,,0.00,7.80,338
2025-11-08 17:00:00,5.90,86,3.30,,0.10,7.30,349
2025-11-08 18:00:00,6.00,85,3.50,,0.10,6.50,354
2025-11-08 19:00:00,5.90,86,3.50,,0.00,6.50,341
2025-11-08 20:00:00,5.90,86,3.20,,0.00,8.40,7
2025-11-08 21:00:00,5.50,81,2.70,,0.00,6.90,9
2025-11-08 22:00:00,5.30,85,2.70,,0.00,6.20,10
2025-11-08 23:00:00,5.00,88,2.50,,0.00,5.90,11
2025-11-09 00:00:00,5.00,85,2.60,,0.00,5.20,12
2025-11-09 01:00:00,4.70,86,2.20,,0.00,5.80,22
2025-11-09 02:00:00,4.60,85,2.10,,0.00,5.00,21
2025-11-09 03:00:00,4.90,83,2.30,,0.00,5.60,15
2025-11-09 04:00:00,4.40,84,1.80,,0.00,5.40,20
2025-11-09 05:00:00,3.80,84,1.20,,0.00,4.70,23
2025-11-09 06:00:00,3.80,83,1.40,,0.00,3.20,27
2025-11-09 07:00:00,3.10,86,0.80,,0.00,2.60,16
2025-11-09 08:00:00,2.80,86,0.40,,0.00,2.90,360
2025-11-09 09:00:00,3.20,83,0.70,,0.00,2.90,360
2025-11-09 10:00:00,3.70,80,1.30,,0.00,2.50,360
2025-11-09 11:00:00,5.00,74,2.40,,0.00,3.80,17
2025-11-09 12:00:00,4.90,77,2.50,,0.00,3.50,24
2025-11-09 13:00:00,5.90,68,3.10,,0.00,4.60,45
2025-11-09 14:00:00,6.00,65,3.20,,0.00,4.60,51
2025-11-09 15:00:00,5.50,69,3.00,,0.00,3.10,36
2025-11-09 16:00:00,5.60,67,2.90,,0.00,3.40,32
2025-11-09 17:00:00,5.30,69,2.80,,0.00,2.60,16
2025-11-09 18:00:00,4.70,74,2.20,,0.00,3.00,346
2025-11-09 19:00:00,4.50,78,2.00,,0.00,3.50,336
2025-11-09 20:00:00,4.10,79,1.70,,0.00,2.70,337
2025-11-09 21:00:00,4.00,76,1.70,,0.00,1.30,326
2025-11-09 22:00:00,3.70,77,1.40,,0.00,1.50,284
2025-11-09 23:00:00,3.40,79,1.00,,0.00,2.20,270
2025-11-10 00:00:00,3.40,78,1.00,,0.00,2.20,270
2025-11-10 01:00:00,3.30,80,0.80,,0.00,2.50,278
2025-11-10 02:00:00,3.10,81,0.60,,0.00,2.70,293
2025-11-10 03:00:00,3.30,82,0.80,,0.00,3.10,306
2025-11-10 04:00:00,3.30,82,0.70,,0.00,3.30,319
2025-11-10 05:00:00,3.20,82,0.60,,0.00,3.30,319
2025-11-10 06:00:00,3.30,81,0.60,,0.00,3.80,311
2025-11-10 07:00:00,2.70,81,0.00,,0.00,3.70,299
2025-11-10 08:00:00,2.30,82,-0.50,,0.00,4.20,290
2025-11-10 09:00:00,2.40,81,-0.40,,0.00,3.90,292
2025-11-10 10:00:00,3.10,78,0.10,,0.00,5.20,304
2025-11-10 11:00:00,4.00,74,0.90,,0.00,6.40,317
2025-11-10 12:00:00,4.00,75,0.80,,0.00,7.30,327
2025-11-10 13:00:00,4.60,72,1.40,,0.00,7.40,331
2025-11-10 14:00:00,4.80,72,1.60,,0.00,7.40,337
2025-11-10 15:00:00,4.60,74,1.40,,0.00,7.80,338
2025-11-10 16:00:00,4.40,74,1.20,,0.00,7.40,346
2025-11-10 17:00:00,4.10,76,0.90,,0.00,7.20,354
2025-11-10 18:00:00,3.70,78,0.60,,0.00,6.80,357
2025-11-10 19:00:00,3.50,80,0.40,,0.00,6.90,6
2025-11-10 20:00:00,3.20,83,0.10,,0.00,7.00,12
2025-11-10 21:00:00,2.90,84,-0.10,,0.00,6.40,16
2025-11-10 22:00:00,2.60,85,-0.30,,0.00,6.00,25
2025-11-10 23:00:00,2.40,87,-0.60,,0.00,6.00,33
2025-11-11 00:00:00,2.20,88,-0.60,,0.00,5.00,30
2025-11-11 01:00:00,2.10,89,-0.70,,0.00,5.20,34
2025-11-11 02:00:00,1.90,91,-0.90,,0.00,5.20,34
2025-11-11 03:00:00,1.80,93,-0.90,,0.00,5.10,39
2025-11-11 04:00:00,1.90,92,-0.80,,0.00,4.90,36
2025-11-11 05:00:00,2.10,90,-0.70,,0.00,4.80,42
2025-11-11 06:00:00,1.90,89,-0.90,,0.00,4.90,36
2025-11-11 07:00:00,1.80,89,-1.10,,0.00,5.40,42
2025-11-11 08:00:00,1.70,89,-1.20,,0.00,5.40,42
2025-11-11 09:00:00,1.30,90,-1.70,,0.00,5.60,45
2025-11-11 10:00:00,1.50,89,-1.50,,0.00,5.90,52
2025-11-11 11:00:00,1.60,87,-1.40,,0.00,5.70,55
2025-11-11 12:00:00,1.30,86,-1.50,,0.00,4.10,75
2025-11-11 13:00:00,1.90,85,-0.90,,0.00,4.70,86
2025-11-11 14:00:00,2.00,84,-1.00,,0.00,5.40,94
2025-11-11 15:00:00,1.70,84,-1.00,,0.00,3.60,84
2025-11-11 16:00:00,2.00,83,-0.50,,0.00,2.20,99
2025-11-11 17:00:00,2.20,83,-0.10,,0.00,0.80,63
2025-11-11 18:00:00,2.00,84,-0.50,,0.00,2.20,81
2025-11-11 19:00:00,2.20,86,-0.40,,0.00,3.40,72
2025-11-11 20:00:00,2.20,87,-0.40,,0.00,3.50,66
2025-11-11 21:00:00,2.20,87,-0.40,,0.00,3.70,61
2025-11-11 22:00:00,2.30,87,-0.20,,0.00,3.40,72
2025-11-11 23:00:00,2.40,88,-0.30,,0.00,4.30,85
2025-11-12 00:00:00,2.40,86,-0.20,,0.00,4.00,95
2025-11-12 01:00:00,2.50,85,-0.10,,0.00,3.00,76
2025-11-12 02:00:00,2.30,87,-0.20,,0.00,2.90,60
2025-11-12 03:00:00,2.40,86,-0.10,,0.00,2.60,56
2025-11-12 04:00:00,2.30,85,-0.20,,0.00,2.30,72
2025-11-12 05:00:00,2.10,85,-0.40,,0.00,2.70,67
2025-11-12 06:00:00,2.30,85,-0.10,,0.00,2.30,72
2025-11-12 07:00:00,2.30,85,-0.20,,0.00,2.50,98
2025-11-12 08:00:00,2.20,85,-0.30,,0.00,2.50,90
2025-11-12 09:00:00,2.40,82,-0.20,,0.00,2.90,90
2025-11-12 10:00:00,2.80,77,0.00,,0.00,3.60,90
2025-11-12 11:00:00,3.30,72,0.40,,0.00,4.10,105
2025-11-12 12:00:00,3.40,71,0.40,,0.00,4.60,129
2025-11-12 13:00:00,3.90,67,0.70,,0.00,5.40,132
2025-11-12 14:00:00,4.20,64,1.00,,0.00,5.10,129
2025-11-12 15:00:00,3.90,64,0.70,,0.00,5.40,127
2025-11-12 16:00:00,4.00,66,0.80,,0.00,5.20,124
2025-11-12 17:00:00,3.80,67,0.60,,0.00,5.50,122
2025-11-12 18:00:00,3.50,62,0.20,,0.00,5.40,132
2025-11-12 19:00:00,3.40,65,0.60,,0.00,2.10,121
2025-11-12 20:00:00,3.30,68,0.40,,0.00,2.90,120
2025-11-12 21:00:00,3.30,66,0.00,,0.00,5.60,135
2025-11-12 22:00:00,3.10,67,-0.20,,0.00,5.90,142
2025-11-12 23:00:00,2.90,66,-0.50,,0.00,5.90,142
2025-11-13 00:00:00,2.80,63,-0.60,,0.00,5.50,148
2025-11-13 01:00:00,2.70,65,-0.70,,0.00,5.20,146
2025-11-13 02:00:00,2.50,69,-0.70,,0.00,5.00,159
2025-11-13 03:00:00,2.60,67,-0.40,,0.00,3.40,122
2025-11-13 04:00:00,2.60,68,-0.40,,0.00,3.40,108
2025-11-13 05:00:00,2.40,70,-0.60,,0.00,3.70,119
2025-11-13 06:00:00,2.50,71,-0.60,,0.00,4.20,121
2025-11-13 07:00:00,2.40,73,-0.70,,0.00,4.60,129
2025-11-13 08:00:00,2.30,76,-0.80,,0.00,5.60,135
2025-11-13 09:00:00,2.40,77,-0.70,,0.00,5.40,127
2025-11-13 10:00:00,2.70,76,-0.50,,0.00,6.20,126
2025-11-13 11:00:00,3.10,75,-0.20,,0.00,6.60,151
2025-11-13 12:00:00,3.10,75,-0.10,,0.00,6.30,149
2025-11-13 13:00:00,3.80,70,0.50,,0.00,6.30,156
2025-11-13 14:00:00,4.10,67,0.80,,0.00,6.30,156
2025-11-13 15:00:00,4.10,68,1.10,,0.00,5.10,141
2025-11-13 16:00:00,4.10,68,0.90,,0.00,5.90,133
2025-11-13 17:00:00,3.80,71,0.60,,0.10,6.40,133
2025-11-13 18:00:00,3.50,74,0.50,,0.00,5.60,130
2025-11-13 19:00:00,3.20,78,0.20,,0.00,5.90,133
2025-11-13 20:00:00,3.10,81,0.20,,0.00,5.40,132
2025-11-13 21:00:00,3.20,81,0.30,,0.00,5.60,130
2025-11-13 22:00:00,3.10,83,0.30,,0.00,5.10,129
2025-11-13 23:00:00,3.10,84,0.40,,0.10,5.10,135
2025-11-14 00:00:00,3.00,86,0.40,,0.10,3.90,146
2025-11-14 01:00:00,2.90,88,0.40,,0.10,3.80,163
2025-11-14 02:00:00,2.70,90,0.20,,0.10,3.60,186
2025-11-14 03:00:00,2.60,91,0.00,,0.10,4.40,215
2025-11-14 04:00:00,2.30,92,-0.50,,0.20,5.40,233
2025-11-14 05:00:00,1.90,92,-0.90,,0.10,5.80,240
2025-11-14 06:00:00,1.60,93,-1.20,,0.10,5.60,243
2025-11-14 07:00:00,1.40,92,-1.60,,0.10,6.30,257
2025-11-14 08:00:00,1.40,91,-1.70,,0.10,6.80,267
2025-11-14 09:00:00,1.10,92,-2.00,,0.10,6.50,264
2025-11-14 10:00:00,1.40,90,-1.80,,0.10,7.20,267
2025-11-14 11:00:00,1.60,86,-1.60,,0.10,7.20,270
2025-11-14 12:00:00,1.70,84,-1.60,,0.00,7.60,275
2025-11-14 13:00:00,1.90,84,-1.40,,0.10,7.60,270
2025-11-14 14:00:00,2.20,82,-1.20,,0.10,7.60,265
2025-11-14 15:00:00,2.20,83,-1.20,,0.10,8.00,262
2025-11-14 16:00:00,2.00,83,-1.50,,0.10,8.80,261
2025-11-14 17:00:00,1.70,84,-1.90,,0.10,9.20,259
2025-11-14 18:00:00,1.40,82,-2.40,,0.00,9.80,262
2025-11-14 19:00:00,1.10,82,-2.70,,0.00,9.80,264
2025-11-14 20:00:00,0.90,78,-2.80,,0.00,8.80,261
2025-11-14 21:00:00,0.60,80,-3.10,,0.00,7.90,254
2025-11-14 22:00:00,0.30,85,-3.10,,0.00,7.00,249
2025-11-14 23:00:00,0.60,87,-2.90,,0.00,7.60,245
2025-11-15 00:00:00,0.70,83,-2.80,,0.00,7.80,248
2025-11-15 01:00:00,0.60,86,-3.00,,0.00,8.60,248
2025-11-15 02:00:00,0.50,80,-3.10,,0.00,7.60,251
2025-11-15 03:00:00,0.30,82,-3.20,,0.00,7.10,246
2025-11-15 04:00:00,0.30,83,-3.40,,0.00,8.40,239
2025-11-15 05:00:00,0.30,86,-3.20,,0.00,7.50,235
2025-11-15 06:00:00,0.30,86,-3.10,,0.00,6.90,227
2025-11-15 07:00:00,0.40,90,-2.90,,0.00,6.90,219
2025-11-15 08:00:00,0.60,91,-2.80,,0.00,7.70,221
2025-11-15 09:00:00,0.70,93,-2.40,,0.10,6.60,229
2025-11-15 10:00:00,1.00,93,-2.20,,0.10,6.90,231
2025-11-15 11:00:00,1.50,91,-1.60,,0.10,7.20,252
2025-11-15 12:00:00,2.00,89,-1.00,,0.10,6.50,267
2025-11-15 13:00:00,2.40,88,-0.70,,0.20,7.10,285
2025-11-15 14:00:00,2.60,86,-0.60,,0.20,7.80,304
2025-11-15 15:00:00,2.90,87,-0.40,,0.20,8.70,315
2025-11-15 16:00:00,2.80,84,-0.60,,0.10,9.50,323
2025-11-15 17:00:00,2.70,84,-0.90,,0.10,10.30,324
2025-11-15 18:00:00,2.60,85,-0.80,,0.00,8.90,320
2025-11-15 19:00:00,2.50,81,-1.00,,0.00,8.90,317
2025-11-15 20:00:00,2.10,87,-1.30,,0.20,8.70,308
2025-11-15 21:00:00,1.90,87,-1.20,,0.00,6.70,306
2025-11-15 22:00:00,1.40,87,-1.70,,0.10,6.20,306
2025-11-15 23:00:00,1.20,90,-1.80,,0.00,5.80,292
2025-11-16 00:00:00,0.90,90,-2.20,,0.00,5.90,284
2025-11-16 01:00:00,0.70,90,-2.50,,0.00,6.00,287
2025-11-16 02:00:00,0.60,91,-2.60,,0.00,6.90,276
2025-11-16 03:00:00,0.60,92,-2.60,,0.00,6.80,273
2025-11-16 04:00:00,0.60,92,-2.70,,0.00,7.20,270
2025-11-16 05:00:00,0.60,93,-2.70,,0.00,7.20,264
2025-11-16 06:00:00,0.80,93,-2.40,,0.00,7.60,262
2025-11-16 07:00:00,0.80,94,-2.40,,0.00,7.70,259
2025-11-16 08:00:00,0.90,95,-2.30,,0.00,7.50,253
2025-11-16 09:00:00,1.10,96,-2.10,,0.00,8.30,252
2025-11-16 10:00:00,1.80,94,-1.30,,0.00,8.10,249
2025-11-16 11:00:00,3.00,90,-0.30,,0.00,9.60,250
2025-11-16 12:00:00,4.00,86,0.60,,0.00,10.70,250
2025-11-16 13:00:00,4.60,81,0.80,,0.00,13.00,267
2025-11-16 14:00:00,4.80,79,1.30,,0.00,11.40,257
2025-11-16 15:00:00,4.90,77,1.20,,0.00,12.10,258
2025-11-16 16:00:00,4.70,79,1.20,,0.00,11.30,253
2025-11-16 17:00:00,4.40,83,0.90,,0.00,10.80,255
2025-11-16 18:00:00,4.30,86,1.50,,0.00,6.60,248
2025-11-16 19:00:00,4.30,89,1.70,,0.00,6.30,239
2025-11-16 20:00:00,4.40,91,1.90,,0.00,6.50,236
2025-11-16 21:00:00,4.50,93,1.90,,0.00,7.30,250
2025-11-16 22:00:00,4.70,93,2.00,,0.00,7.70,242
2025-11-16 23:00:00,4.80,93,2.10,,0.00,8.70,222
2025-11-17 00:00:00,5.10,93,2.40,,0.00,8.70,228
2025-11-17 01:00:00,5.30,92,2.60,,0.00,8.90,230
2025-11-17 02:00:00,5.50,90,2.60,,0.00,9.60,236
2025-11-17 03:00:00,5.30,90,2.50,,0.00,9.00,233
2025-11-17 04:00:00,5.50,88,2.60,,0.00,9.50,233
2025-11-17 05:00:00,5.60,86,2.70,,0.00,9.60,236
2025-11-17 06:00:00,5.40,85,2.30,,0.00,10.00,232
2025-11-17 07:00:00,5.40,83,2.30,,0.00,10.20,231
2025-11-17 08:00:00,5.30,80,2.10,,0.00,10.20,228
2025-11-17 09:00:00,4.50,82,1.30,,0.00,9.70,222
2025-11-17 10:00:00,4.70,77,1.10,,0.00,11.00,218
2025-11-17 11:00:00,5.10,72,1.40,,0.00,11.40,215
2025-11-17 12:00:00,6.70,63,3.00,,0.00,11.00,218
2025-11-17 13:00:00,7.40,60,3.70,,0.00,11.20,222
2025-11-17 14:00:00,8.10,59,4.50,,0.00,10.70,222
2025-11-17 15:00:00,9.00,55,5.60,,0.00,9.50,217
2025-11-17 16:00:00,8.70,57,5.30,,0.00,9.00,209
2025-11-17 17:00:00,7.80,61,4.60,,0.00,8.00,198
2025-11-17 18:00:00,6.80,66,3.70,,0.00,7.80,193
2025-11-17 19:00:00,6.10,69,3.00,,0.00,8.00,198
2025-11-17 20:00:00,5.70,71,2.50,,0.00,8.20,203
2025-11-17 21:00:00,5.20,72,2.10,,0.00,7.10,210
2025-11-17 22:00:00,4.70,76,1.50,,0.00,7.90,210
2025-11-17 23:00:00,4.20,78,0.90,,0.00,8.30,214
2025-11-18 00:00:00,3.60,81,0.50,,0.00,7.70,221
2025-11-18 01:00:00,3.20,83,0.00,,0.00,8.10,225
2025-11-18 02:00:00,2.90,85,-0.30,,0.00,7.90,227
2025-11-18 03:00:00,2.50,87,-0.70,,0.00,7.40,231
2025-11-18 04:00:00,2.10,88,-1.00,,0.00,7.20,233
2025-11-18 05:00:00,1.80,89,-1.40,,0.00,7.40,231
2025-11-18 06:00:00,1.40,90,-1.80,,0.00,7.10,229
2025-11-18 07:00:00,1.20,89,-2.30,,0.00,8.40,230
2025-11-18 08:00:00,1.00,89,-2.60,,0.00,9.30,234
2025-11-18 09:00:00,1.00,88,-2.60,,0.00,9.40,238
2025-11-18 10:00:00,1.70,84,-2.00,,0.00,9.80,242
2025-11-18 11:00:00,2.80,79,-0.80,,0.00,10.00,244
2025-11-18 12:00:00,4.10,77,0.60,,0.00,9.80,234
2025-11-18 13:00:00,5.30,73,1.70,,0.00,11.10,245
2025-11-18 14:00:00,6.30,70,2.80,,0.00,10.40,236
2025-11-18 15:00:00,6.60,69,3.10,,0.00,10.60,235
2025-11-18 16:00:00,6.60,69,2.80,,0.00,12.40,260
2025-11-18 17:00:00,5.90,72,2.80,,0.00,8.00,252
2025-11-18 18:00:00,5.10,74,2.10,,0.00,6.80,238
2025-11-18 19:00:00,4.40,76,1.40,,0.00,6.40,232
2025-11-18 20:00:00,3.80,78,0.70,,0.00,6.90,227
2025-11-18 21:00:00,3.70,78,0.50,,0.00,7.70,221
2025-11-18 22:00:00,3.50,79,0.40,,0.00,7.00,215
2025-11-18 23:00:00,3.50,79,0.30,,0.00,7.40,209
2025-11-19 00:00:00,3.80,80,0.60,,0.10,7.90,196
2025-11-19 01:00:00,3.60,84,0.60,,1.10,7.60,188
2025-11-19 02:00:00,3.40,84,-0.10,,0.00,10.50,207
2025-11-19 03:00:00,3.30,83,-0.40,,0.00,12.00,237
2025-11-19 04:00:00,2.90,84,-0.90,,0.00,11.80,247
2025-11-19 05:00:00,2.80,84,-1.00,,0.00,12.30,255
2025-11-19 06:00:00,3.20,83,-0.70,,0.00,12.70,277
2025-11-19 07:00:00,2.90,86,-0.60,,0.00,10.20,278
2025-11-19 08:00:00,2.90,87,-0.40,,0.00,8.60,272
2025-11-19 09:00:00,2.80,87,-0.40,,0.00,8.50,258
2025-11-19 10:00:00,3.00,80,-0.40,,0.00,8.80,251
2025-11-19 11:00:00,3.50,73,-0.40,,0.00,11.70,252
2025-11-19 12:00:00,4.50,64,0.30,,0.00,12.40,260
2025-11-19 13:00:00,5.30,60,1.20,,0.00,11.50,256
2025-11-19 14:00:00,5.70,57,1.70,,0.00,10.80,249
2025-11-19 15:00:00,5.80,58,2.00,,0.00,9.30,242
2025-11-19 16:00:00,5.50,57,2.00,,0.00,7.40,227
2025-11-19 17:00:00,4.80,60,1.50,,0.00,5.20,196
2025-11-19 18:00:00,3.90,63,0.90,,0.00,4.00,180
2025-11-19 19:00:00,3.20,66,-0.10,,0.00,5.10,172
2025-11-19 20:00:00,2.80,68,-0.70,,0.00,6.70,164
2025-11-19 21:00:00,2.50,71,-1.10,,0.00,8.10,167
2025-11-19 22:00:00,2.50,72,-1.30,,0.00,9.30,167
2025-11-19 23:00:00,2.60,74,-1.50,,0.00,11.40,162
2025-11-20 00:00:00,2.60,77,-1.30,,0.00,11.20,165
2025-11-20 01:00:00,2.70,78,-1.40,,0.00,12.70,165
2025-11-20 02:00:00,3.00,77,-1.20,,0.00,13.40,166
2025-11-20 03:00:00,3.50,77,-0.60,,0.00,12.90,157
2025-11-20 04:00:00,3.80,75,-0.30,,0.00,13.00,166
2025-11-20 05:00:00,4.30,71,0.10,,0.00,13.70,177
2025-11-20 06:00:00,5.00,69,0.90,,0.00,13.30,177
2025-11-20 07:00:00,5.10,69,0.90,,0.00,13.70,175
2025-11-20 08:00:00,5.20,68,0.90,,0.00,14.20,171
2025-11-20 09:00:00,5.90,77,1.60,,0.00,17.00,174
2025-11-20 10:00:00,6.20,84,2.40,,0.00,16.30,172
2025-11-20 11:00:00,7.50,81,3.50,,0.00,18.60,171
2025-11-20 12:00:00,9.50,72,5.60,,0.00,18.20,171
2025-11-20 13:00:00,10.60,65,6.40,,0.00,18.90,171
2025-11-20 14:00:00,10.90,64,6.70,,0.00,19.60,174
2025-11-20 15:00:00,11.30,62,7.20,,0.00,19.10,177
2025-11-20 16:00:00,11.40,61,7.50,,0.00,17.10,173
2025-11-20 17:00:00,10.90,65,7.10,,0.00,17.50,171
2025-11-20 18:00:00,10.80,67,7.00,,0.00,17.70,168
2025-11-20 19:00:00,10.70,66,6.90,,0.00,17.50,172
2025-11-20 20:00:00,10.70,67,6.90,,0.00,17.10,172
2025-11-20 21:00:00,10.70,68,7.30,,0.00,15.10,177
2025-11-20 22:00:00,10.50,71,7.10,,0.00,15.10,179
2025-11-20 23:00:00,10.30,75,7.10,,0.00,15.10,177
2025-11-21 00:00:00,10.10,78,7.20,,0.10,13.80,187
2025-11-21 01:00:00,9.70,82,7.20,,0.40,11.50,194
2025-11-21 02:00:00,9.30,85,7.30,,0.20,8.20,218
2025-11-21 03:00:00,4.70,80,0.60,,0.60,15.30,319
2025-11-21 04:00:00,2.50,89,-1.20,,1.90,11.70,315
2025-11-21 05:00:00,0.70,98,-2.50,,1.90,8.20,319
2025-11-21 06:00:00,0.40,98,-2.70,,2.10,6.40,297
2025-11-21 07:00:00,0.30,98,-2.80,,2.80,7.00,305
2025-11-21 08:00:00,0.30,98,-3.10,,3.00,8.80,305
2025-11-21 09:00:00,0.40,97,-3.10,,2.30,9.20,309
2025-11-21 10:00:00,0.50,97,-3.10,,1.30,10.20,312
2025-11-21 11:00:00,0.60,95,-3.20,,1.20,10.90,304
2025-11-21 12:00:00,0.80,94,-2.90,,0.70,10.60,305
2025-11-21 13:00:00,1.20,91,-2.50,,0.30,10.90,297
2025-11-21 14:00:00,1.40,88,-2.60,,0.20,12.40,292
2025-11-21 15:00:00,1.20,81,-3.50,,0.10,15.60,293
2025-11-21 16:00:00,1.20,78,-3.10,,0.00,12.60,294
2025-11-21 17:00:00,1.00,83,-3.10,,0.00,12.40,278
2025-11-21 18:00:00,0.90,78,-3.80,,0.00,15.40,281
2025-11-21 19:00:00,0.50,75,-3.90,,0.00,12.20,272
2025-11-21 20:00:00,0.40,78,-3.70,,0.00,10.70,258
2025-11-21 21:00:00,0.20,81,-3.70,,0.00,9.00,247
2025-11-21 22:00:00,0.10,84,-3.90,,0.00,10.20,238
2025-11-21 23:00:00,0.10,84,-4.00,,0.00,11.30,243
2025-11-22 00:00:00,0.30,83,-3.80,,0.00,11.00,251
2025-11-22 01:00:00,0.30,83,-3.60,,0.00,10.00,240
2025-11-22 02:00:00,0.10,81,-3.60,,0.00,8.10,238
2025-11-22 03:00:00,-0.20,83,-3.80,,0.00,7.10,225
2025-11-22 04:00:00,-0.40,85,-3.90,,0.00,6.50,214
2025-11-22 05:00:00,-0.80,87,-4.40,,0.00,7.20,198
2025-11-22 06:00:00,-1.30,88,-4.80,,0.00,6.60,189
2025-11-22 07:00:00,-1.60,90,-5.20,,0.00,7.30,171
2025-11-22 08:00:00,-2.00,93,-5.90,,0.00,9.30,167
2025-11-22 09:00:00,-2.40,92,-6.50,,0.00,9.70,158
2025-11-22 10:00:00,-2.00,88,-6.10,,0.00,10.00,150
2025-11-22 11:00:00,-1.20,85,-5.40,,0.00,11.10,151
2025-11-22 12:00:00,-0.20,81,-4.40,,0.00,11.30,143
2025-11-22 13:00:00,0.60,78,-3.80,,0.00,12.30,142
2025-11-22 14:00:00,1.10,75,-3.50,,0.00,14.10,148
2025-11-22 15:00:00,0.80,87,-3.50,,0.60,13.50,136
2025-11-22 16:00:00,0.50,93,-3.50,,1.20,12.20,135
2025-11-22 17:00:00,0.60,93,-4.20,,1.20,17.80,132
2025-11-22 18:00:00,0.90,95,-3.40,,1.00,14.50,132
2025-11-22 19:00:00,0.70,97,-3.20,,0.90,12.90,144
2025-11-22 20:00:00,0.40,98,-3.30,,1.80,10.50,142
2025-11-22 21:00:00,0.20,99,-2.80,,2.20,6.40,133
2025-11-22 22:00:00,0.50,99,-2.50,,3.20,6.30,114
2025-11-22 23:00:00,1.30,97,-1.40,,2.60,4.90,126
2025-11-23 00:00:00,1.60,98,-0.60,,2.10,2.20,90
2025-11-23 01:00:00,1.70,99,-0.40,,1.50,1.80,360
2025-11-23 02:00:00,1.70,99,-0.70,,1.20,3.10,315
2025-11-23 03:00:00,1.80,98,-0.80,,1.20,4.70,302
2025-11-23 04:00:00,0.80,98,-2.20,,0.80,6.10,298
2025-11-23 05:00:00,0.60,96,-2.90,,0.30,9.10,304
2025-11-23 06:00:00,0.80,94,-2.90,,0.10,10.70,315
2025-11-23 07:00:00,0.70,92,-3.10,,0.10,10.70,310
2025-11-23 08:00:00,0.60,91,-3.40,,0.10,12.10,300
2025-11-23 09:00:00,0.50,92,-3.60,,0.10,13.00,304
2025-11-23 10:00:00,0.40,91,-3.90,,0.10,14.00,299
2025-11-23 11:00:00,0.10,89,-4.50,,0.20,15.80,300
2025-11-23 12:00:00,-0.10,89,-4.80,,0.10,16.40,299
2025-11-23 13:00:00,0.00,86,-4.80,,0.10,16.30,298
2025-11-23 14:00:00,0.20,83,-4.70,,0.00,16.90,299
2025-11-23 15:00:00,0.10,85,-4.50,,0.00,14.80,299
2025-11-23 16:00:00,-0.10,83,-4.80,,0.00,15.00,294
2025-11-23 17:00:00,-0.40,82,-5.10,,0.00,15.00,294
2025-11-23 18:00:00,-0.70,80,-5.20,,0.00,12.60,294
2025-11-23 19:00:00,-0.90,83,-5.40,,0.00,12.50,288
2025-11-23 20:00:00,-0.70,85,-5.00,,0.00,12.60,283
2025-11-23 21:00:00,-0.30,86,-4.70,,0.00,12.80,292
2025-11-23 22:00:00,-0.20,85,-4.80,,0.00,14.80,299
2025-11-23 23:00:00,-0.30,83,-4.90,,0.00,14.10,302
2025-11-24 00:00:00,-0.30,79,-4.90,,0.00,13.40,301
2025-11-24 01:00:00,-0.60,78,-4.80,,0.00,10.90,297
2025-11-24 02:00:00,-0.90,78,-5.00,,0.00,9.70,285
2025-11-24 03:00:00,-1.20,82,-5.30,,0.00,9.70,274
2025-11-24 04:00:00,-1.60,85,-5.80,,0.00,11.00,281
2025-11-24 05:00:00,-1.60,88,-5.70,,0.00,10.30,282
2025-11-24 06:00:00,-1.50,87,-5.50,,0.00,9.60,290
2025-11-24 07:00:00,-1.60,89,-5.40,,0.00,8.30,288
2025-11-24 08:00:00,-1.70,90,-5.50,,0.00,8.10,283
2025-11-24 09:00:00,-1.70,88,-5.40,,0.00,7.70,281
2025-11-24 10:00:00,-1.40,87,-5.10,,0.00,8.00,280
2025-11-24 11:00:00,-0.70,84,-4.40,,0.00,7.60,278
2025-11-24 12:00:00,0.30,77,-3.50,,0.00,8.10,283
2025-11-24 13:00:00,0.90,76,-2.70,,0.00,7.00,282
2025-11-24 14:00:00,1.20,74,-2.30,,0.00,6.80,288
2025-11-24 15:00:00,1.70,69,-1.70,,0.00,5.70,288
2025-11-24 16:00:00,1.50,71,-1.70,,0.00,4.30,275
2025-11-24 17:00:00,0.70,76,-2.20,,0.00,2.40,243
2025-11-24 18:00:00,0.30,79,-2.60,,0.00,2.50,225
2025-11-24 19:00:00,0.00,81,-2.80,,0.00,2.10,211
2025-11-24 20:00:00,-0.40,82,-3.30,,0.00,2.40,207
2025-11-24 21:00:00,-1.00,84,-4.00,,0.00,2.30,219
2025-11-24 22:00:00,-1.40,85,-4.40,,0.00,2.50,225
2025-11-24 23:00:00,-1.80,85,-4.80,,0.00,2.60,214
2025-11-25 00:00:00,-2.10,87,-5.10,,0.00,2.50,188
2025-11-25 01:00:00,-2.20,87,-5.20,,0.00,2.50,180
2025-11-25 02:00:00,-2.30,88,-5.40,,0.00,2.60,164
2025-11-25 03:00:00,-2.70,91,-5.70,,0.00,2.30,141
2025-11-25 04:00:00,-2.90,92,-6.00,,0.00,2.70,157
2025-11-25 05:00:00,-3.10,93,-6.20,,0.00,2.70,157
2025-11-25 06:00:00,-3.30,95,-6.40,,0.00,2.60,146
2025-11-25 07:00:00,-3.40,95,-6.60,,0.00,3.40,148
2025-11-25 08:00:00,-3.50,94,-6.80,,0.00,4.10,142
2025-11-25 09:00:00,-3.70,95,-7.20,,0.00,5.40,143
2025-11-25 10:00:00,-3.30,92,-6.90,,0.00,5.50,148
2025-11-25 11:00:00,-2.40,87,-6.00,,0.00,6.40,153
2025-11-25 12:00:00,-1.30,85,-4.70,,0.00,5.50,157
2025-11-25 13:00:00,-0.60,80,-4.10,,0.00,5.80,158
2025-11-25 14:00:00,-0.20,79,-3.50,,0.00,4.80,153
2025-11-25 15:00:00,0.30,77,-3.00,,0.00,4.90,144
2025-11-25 16:00:00,-0.00,81,-3.30,,0.00,4.80,138
2025-11-25 17:00:00,-0.30,83,-3.70,,0.00,5.60,135
2025-11-25 18:00:00,-1.20,91,-4.40,,0.00,5.40,138
2025-11-25 19:00:00,-1.60,93,-4.90,,0.00,5.90,137
2025-11-25 20:00:00,-1.90,95,-5.30,,0.00,6.10,140
2025-11-25 21:00:00,-2.30,96,-5.90,,0.00,7.00,145
2025-11-25 22:00:00,-2.50,96,-6.00,,0.00,6.40,153
2025-11-25 23:00:00,-2.70,96,-6.10,,0.00,5.80,158
2025-11-26 00:00:00,-2.80,97,-6.20,,0.00,5.60,153
2025-11-26 01:00:00,-3.00,97,-6.40,,0.00,5.50,148
2025-11-26 02:00:00,-3.20,98,-6.70,,0.00,6.10,140
2025-11-26 03:00:00,-3.40,98,-7.10,,0.00,7.10,139
2025-11-26 04:00:00,-3.60,97,-7.30,,0.00,6.60,139
2025-11-26 05:00:00,-3.70,95,-7.30,,0.00,6.10,140
2025-11-26 06:00:00,-3.80,94,-7.40,,0.00,5.60,140
2025-11-26 07:00:00,-3.90,93,-7.50,,0.00,5.40,138
2025-11-26 08:00:00,-4.00,95,-7.70,,0.00,6.60,135
2025-11-26 09:00:00,-4.20,95,-8.00,,0.00,6.60,139
2025-11-26 10:00:00,-3.90,93,-7.80,,0.00,7.30,147
2025-11-26 11:00:00,-3.20,87,-7.00,,0.00,7.10,150
2025-11-26 12:00:00,-2.60,84,-6.40,,0.00,6.90,141
2025-11-26 13:00:00,-1.90,80,-5.70,,0.00,6.70,144
2025-11-26 14:00:00,-1.50,78,-5.10,,0.00,6.00,147
2025-11-26 15:00:00,-1.30,78,-5.00,,0.00,6.10,135
2025-11-26 16:00:00,-1.40,80,-5.20,,0.00,7.40,133
2025-11-26 17:00:00,-1.60,83,-5.40,,0.00,7.60,135
2025-11-26 18:00:00,-2.40,87,-6.30,,0.00,7.60,135
2025-11-26 19:00:00,-2.90,88,-6.80,,0.00,8.40,133
2025-11-26 20:00:00,-3.40,90,-7.50,,0.00,8.90,140
2025-11-26 21:00:00,-3.60,89,-7.70,,0.00,8.40,140
2025-11-26 22:00:00,-4.10,91,-8.20,,0.00,9.00,143
2025-11-26 23:00:00,-4.50,93,-8.60,,0.00,9.10,146
2025-11-27 00:00:00,-5.00,93,-9.10,,0.00,8.20,151
2025-11-27 01:00:00,-5.00,90,-9.10,,0.00,7.80,158
2025-11-27 02:00:00,-5.00,86,-9.00,,0.00,7.00,159
2025-11-27 03:00:00,-5.10,88,-9.10,,0.00,6.80,162
2025-11-27 04:00:00,-5.40,87,-9.40,,0.00,6.60,171
2025-11-27 05:00:00,-5.50,87,-9.50,,0.00,6.60,167
2025-11-27 06:00:00,-5.70,91,-9.60,,0.00,6.60,167
2025-11-27 07:00:00,-6.00,93,-9.90,,0.00,6.50,183
2025-11-27 08:00:00,-6.00,92,-9.90,,0.00,6.20,190
2025-11-27 09:00:00,-5.90,93,-9.80,,0.00,6.20,187
2025-11-27 10:00:00,-5.50,90,-9.40,,0.00,6.10,180
2025-11-27 11:00:00,-4.80,86,-8.60,,0.00,5.40,184
2025-11-27 12:00:00,-4.30,84,-8.00,,0.00,4.70,189
2025-11-27 13:00:00,-3.70,82,-7.30,,0.00,4.70,180
2025-11-27 14:00:00,-3.30,82,-6.90,,0.00,4.50,166
2025-11-27 15:00:00,-3.10,85,-6.60,,0.00,4.70,176
2025-11-27 16:00:00,-3.00,85,-6.40,,0.00,4.60,162
2025-11-27 17:00:00,-3.20,91,-6.40,,0.30,3.60,174
2025-11-27 18:00:00,-3.00,92,-6.10,,0.20,2.30,198
2025-11-27 19:00:00,-2.80,92,-5.70,,0.10,1.60,207
2025-11-27 20:00:00,-2.70,93,-5.60,,0.00,2.10,239
2025-11-27 21:00:00,-2.30,94,-5.30,,0.00,2.90,270
2025-11-27 22:00:00,-2.30,94,-5.40,,0.00,3.80,287
2025-11-27 23:00:00,-2.30,95,-5.40,,0.00,4.20,290
2025-11-28 00:00:00,-2.20,96,-5.40,,0.00,4.50,299
2025-11-28 01:00:00,-2.20,95,-5.40,,0.00,4.00,297
2025-11-28 02:00:00,-1.90,96,-4.90,,0.00,3.20,297
2025-11-28 03:00:00,-1.40,95,-4.20,,0.00,2.20,279
2025-11-28 04:00:00,-1.20,96,-4.00,,0.00,2.30,252
2025-11-28 05:00:00,-1.10,96,-3.90,,0.00,2.90,240
2025-11-28 06:00:00,-0.80,96,-3.60,,0.00,2.90,240
2025-11-28 07:00:00,-0.60,97,-3.30,,0.00,2.80,230
2025-11-28 08:00:00,-0.40,97,-3.10,,0.00,2.80,220
2025-11-28 09:00:00,-0.10,96,-2.80,,0.00,3.10,225
2025-11-28 10:00:00,0.20,96,-2.40,,0.00,3.30,221
2025-11-28 11:00:00,0.70,96,-1.90,,0.00,3.30,193
2025-11-28 12:00:00,1.40,93,-1.20,,0.00,3.30,174
2025-11-28 13:00:00,1.80,91,-1.10,,0.00,5.80,184
2025-11-28 14:00:00,1.90,90,-1.20,,0.00,6.60,189
2025-11-28 15:00:00,2.40,87,-0.50,,0.00,5.90,169
2025-11-28 16:00:00,1.80,90,-1.10,,0.00,5.40,160
2025-11-28 17:00:00,1.00,92,-1.90,,0.00,5.50,157
2025-11-28 18:00:00,0.80,90,-2.20,,0.00,5.50,157
2025-11-28 19:00:00,0.70,91,-2.40,,0.00,6.50,161
2025-11-28 20:00:00,0.70,91,-2.60,,0.00,7.10,165
2025-11-28 21:00:00,0.80,91,-2.50,,0.00,7.30,169
2025-11-28 22:00:00,0.70,92,-2.70,,0.00,7.70,169
2025-11-28 23:00:00,0.60,92,-2.80,,0.00,7.80,167
2025-11-29 00:00:00,0.60,91,-2.80,,0.00,8.10,159
2025-11-29 01:00:00,0.40,92,-3.20,,0.00,8.90,159
2025-11-29 02:00:00,0.20,92,-3.40,,0.00,8.90,159
2025-11-29 03:00:00,0.10,92,-3.60,,0.00,9.40,157
2025-11-29 04:00:00,-0.10,92,-3.80,,0.00,9.60,160
2025-11-29 05:00:00,-0.30,92,-4.10,,0.00,9.70,158
2025-11-29 06:00:00,-0.40,92,-4.10,,0.00,9.20,149
2025-11-29 07:00:00,-0.30,92,-4.10,,0.00,9.60,146
2025-11-29 08:00:00,-0.40,91,-4.10,,0.00,9.40,140
2025-11-29 09:00:00,-0.40,93,-4.00,,0.00,8.80,145
2025-11-29 10:00:00,-0.40,93,-4.00,,0.00,8.40,137
2025-11-29 11:00:00,-0.40,95,-3.90,,0.40,7.90,133
2025-11-29 12:00:00,-0.40,95,-3.80,,0.40,7.90,133
2025-11-29 13:00:00,-0.10,94,-3.60,,0.20,7.90,133
2025-11-29 14:00:00,-0.00,94,-3.50,,0.10,8.40,133
2025-11-29 15:00:00,-0.00,94,-3.50,,0.00,8.20,131
2025-11-29 16:00:00,-0.00,94,-3.40,,0.00,7.40,129
2025-11-29 17:00:00,-0.10,94,-3.30,,0.00,6.80,122
2025-11-29 18:00:00,-0.10,95,-3.20,,0.00,6.10,118
2025-11-29 19:00:00,-0.00,95,-3.10,,0.00,6.00,123
2025-11-29 20:00:00,-0.10,95,-3.20,,0.00,5.80,120
2025-11-29 21:00:00,-0.20,96,-3.20,,0.00,5.20,102
2025-11-29 22:00:00,-0.10,96,-3.00,,0.00,4.70,86
2025-11-29 23:00:00,-0.20,96,-3.10,,0.00,4.70,81
2025-11-30 00:00:00,-0.10,97,-3.00,,0.10,4.50,104
2025-11-30 01:00:00,-0.10,97,-3.00,,0.00,4.30,132
2025-11-30 02:00:00,-0.00,96,-3.00,,0.00,5.00,150
2025-11-30 03:00:00,-0.10,97,-2.80,,0.00,3.80,139
2025-11-30 04:00:00,-0.10,96,-2.70,,0.00,2.70,113
2025-11-30 05:00:00,-0.10,96,-2.70,,0.00,2.40,63
2025-11-30 06:00:00,-0.30,97,-2.80,,0.00,1.80,53
2025-11-30 07:00:00,-0.30,97,-2.90,,0.00,2.40,63
2025-11-30 08:00:00,-0.30,96,-2.80,,0.00,2.10,59
2025-11-30 09:00:00,-0.20,97,-2.60,,0.00,1.00,45
2025-11-30 10:00:00,-0.20,97,-2.50,,0.00,0.80,117
2025-11-30 11:00:00,-0.10,97,-2.60,,0.00,1.80,169
2025-11-30 12:00:00,-0.10,97,-2.60,,0.00,1.50,194
2025-11-30 13:00:00,0.10,96,-2.20,,0.00,0.80,243
2025-11-30 14:00:00,0.20,96,-2.20,,0.00,1.50,315
2025-11-30 15:00:00,0.20,97,-2.20,,0.00,1.60,333
2025-11-30 16:00:00,0.20,97,-2.20,,0.00,1.60,333
2025-11-30 17:00:00,0.20,98,-2.20,,0.00,1.30,326
2025-11-30 18:00:00,0.40,98,-2.00,,0.00,1.50,346
2025-11-30 19:00:00,0.40,98,-1.90,,0.00,1.60,27
2025-11-30 20:00:00,0.40,98,-2.00,,0.00,2.10,31
2025-11-30 21:00:00,0.50,98,-1.90,,0.00,2.40,27
2025-11-30 22:00:00,0.50,97,-2.10,,0.00,2.80,40
2025-11-30 23:00:00,0.40,97,-2.30,,0.00,3.60,53
2025-12-01 00:00:00,0.20,98,-2.30,,0.00,2.60,56
2025-12-01 01:00:00,-0.00,98,-2.60,,0.00,2.60,56
2025-12-01 02:00:00,-0.10,97,-2.70,,0.00,2.30,51
2025-12-01 03:00:00,-0.10,98,-2.70,,0.00,2.80,50
2025-12-01 04:00:00,-0.30,98,-2.90,,0.00,3.10,69
2025-12-01 05:00:00,-0.40,98,-3.10,,0.00,3.00,76
2025-12-01 06:00:00,-0.30,99,-3.00,,0.00,3.00,104
2025-12-01 07:00:00,-0.40,98,-3.30,,0.00,4.10,128
2025-12-01 08:00:00,-0.40,96,-3.40,,0.00,4.90,144
2025-12-01 09:00:00,-0.10,96,-2.90,,0.00,4.00,153
2025-12-01 10:00:00,-0.10,95,-3.00,,0.00,4.60,162
2025-12-01 11:00:00,0.20,93,-2.80,,0.00,5.20,168
2025-12-01 12:00:00,0.50,94,-2.40,,0.00,4.70,180
2025-12-01 13:00:00,0.80,91,-2.00,,0.00,4.00,185
2025-12-01 14:00:00,1.10,89,-1.50,,0.00,3.00,194
2025-12-01 15:00:00,1.30,88,-1.20,,0.00,2.20,189
2025-12-01 16:00:00,1.20,89,-1.30,,0.00,2.60,164
2025-12-01 17:00:00,0.90,92,-1.70,,0.00,3.40,162
2025-12-01 18:00:00,0.90,95,-1.70,,0.00,3.60,174
2025-12-01 19:00:00,0.80,95,-1.90,,0.00,4.00,170
2025-12-01 20:00:00,0.60,95,-2.20,,0.00,4.80,167
2025-12-01 21:00:00,0.70,96,-2.10,,0.00,5.20,168
2025-12-01 22:00:00,0.70,96,-2.20,,0.00,5.40,160
2025-12-01 23:00:00,0.70,96,-2.20,,0.00,5.50,169
2025-12-02 00:00:00,0.80,94,-2.20,,0.00,5.40,176
2025-12-02 01:00:00,0.70,94,-2.30,,0.00,5.40,180
2025-12-02 02:00:00,0.60,95,-2.30,,0.00,5.10,184
2025-12-02 03:00:00,0.80,95,-1.90,,0.00,3.60,174
2025-12-02 04:00:00,0.70,94,-2.00,,0.00,3.30,174
2025-12-02 05:00:00,0.70,95,-1.90,,0.00,3.00,166
2025-12-02 06:00:00,0.70,95,-1.90,,0.00,3.30,167
2025-12-02 07:00:00,0.80,94,-1.90,,0.00,3.70,169
2025-12-02 08:00:00,0.80,94,-1.90,,0.00,4.00,170
2025-12-02 09:00:00,0.80,94,-2.00,,0.00,4.00,170
2025-12-02 10:00:00,0.90,94,-2.00,,0.00,5.10,172
2025-12-02 11:00:00,1.10,93,-1.90,,0.00,6.20,173
2025-12-02 12:00:00,1.10,95,-1.90,,0.00,6.50,174
2025-12-02 13:00:00,1.40,93,-1.60,,0.00,6.50,174
2025-12-02 14:00:00,1.60,93,-1.40,,0.00,6.50,174
2025-12-02 15:00:00,1.60,95,-1.20,,0.00,5.40,176
2025-12-02 16:00:00,1.60,94,-1.30,,0.00,6.20,173
2025-12-02 17:00:00,1.50,95,-1.40,,0.00,5.80,180
2025-12-02 18:00:00,1.40,95,-1.40,,0.00,5.40,184
2025-12-02 19:00:00,1.40,95,-1.30,,0.00,4.70,180
2025-12-02 20:00:00,1.30,95,-1.40,,0.00,4.80,167
2025-12-02 21:00:00,1.10,95,-1.80,,0.00,5.60,165
2025-12-02 22:00:00,0.90,95,-2.10,,0.00,5.90,169
2025-12-02 23:00:00,0.60,95,-2.50,,0.00,6.20,170
2025-12-03 00:00:00,0.60,95,-2.50,,0.00,6.50,177
2025-12-03 01:00:00,0.50,94,-2.50,,0.00,5.80,176
2025-12-03 02:00:00,0.50,95,-2.50,,0.00,5.40,176
2025-12-03 03:00:00,0.30,91,-2.80,,0.00,5.40,188
2025-12-03 04:00:00,0.00,93,-2.90,,0.00,4.70,176
2025-12-03 05:00:00,-0.10,92,-3.20,,0.00,4.90,163
2025-12-03 06:00:00,-0.60,93,-3.70,,0.00,5.00,159
2025-12-03 07:00:00,-0.70,92,-3.90,,0.00,5.50,157
2025-12-03 08:00:00,-0.70,91,-4.10,,0.00,6.70,164
2025-12-03 09:00:00,-0.90,92,-4.30,,0.00,6.50,174
2025-12-03 10:00:00,-0.90,90,-4.30,,0.00,6.80,177
2025-12-03 11:00:00,-0.90,85,-4.60,,0.00,7.90,180
2025-12-03 12:00:00,-1.40,81,-5.20,,0.00,7.60,185
2025-12-03 13:00:00,-1.30,77,-5.20,,0.00,8.00,185
2025-12-03 14:00:00,-1.40,72,-5.50,,0.00,8.00,185
2025-12-03 15:00:00,-1.70,77,-5.50,,0.00,6.50,186
2025-12-03 16:00:00,-1.80,79,-5.50,,0.00,6.50,183
2025-12-03 17:00:00,-1.90,82,-5.60,,0.00,6.10,180
2025-12-03 18:00:00,-2.10,84,-5.80,,0.00,6.80,183
2025-12-03 19:00:00,-2.10,84,-5.70,,0.00,6.10,183
2025-12-03 20:00:00,-2.10,85,-5.70,,0.00,6.10,183
2025-12-03 21:00:00,-2.20,84,-5.90,,0.00,6.40,196
2025-12-03 22:00:00,-2.20,84,-5.80,,0.00,5.60,195
2025-12-03 23:00:00,-2.30,83,-6.00,,0.00,5.90,194
2025-12-04 00:00:00,-2.40,83,-6.10,,0.00,5.90,194
2025-12-04 01:00:00,-2.50,84,-6.10,,0.00,5.90,194
2025-12-04 02:00:00,-2.50,84,-6.10,,0.00,5.60,195
2025-12-04 03:00:00,-2.40,85,-5.90,,0.00,5.20,196
2025-12-04 04:00:00,-2.40,85,-5.90,,0.00,4.90,197
2025-12-04 05:00:00,-2.40,84,-5.90,,0.00,4.60,198
2025-12-04 06:00:00,-2.50,85,-5.80,,0.00,3.40,198
2025-12-04 07:00:00,-2.60,84,-5.90,,0.00,3.60,186
2025-12-04 08:00:00,-2.60,85,-5.90,,0.00,3.60,180
2025-12-04 09:00:00,-2.50,87,-5.80,,0.00,3.80,163
2025-12-04 10:00:00,-2.50,87,-5.70,,0.00,3.80,163
2025-12-04 11:00:00,-2.40,86,-5.70,,0.00,4.10,165
2025-12-04 12:00:00,-2.50,87,-5.80,,0.00,3.50,156
2025-12-04 13:00:00,-2.40,86,-5.70,,0.00,3.90,146
2025-12-04 14:00:00,-2.30,84,-5.60,,0.00,4.10,135
2025-12-04 15:00:00,-2.50,83,-5.80,,0.00,3.70,119
2025-12-04 16:00:00,-2.50,81,-5.90,,0.00,4.30,114
2025-12-04 17:00:00,-2.70,84,-6.20,,0.00,4.90,107
2025-12-04 18:00:00,-2.90,86,-6.30,,0.00,4.30,114
2025-12-04 19:00:00,-3.00,87,-6.50,,0.00,4.90,107
2025-12-04 20:00:00,-3.10,87,-6.70,,0.00,5.50,101
2025-12-04 21:00:00,-3.30,87,-6.90,,0.00,5.60,105
2025-12-04 22:00:00,-3.30,86,-7.00,,0.00,5.70,108
2025-12-04 23:00:00,-3.30,86,-6.90,,0.00,5.60,117
2025-12-05 00:00:00,-2.90,87,-6.40,,0.00,4.70,113
2025-12-05 01:00:00,-2.90,88,-6.30,,0.00,4.50,104
2025-12-05 02:00:00,-2.80,88,-6.20,,0.00,5.00,90
2025-12-05 03:00:00,-2.80,88,-6.10,,0.00,4.40,81
2025-12-05 04:00:00,-2.80,87,-6.10,,0.00,4.10,75
2025-12-05 05:00:00,-2.70,88,-6.10,,0.00,4.20,70
2025-12-05 06:00:00,-2.70,89,-6.00,,0.00,3.80,73
2025-12-05 07:00:00,-2.70,90,-6.00,,0.00,4.10,75
2025-12-05 08:00:00,-2.60,90,-5.90,,0.00,4.00,80
2025-12-05 09:00:00,-2.50,89,-5.80,,0.00,4.00,85
2025-12-05 10:00:00,-2.40,88,-5.60,,0.00,3.60,84
2025-12-05 11:00:00,-2.20,87,-5.30,,0.00,3.20,63
2025-12-05 12:00:00,-2.00,88,-5.20,,0.00,3.90,56
2025-12-05 13:00:00,-1.80,88,-5.10,,0.00,4.70,58
2025-12-05 14:00:00,-1.50,88,-4.80,,0.00,4.40,55
2025-12-05 15:00:00,-1.60,88,-4.80,,0.00,4.60,51
2025-12-05 16:00:00,-1.50,88,-4.90,,0.00,5.30,62
2025-12-05 17:00:00,-1.60,88,-4.80,,0.00,4.20,59
2025-12-05 18:00:00,-1.70,85,-5.10,,0.00,4.70,67
2025-12-05 19:00:00,-1.80,87,-5.00,,0.00,3.90,68
2025-12-05 20:00:00,-1.80,89,-5.00,,0.00,4.20,70
2025-12-05 21:00:00,-1.80,89,-5.00,,0.00,4.00,85
2025-12-05 22:00:00,-1.80,90,-4.80,,0.00,3.00,76
2025-12-05 23:00:00,-1.70,92,-4.70,,0.10,3.20,90
2025-12-06 00:00:00,-1.70,91,-4.70,,0.00,2.90,83
2025-12-06 01:00:00,-1.70,92,-4.80,,0.00,3.60,96
2025-12-06 02:00:00,-1.70,93,-4.80,,0.00,4.10,105
2025-12-06 03:00:00,-1.70,93,-4.70,,0.00,3.70,101
2025-12-06 04:00:00,-1.70,94,-4.80,,0.00,4.20,110
2025-12-06 05:00:00,-1.70,95,-4.80,,0.10,4.60,108
2025-12-06 06:00:00,-1.60,94,-4.80,,0.00,5.00,120
2025-12-06 07:00:00,-1.60,95,-4.70,,0.00,4.90,126
2025-12-06 08:00:00,-1.50,95,-4.70,,0.10,5.10,129
2025-12-06 09:00:00,-1.50,96,-4.60,,0.10,4.60,129
2025-12-06 10:00:00,-1.40,96,-4.40,,0.10,4.30,132
2025-12-06 11:00:00,-1.20,96,-4.30,,0.10,5.10,135
2025-12-06 12:00:00,-0.90,95,-4.10,,0.10,5.90,142
2025-12-06 13:00:00,-0.70,91,-4.20,,0.10,7.00,145
2025-12-06 14:00:00,-0.60,89,-4.20,,0.00,7.60,155
2025-12-06 15:00:00,-0.50,88,-3.90,,0.00,6.50,161
2025-12-06 16:00:00,-0.50,86,-4.00,,0.00,6.90,137
2025-12-06 17:00:00,-0.60,89,-4.20,,0.00,7.40,137
2025-12-06 18:00:00,-0.70,91,-4.10,,0.00,6.90,141
2025-12-06 19:00:00,-0.80,92,-4.40,,0.10,7.90,141
2025-12-06 20:00:00,-0.80,93,-4.40,,0.00,8.00,144
2025-12-06 21:00:00,-0.80,94,-4.40,,0.10,7.90,141
2025-12-06 22:00:00,-0.90,95,-4.50,,0.40,8.90,133
2025-12-06 23:00:00,-0.80,95,-4.70,,0.40,10.20,129
2025-12-07 00:00:00,-0.80,96,-4.40,,0.60,9.10,124
2025-12-07 01:00:00,-0.60,96,-4.30,,0.70,9.70,121
2025-12-07 02:00:00,-0.40,96,-4.30,,0.50,10.90,134
2025-12-07 03:00:00,-0.10,96,-3.80,,0.40,10.00,131
2025-12-07 04:00:00,0.10,97,-3.60,,0.40,9.90,134
2025-12-07 05:00:00,0.20,97,-3.40,,0.40,9.70,132
2025-12-07 06:00:00,0.70,97,-2.80,,0.40,9.70,138
2025-12-07 07:00:00,1.00,97,-2.50,,0.40,10.20,141
2025-12-07 08:00:00,1.30,97,-2.30,,0.50,10.70,140
2025-12-07 09:00:00,1.80,97,-1.80,,0.30,11.40,145
2025-12-07 10:00:00,1.90,97,-1.80,,0.10,12.50,147
2025-12-07 11:00:00,2.10,97,-1.60,,0.30,12.40,144
2025-12-07 12:00:00,2.20,97,-1.30,,0.10,11.80,140
2025-12-07 13:00:00,2.40,96,-1.20,,0.40,12.00,141
2025-12-07 14:00:00,2.40,96,-1.20,,0.50,12.00,139
2025-12-07 15:00:00,2.50,96,-1.20,,0.50,12.50,136
2025-12-07 16:00:00,2.40,97,-1.20,,0.40,12.20,135
2025-12-07 17:00:00,2.20,97,-1.40,,0.50,12.00,131
2025-12-07 18:00:00,2.30,97,-1.20,,0.50,11.30,127
2025-12-07 19:00:00,2.20,96,-1.40,,0.70,12.10,127
2025-12-07 20:00:00,2.30,96,-1.50,,0.60,12.90,126
2025-12-07 21:00:00,2.20,96,-1.70,,0.30,13.90,127
2025-12-07 22:00:00,2.10,97,-1.80,,0.50,14.10,128
2025-12-07 23:00:00,2.10,97,-1.90,,0.10,14.40,127
2025-12-08 00:00:00,2.10,98,-1.90,,0.00,14.30,129
2025-12-08 01:00:00,2.00,97,-2.00,,0.10,14.30,129
2025-12-08 02:00:00,1.90,97,-2.10,,0.10,14.10,128
2025-12-08 03:00:00,1.60,97,-2.30,,0.10,13.60,127
2025-12-08 04:00:00,1.40,96,-2.50,,0.10,13.10,127
2025-12-08 05:00:00,1.20,96,-2.80,,0.00,13.10,127
2025-12-08 06:00:00,0.90,97,-3.00,,0.10,12.50,123
2025-12-08 07:00:00,0.60,96,-3.40,,0.00,13.10,122
2025-12-08 08:00:00,0.30,96,-3.70,,0.00,12.90,120
2025-12-08 09:00:00,-0.00,95,-4.10,,0.00,12.70,119
2025-12-08 10:00:00,-0.20,94,-4.40,,0.00,13.50,119
2025-12-08 11:00:00,-0.20,92,-4.60,,0.00,13.70,117
2025-12-08 12:00:00,-0.30,93,-4.50,,0.00,13.20,116
2025-12-08 13:00:00,-0.10,91,-4.30,,0.00,12.90,113
2025-12-08 14:00:00,0.10,91,-4.00,,0.00,12.20,114
2025-12-08 15:00:00,-0.30,92,-4.30,,0.00,11.80,113
2025-12-08 16:00:00,-0.30,91,-4.40,,0.00,11.80,110
2025-12-08 17:00:00,-0.40,91,-4.50,,0.00,12.10,107
2025-12-08 18:00:00,-0.60,92,-4.60,,0.00,11.30,107
2025-12-08 19:00:00,-0.60,92,-4.70,,0.00,11.30,107
2025-12-08 20:00:00,-0.60,92,-4.70,,0.00,11.60,106
2025-12-08 21:00:00,-0.70,92,-4.70,,0.00,10.90,107
2025-12-08 22:00:00,-0.80,92,-4.80,,0.00,10.90,107
2025-12-08 23:00:00,-0.80,92,-4.70,,0.00,10.50,106
2025-12-09 00:00:00,-0.80,93,-4.60,,0.00,9.60,103
2025-12-09 01:00:00,-0.70,93,-4.40,,0.00,9.50,101
2025-12-09 02:00:00,-0.60,94,-4.30,,0.00,9.40,97
2025-12-09 03:00:00,-0.60,94,-4.20,,0.00,9.00,90
2025-12-09 04:00:00,-0.50,95,-4.00,,0.00,8.60,92
2025-12-09 05:00:00,-0.30,96,-3.80,,0.00,8.30,92
2025-12-09 06:00:00,-0.20,97,-3.70,,0.00,8.30,92
2025-12-09 07:00:00,-0.20,97,-3.60,,0.00,8.30,90
2025-12-09 08:00:00,-0.10,97,-3.50,,0.00,8.30,85
2025-12-09 09:00:00,0.10,98,-3.20,,0.00,7.60,87
2025-12-09 10:00:00,0.20,98,-3.10,,0.00,7.90,87
2025-12-09 11:00:00,0.40,97,-2.90,,0.00,8.30,85
2025-12-09 12:00:00,0.50,98,-2.70,,0.00,7.60,82
2025-12-09 13:00:00,0.80,96,-2.60,,0.00,8.40,80
2025-12-09 14:00:00,0.90,96,-2.40,,0.00,8.40,83
2025-12-09 15:00:00,0.70,97,-2.50,,0.00,8.00,80
2025-12-09 16:00:00,0.70,97,-2.60,,0.00,8.60,75
2025-12-09 17:00:00,0.60,97,-2.90,,0.00,9.60,70
2025-12-09 18:00:00,0.40,97,-3.20,,0.00,9.70,68
2025-12-09 19:00:00,0.50,97,-3.20,,0.00,10.40,70
2025-12-09 20:00:00,0.50,96,-3.30,,0.00,11.30,73
2025-12-09 21:00:00,0.40,96,-3.30,,0.00,11.00,71
2025-12-09 22:00:00,0.30,96,-3.50,,0.00,11.20,75
2025-12-09 23:00:00,0.30,96,-3.50,,0.00,11.10,65
2025-12-10 00:00:00,0.20,96,-3.50,,0.50,10.00,64
2025-12-10 01:00:00,0.20,96,-3.60,,0.80,11.20,57
2025-12-10 02:00:00,0.10,96,-3.60,,0.20,10.70,57
2025-12-10 03:00:00,0.10,96,-3.70,,1.10,10.80,53
2025-12-10 04:00:00,0.10,96,-3.50,,0.80,9.90,57
2025-12-10 05:00:00,0.20,95,-3.50,,1.10,10.50,59
2025-12-10 06:00:00,0.20,96,-3.30,,1.40,9.10,56
2025-12-10 07:00:00,0.10,96,-3.30,,1.10,8.50,54
2025-12-10 08:00:00,0.10,96,-3.40,,1.00,8.70,52
2025-12-10 09:00:00,0.10,96,-3.50,,0.30,9.50,53
2025-12-10 10:00:00,0.10,95,-3.60,,0.10,10.20,51
2025-12-10 11:00:00,0.20,95,-3.40,,0.00,10.00,52
2025-12-10 12:00:00,0.20,95,-3.30,,0.10,9.20,48
2025-12-10 13:00:00,0.20,95,-3.30,,0.40,9.20,45
2025-12-10 14:00:00,0.30,95,-3.20,,0.10,8.90,50
2025-12-10 15:00:00,0.40,95,-3.00,,0.10,8.40,50
2025-12-10 16:00:00,0.40,95,-3.10,,0.00,8.90,47
2025-12-10 17:00:00,0.40,96,-3.10,,0.00,8.90,47
2025-12-10 18:00:00,0.30,96,-3.10,,0.00,8.70,45
2025-12-10 19:00:00,0.30,97,-3.10,,0.00,8.70,45
2025-12-10 20:00:00,0.30,97,-3.10,,0.00,8.70,48
2025-12-10 21:00:00,0.20,96,-3.20,,0.10,8.70,48
2025-12-10 22:00:00,0.20,97,-3.10,,0.00,7.90,51
2025-12-10 23:00:00,0.20,97,-2.90,,0.30,6.60,49
2025-12-11 00:00:00,0.20,97,-2.90,,0.10,6.60,45
2025-12-11 01:00:00,0.20,98,-2.90,,0.00,6.90,43
2025-12-11 02:00:00,0.20,98,-3.00,,0.00,7.30,33
2025-12-11 03:00:00,0.20,98,-3.20,,0.00,8.50,28
2025-12-11 04:00:00,0.20,98,-3.30,,0.20,8.90,27
2025-12-11 05:00:00,0.20,98,-3.30,,0.30,9.40,23
2025-12-11 06:00:00,0.00,98,-3.50,,0.30,9.00,23
2025-12-11 07:00:00,0.00,98,-3.50,,0.20,9.20,21
2025-12-11 08:00:00,-0.00,98,-3.60,,0.10,9.70,15
2025-12-11 09:00:00,0.00,97,-3.60,,0.50,9.70,15
2025-12-11 10:00:00,0.00,96,-3.70,,1.30,10.50,4
2025-12-11 11:00:00,0.10,95,-3.80,,0.60,11.60,5
2025-12-11 12:00:00,0.00,95,-3.80,,0.50,11.20,2
2025-12-11 13:00:00,0.10,95,-3.70,,0.40,10.80,360
2025-12-11 14:00:00,0.10,94,-3.80,,0.30,11.20,354
2025-12-11 15:00:00,0.20,94,-3.80,,0.40,11.70,349
2025-12-11 16:00:00,0.10,94,-3.80,,0.70,11.40,347
2025-12-11 17:00:00,0.10,95,-3.70,,0.70,10.80,345
2025-12-11 18:00:00,-0.00,95,-3.80,,0.80,10.70,340
2025-12-11 19:00:00,-0.10,95,-4.00,,0.30,10.80,339
2025-12-11 20:00:00,-0.20,94,-3.90,,0.00,10.10,333
2025-12-11 21:00:00,-0.40,93,-4.50,,0.10,11.90,331
2025-12-11 22:00:00,-1.10,95,-5.30,,0.00,12.80,328
2025-12-11 23:00:00,-1.50,94,-5.90,,0.00,13.10,323
2025-12-12 00:00:00,-1.80,92,-6.20,,0.00,12.90,324
2025-12-12 01:00:00,-1.80,90,-6.20,,0.10,12.40,324
2025-12-12 02:00:00,-1.70,89,-5.90,,0.00,10.60,325
2025-12-12 03:00:00,-1.50,90,-5.60,,0.00,10.90,333
2025-12-12 04:00:00,-1.50,93,-5.90,,0.00,13.00,336
2025-12-12 05:00:00,-1.30,93,-5.40,,0.20,11.40,336
2025-12-12 06:00:00,-1.00,91,-5.40,,0.00,12.90,342
2025-12-12 07:00:00,-1.10,90,-5.50,,0.00,13.00,346
2025-12-12 08:00:00,-1.00,88,-5.30,,0.00,12.10,348
2025-12-12 09:00:00,-1.30,86,-5.80,,0.00,13.00,332
2025-12-12 10:00:00,-1.40,86,-6.20,,0.00,14.60,340
2025-12-12 11:00:00,-1.20,82,-5.80,,0.00,12.90,337
2025-12-12 12:00:00,-0.90,78,-5.60,,0.00,13.20,338
2025-12-12 13:00:00,-1.20,81,-5.80,,0.00,13.00,336
2025-12-12 14:00:00,-1.30,79,-5.80,,0.00,12.30,328
2025-12-12 15:00:00,-0.80,75,-5.20,,0.00,11.20,320
2025-12-12 16:00:00,-1.00,75,-5.40,,0.00,11.50,316
2025-12-12 17:00:00,-1.50,76,-5.90,,0.00,11.30,307
2025-12-12 18:00:00,-1.60,74,-6.20,,0.00,12.10,300
2025-12-12 19:00:00,-1.70,76,-6.50,,0.00,13.00,294
2025-12-12 20:00:00,-1.90,77,-6.90,,0.00,15.10,295
2025-12-12 21:00:00,-1.70,74,-6.40,,0.00,12.30,285
2025-12-12 22:00:00,-1.70,78,-6.40,,0.00,12.80,286
2025-12-12 23:00:00,-1.50,82,-6.10,,0.00,12.80,281
2025-12-13 00:00:00,-1.40,83,-6.30,,0.00,14.90,278
2025-12-13 01:00:00,-1.40,85,-6.50,,0.10,16.50,280
2025-12-13 02:00:00,-1.30,83,-6.40,,0.00,17.20,299
2025-12-13 03:00:00,-1.30,80,-6.70,,0.30,18.40,320
2025-12-13 04:00:00,-1.90,69,-7.80,,0.20,19.80,333
2025-12-13 05:00:00,-2.80,54,-8.80,,0.00,18.40,337
2025-12-13 06:00:00,-3.70,59,-9.60,,0.00,18.20,333
2025-12-13 07:00:00,-4.20,62,-10.20,,0.00,18.50,333
2025-12-13 08:00:00,-4.40,62,-10.20,,0.00,17.00,328
2025-12-13 09:00:00,-4.80,65,-10.40,,0.00,15.90,321
2025-12-13 10:00:00,-4.80,67,-10.30,,0.00,15.30,315
2025-12-13 11:00:00,-4.70,66,-10.40,,0.00,16.60,312
2025-12-13 12:00:00,-4.10,63,-9.80,,0.00,16.80,313
2025-12-13 13:00:00,-3.80,62,-9.50,,0.00,16.60,309
2025-12-13 14:00:00,-3.40,60,-9.10,,0.00,16.70,307
2025-12-13 15:00:00,-3.10,56,-8.80,,0.00,16.00,306
2025-12-13 16:00:00,-3.40,56,-9.10,,0.00,16.00,306
2025-12-13 17:00:00,-3.90,56,-9.50,,0.00,15.30,304
2025-12-13 18:00:00,-4.50,57,-9.80,,0.00,13.40,306
2025-12-13 19:00:00,-4.90,60,-10.10,,0.00,12.60,307
2025-12-13 20:00:00,-5.30,62,-10.40,,0.00,11.60,306
2025-12-13 21:00:00,-6.00,64,-10.90,,0.00,10.40,304
2025-12-13 22:00:00,-6.40,66,-11.10,,0.00,9.50,299
2025-12-13 23:00:00,-6.80,67,-11.40,,0.00,8.60,292
2025-12-14 00:00:00,-7.50,69,-12.10,,0.00,8.30,288
2025-12-14 01:00:00,-7.60,69,-12.10,,0.00,7.30,279
2025-12-14 02:00:00,-8.00,69,-12.40,,0.00,6.80,270
2025-12-14 03:00:00,-8.70,72,-12.90,,0.00,5.40,266
2025-12-14 04:00:00,-8.70,70,-13.00,,0.00,5.40,250
2025-12-14 05:00:00,-9.00,70,-13.30,,0.00,5.50,238
2025-12-14 06:00:00,-9.30,72,-13.70,,0.00,5.70,235
2025-12-14 07:00:00,-9.40,71,-13.90,,0.00,6.90,231
2025-12-14 08:00:00,-9.40,71,-14.10,,0.00,8.20,229
2025-12-14 09:00:00,-9.40,74,-14.00,,0.00,7.90,223
2025-12-14 10:00:00,-9.10,71,-13.80,,0.00,8.20,221
2025-12-14 11:00:00,-8.30,68,-13.00,,0.00,8.30,214
2025-12-14 12:00:00,-6.20,58,-11.10,,0.00,9.50,217
2025-12-14 13:00:00,-5.60,57,-10.40,,0.00,9.50,209
2025-12-14 14:00:00,-4.90,55,-9.80,,0.00,10.00,206
2025-12-14 15:00:00,-3.60,52,-8.50,,0.00,10.20,203
2025-12-14 16:00:00,-3.90,58,-8.50,,0.00,8.80,189
2025-12-14 17:00:00,-4.60,63,-9.10,,0.00,8.30,178
2025-12-14 18:00:00,-4.70,65,-9.20,,0.00,7.90,183
2025-12-14 19:00:00,-5.20,69,-9.60,,0.00,8.30,185
2025-12-14 20:00:00,-5.30,72,-9.80,,0.00,8.40,187
2025-12-14 21:00:00,-5.20,73,-9.60,,0.00,8.10,193
2025-12-14 22:00:00,-5.20,74,-9.60,,0.00,7.90,196
2025-12-14 23:00:00,-5.10,74,-9.30,,0.00,7.30,200
2025-12-15 00:00:00,-4.80,74,-8.90,,0.00,7.00,201
2025-12-15 01:00:00,-4.40,75,-8.60,,0.00,7.60,211
2025-12-15 02:00:00,-4.50,88,-8.50,,0.20,7.90,223
2025-12-15 03:00:00,-4.00,91,-8.00,,0.50,7.60,225
2025-12-15 04:00:00,-3.70,91,-7.60,,0.30,7.90,227
2025-12-15 05:00:00,-3.30,88,-7.30,,0.10,8.10,225
2025-12-15 06:00:00,-2.90,88,-6.90,,0.00,8.40,230
2025-12-15 07:00:00,-2.50,89,-6.40,,0.00,8.50,234
2025-12-15 08:00:00,-2.00,89,-6.00,,0.00,9.50,241
2025-12-15 09:00:00,-1.50,90,-5.40,,0.00,9.50,241
2025-12-15 10:00:00,-1.00,89,-5.10,,0.00,10.50,243
2025-12-15 11:00:00,-0.50,87,-4.70,,0.00,11.40,252
2025-12-15 12:00:00,-0.20,88,-4.10,,0.00,10.60,246
2025-12-15 13:00:00,0.10,86,-4.00,,0.00,11.50,256
2025-12-15 14:00:00,0.00,88,-4.00,,0.10,11.30,261
2025-12-15 15:00:00,0.20,91,-3.80,,0.40,11.60,265
2025-12-15 16:00:00,0.30,90,-4.00,,0.30,13.30,270
2025-12-15 17:00:00,0.40,87,-3.80,,0.00,12.70,278
2025-12-15 18:00:00,0.70,86,-3.40,,0.00,11.90,275
2025-12-15 19:00:00,0.60,87,-3.80,,0.00,13.70,272
2025-12-15 20:00:00,0.50,87,-3.70,,0.00,12.20,268
2025-12-15 21:00:00,0.80,87,-3.40,,0.00,12.80,260
2025-12-15 22:00:00,0.80,85,-3.60,,0.00,13.70,265
2025-12-15 23:00:00,0.70,86,-3.70,,0.10,14.60,261
2025-12-16 00:00:00,1.10,87,-3.40,,0.10,15.50,269
2025-12-16 01:00:00,1.00,88,-3.50,,0.00,15.10,273
2025-12-16 02:00:00,0.90,89,-3.40,,0.00,13.80,277
2025-12-16 03:00:00,1.00,87,-3.30,,0.20,14.00,282
2025-12-16 04:00:00,1.00,79,-3.60,,0.00,14.40,283
2025-12-16 05:00:00,0.70,83,-3.40,,0.00,11.90,272
2025-12-16 06:00:00,1.00,81,-3.50,,0.00,14.40,270
2025-12-16 07:00:00,0.90,82,-3.70,,0.00,14.80,264
2025-12-16 08:00:00,0.70,78,-3.70,,0.00,12.90,252
2025-12-16 09:00:00,0.70,79,-3.60,,0.00,12.50,237
2025-12-16 10:00:00,0.60,87,-3.70,,0.10,14.00,228
2025-12-16 11:00:00,0.90,90,-3.60,,0.50,15.80,223
2025-12-16 12:00:00,1.50,90,-3.40,,0.50,18.50,233
2025-12-16 13:00:00,1.30,92,-3.60,,0.90,19.00,241
2025-12-16 14:00:00,2.20,89,-2.70,,1.90,19.70,246
2025-12-16 15:00:00,3.30,90,-1.90,,0.60,23.10,259
2025-12-16 16:00:00,4.00,90,-1.00,,0.20,22.10,258
2025-12-16 17:00:00,4.80,90,0.10,,0.10,21.60,267
2025-12-16 18:00:00,5.40,86,0.60,,0.70,21.60,266
2025-12-16 19:00:00,5.40,88,1.00,,0.00,19.90,276
2025-12-16 20:00:00,5.60,86,1.10,,0.00,20.30,290
2025-12-16 21:00:00,5.70,76,1.00,,0.00,19.80,289
2025-12-16 22:00:00,5.40,71,0.20,,0.00,21.20,291
2025-12-16 23:00:00,4.80,67,-0.30,,0.00,19.50,293
2025-12-17 00:00:00,4.60,68,-0.50,,0.00,19.10,290
2025-12-17 01:00:00,4.10,69,-0.60,,0.00,16.90,286
2025-12-17 02:00:00,4.10,71,-0.60,,0.00,16.90,281
2025-12-17 03:00:00,3.90,72,-0.40,,0.00,14.60,280
2025-12-17 04:00:00,3.60,75,-0.70,,0.00,14.10,273
2025-12-17 05:00:00,3.40,77,-0.70,,0.00,13.40,262
2025-12-17 06:00:00,3.40,82,-0.80,,0.00,14.80,257
2025-12-17 07:00:00,3.50,86,-0.40,,1.20,14.00,271
2025-12-17 08:00:00,3.80,88,0.30,,1.60,11.70,261
2025-12-17 09:00:00,3.90,91,0.80,,1.30,9.40,252
2025-12-17 10:00:00,3.80,93,1.20,,1.00,6.30,246
2025-12-17 11:00:00,4.10,94,1.70,,1.40,5.20,258
2025-12-17 12:00:00,5.50,94,3.00,,1.90,7.80,283
2025-12-17 13:00:00,6.30,89,3.20,,1.90,12.60,294
2025-12-17 14:00:00,6.10,91,3.30,,3.30,10.70,312
2025-12-17 15:00:00,6.30,81,2.30,,2.20,16.10,294
2025-12-17 16:00:00,5.90,81,1.80,,1.80,16.30,292
2025-12-17 17:00:00,6.00,83,2.20,,0.20,15.00,280
2025-12-17 18:00:00,5.80,85,1.70,,0.00,17.70,294
2025-12-17 19:00:00,5.70,77,1.30,,0.00,17.70,299
2025-12-17 20:00:00,5.20,74,0.50,,0.00,18.70,300
2025-12-17 21:00:00,4.60,74,0.10,,0.00,16.10,299
2025-12-17 22:00:00,4.40,70,-0.10,,0.00,15.60,296
2025-12-17 23:00:00,4.00,70,-0.50,,0.00,15.30,289
2025-12-18 00:00:00,3.70,73,-0.90,,0.00,16.10,290
2025-12-18 01:00:00,3.20,74,-1.40,,0.00,15.50,288
2025-12-18 02:00:00,2.80,76,-1.70,,0.00,15.50,288
2025-12-18 03:00:00,2.80,78,-1.80,,0.00,16.30,288
2025-12-18 04:00:00,2.50,77,-2.20,,0.00,16.30,292
2025-12-18 05:00:00,2.30,79,-2.30,,0.00,15.80,294
2025-12-18 06:00:00,2.60,77,-1.90,,0.00,15.00,297
2025-12-18 07:00:00,2.40,77,-2.20,,0.00,15.10,298
2025-12-18 08:00:00,2.10,78,-2.40,,0.00,14.80,296
2025-12-18 09:00:00,2.20,74,-2.40,,0.00,15.50,301
2025-12-18 10:00:00,2.10,75,-2.50,,0.00,15.00,300
2025-12-18 11:00:00,2.30,72,-2.40,,0.00,15.30,304
2025-12-18 12:00:00,2.80,71,-1.90,,0.00,15.30,304
2025-12-18 13:00:00,3.00,70,-1.70,,0.00,15.60,304
2025-12-18 14:00:00,3.30,69,-1.20,,0.00,14.20,300
2025-12-18 15:00:00,3.50,68,-0.80,,0.00,12.90,300
2025-12-18 16:00:00,3.10,71,-0.80,,0.00,10.80,296
2025-12-18 17:00:00,2.50,76,-1.10,,0.00,9.00,293
2025-12-18 18:00:00,1.90,78,-1.70,,0.00,8.40,290
2025-12-18 19:00:00,1.40,83,-1.90,,0.00,7.10,285
2025-12-18 20:00:00,1.10,85,-2.10,,0.00,5.90,284
2025-12-18 21:00:00,0.80,86,-2.10,,0.00,4.00,265
2025-12-18 22:00:00,0.60,87,-2.30,,0.00,3.90,248
2025-12-18 23:00:00,0.60,88,-2.10,,0.00,2.80,220
2025-12-19 00:00:00,0.50,88,-2.30,,0.00,3.00,194
2025-12-19 01:00:00,0.50,87,-2.30,,0.00,3.60,180
2025-12-19 02:00:00,0.80,85,-2.30,,0.00,5.00,180
2025-12-19 03:00:00,1.00,85,-2.20,,0.00,6.10,180
2025-12-19 04:00:00,1.20,87,-2.00,,0.00,6.50,186
2025-12-19 05:00:00,1.40,91,-1.70,,0.00,7.20,186
2025-12-19 06:00:00,2.30,93,-0.70,,0.00,7.40,194
2025-12-19 07:00:00,2.80,94,-0.30,,0.00,8.80,199
2025-12-19 08:00:00,3.20,93,0.00,,0.00,9.70,207
2025-12-19 09:00:00,3.80,91,0.50,,0.10,10.70,213
2025-12-19 10:00:00,4.10,88,0.70,,0.00,11.40,215
2025-12-19 11:00:00,4.80,84,1.30,,0.00,12.00,221
2025-12-19 12:00:00,5.60,82,2.30,,0.00,10.90,226
2025-12-19 13:00:00,6.10,80,2.80,,0.00,11.00,232
2025-12-19 14:00:00,6.90,77,3.60,,0.00,11.30,233
2025-12-19 15:00:00,7.70,75,4.70,,0.00,10.20,231
2025-12-19 16:00:00,7.70,75,4.80,,0.00,9.40,223
2025-12-19 17:00:00,7.30,77,4.50,,0.00,8.40,220
2025-12-19 18:00:00,7.30,78,4.70,,0.00,7.90,219
2025-12-19 19:00:00,7.10,78,4.50,,0.00,7.50,215
2025-12-19 20:00:00,6.90,78,4.10,,0.00,8.20,209
2025-12-19 21:00:00,6.30,78,3.50,,0.00,7.70,208
2025-12-19 22:00:00,5.70,79,2.80,,0.00,8.00,207
2025-12-19 23:00:00,5.30,79,2.20,,0.00,8.60,202
2025-12-20 00:00:00,4.80,79,1.70,,0.00,8.20,203
2025-12-20 01:00:00,4.50,78,1.20,,0.00,9.00,203
2025-12-20 02:00:00,4.20,79,0.80,,0.00,9.20,201
2025-12-20 03:00:00,3.90,81,0.70,,0.00,8.40,200
2025-12-20 04:00:00,3.60,82,0.40,,0.00,8.10,201
2025-12-20 05:00:00,3.40,81,0.20,,0.00,8.30,198
2025-12-20 06:00:00,3.10,83,-0.10,,0.00,7.90,196
2025-12-20 07:00:00,2.80,84,-0.50,,0.00,8.10,193
2025-12-20 08:00:00,2.50,86,-0.80,,0.00,8.40,190
2025-12-20 09:00:00,1.90,90,-1.40,,0.00,8.60,182
2025-12-20 10:00:00,1.70,92,-1.70,,0.00,9.10,187
2025-12-20 11:00:00,2.10,91,-1.40,,0.00,10.60,190
2025-12-20 12:00:00,2.60,92,-0.90,,0.00,11.00,191
2025-12-20 13:00:00,3.20,89,-0.20,,0.00,10.90,189
2025-12-20 14:00:00,3.90,86,0.50,,0.00,10.60,204
2025-12-20 15:00:00,4.10,85,0.80,,0.00,10.20,212
2025-12-20 16:00:00,4.30,85,1.20,,0.00,9.00,217
2025-12-20 17:00:00,4.00,87,1.10,,0.00,7.40,209
2025-12-20 18:00:00,3.30,90,0.50,,0.00,7.10,210
2025-12-20 19:00:00,3.30,90,0.50,,0.00,6.60,221
2025-12-20 20:00:00,3.40,89,0.60,,0.00,6.60,229
2025-12-20 21:00:00,3.60,89,0.90,,0.00,6.50,236
2025-12-20 22:00:00,4.00,90,1.40,,0.30,6.60,248
2025-12-20 23:00:00,4.30,93,1.60,,0.90,7.20,264
2025-12-21 00:00:00,4.50,95,1.70,,1.10,9.50,295
2025-12-21 01:00:00,4.60,87,1.30,,0.90,11.20,315
2025-12-21 02:00:00,4.30,82,1.20,,0.60,8.80,305
2025-12-21 03:00:00,4.20,85,1.30,,0.20,7.60,295
2025-12-21 04:00:00,3.90,85,0.90,,0.10,7.70,298
2025-12-21 05:00:00,3.60,86,0.50,,0.00,8.40,301
2025-12-21 06:00:00,2.90,89,-0.20,,0.00,8.10,302
2025-12-21 07:00:00,2.40,90,-0.80,,0.00,8.40,310
2025-12-21 08:00:00,1.90,91,-1.30,,0.00,7.90,309
2025-12-21 09:00:00,1.30,92,-1.90,,0.00,7.50,305
2025-12-21 10:00:00,0.90,93,-2.40,,0.00,8.00,306
2025-12-21 11:00:00,1.00,89,-2.60,,0.00,9.40,317
2025-12-21 12:00:00,1.40,86,-2.00,,0.00,8.20,319
2025-12-21 13:00:00,1.80,83,-1.60,,0.00,7.90,321
2025-12-21 14:00:00,2.10,80,-1.20,,0.00,7.50,325
2025-12-21 15:00:00,1.70,83,-1.60,,0.00,7.50,325
2025-12-21 16:00:00,1.50,84,-1.80,,0.00,6.80,328
2025-12-21 17:00:00,1.30,82,-2.00,,0.00,6.40,333
2025-12-21 18:00:00,0.80,83,-2.50,,0.00,6.30,329
2025-12-21 19:00:00,0.60,84,-2.70,,0.00,6.10,332
2025-12-21 20:00:00,0.30,84,-3.00,,0.00,6.10,332
2025-12-21 21:00:00,0.10,84,-3.10,,0.00,5.20,326
2025-12-21 22:00:00,0.10,83,-2.80,,0.00,3.10,315
2025-12-21 23:00:00,0.10,83,-2.80,,0.00,2.90,300
2025-12-22 00:00:00,0.10,81,-3.10,,0.00,4.40,305
2025-12-22 01:00:00,-0.10,79,-3.30,,0.00,4.40,305
2025-12-22 02:00:00,-0.20,78,-3.40,,0.00,3.90,304
2025-12-22 03:00:00,-0.30,81,-3.40,,0.00,3.60,307
2025-12-22 04:00:00,-0.50,80,-3.60,,0.00,3.70,299
2025-12-22 05:00:00,-0.70,85,-3.90,,0.00,4.50,299
2025-12-22 06:00:00,-0.80,86,-4.00,,0.00,4.50,299
2025-12-22 07:00:00,-1.00,80,-4.20,,0.00,3.50,294
2025-12-22 08:00:00,-1.20,77,-4.30,,0.00,2.20,261
2025-12-22 09:00:00,-1.50,77,-4.70,,0.00,3.10,225
2025-12-22 10:00:00,-1.40,75,-4.80,,0.00,3.90,202
2025-12-22 11:00:00,-1.30,75,-4.90,,0.00,5.20,196
2025-12-22 12:00:00,-1.30,75,-4.90,,0.00,5.20,192
2025-12-22 13:00:00,-1.20,72,-4.80,,0.00,5.40,188
2025-12-22 14:00:00,-1.00,72,-4.60,,0.00,5.10,184
2025-12-22 15:00:00,-1.10,74,-4.60,,0.00,4.70,171
2025-12-22 16:00:00,-1.10,75,-4.80,,0.00,6.00,163
2025-12-22 17:00:00,-1.40,80,-5.10,,0.00,6.80,162
2025-12-22 18:00:00,-1.70,83,-5.30,,0.00,6.20,159
2025-12-22 19:00:00,-1.70,82,-5.40,,0.00,6.30,167
2025-12-22 20:00:00,-1.80,83,-5.40,,0.00,6.30,167
2025-12-22 21:00:00,-2.00,83,-5.60,,0.00,6.40,164
2025-12-22 22:00:00,-2.10,81,-5.80,,0.00,6.20,159
2025-12-22 23:00:00,-2.20,81,-5.90,,0.00,6.20,159
2025-12-23 00:00:00,-2.50,82,-6.20,,0.00,6.20,159
2025-12-23 01:00:00,-2.50,82,-6.30,,0.00,6.60,158
2025-12-23 02:00:00,-2.60,82,-6.40,,0.00,6.50,161
2025-12-23 03:00:00,-2.70,83,-6.50,,0.00,6.80,162
2025-12-23 04:00:00,-2.70,84,-6.50,,0.00,6.90,171
2025-12-23 05:00:00,-2.70,90,-6.30,,0.00,6.20,173
2025-12-23 06:00:00,-2.50,93,-6.00,,0.00,5.80,173
2025-12-23 07:00:00,-2.40,92,-5.90,,0.00,6.20,173
2025-12-23 08:00:00,-2.20,92,-5.60,,0.00,5.40,188
2025-12-23 09:00:00,-2.00,92,-5.30,,0.00,5.10,184
2025-12-23 10:00:00,-1.70,90,-4.90,,0.00,4.00,170
2025-12-23 11:00:00,-1.40,89,-4.50,,0.00,3.90,158
2025-12-23 12:00:00,-1.10,91,-4.20,,0.00,4.10,142
2025-12-23 13:00:00,-0.80,88,-4.10,,0.00,5.50,148
2025-12-23 14:00:00,-0.60,86,-4.00,,0.00,6.10,152
2025-12-23 15:00:00,-0.60,89,-3.80,,0.00,5.60,153
2025-12-23 16:00:00,-0.70,89,-4.00,,0.00,5.80,158
2025-12-23 17:00:00,-0.80,91,-4.10,,0.00,5.80,158
2025-12-23 18:00:00,-1.00,93,-4.20,,0.00,5.20,164
2025-12-23 19:00:00,-1.00,93,-4.30,,0.00,5.50,169
2025-12-23 20:00:00,-1.00,93,-4.10,,0.00,4.70,171
2025-12-23 21:00:00,-1.00,91,-4.10,,0.00,4.70,171
2025-12-23 22:00:00,-0.90,89,-4.10,,0.00,4.70,148
2025-12-23 23:00:00,-1.00,87,-4.00,,0.00,3.10,54
2025-12-24 00:00:00,-1.10,91,-4.10,,0.00,3.60,135
2025-12-24 01:00:00,-1.20,93,-4.10,,0.00,3.10,135
2025-12-24 02:00:00,-1.20,93,-4.00,,0.00,2.60,106
2025-12-24 03:00:00,-0.90,94,-3.70,,0.00,2.50,90
2025-12-24 04:00:00,-0.90,94,-3.80,,0.00,3.50,66
2025-12-24 05:00:00,-0.70,95,-3.60,,0.00,3.80,73
2025-12-24 06:00:00,-0.70,96,-3.50,,0.00,3.70,61
2025-12-24 07:00:00,-0.50,97,-3.40,,0.20,4.10,75
2025-12-24 08:00:00,-0.50,97,-3.30,,0.10,4.00,80
2025-12-24 09:00:00,-0.30,97,-3.20,,0.10,4.70,81
2025-12-24 10:00:00,-0.20,97,-3.00,,0.00,4.30,95
2025-12-24 11:00:00,-0.10,97,-2.90,,0.00,4.30,95
2025-12-24 12:00:00,0.10,97,-2.70,,0.00,4.00,90
2025-12-24 13:00:00,0.20,97,-2.50,,0.00,3.30,84
2025-12-24 14:00:00,0.40,96,-2.20,,0.00,3.30,84
2025-12-24 15:00:00,0.60,97,-2.00,,0.00,3.40,72
2025-12-24 16:00:00,0.60,97,-1.90,,0.00,2.90,60
2025-12-24 17:00:00,0.60,97,-2.00,,0.00,2.90,30
2025-12-24 18:00:00,0.50,97,-2.10,,0.00,3.80,17
2025-12-24 19:00:00,0.50,97,-2.10,,0.00,3.80,17
2025-12-24 20:00:00,0.50,97,-2.20,,0.00,3.90,22
2025-12-24 21:00:00,0.60,97,-1.90,,0.00,2.60,34
2025-12-24 22:00:00,0.60,97,-1.90,,0.00,2.60,74
2025-12-24 23:00:00,0.60,97,-1.70,,0.00,1.80,37
2025-12-25 00:00:00,0.70,98,-1.80,,0.00,2.90,353
2025-12-25 01:00:00,0.70,98,-1.80,,0.00,2.50,8
2025-12-25 02:00:00,0.70,98,-1.80,,0.00,3.30,6
2025-12-25 03:00:00,0.90,99,-1.90,,0.00,5.40,356
2025-12-25 04:00:00,0.70,98,-2.30,,0.00,6.50,357
2025-12-25 05:00:00,0.60,98,-2.50,,0.00,6.50,357
2025-12-25 06:00:00,0.50,97,-2.60,,0.00,6.50,357
2025-12-25 07:00:00,0.40,96,-2.80,,0.00,7.60,357
2025-12-25 08:00:00,0.30,96,-3.10,,0.00,8.30,2
2025-12-25 09:00:00,0.10,95,-3.30,,0.00,8.30,360
2025-12-25 10:00:00,-0.00,94,-3.50,,0.00,8.30,355
2025-12-25 11:00:00,-0.10,92,-3.70,,0.00,9.10,353
2025-12-25 12:00:00,-0.00,89,-3.70,,0.00,8.80,348
2025-12-25 13:00:00,0.00,87,-3.70,,0.00,9.20,349
2025-12-25 14:00:00,0.00,85,-3.90,,0.00,9.80,352
2025-12-25 15:00:00,-0.30,89,-4.20,,0.00,9.70,358
2025-12-25 16:00:00,-0.60,91,-4.50,,0.00,10.10,4
2025-12-25 17:00:00,-0.70,93,-4.50,,0.00,9.80,8
2025-12-25 18:00:00,-0.90,92,-4.70,,0.00,9.90,10
2025-12-25 19:00:00,-0.60,91,-4.30,,0.00,8.60,15
2025-12-25 20:00:00,-0.60,91,-4.10,,0.00,8.00,8
2025-12-25 21:00:00,-0.80,90,-4.60,,0.00,9.10,9
2025-12-25 22:00:00,-0.90,91,-4.60,,0.00,9.10,9
2025-12-25 23:00:00,-1.00,91,-4.70,,0.00,8.40,7
2025-12-26 00:00:00,-1.20,89,-4.90,,0.00,7.90,360
2025-12-26 01:00:00,-1.20,89,-4.80,,0.00,6.80,357
2025-12-26 02:00:00,-1.30,89,-4.80,,0.00,6.90,354
2025-12-26 03:00:00,-1.20,91,-4.60,,0.00,5.80,356
2025-12-26 04:00:00,-1.10,91,-4.40,,0.00,5.80,353
2025-12-26 05:00:00,-1.20,88,-4.80,,0.00,7.30,351
2025-12-26 06:00:00,-1.10,85,-4.80,,0.00,7.30,351
2025-12-26 07:00:00,-1.50,86,-5.50,,0.00,9.40,356
2025-12-26 08:00:00,-2.00,91,-5.80,,0.00,8.30,355
2025-12-26 09:00:00,-1.60,87,-5.10,,0.00,5.60,333
2025-12-26 10:00:00,-1.50,86,-4.90,,0.00,5.90,313
2025-12-26 11:00:00,-1.40,85,-5.00,,0.00,6.60,299
2025-12-26 12:00:00,-1.10,84,-4.90,,0.00,7.60,289
2025-12-26 13:00:00,-0.80,83,-4.50,,0.00,7.60,295
2025-12-26 14:00:00,-0.50,83,-4.10,,0.00,7.10,300
2025-12-26 15:00:00,-0.20,84,-3.70,,0.00,7.20,297
2025-12-26 16:00:00,-0.10,84,-3.60,,0.00,6.80,295
2025-12-26 17:00:00,-0.00,85,-3.50,,0.00,7.10,294
2025-12-26 18:00:00,0.20,83,-3.30,,0.00,7.60,295
2025-12-26 19:00:00,0.30,84,-3.40,,0.00,8.20,299
2025-12-26 20:00:00,0.30,85,-3.30,,0.00,8.40,301
2025-12-26 21:00:00,0.40,84,-3.20,,0.00,8.10,302
2025-12-26 22:00:00,0.40,86,-3.10,,0.00,7.70,307
2025-12-26 23:00:00,0.40,88,-2.90,,0.20,6.90,309
2025-12-27 00:00:00,0.40,91,-2.90,,0.10,6.90,313
2025-12-27 01:00:00,0.30,93,-2.90,,0.10,6.90,317
2025-12-27 02:00:00,0.30,94,-2.90,,0.40,6.40,322
2025-12-27 03:00:00,0.20,95,-2.90,,0.30,6.10,332
2025-12-27 04:00:00,0.20,96,-2.80,,0.50,5.50,337
2025-12-27 05:00:00,0.20,96,-2.80,,0.40,5.70,342
2025-12-27 06:00:00,0.20,97,-2.80,,0.30,5.60,345
2025-12-27 07:00:00,0.30,97,-2.50,,0.10,4.30,355
2025-12-27 08:00:00,0.40,97,-2.40,,0.00,4.30,360
2025-12-27 09:00:00,0.30,97,-2.50,,0.00,4.00,355
2025-12-27 10:00:00,0.30,97,-2.40,,0.00,3.70,349
2025-12-27 11:00:00,0.40,97,-2.30,,0.00,4.00,350
2025-12-27 12:00:00,0.50,98,-2.20,,0.00,3.70,349
2025-12-27 13:00:00,0.70,97,-2.10,,0.00,4.40,351
2025-12-27 14:00:00,0.80,98,-1.90,,0.00,4.30,360
2025-12-27 15:00:00,0.60,98,-2.00,,0.00,4.00,10
2025-12-27 16:00:00,0.70,98,-2.00,,0.00,4.00,10
2025-12-27 17:00:00,0.60,98,-2.10,,0.00,4.30,5
2025-12-27 18:00:00,0.60,98,-2.10,,0.00,4.30,360
2025-12-27 19:00:00,0.50,98,-2.20,,0.10,4.00,350
2025-12-27 20:00:00,0.50,97,-2.20,,0.10,4.10,345
2025-12-27 21:00:00,0.50,97,-2.40,,0.00,5.60,345
2025-12-27 22:00:00,0.60,97,-2.30,,0.00,5.40,352
2025-12-27 23:00:00,0.60,97,-2.30,,0.00,5.40,352
2025-12-28 00:00:00,0.50,97,-2.50,,0.00,5.80,353
2025-12-28 01:00:00,0.50,97,-2.50,,0.00,6.20,353
2025-12-28 02:00:00,0.50,96,-2.50,,0.00,5.80,353
2025-12-28 03:00:00,0.30,96,-2.70,,0.00,6.20,353
2025-12-28 04:00:00,0.30,96,-2.90,,0.00,6.50,354
2025-12-28 05:00:00,0.20,96,-3.00,,0.00,7.20,357
2025-12-28 06:00:00,0.00,95,-3.20,,0.00,6.90,354
2025-12-28 07:00:00,0.00,95,-3.20,,0.00,6.90,354
2025-12-28 08:00:00,-0.00,95,-3.20,,0.00,6.50,354
2025-12-28 09:00:00,-0.10,94,-3.30,,0.00,6.20,350
2025-12-28 10:00:00,-0.10,94,-3.40,,0.00,6.50,354
2025-12-28 11:00:00,-0.00,93,-3.20,,0.00,6.10,357
2025-12-28 12:00:00,-0.00,92,-3.10,,0.00,5.40,352
2025-12-28 13:00:00,0.30,91,-2.90,,0.00,5.80,353
2025-12-28 14:00:00,0.50,89,-2.60,,0.00,5.90,346
2025-12-28 15:00:00,0.40,90,-2.70,,0.00,5.70,342
2025-12-28 16:00:00,0.40,91,-2.70,,0.00,5.70,342
2025-12-28 17:00:00,0.30,92,-2.70,,0.00,4.70,351
2025-12-28 18:00:00,-0.00,92,-2.90,,0.00,4.00,350
2025-12-28 19:00:00,-0.00,93,-2.80,,0.00,3.30,347
2025-12-28 20:00:00,-0.10,93,-2.70,,0.00,2.60,326
2025-12-28 21:00:00,-0.10,93,-2.80,,0.00,2.50,315
2025-12-28 22:00:00,-0.10,94,-2.70,,0.00,1.90,292
2025-12-28 23:00:00,-0.20,95,-2.80,,0.00,2.20,270
2025-12-29 00:00:00,-0.20,95,-2.80,,0.00,2.50,270
2025-12-29 01:00:00,-0.20,95,-2.80,,0.00,2.50,262
2025-12-29 02:00:00,-0.10,95,-2.80,,0.00,2.90,263
2025-12-29 03:00:00,-0.20,95,-2.90,,0.00,2.60,236
2025-12-29 04:00:00,-0.20,96,-2.90,,0.00,3.00,256
2025-12-29 05:00:00,-0.20,97,-2.90,,0.00,3.30,257
2025-12-29 06:00:00,-0.30,97,-3.10,,0.00,3.40,252
2025-12-29 07:00:00,-0.20,97,-3.00,,0.00,3.50,246
2025-12-29 08:00:00,-0.20,96,-3.00,,0.00,3.90,236
2025-12-29 09:00:00,-0.30,96,-3.10,,0.00,4.10,225
2025-12-29 10:00:00,-0.20,96,-3.10,,0.00,4.60,225
2025-12-29 11:00:00,-0.00,95,-3.00,,0.00,5.10,225
2025-12-29 12:00:00,-0.00,95,-3.10,,0.00,6.00,237
2025-12-29 13:00:00,0.10,94,-3.10,,0.00,6.30,239
2025-12-29 14:00:00,0.20,93,-2.90,,0.00,6.10,230
2025-12-29 15:00:00,0.20,95,-2.80,,0.00,5.40,222
2025-12-29 16:00:00,0.30,94,-2.80,,0.00,5.90,227
2025-12-29 17:00:00,0.30,94,-2.80,,0.00,5.60,230
2025-12-29 18:00:00,0.10,94,-3.10,,0.00,6.60,241
2025-12-29 19:00:00,0.10,94,-3.10,,0.00,7.00,249
2025-12-29 20:00:00,0.00,94,-3.30,,0.00,7.40,256
2025-12-29 21:00:00,-0.00,96,-3.10,,0.00,6.20,249
2025-12-29 22:00:00,-0.00,95,-3.20,,0.00,6.20,249
2025-12-29 23:00:00,-0.10,95,-3.20,,0.00,5.80,248
2025-12-30 00:00:00,-0.10,95,-3.30,,0.00,6.40,254
2025-12-30 01:00:00,-0.10,94,-3.40,,0.00,6.90,261
2025-12-30 02:00:00,-0.10,93,-3.30,,0.00,6.30,257
2025-12-30 03:00:00,-0.30,95,-3.30,,0.00,5.20,254
2025-12-30 04:00:00,-0.30,93,-3.60,,0.00,7.20,267
2025-12-30 05:00:00,-0.30,93,-3.50,,0.00,5.80,263
2025-12-30 06:00:00,-0.30,94,-3.60,,0.00,6.80,273
2025-12-30 07:00:00,-0.30,94,-3.50,,0.00,6.50,264
2025-12-30 08:00:00,-0.30,94,-3.50,,0.00,6.20,249
2025-12-30 09:00:00,-0.30,96,-3.50,,0.00,6.60,241
2025-12-30 10:00:00,-0.10,96,-3.40,,0.00,7.20,233
2025-12-30 11:00:00,0.10,95,-3.40,,0.00,8.30,236
2025-12-30 12:00:00,0.40,97,-3.00,,0.00,8.50,242
2025-12-30 13:00:00,0.70,94,-3.10,,0.00,11.60,263
2025-12-30 14:00:00,0.80,90,-3.20,,0.00,11.90,270
2025-12-30 15:00:00,1.00,89,-2.90,,0.00,11.20,276
2025-12-30 16:00:00,0.60,89,-3.30,,0.00,11.00,281
2025-12-30 17:00:00,0.40,88,-3.20,,0.00,8.60,272
2025-12-30 18:00:00,0.40,91,-3.00,,0.00,8.30,268
2025-12-30 19:00:00,0.40,92,-3.00,,0.00,8.00,260
2025-12-30 20:00:00,0.40,93,-3.00,,0.00,8.50,258
2025-12-30 21:00:00,0.60,95,-2.80,,0.00,8.80,261
2025-12-30 22:00:00,0.70,95,-3.00,,0.00,10.70,282
2025-12-30 23:00:00,0.90,94,-2.70,,0.00,10.20,280
2025-12-31 00:00:00,1.00,94,-2.50,,0.00,9.10,277
2025-12-31 01:00:00,1.00,94,-2.60,,0.00,9.70,274
2025-12-31 02:00:00,1.00,94,-2.50,,0.00,9.70,270
2025-12-31 03:00:00,1.10,94,-2.50,,0.00,10.10,272
2025-12-31 04:00:00,1.10,94,-2.50,,0.00,10.50,274
2025-12-31 05:00:00,1.10,93,-2.30,,0.00,8.70,263
2025-12-31 06:00:00,0.80,91,-3.10,,0.00,11.50,266
2025-12-31 07:00:00,0.80,91,-3.10,,0.00,11.50,268
2025-12-31 08:00:00,0.80,92,-3.00,,0.00,10.70,258
2025-12-31 09:00:00,0.70,92,-3.00,,0.00,10.70,256
2025-12-31 10:00:00,0.80,92,-3.10,,0.00,12.00,254
2025-12-31 11:00:00,1.10,90,-2.90,,0.00,12.30,267
2025-12-31 12:00:00,1.40,88,-2.60,,0.00,12.60,273
2025-12-31 13:00:00,1.70,86,-2.40,,0.00,12.70,277
2025-12-31 14:00:00,2.00,85,-1.90,,0.00,12.30,273
2025-12-31 15:00:00,2.70,82,-1.10,,0.00,11.90,270
2025-12-31 16:00:00,2.90,83,-1.00,,0.00,12.10,260
2025-12-31 17:00:00,3.00,83,-0.80,,0.00,11.90,256
2025-12-31 18:00:00,3.00,84,-0.70,,0.00,11.00,259
2025-12-31 19:00:00,3.10,86,-0.70,,0.00,12.10,260
2025-12-31 20:00:00,3.10,87,-0.70,,0.00,12.60,270
2025-12-31 21:00:00,3.20,88,-0.40,,0.00,11.90,272
2025-12-31 22:00:00,3.30,89,-0.30,,0.00,11.60,275
2025-12-31 23:00:00,3.40,88,-0.00,,0.00,10.40,272
2026-01-01 00:00:00,3.20,89,-0.20,,0.00,10.50,274
2026-01-01 01:00:00,3.10,90,-0.20,,0.00,9.40,263
2026-01-01 02:00:00,2.80,91,-0.40,,0.00,9.20,259
2026-01-01 03:00:00,2.50,91,-0.70,,0.00,8.50,258
2026-01-01 04:00:00,2.70,91,-0.40,,0.00,8.20,255
2026-01-01 05:00:00,2.70,91,-0.30,,0.00,7.40,241
2026-01-01 06:00:00,2.50,90,-0.40,,0.00,6.40,232
2026-01-01 07:00:00,2.60,90,-0.40,,0.00,7.10,221
2026-01-01 08:00:00,1.90,91,-1.40,,0.00,8.70,222
2026-01-01 09:00:00,1.30,82,-2.40,,0.00,8.90,223
2026-01-01 10:00:00,1.10,77,-2.80,,0.00,10.00,221
2026-01-01 11:00:00,1.90,70,-2.10,,0.00,10.40,224
2026-01-01 12:00:00,3.80,62,-0.60,,0.00,12.80,232
2026-01-01 13:00:00,5.00,58,0.70,,0.00,12.10,233
2026-01-01 14:00:00,6.00,54,1.50,,0.00,14.00,241
2026-01-01 15:00:00,7.20,50,2.70,,0.00,13.80,242
2026-01-01 16:00:00,7.00,50,2.40,,0.00,14.30,245
2026-01-01 17:00:00,6.50,52,2.00,,0.00,13.20,244
2026-01-01 18:00:00,6.10,54,1.70,,0.00,13.00,242
2026-01-01 19:00:00,5.50,56,1.00,,0.00,14.00,241
2026-01-01 20:00:00,5.30,57,0.60,,0.00,14.70,242
2026-01-01 21:00:00,5.20,57,0.60,,0.00,14.70,242
2026-01-01 22:00:00,4.90,57,0.20,,0.00,14.80,241
2026-01-01 23:00:00,4.70,58,-0.10,,0.00,15.30,240
2026-01-02 00:00:00,4.90,55,-0.10,,0.00,16.30,239
2026-01-02 01:00:00,4.70,55,-0.40,,0.00,16.90,241
2026-01-02 02:00:00,4.60,54,-0.50,,0.00,17.10,240
2026-01-02 03:00:00,4.90,54,-0.30,,0.00,17.60,242
2026-01-02 04:00:00,4.70,53,-0.60,,0.00,17.90,240
2026-01-02 05:00:00,4.80,51,-0.60,,0.00,18.00,241
2026-01-02 06:00:00,5.10,49,-0.40,,0.00,18.50,241
2026-01-02 07:00:00,5.00,48,-0.50,,0.00,19.00,241
2026-01-02 08:00:00,5.00,48,-0.60,,0.00,18.70,240
2026-01-02 09:00:00,5.30,46,-0.20,,0.00,18.40,239
2026-01-02 10:00:00,5.40,46,-0.10,,0.00,18.10,239
2026-01-02 11:00:00,6.30,44,0.90,,0.00,17.80,238
2026-01-02 12:00:00,8.10,39,2.80,,0.00,17.20,237
2026-01-02 13:00:00,9.20,37,3.80,,0.00,18.00,237
2026-01-02 14:00:00,10.00,37,4.80,,0.00,17.20,237
2026-01-02 15:00:00,10.70,38,5.60,,0.00,17.20,237
2026-01-02 16:00:00,10.30,40,5.20,,0.00,18.10,239
2026-01-02 17:00:00,9.60,43,4.80,,0.00,15.70,233
2026-01-02 18:00:00,8.80,48,4.20,,0.00,15.30,229
2026-01-02 19:00:00,8.40,50,3.70,,0.00,15.80,229
2026-01-02 20:00:00,7.90,52,3.20,,0.00,16.10,231
2026-01-02 21:00:00,7.50,54,2.80,,0.00,16.60,243
2026-01-02 22:00:00,6.90,57,2.40,,0.00,15.60,247
2026-01-02 23:00:00,6.20,60,1.80,,0.00,14.80,252
2026-01-03 00:00:00,5.60,64,1.40,,0.00,13.00,251
2026-01-03 01:00:00,4.90,68,0.90,,0.00,12.20,251
2026-01-03 02:00:00,4.40,71,0.50,,0.00,11.40,257
2026-01-03 03:00:00,4.50,73,0.90,,0.00,9.70,266
2026-01-03 04:00:00,4.10,76,0.80,,0.00,8.30,272
2026-01-03 05:00:00,3.70,79,0.70,,0.00,6.50,267
2026-01-03 06:00:00,3.50,80,0.70,,0.00,5.50,238
2026-01-03 07:00:00,3.20,81,-0.10,,0.40,8.50,258
2026-01-03 08:00:00,1.90,90,-1.30,,1.20,7.30,250
2026-01-03 09:00:00,0.90,96,-1.90,,0.60,5.20,286
2026-01-03 10:00:00,0.60,97,-2.40,,0.50,6.20,324
2026-01-03 11:00:00,0.70,90,-2.60,,0.20,6.70,324
2026-01-03 12:00:00,0.80,84,-2.70,,0.00,7.90,300
2026-01-03 13:00:00,1.10,77,-2.90,,0.00,10.50,301
2026-01-03 14:00:00,1.00,72,-3.20,,0.00,10.80,300
2026-01-03 15:00:00,1.00,67,-3.30,,0.00,10.60,298
2026-01-03 16:00:00,0.70,60,-3.60,,0.00,9.50,295
2026-01-03 17:00:00,0.30,66,-3.80,,0.00,8.90,291
2026-01-03 18:00:00,0.00,68,-3.90,,0.00,7.50,287
2026-01-03 19:00:00,-0.30,70,-4.00,,0.00,6.10,270
2026-01-03 20:00:00,-0.70,74,-4.30,,0.00,5.80,240
2026-01-03 21:00:00,-1.20,75,-5.00,,0.00,6.40,232
2026-01-03 22:00:00,-1.60,79,-5.50,,0.00,7.70,229
2026-01-03 23:00:00,-1.80,82,-5.70,,0.00,8.20,229
2026-01-04 00:00:00,-2.00,86,-5.90,,0.00,8.00,234
2026-01-04 01:00:00,-1.90,88,-5.80,,0.00,8.90,238
2026-01-04 02:00:00,-1.60,87,-5.60,,0.00,9.50,245
2026-01-04 03:00:00,-1.40,86,-5.10,,0.00,7.90,223
2026-01-04 04:00:00,-1.40,86,-5.30,,0.00,8.70,218
2026-01-04 05:00:00,-1.40,84,-5.60,,0.00,10.20,225
2026-01-04 06:00:00,-1.30,83,-5.40,,0.00,9.90,226
2026-01-04 07:00:00,-1.30,81,-5.60,,0.00,11.00,232
2026-01-04 08:00:00,-1.30,81,-5.70,,0.00,12.00,229
2026-01-04 09:00:00,-1.40,83,-6.20,,0.00,15.00,243
2026-01-04 10:00:00,-1.10,83,-5.90,,0.00,15.10,258
2026-01-04 11:00:00,-0.70,78,-5.80,,0.00,16.20,270
2026-01-04 12:00:00,-0.80,60,-6.50,,0.00,18.60,279
2026-01-04 13:00:00,-0.60,55,-7.00,,0.00,22.30,284
2026-01-04 14:00:00,-0.80,62,-6.50,,0.00,18.40,274
2026-01-04 15:00:00,-0.60,56,-6.60,,0.00,19.50,275
2026-01-04 16:00:00,-0.70,52,-7.10,,0.00,21.90,279
2026-01-04 17:00:00,-1.20,61,-6.70,,0.00,16.20,271
2026-01-04 18:00:00,-1.30,63,-6.80,,0.00,17.10,277
2026-01-04 19:00:00,-1.50,66,-7.10,,0.00,17.40,277
2026-01-04 20:00:00,-1.90,67,-7.60,,0.00,18.60,280
2026-01-04 21:00:00,-2.10,63,-7.80,,0.00,17.30,282
2026-01-04 22:00:00,-2.30,63,-8.00,,0.00,17.60,285
2026-01-04 23:00:00,-2.50,64,-7.80,,0.00,15.40,281
2026-01-05 00:00:00,-3.00,66,-8.30,,0.00,14.90,278
2026-01-05 01:00:00,-3.30,68,-8.50,,0.00,13.80,279
2026-01-05 02:00:00,-3.60,70,-8.60,,0.00,12.60,275
2026-01-05 03:00:00,-4.20,72,-9.00,,0.00,11.50,270
2026-01-05 04:00:00,-4.50,73,-9.30,,0.00,11.20,270
2026-01-05 05:00:00,-4.90,74,-9.60,,0.00,10.10,266
2026-01-05 06:00:00,-5.40,76,-10.00,,0.00,9.40,263
2026-01-05 07:00:00,-5.70,77,-10.20,,0.00,8.60,255
2026-01-05 08:00:00,-6.10,79,-10.40,,0.00,7.60,251
2026-01-05 09:00:00,-6.50,79,-10.80,,0.00,7.60,245
2026-01-05 10:00:00,-6.60,79,-11.00,,0.00,8.10,238
2026-01-05 11:00:00,-5.90,75,-10.30,,0.00,7.70,229
2026-01-05 12:00:00,-4.10,69,-8.40,,0.00,7.90,219
2026-01-05 13:00:00,-3.30,63,-7.80,,0.00,9.30,216
2026-01-05 14:00:00,-2.50,59,-7.20,,0.00,10.00,221
2026-01-05 15:00:00,-1.30,56,-5.80,,0.00,9.40,220
2026-01-05 16:00:00,-1.30,58,-5.60,,0.00,8.20,218
2026-01-05 17:00:00,-1.50,60,-5.60,,0.00,7.20,198
2026-01-05 18:00:00,-2.20,65,-6.30,,0.00,6.90,189
2026-01-05 19:00:00,-2.60,68,-6.80,,0.00,7.40,194
2026-01-05 20:00:00,-3.00,71,-7.20,,0.00,7.50,197
2026-01-05 21:00:00,-3.40,75,-7.50,,0.00,7.40,194
2026-01-05 22:00:00,-3.80,78,-8.00,,0.00,8.20,195
2026-01-05 23:00:00,-4.10,79,-8.30,,0.00,8.10,193
2026-01-06 00:00:00,-4.20,77,-8.40,,0.00,7.60,185
2026-01-06 01:00:00,-4.50,77,-8.60,,0.00,7.20,183
2026-01-06 02:00:00,-4.60,75,-8.70,,0.00,6.80,177
2026-01-06 03:00:00,-4.80,77,-8.80,,0.00,6.00,163
2026-01-06 04:00:00,-5.00,77,-9.10,,0.00,6.40,153
2026-01-06 05:00:00,-5.10,78,-9.20,,0.00,6.50,146
2026-01-06 06:00:00,-5.10,81,-9.00,,0.00,6.10,140
2026-01-06 07:00:00,-4.80,84,-8.90,,0.00,7.10,139
2026-01-06 08:00:00,-4.60,88,-8.70,,0.00,7.70,143
2026-01-06 09:00:00,-4.40,90,-8.30,,0.00,7.20,143
2026-01-06 10:00:00,-4.00,93,-7.90,,0.00,8.10,148
2026-01-06 11:00:00,-3.30,93,-7.20,,0.00,8.30,146
2026-01-06 12:00:00,-2.30,92,-6.20,,0.00,9.00,151
2026-01-06 13:00:00,-1.50,88,-5.50,,0.00,9.70,158
2026-01-06 14:00:00,-1.00,86,-4.80,,0.00,9.00,157
2026-01-06 15:00:00,-0.30,86,-4.10,,0.00,9.40,148
2026-01-06 16:00:00,-0.10,84,-4.00,,0.00,9.70,149
2026-01-06 17:00:00,0.10,84,-3.80,,0.00,9.70,153
2026-01-06 18:00:00,0.70,85,-3.00,,0.10,9.00,157
2026-01-06 19:00:00,0.60,87,-3.00,,0.40,8.90,159
2026-01-06 20:00:00,0.70,89,-2.90,,0.40,9.30,164
2026-01-06 21:00:00,1.30,90,-2.10,,0.00,8.00,170
2026-01-06 22:00:00,1.50,89,-1.80,,0.00,7.60,180
2026-01-06 23:00:00,1.70,87,-1.40,,0.00,6.90,186
2026-01-07 00:00:00,2.10,84,-1.10,,0.00,6.50,199
2026-01-07 01:00:00,2.80,81,-0.40,,0.00,7.60,205
2026-01-07 02:00:00,3.30,81,0.10,,0.10,7.80,214
2026-01-07 03:00:00,3.30,82,0.30,,0.00,6.40,207
2026-01-07 04:00:00,3.20,81,0.20,,0.00,6.60,202
2026-01-07 05:00:00,3.10,81,-0.10,,0.00,7.50,197
2026-01-07 06:00:00,2.90,82,-0.30,,0.00,7.30,191
2026-01-07 07:00:00,2.70,83,-0.60,,0.00,8.00,190
2026-01-07 08:00:00,2.60,83,-0.70,,0.00,8.00,188
2026-01-07 09:00:00,2.60,82,-0.60,,0.00,7.10,195
2026-01-07 10:00:00,3.10,81,-0.20,,0.00,8.10,193
2026-01-07 11:00:00,3.70,79,0.40,,0.00,8.90,194
2026-01-07 12:00:00,4.00,79,0.60,,0.00,9.30,196
2026-01-07 13:00:00,5.20,75,1.90,,0.00,9.00,196
2026-01-07 14:00:00,6.30,73,3.20,,0.00,8.60,195
2026-01-07 15:00:00,6.80,72,3.90,,0.00,7.40,194
2026-01-07 16:00:00,6.50,75,3.80,,0.00,6.90,189
2026-01-07 17:00:00,5.80,78,3.00,,0.00,7.10,195
2026-01-07 18:00:00,5.90,76,3.20,,0.00,6.50,199
2026-01-07 19:00:00,5.60,77,2.80,,0.00,6.80,198
2026-01-07 20:00:00,5.70,75,2.70,,0.00,8.20,195
2026-01-07 21:00:00,5.60,75,2.50,,0.00,8.20,195
2026-01-07 22:00:00,5.40,76,2.20,,0.00,8.80,199
2026-01-07 23:00:00,5.20,76,2.00,,0.00,8.80,192
2026-01-08 00:00:00,5.20,77,2.20,,0.00,7.80,193
2026-01-08 01:00:00,5.20,76,2.10,,0.00,8.30,198
2026-01-08 02:00:00,5.00,78,1.70,,0.00,9.20,191
2026-01-08 03:00:00,4.60,81,1.50,,0.00,8.40,190
2026-01-08 04:00:00,4.40,82,1.30,,0.00,8.80,192
2026-01-08 05:00:00,4.40,84,1.30,,0.00,8.80,192
2026-01-08 06:00:00,4.40,84,1.40,,0.00,8.00,198
2026-01-08 07:00:00,4.40,84,1.30,,0.00,8.50,208
2026-01-08 08:00:00,4.40,84,1.40,,0.00,8.40,239
2026-01-08 09:00:00,3.90,86,1.00,,0.00,7.40,231
2026-01-08 10:00:00,3.80,88,0.90,,0.00,7.70,242
2026-01-08 11:00:00,4.20,88,1.40,,0.00,7.70,259
2026-01-08 12:00:00,4.90,86,2.20,,0.20,7.60,267
2026-01-08 13:00:00,5.40,84,2.80,,0.00,6.60,241
2026-01-08 14:00:00,5.60,80,2.90,,0.00,7.10,221
2026-01-08 15:00:00,6.00,77,3.30,,0.00,6.20,216
2026-01-08 16:00:00,5.80,79,3.40,,0.00,4.40,215
2026-01-08 17:00:00,5.10,84,3.00,,0.00,3.30,186
2026-01-08 18:00:00,4.60,88,2.40,,0.00,3.70,151
2026-01-08 19:00:00,4.30,90,1.90,,0.00,4.60,162
2026-01-08 20:00:00,4.50,90,2.10,,0.20,5.40,184
2026-01-08 21:00:00,4.50,92,1.90,,0.30,6.80,155
2026-01-08 22:00:00,4.60,93,1.90,,0.30,8.30,162
2026-01-08 23:00:00,4.80,94,2.40,,2.30,6.60,167
2026-01-09 00:00:00,5.10,95,2.90,,0.80,5.40,217
2026-01-09 01:00:00,5.50,93,2.70,,0.60,10.00,232
2026-01-09 02:00:00,5.50,87,1.30,,0.00,18.40,296
2026-01-09 03:00:00,4.10,83,1.00,,0.00,8.40,290
2026-01-09 04:00:00,3.20,84,-0.90,,0.00,13.90,287
2026-01-09 05:00:00,2.40,86,-1.10,,0.00,9.80,276
2026-01-09 06:00:00,2.10,89,-1.40,,0.00,9.90,289
2026-01-09 07:00:00,2.20,88,-0.80,,0.00,6.10,270
2026-01-09 08:00:00,2.20,88,-0.40,,0.00,3.60,233
2026-01-09 09:00:00,1.80,89,-0.70,,0.00,2.80,220
2026-01-09 10:00:00,1.50,90,-1.10,,0.00,3.10,201
2026-01-09 11:00:00,1.90,87,-0.70,,0.00,2.90,173
2026-01-09 12:00:00,2.60,81,-0.20,,0.00,4.00,153
2026-01-09 13:00:00,3.30,78,0.00,,0.00,7.40,157
2026-01-09 14:00:00,3.90,75,0.40,,0.00,9.60,160
2026-01-09 15:00:00,4.20,75,0.70,,0.00,9.70,153
2026-01-09 16:00:00,4.20,76,0.70,,0.00,10.10,153
2026-01-09 17:00:00,4.20,78,0.60,,0.00,10.50,149
2026-01-09 18:00:00,4.10,82,0.70,,0.10,10.10,153
2026-01-09 19:00:00,4.20,84,0.90,,0.10,10.00,154
2026-01-09 20:00:00,4.30,86,1.10,,0.10,10.10,153
2026-01-09 21:00:00,4.40,86,1.40,,0.00,8.90,159
2026-01-09 22:00:00,4.60,87,1.50,,0.00,9.50,155
2026-01-09 23:00:00,4.50,88,1.30,,0.00,10.00,154
2026-01-10 00:00:00,4.30,90,1.40,,0.00,9.00,157
2026-01-10 01:00:00,4.10,91,1.20,,0.00,8.70,156
2026-01-10 02:00:00,3.90,93,1.00,,0.00,8.00,153
2026-01-10 03:00:00,3.30,95,0.50,,0.00,7.10,150
2026-01-10 04:00:00,3.30,95,0.40,,0.00,8.00,153
2026-01-10 05:00:00,3.30,96,0.30,,0.00,8.90,159
2026-01-10 06:00:00,3.30,97,0.50,,0.00,8.30,162
2026-01-10 07:00:00,3.50,97,0.60,,0.00,9.00,164
2026-01-10 08:00:00,3.80,97,0.80,,0.00,9.90,161
2026-01-10 09:00:00,4.00,97,0.90,,0.00,11.30,163
2026-01-10 10:00:00,3.90,100,0.70,,0.00,12.10,163
2026-01-10 11:00:00,4.30,100,1.10,,0.00,12.50,162
2026-01-10 12:00:00,5.00,100,1.90,,0.00,12.30,159
2026-01-10 13:00:00,5.60,100,2.80,,0.00,11.40,169
2026-01-10 14:00:00,6.40,99,3.70,,0.00,11.60,175
2026-01-10 15:00:00,7.20,96,4.70,,0.00,10.80,178
2026-01-10 16:00:00,7.50,95,5.10,,0.00,10.40,180
2026-01-10 17:00:00,7.60,93,5.40,,0.30,9.00,175
2026-01-10 18:00:00,7.70,93,5.80,,0.10,7.60,177
2026-01-10 19:00:00,7.50,93,5.50,,0.10,7.60,183
2026-01-10 20:00:00,7.40,93,5.40,,0.00,6.90,189
2026-01-10 21:00:00,7.30,93,5.40,,0.00,6.30,211
2026-01-10 22:00:00,7.10,93,5.30,,0.00,5.90,218
2026-01-10 23:00:00,5.50,84,1.40,,0.10,17.00,283
2026-01-11 00:00:00,2.00,89,-2.20,,0.70,14.70,298
2026-01-11 01:00:00,0.80,93,-3.20,,1.20,12.40,300
2026-01-11 02:00:00,0.50,93,-3.50,,1.00,12.20,294
2026-01-11 03:00:00,0.60,93,-3.20,,0.60,10.90,297
2026-01-11 04:00:00,0.50,94,-3.20,,0.90,10.00,285
2026-01-11 05:00:00,0.60,94,-3.00,,0.90,9.90,280
2026-01-11 06:00:00,0.60,91,-3.10,,0.70,9.80,287
2026-01-11 07:00:00,0.60,92,-3.00,,0.30,9.40,270
2026-01-11 08:00:00,0.50,92,-3.10,,0.00,9.40,272
2026-01-11 09:00:00,0.40,91,-3.40,,0.00,10.50,276
2026-01-11 10:00:00,0.30,86,-3.60,,0.00,10.10,274
2026-01-11 11:00:00,0.30,87,-3.50,,0.00,9.70,272
2026-01-11 12:00:00,0.70,86,-3.00,,0.00,9.30,254
2026-01-11 13:00:00,1.30,71,-3.10,,0.00,12.00,261
2026-01-11 14:00:00,1.50,73,-2.60,,0.00,10.60,252
2026-01-11 15:00:00,1.50,76,-2.40,,0.00,10.00,244
2026-01-11 16:00:00,1.40,77,-2.40,,0.00,9.40,238
2026-01-11 17:00:00,0.70,83,-2.70,,0.00,6.90,223
2026-01-11 18:00:00,0.20,87,-3.10,,0.00,6.60,209
2026-01-11 19:00:00,0.10,86,-3.30,,0.00,7.20,217
2026-01-11 20:00:00,0.00,84,-3.40,,0.00,6.40,218
2026-01-11 21:00:00,-0.20,85,-3.60,,0.00,6.40,207
2026-01-11 22:00:00,-0.40,86,-3.80,,0.00,6.80,205
2026-01-11 23:00:00,-0.60,85,-4.00,,0.00,6.00,205
2026-01-12 00:00:00,-1.00,88,-4.40,,0.00,5.70,215
2026-01-12 01:00:00,-1.40,89,-4.70,,0.00,5.20,205
2026-01-12 02:00:00,-1.80,91,-5.00,,0.00,4.60,198
2026-01-12 03:00:00,-2.10,91,-5.30,,0.00,4.00,185
2026-01-12 04:00:00,-2.30,92,-5.60,,0.00,4.30,180
2026-01-12 05:00:00,-2.50,92,-5.90,,0.00,4.70,171
2026-01-12 06:00:00,-2.80,92,-6.10,,0.00,4.50,166
2026-01-12 07:00:00,-2.70,91,-6.10,,0.00,4.90,163
2026-01-12 08:00:00,-2.70,92,-6.10,,0.00,5.20,155
2026-01-12 09:00:00,-3.00,92,-6.50,,0.00,5.30,152
2026-01-12 10:00:00,-2.80,90,-6.30,,0.00,5.60,165
2026-01-12 11:00:00,-2.00,86,-5.60,,0.00,6.30,156
2026-01-12 12:00:00,-1.20,87,-4.60,,0.00,6.00,155
2026-01-12 13:00:00,-0.80,86,-4.30,,0.00,6.50,161
2026-01-12 14:00:00,-0.50,86,-3.90,,0.00,6.30,167
2026-01-12 15:00:00,0.10,81,-3.20,,0.00,5.80,180
2026-01-12 16:00:00,-0.00,82,-3.30,,0.00,5.20,196
2026-01-12 17:00:00,-0.20,84,-3.20,,0.00,3.60,186
2026-01-12 18:00:00,-0.30,83,-3.30,,0.00,3.30,174
2026-01-12 19:00:00,-0.60,84,-3.70,,0.00,3.30,186
2026-01-12 20:00:00,-0.90,85,-3.90,,0.00,3.00,194
2026-01-12 21:00:00,-1.00,87,-3.80,,0.00,1.80,180
2026-01-12 22:00:00,-1.30,90,-4.10,,0.00,1.60,153
2026-01-12 23:00:00,-1.60,91,-4.40,,0.00,1.50,135
2026-01-13 00:00:00,-1.80,93,-4.50,,0.00,0.70,90
2026-01-13 01:00:00,-2.30,95,-4.90,,0.00,0.40,360
2026-01-13 02:00:00,-2.50,96,-5.30,,0.00,1.50,315
2026-01-13 03:00:00,-2.50,96,-5.40,,0.00,1.90,338
2026-01-13 04:00:00,-2.40,94,-5.40,,0.00,2.60,326
2026-01-13 05:00:00,-2.40,94,-5.60,,0.00,3.70,331
2026-01-13 06:00:00,-2.00,93,-5.30,,0.00,5.00,330
2026-01-13 07:00:00,-1.70,92,-5.20,,0.00,6.40,333
2026-01-13 08:00:00,-1.70,93,-5.10,,0.00,6.40,333
2026-01-13 09:00:00,-1.80,95,-5.50,,0.00,8.40,340
2026-01-13 10:00:00,-1.50,89,-5.20,,0.00,8.00,333
2026-01-13 11:00:00,-1.20,87,-5.10,,0.00,9.00,344
2026-01-13 12:00:00,-1.20,86,-5.00,,0.00,8.40,335
2026-01-13 13:00:00,-0.90,83,-4.80,,0.00,8.50,332
2026-01-13 14:00:00,-0.60,79,-4.50,,0.00,8.60,338
2026-01-13 15:00:00,-0.50,78,-4.40,,0.00,8.10,328
2026-01-13 16:00:00,-0.60,79,-4.60,,0.00,9.10,326
2026-01-13 17:00:00,-0.90,80,-4.80,,0.00,8.40,320
2026-01-13 18:00:00,-1.10,81,-5.10,,0.00,8.90,313
2026-01-13 19:00:00,-1.30,78,-5.50,,0.00,10.00,322
2026-01-13 20:00:00,-1.50,74,-5.60,,0.00,9.00,293
2026-01-13 21:00:00,-1.60,76,-5.60,,0.00,8.10,283
2026-01-13 22:00:00,-1.70,81,-5.70,,0.00,8.60,285
2026-01-13 23:00:00,-1.90,84,-5.80,,0.00,8.20,285
2026-01-14 00:00:00,-1.90,84,-5.80,,0.00,8.10,291
2026-01-14 01:00:00,-2.00,86,-5.90,,0.00,8.20,293
2026-01-14 02:00:00,-2.30,79,-6.70,,0.00,10.50,308
2026-01-14 03:00:00,-2.30,75,-6.20,,0.00,6.80,288
2026-01-14 04:00:00,-2.40,80,-6.50,,0.00,8.20,299
2026-01-14 05:00:00,-2.60,73,-6.70,,0.00,7.40,293
2026-01-14 06:00:00,-3.00,79,-7.40,,0.00,10.30,299
2026-01-14 07:00:00,-3.20,79,-7.60,,0.00,10.00,296
2026-01-14 08:00:00,-3.20,80,-7.40,,0.00,8.80,279
2026-01-14 09:00:00,-3.30,78,-7.50,,0.00,8.40,260
2026-01-14 10:00:00,-3.40,77,-7.70,,0.00,8.80,258
2026-01-14 11:00:00,-3.10,78,-7.60,,0.00,10.80,244
2026-01-14 12:00:00,-2.30,72,-7.00,,0.00,12.40,240
2026-01-14 13:00:00,-1.70,71,-6.50,,0.00,12.80,238
2026-01-14 14:00:00,-1.20,69,-6.00,,0.00,12.80,238
2026-01-14 15:00:00,-0.30,65,-5.10,,0.00,12.90,240
2026-01-14 16:00:00,-0.20,66,-5.00,,0.00,13.00,236
2026-01-14 17:00:00,-0.10,66,-4.90,,0.00,13.10,238
2026-01-14 18:00:00,0.00,64,-4.80,,0.00,13.40,243
2026-01-14 19:00:00,-0.10,65,-4.90,,0.00,13.20,244
2026-01-14 20:00:00,-0.30,67,-5.10,,0.00,13.40,243
2026-01-14 21:00:00,-0.40,68,-5.20,,0.00,12.90,247
2026-01-14 22:00:00,-0.60,68,-5.30,,0.00,12.40,248
2026-01-14 23:00:00,-0.60,69,-5.20,,0.00,12.40,248
2026-01-15 00:00:00,-0.50,68,-5.10,,0.00,11.80,250
2026-01-15 01:00:00,-0.60,68,-5.20,,0.00,12.00,249
2026-01-15 02:00:00,-0.60,68,-5.30,,0.00,12.10,247
2026-01-15 03:00:00,-0.60,68,-5.10,,0.00,11.60,248
2026-01-15 04:00:00,-0.70,68,-5.20,,0.00,11.30,248
2026-01-15 05:00:00,-0.80,69,-5.20,,0.00,10.50,248
2026-01-15 06:00:00,-0.70,70,-4.90,,0.00,9.40,247
2026-01-15 07:00:00,-0.90,71,-5.00,,0.00,8.60,248
2026-01-15 08:00:00,-0.90,71,-4.90,,0.00,8.20,247
2026-01-15 09:00:00,-0.80,73,-4.80,,0.00,8.30,252
2026-01-15 10:00:00,-0.70,74,-4.60,,0.00,7.90,254
2026-01-15 11:00:00,-0.40,74,-4.20,,0.00,7.70,259
2026-01-15 12:00:00,0.60,73,-3.20,,0.00,8.30,270
2026-01-15 13:00:00,0.80,74,-3.10,,0.00,8.70,277
2026-01-15 14:00:00,1.00,76,-2.80,,0.00,8.40,280
2026-01-15 15:00:00,1.50,74,-2.10,,0.00,7.80,283
2026-01-15 16:00:00,1.30,77,-2.20,,0.00,7.30,281
2026-01-15 17:00:00,1.00,80,-2.30,,0.00,6.00,287
2026-01-15 18:00:00,0.80,84,-2.40,,0.00,5.50,293
2026-01-15 19:00:00,0.70,85,-2.40,,0.00,4.80,283
2026-01-15 20:00:00,0.50,85,-2.50,,0.00,4.70,293
2026-01-15 21:00:00,0.40,85,-2.60,,0.00,4.20,290
2026-01-15 22:00:00,0.40,86,-2.70,,0.00,4.50,284
2026-01-15 23:00:00,0.30,86,-2.80,,0.00,4.80,283
2026-01-16 00:00:00,0.40,87,-2.70,,0.00,4.90,287
2026-01-16 01:00:00,0.30,88,-2.90,,0.00,5.50,293
2026-01-16 02:00:00,0.20,89,-3.00,,0.00,5.80,300
2026-01-16 03:00:00,0.30,90,-2.70,,0.00,4.80,312
2026-01-16 04:00:00,0.30,91,-2.70,,0.00,4.60,309
2026-01-16 05:00:00,0.30,92,-2.60,,0.00,4.40,305
2026-01-16 06:00:00,0.30,93,-2.70,,0.00,5.40,318
2026-01-16 07:00:00,0.30,93,-2.80,,0.00,5.70,325
2026-01-16 08:00:00,0.30,93,-2.80,,0.00,5.40,323
2026-01-16 09:00:00,0.30,93,-2.70,,0.00,5.40,312
2026-01-16 10:00:00,0.50,92,-2.60,,0.00,5.90,313
2026-01-16 11:00:00,0.80,90,-2.30,,0.00,6.00,303
2026-01-16 12:00:00,1.40,86,-1.70,,0.00,6.10,298
2026-01-16 13:00:00,1.70,85,-1.50,,0.00,7.20,297
2026-01-16 14:00:00,2.00,83,-1.30,,0.00,7.90,286
2026-01-16 15:00:00,2.20,83,-1.30,,0.00,8.80,279
2026-01-16 16:00:00,2.20,83,-1.40,,0.00,9.80,276
2026-01-16 17:00:00,1.80,85,-1.90,,0.00,10.10,276
2026-01-16 18:00:00,1.40,86,-2.20,,0.00,9.40,268
2026-01-16 19:00:00,1.20,86,-2.70,,0.00,11.40,283
2026-01-16 20:00:00,1.10,87,-2.70,,0.00,10.40,272
2026-01-16 21:00:00,1.00,87,-3.10,,0.00,12.90,288
2026-01-16 22:00:00,1.00,87,-2.90,,0.00,11.60,275
2026-01-16 23:00:00,1.10,87,-3.10,,0.00,13.20,281
2026-01-17 00:00:00,1.20,88,-2.90,,0.00,12.70,285
2026-01-17 01:00:00,1.00,88,-3.20,,0.00,13.60,282
2026-01-17 02:00:00,1.10,87,-3.10,,0.00,13.40,276
2026-01-17 03:00:00,1.00,88,-3.20,,0.10,13.10,278
2026-01-17 04:00:00,1.10,88,-3.20,,0.00,13.70,284
2026-01-17 05:00:00,1.10,90,-3.10,,0.00,13.70,284
2026-01-17 06:00:00,1.10,92,-2.90,,0.00,13.00,289
2026-01-17 07:00:00,1.10,93,-2.70,,0.10,11.30,287
2026-01-17 08:00:00,1.20,92,-2.70,,0.00,11.80,290
2026-01-17 09:00:00,1.50,90,-2.50,,0.00,12.80,292
2026-01-17 10:00:00,1.40,90,-2.60,,0.10,13.00,289
2026-01-17 11:00:00,1.30,92,-2.60,,0.10,12.10,287
2026-01-17 12:00:00,1.80,90,-1.90,,0.10,11.60,286
2026-01-17 13:00:00,2.30,88,-1.60,,0.00,12.20,294
2026-01-17 14:00:00,2.50,87,-1.50,,0.00,13.70,300
2026-01-17 15:00:00,2.20,90,-1.60,,0.20,12.20,298
2026-01-17 16:00:00,2.40,89,-1.40,,0.10,12.60,301
2026-01-17 17:00:00,2.30,92,-1.40,,0.10,12.20,304
2026-01-17 18:00:00,2.20,92,-1.50,,0.30,11.90,305
2026-01-17 19:00:00,2.10,92,-1.60,,0.30,11.70,304
2026-01-17 20:00:00,2.00,93,-1.80,,0.10,12.50,303
2026-01-17 21:00:00,1.90,92,-1.70,,0.00,11.20,303
2026-01-17 22:00:00,2.00,92,-1.60,,0.00,10.50,301
2026-01-17 23:00:00,1.90,92,-1.70,,0.00,10.80,300
2026-01-18 00:00:00,1.80,92,-1.80,,0.00,10.90,297
2026-01-18 01:00:00,1.70,94,-1.80,,0.00,10.50,297
2026-01-18 02:00:00,1.80,95,-1.60,,0.00,10.00,296
2026-01-18 03:00:00,2.10,93,-1.30,,0.00,9.80,306
2026-01-18 04:00:00,2.10,94,-1.20,,0.00,9.80,306
2026-01-18 05:00:00,2.10,95,-1.10,,0.00,8.90,297
2026-01-18 06:00:00,2.00,97,-1.20,,0.00,9.00,286
2026-01-18 07:00:00,2.00,97,-1.30,,0.00,10.00,285
2026-01-18 08:00:00,2.20,94,-1.40,,0.00,11.90,284
2026-01-18 09:00:00,2.00,92,-1.70,,0.00,11.50,284
2026-01-18 10:00:00,2.00,91,-1.90,,0.00,12.80,281
2026-01-18 11:00:00,2.00,90,-1.90,,0.00,12.60,275
2026-01-18 12:00:00,2.70,86,-1.20,,0.00,13.00,276
2026-01-18 13:00:00,3.30,83,-0.60,,0.00,13.30,272
2026-01-18 14:00:00,3.80,81,-0.40,,0.00,15.60,289
2026-01-18 15:00:00,3.90,83,-0.30,,0.00,16.00,306
2026-01-18 16:00:00,3.80,83,-0.30,,0.00,15.00,312
2026-01-18 17:00:00,3.60,84,-0.60,,0.00,15.30,319
2026-01-18 18:00:00,3.80,82,-0.30,,0.00,14.30,319
2026-01-18 19:00:00,3.30,84,-0.80,,0.00,14.50,316
2026-01-18 20:00:00,3.00,84,-1.20,,0.00,14.80,313
2026-01-18 21:00:00,2.90,83,-1.20,,0.00,14.20,306
2026-01-18 22:00:00,3.00,82,-1.30,,0.00,14.80,309
2026-01-18 23:00:00,2.90,82,-1.30,,0.00,14.30,311
2026-01-19 00:00:00,3.20,80,-1.00,,0.00,14.30,309
2026-01-19 01:00:00,2.80,82,-1.70,,0.00,16.00,306
2026-01-19 02:00:00,2.60,83,-2.00,,0.00,16.80,317
2026-01-19 03:00:00,3.00,82,-1.10,,0.00,13.40,324
2026-01-19 04:00:00,2.80,81,-1.50,,0.00,15.00,333
2026-01-19 05:00:00,2.80,80,-1.30,,0.00,13.20,325
2026-01-19 06:00:00,2.60,79,-1.60,,0.00,13.40,329
2026-01-19 07:00:00,2.30,78,-2.10,,0.00,14.80,334
2026-01-19 08:00:00,2.20,81,-2.00,,0.00,13.50,326
2026-01-19 09:00:00,2.10,79,-1.90,,0.00,11.90,325
2026-01-19 10:00:00,2.10,77,-2.00,,0.00,11.90,331
2026-01-19 11:00:00,2.30,74,-1.90,,0.00,11.80,329
2026-01-19 12:00:00,2.90,72,-1.30,,0.00,12.40,330
2026-01-19 13:00:00,3.10,69,-1.20,,0.00,13.20,325
2026-01-19 14:00:00,3.40,67,-0.90,,0.00,12.80,322
2026-01-19 15:00:00,4.20,64,-0.10,,0.00,12.50,321
2026-01-19 16:00:00,4.00,66,-0.20,,0.00,12.00,316
2026-01-19 17:00:00,3.60,70,-0.20,,0.00,10.00,311
2026-01-19 18:00:00,3.00,69,-0.70,,0.00,9.00,307
2026-01-19 19:00:00,2.30,77,-1.30,,0.00,8.30,304
2026-01-19 20:00:00,1.80,80,-1.70,,0.00,8.60,303
2026-01-19 21:00:00,1.50,81,-2.10,,0.00,8.70,300
2026-01-19 22:00:00,1.20,85,-2.40,,0.00,8.70,300
2026-01-19 23:00:00,0.90,88,-2.70,,0.00,8.70,294
2026-01-20 00:00:00,0.50,89,-3.00,,0.00,8.40,290
2026-01-20 01:00:00,0.20,93,-3.40,,0.00,8.80,282
2026-01-20 02:00:00,-0.20,94,-3.80,,0.00,9.40,277
2026-01-20 03:00:00,-0.30,94,-3.90,,0.00,9.10,277
2026-01-20 04:00:00,-0.40,93,-4.10,,0.00,9.80,278
2026-01-20 05:00:00,-0.40,93,-4.20,,0.00,10.20,280
2026-01-20 06:00:00,-0.50,92,-4.50,,0.00,11.00,281
2026-01-20 07:00:00,-0.40,92,-4.40,,0.00,11.30,287
2026-01-20 08:00:00,-0.30,93,-4.20,,0.00,10.80,296
2026-01-20 09:00:00,-0.30,92,-4.40,,0.00,12.00,316
2026-01-20 10:00:00,-0.30,92,-4.20,,0.00,10.80,323
2026-01-20 11:00:00,0.10,88,-3.80,,0.00,10.20,328
2026-01-20 12:00:00,0.90,85,-2.90,,0.00,10.20,337
2026-01-20 13:00:00,1.30,83,-2.40,,0.00,9.40,337
2026-01-20 14:00:00,1.70,81,-1.90,,0.00,8.90,339
2026-01-20 15:00:00,1.80,81,-1.80,,0.00,8.60,345
2026-01-20 16:00:00,1.80,82,-1.70,,0.00,8.00,352
2026-01-20 17:00:00,1.50,85,-1.80,,0.00,7.60,360
2026-01-20 18:00:00,1.30,88,-1.90,,0.00,6.90,6
2026-01-20 19:00:00,1.10,89,-2.00,,0.00,6.40,16
2026-01-20 20:00:00,0.90,91,-2.10,,0.00,5.60,27
2026-01-20 21:00:00,0.60,94,-2.40,,0.00,5.40,37
2026-01-20 22:00:00,0.60,93,-2.20,,0.00,4.20,59
2026-01-20 23:00:00,0.70,92,-1.90,,0.00,2.20,81
2026-01-21 00:00:00,0.70,93,-1.60,,0.00,0.70,180
2026-01-21 01:00:00,0.80,92,-1.70,,0.00,1.90,202
2026-01-21 02:00:00,0.80,92,-1.70,,0.00,2.20,189
2026-01-21 03:00:00,0.70,94,-1.80,,0.00,2.30,162
2026-01-21 04:00:00,0.70,94,-1.90,,0.00,3.10,159
2026-01-21 05:00:00,0.70,94,-1.90,,0.00,3.10,159
2026-01-21 06:00:00,0.50,95,-2.10,,0.00,3.30,167
2026-01-21 07:00:00,0.50,94,-2.30,,0.00,4.10,165
2026-01-21 08:00:00,0.50,94,-2.40,,0.00,5.00,159
2026-01-21 09:00:00,0.40,94,-2.70,,0.00,6.30,156
2026-01-21 10:00:00,0.50,93,-3.00,,0.00,8.40,155
2026-01-21 11:00:00,0.60,92,-3.00,,0.00,9.00,157
2026-01-21 12:00:00,0.20,94,-3.30,,0.00,8.70,156
2026-01-21 13:00:00,0.50,91,-3.00,,0.00,9.00,157
2026-01-21 14:00:00,0.50,91,-3.10,,0.00,9.20,154
2026-01-21 15:00:00,0.10,93,-3.50,,0.00,9.40,148
2026-01-21 16:00:00,-0.10,94,-3.70,,0.00,9.20,149
2026-01-21 17:00:00,-0.40,95,-4.00,,0.00,9.40,148
2026-01-21 18:00:00,-0.70,97,-4.40,,0.00,9.10,146
2026-01-21 19:00:00,-0.90,97,-4.70,,0.00,9.60,146
2026-01-21 20:00:00,-1.10,98,-5.00,,0.00,10.40,146
2026-01-21 21:00:00,-1.30,95,-5.20,,0.00,10.40,146
2026-01-21 22:00:00,-1.40,96,-5.40,,0.00,10.50,149
2026-01-21 23:00:00,-1.50,96,-5.50,,0.00,10.60,152
2026-01-22 00:00:00,-1.50,96,-5.40,,0.10,10.10,153
2026-01-22 01:00:00,-1.40,95,-5.40,,0.10,10.50,153
2026-01-22 02:00:00,-1.40,93,-5.40,,0.10,10.30,151
2026-01-22 03:00:00,-1.20,92,-5.20,,0.10,10.00,150
2026-01-22 04:00:00,-1.20,93,-5.00,,0.00,9.40,148
2026-01-22 05:00:00,-1.10,93,-4.80,,0.00,9.20,149
2026-01-22 06:00:00,-1.00,93,-4.50,,0.00,7.20,153
2026-01-22 07:00:00,-0.90,94,-4.30,,0.00,6.60,139
2026-01-22 08:00:00,-0.80,95,-4.10,,0.00,6.60,135
2026-01-22 09:00:00,-0.70,96,-4.10,,0.00,7.20,143
2026-01-22 10:00:00,-0.50,96,-4.00,,0.00,7.80,158
2026-01-22 11:00:00,-0.30,96,-3.70,,0.00,7.30,147
2026-01-22 12:00:00,-0.20,97,-3.40,,0.00,6.90,137
2026-01-22 13:00:00,0.10,98,-3.00,,0.00,6.60,135
2026-01-22 14:00:00,0.40,98,-2.70,,0.00,7.20,143
2026-01-22 15:00:00,0.70,98,-2.30,,0.10,6.90,137
2026-01-22 16:00:00,0.90,98,-2.20,,0.10,7.40,137
2026-01-22 17:00:00,1.10,98,-2.00,,0.10,7.60,135
2026-01-22 18:00:00,1.30,98,-1.90,,0.10,7.90,137
2026-01-22 19:00:00,1.30,98,-1.90,,0.20,7.90,137
2026-01-22 20:00:00,1.40,98,-1.80,,0.20,8.20,139
2026-01-22 21:00:00,1.30,97,-1.90,,0.30,8.70,138
2026-01-22 22:00:00,0.90,99,-2.20,,0.60,7.60,135
2026-01-22 23:00:00,0.80,99,-2.30,,0.50,7.40,133
2026-01-23 00:00:00,0.60,99,-2.50,,0.40,7.10,135
2026-01-23 01:00:00,0.40,99,-2.70,,0.30,7.10,139
2026-01-23 02:00:00,0.30,98,-2.90,,0.30,7.40,141
2026-01-23 03:00:00,0.30,98,-2.90,,0.20,7.70,143
2026-01-23 04:00:00,0.30,98,-2.90,,0.10,7.40,141
2026-01-23 05:00:00,0.40,98,-2.80,,0.10,7.40,141
2026-01-23 06:00:00,0.40,98,-2.80,,0.10,7.70,139
2026-01-23 07:00:00,0.50,97,-2.90,,0.10,8.40,140
2026-01-23 08:00:00,0.40,97,-3.00,,0.00,9.20,138
2026-01-23 09:00:00,0.40,97,-3.10,,0.00,8.90,140
2026-01-23 10:00:00,0.30,97,-3.10,,0.00,8.90,140
2026-01-23 11:00:00,0.40,96,-3.00,,0.00,8.90,140
2026-01-23 12:00:00,0.50,95,-2.90,,0.00,7.90,141
2026-01-23 13:00:00,0.90,92,-2.50,,0.10,8.40,140
2026-01-23 14:00:00,1.10,90,-2.20,,0.00,7.90,137
2026-01-23 15:00:00,1.10,90,-2.20,,0.00,7.60,135
2026-01-23 16:00:00,1.20,90,-2.10,,0.00,7.40,133
2026-01-23 17:00:00,1.10,91,-2.20,,0.00,7.70,131
2026-01-23 18:00:00,0.90,93,-2.30,,0.00,7.10,131
2026-01-23 19:00:00,0.80,94,-2.40,,0.00,7.40,133
2026-01-23 20:00:00,0.70,95,-2.50,,0.00,7.40,133
2026-01-23 21:00:00,0.70,95,-2.40,,0.00,6.60,131
2026-01-23 22:00:00,0.70,96,-2.30,,0.00,6.40,137
2026-01-23 23:00:00,0.70,96,-2.40,,0.00,6.40,137
2026-01-24 00:00:00,0.60,96,-2.40,,0.00,6.10,140
2026-01-24 01:00:00,0.60,96,-2.30,,0.00,5.70,145
2026-01-24 02:00:00,0.60,97,-2.20,,0.00,4.70,148
2026-01-24 03:00:00,0.50,97,-2.30,,0.00,4.60,141
2026-01-24 04:00:00,0.60,97,-2.10,,0.00,4.30,138
2026-01-24 05:00:00,0.60,97,-2.10,,0.00,4.60,135
2026-01-24 06:00:00,0.60,98,-2.00,,0.00,4.10,135
2026-01-24 07:00:00,0.70,98,-2.00,,0.00,4.10,135
2026-01-24 08:00:00,0.80,98,-1.90,,0.00,4.60,135
2026-01-24 09:00:00,0.80,98,-1.90,,0.00,4.30,132
2026-01-24 10:00:00,1.00,97,-1.60,,0.00,3.80,139
2026-01-24 11:00:00,1.40,95,-1.20,,0.00,3.90,146
2026-01-24 12:00:00,1.60,95,-1.20,,0.00,5.50,157
2026-01-24 13:00:00,2.10,92,-0.80,,0.00,5.90,166
2026-01-24 14:00:00,2.70,88,-0.10,,0.00,5.50,148
2026-01-24 15:00:00,3.00,87,0.40,,0.00,4.60,129
2026-01-24 16:00:00,3.20,88,0.60,,0.00,5.20,146
2026-01-24 17:00:00,3.10,91,0.60,,0.00,4.10,135
2026-01-24 18:00:00,2.90,93,0.30,,0.00,5.00,120
2026-01-24 19:00:00,2.70,95,0.20,,0.00,4.50,119
2026-01-24 20:00:00,2.60,96,0.10,,0.00,4.70,122
2026-01-24 21:00:00,2.60,96,0.10,,0.00,4.80,138
2026-01-24 22:00:00,2.40,97,-0.10,,0.00,4.80,138
2026-01-24 23:00:00,2.40,97,-0.00,,0.00,4.40,145
2026-01-25 00:00:00,2.30,97,-0.00,,0.00,3.60,143
2026-01-25 01:00:00,2.30,97,-0.10,,0.00,3.40,148
2026-01-25 02:00:00,2.20,97,-0.00,,0.00,2.90,150
2026-01-25 03:00:00,2.20,97,-0.00,,0.00,2.70,157
2026-01-25 04:00:00,2.20,98,0.00,,0.00,2.30,162
2026-01-25 05:00:00,2.20,98,-0.00,,0.00,2.40,153
2026-01-25 06:00:00,2.20,98,-0.10,,0.00,3.20,153
2026-01-25 07:00:00,2.30,97,-0.10,,0.00,3.90,158
2026-01-25 08:00:00,2.30,97,-0.00,,0.00,3.70,169
2026-01-25 09:00:00,2.50,96,0.40,,0.00,2.20,189
2026-01-25 10:00:00,2.70,96,0.50,,0.00,2.50,188
2026-01-25 11:00:00,3.10,94,0.80,,0.00,3.20,180
2026-01-25 12:00:00,3.50,92,1.00,,0.00,4.70,176
2026-01-25 13:00:00,4.00,89,1.50,,0.00,5.40,180
2026-01-25 14:00:00,4.70,85,2.00,,0.00,6.50,186
2026-01-25 15:00:00,4.60,84,1.80,,0.00,6.90,189
2026-01-25 16:00:00,4.90,84,2.10,,0.00,7.30,169
2026-01-25 17:00:00,4.50,86,1.80,,0.00,7.00,168
2026-01-25 18:00:00,4.10,89,1.50,,0.00,6.30,167
2026-01-25 19:00:00,3.60,90,1.00,,0.00,5.80,173
2026-01-25 20:00:00,3.40,90,0.50,,0.00,7.10,165
2026-01-25 21:00:00,3.10,91,0.20,,0.00,7.30,171
2026-01-25 22:00:00,2.90,91,-0.10,,0.00,7.20,177
2026-01-25 23:00:00,2.80,91,-0.30,,0.00,8.30,180
2026-01-26 00:00:00,3.00,91,-0.10,,0.00,8.40,190
2026-01-26 01:00:00,3.00,89,-0.50,,0.00,11.20,201
2026-01-26 02:00:00,3.10,89,-0.30,,0.00,10.20,198
2026-01-26 03:00:00,3.10,90,-0.30,,0.00,10.10,197
2026-01-26 04:00:00,3.10,92,-0.20,,0.00,10.10,197
2026-01-26 05:00:00,3.10,93,-0.00,,0.00,9.50,189
2026-01-26 06:00:00,3.30,93,0.30,,0.00,8.50,192
2026-01-26 07:00:00,3.40,94,0.40,,0.00,8.80,192
2026-01-26 08:00:00,3.70,95,0.80,,0.00,9.20,191
2026-01-26 09:00:00,4.10,93,1.10,,0.00,9.50,191
2026-01-26 10:00:00,4.60,92,1.70,,0.00,9.30,196
2026-01-26 11:00:00,5.40,90,2.60,,0.00,8.80,192
2026-01-26 12:00:00,5.70,89,2.90,,0.00,9.40,184
2026-01-26 13:00:00,6.10,89,3.30,,0.00,9.80,174
2026-01-26 14:00:00,6.70,87,3.70,,0.00,11.60,173
2026-01-26 15:00:00,7.30,83,4.40,,0.00,11.20,174
2026-01-26 16:00:00,7.40,84,4.50,,0.00,11.50,180
2026-01-26 17:00:00,7.40,83,4.40,,0.00,11.50,180
2026-01-26 18:00:00,7.40,83,4.20,,0.00,13.00,185
2026-01-26 19:00:00,7.00,85,4.00,,0.00,11.90,182
2026-01-26 20:00:00,6.90,85,3.70,,0.00,12.60,193
2026-01-26 21:00:00,7.20,83,4.10,,0.00,11.70,191
2026-01-26 22:00:00,7.00,84,4.20,,0.00,10.50,184
2026-01-26 23:00:00,6.80,86,4.00,,0.00,10.10,178
2026-01-27 00:00:00,7.20,83,4.20,,0.00,11.50,182
2026-01-27 01:00:00,7.20,82,4.20,,0.00,11.20,186
2026-01-27 02:00:00,7.00,82,3.80,,0.00,12.70,205
2026-01-27 03:00:00,6.90,83,3.90,,0.00,11.20,195
2026-01-27 04:00:00,6.40,85,3.50,,0.00,10.40,194
2026-01-27 05:00:00,6.20,85,3.30,,0.00,10.40,194
2026-01-27 06:00:00,6.10,86,3.30,,0.00,9.20,201
2026-01-27 07:00:00,6.00,85,3.00,,0.00,10.50,207
2026-01-27 08:00:00,5.80,86,2.80,,0.00,10.80,206
2026-01-27 09:00:00,5.50,87,2.60,,0.00,9.30,196
2026-01-27 10:00:00,5.60,86,2.60,,0.00,9.90,199
2026-01-27 11:00:00,5.90,84,3.00,,0.00,9.70,195
2026-01-27 12:00:00,6.10,83,3.00,,0.00,10.70,194
2026-01-27 13:00:00,6.60,80,3.60,,0.00,10.50,186
2026-01-27 14:00:00,7.10,79,4.00,,0.00,10.80,184
2026-01-27 15:00:00,7.10,82,4.20,,0.00,10.40,182
2026-01-27 16:00:00,7.00,83,4.10,,0.00,10.10,182
2026-01-27 17:00:00,6.80,85,4.10,,0.00,9.70,180
2026-01-27 18:00:00,6.50,85,3.80,,0.00,9.00,182
2026-01-27 19:00:00,6.20,85,3.70,,0.00,7.20,180
2026-01-27 20:00:00,6.10,86,3.30,,0.00,9.00,185
2026-01-27 21:00:00,5.90,86,3.40,,0.00,6.80,180
2026-01-27 22:00:00,5.80,85,3.20,,0.00,7.20,186
2026-01-27 23:00:00,5.80,84,3.40,,0.00,5.60,195
2026-01-28 00:00:00,5.50,86,3.20,,0.00,5.40,160
2026-01-28 01:00:00,5.40,88,3.20,,0.00,4.30,156
2026-01-28 02:00:00,5.30,89,3.00,,0.00,5.00,150
2026-01-28 03:00:00,5.00,91,2.80,,0.00,5.20,146
2026-01-28 04:00:00,5.00,93,2.80,,0.00,5.40,160
2026-01-28 05:00:00,4.90,94,2.60,,0.00,6.40,164
2026-01-28 06:00:00,5.00,92,2.60,,0.00,6.00,155
2026-01-28 07:00:00,4.90,93,2.50,,0.00,6.60,167
2026-01-28 08:00:00,5.00,92,2.50,,0.00,6.80,155
2026-01-28 09:00:00,5.00,89,2.00,,0.00,9.40,178
2026-01-28 10:00:00,5.40,88,2.60,,0.00,8.50,168
2026-01-28 11:00:00,5.10,89,2.00,,0.00,10.80,178
2026-01-28 12:00:00,5.00,89,2.00,,0.00,10.30,168
2026-01-28 13:00:00,5.80,84,2.60,,0.00,11.20,165
2026-01-28 14:00:00,6.10,81,3.00,,0.00,10.70,166
2026-01-28 15:00:00,6.50,82,3.50,,0.00,10.40,160
2026-01-28 16:00:00,6.10,86,3.10,,0.00,10.60,162
2026-01-28 17:00:00,5.90,88,3.00,,0.00,10.00,159
2026-01-28 18:00:00,5.90,88,3.10,,0.00,9.60,160
2026-01-28 19:00:00,5.80,89,3.00,,0.00,9.90,161
2026-01-28 20:00:00,5.80,90,3.00,,0.00,9.70,165
2026-01-28 21:00:00,5.90,88,3.30,,0.00,8.60,165
2026-01-28 22:00:00,5.90,90,3.10,,0.00,9.80,172
2026-01-28 23:00:00,6.00,90,3.60,,0.00,7.30,160
2026-01-29 00:00:00,6.20,88,3.70,,0.00,8.00,153
2026-01-29 01:00:00,6.40,88,3.80,,0.00,8.70,156
2026-01-29 02:00:00,6.30,90,3.90,,0.00,7.90,156
2026-01-29 03:00:00,6.50,88,3.90,,0.00,8.90,166
2026-01-29 04:00:00,6.10,92,3.20,,0.00,11.10,167
2026-01-29 05:00:00,6.00,90,3.20,,0.00,10.20,172
2026-01-29 06:00:00,6.30,87,3.40,,0.00,10.50,172
2026-01-29 07:00:00,6.20,85,3.10,,0.00,11.30,171
2026-01-29 08:00:00,6.20,85,3.30,,0.00,9.80,172
2026-01-29 09:00:00,6.40,84,3.30,,0.00,10.90,172
2026-01-29 10:00:00,6.50,86,3.50,,0.00,10.80,176
2026-01-29 11:00:00,6.80,85,3.80,,0.00,11.20,174
2026-01-29 12:00:00,6.90,85,3.90,,0.00,11.20,174
2026-01-29 13:00:00,7.40,82,4.50,,0.00,10.80,180
2026-01-29 14:00:00,7.80,80,5.00,,0.00,10.50,184
2026-01-29 15:00:00,8.20,81,5.60,,0.00,9.10,187
2026-01-29 16:00:00,8.40,83,6.20,,0.00,7.70,191
2026-01-29 17:00:00,8.40,81,6.10,,0.00,7.40,203
2026-01-29 18:00:00,8.30,83,6.40,,0.00,5.10,188
2026-01-29 19:00:00,8.00,84,6.00,,0.00,6.00,205
2026-01-29 20:00:00,7.70,86,5.60,,0.00,6.80,205
2026-01-29 21:00:00,7.30,88,5.30,,0.00,6.00,205
2026-01-29 22:00:00,6.70,91,4.80,,0.00,5.40,200
2026-01-29 23:00:00,6.40,90,4.40,,0.00,5.60,220
2026-01-30 00:00:00,5.70,91,3.70,,0.00,4.90,216
2026-01-30 01:00:00,5.70,88,3.70,,0.00,4.20,211
2026-01-30 02:00:00,5.60,87,3.40,,0.00,4.80,228
2026-01-30 03:00:00,5.50,88,3.30,,0.00,5.10,225
2026-01-30 04:00:00,5.40,86,3.00,,0.00,5.10,231
2026-01-30 05:00:00,5.10,85,2.80,,0.00,4.90,234
2026-01-30 06:00:00,4.80,86,2.50,,0.00,3.90,236
2026-01-30 07:00:00,4.60,85,2.30,,0.00,3.60,233
2026-01-30 08:00:00,4.30,86,2.10,,0.00,3.30,221
2026-01-30 09:00:00,3.90,87,1.60,,0.00,3.30,221
2026-01-30 10:00:00,4.00,87,1.70,,0.00,3.30,221
2026-01-30 11:00:00,4.80,85,2.70,,0.00,2.60,214
2026-01-30 12:00:00,6.70,79,4.90,,0.00,1.90,202
2026-01-30 13:00:00,8.30,70,6.30,,0.00,2.40,207
2026-01-30 14:00:00,9.30,66,7.40,,0.00,2.60,196
2026-01-30 15:00:00,10.10,66,8.30,,0.00,2.60,164
2026-01-30 16:00:00,9.80,69,7.90,,0.00,4.10,142
2026-01-30 17:00:00,9.00,76,7.30,,0.00,3.30,131
2026-01-30 18:00:00,8.30,80,6.60,,0.00,3.30,139
2026-01-30 19:00:00,7.10,86,5.30,,0.00,3.90,146
2026-01-30 20:00:00,6.20,89,4.30,,0.00,4.20,149
2026-01-30 21:00:00,5.10,94,3.00,,0.00,4.70,148
2026-01-30 22:00:00,4.40,95,2.20,,0.00,5.20,146
2026-01-30 23:00:00,3.80,99,1.50,,0.00,5.50,148
2026-01-31 00:00:00,3.80,100,1.50,,0.00,5.50,148
2026-01-31 01:00:00,3.70,100,1.30,,0.00,6.00,155
2026-01-31 02:00:00,3.80,100,1.50,,0.00,5.50,157
2026-01-31 03:00:00,3.80,100,1.60,,0.00,5.40,143
2026-01-31 04:00:00,4.10,100,1.80,,0.00,5.60,140
2026-01-31 05:00:00,4.30,100,2.00,,0.00,5.90,142
2026-01-31 06:00:00,4.30,100,2.10,,0.00,6.10,140
2026-01-31 07:00:00,4.40,100,2.00,,0.00,6.90,137
2026-01-31 08:00:00,4.40,100,1.90,,0.00,7.70,143
2026-01-31 09:00:00,4.30,100,1.70,,0.10,7.90,141
2026-01-31 10:00:00,4.40,100,1.90,,0.10,8.10,148
2026-01-31 11:00:00,4.80,99,2.10,,0.00,9.40,148
2026-01-31 12:00:00,4.90,97,2.00,,0.00,11.20,147
2026-01-31 13:00:00,5.30,95,2.40,,0.00,10.80,154
2026-01-31 14:00:00,5.60,93,2.80,,0.10,9.90,161
2026-01-31 15:00:00,5.90,92,3.20,,0.10,9.30,164
2026-01-31 16:00:00,6.20,88,3.50,,0.10,9.30,167
2026-01-31 17:00:00,6.10,88,3.40,,0.00,9.50,169
2026-01-31 18:00:00,5.90,87,3.10,,0.00,9.70,178
2026-01-31 19:00:00,5.50,90,2.60,,0.40,10.10,186
2026-01-31 20:00:00,5.40,89,2.80,,0.40,7.60,180
2026-01-31 21:00:00,5.30,89,2.90,,0.30,6.60,171
2026-01-31 22:00:00,5.20,91,2.70,,0.00,7.00,168
2026-01-31 23:00:00,5.30,91,2.90,,0.00,6.50,174
2026-02-01 00:00:00,5.40,91,3.20,,0.00,5.40,184
2026-02-01 01:00:00,5.50,92,3.40,,0.00,4.90,197
2026-02-01 02:00:00,5.70,93,3.70,,0.00,4.30,204
2026-02-01 03:00:00,5.80,94,3.90,,0.00,4.60,225
2026-02-01 04:00:00,6.00,94,4.00,,0.10,5.40,250
2026-02-01 05:00:00,6.00,94,3.70,,0.00,7.30,279
2026-02-01 06:00:00,5.60,89,2.40,,0.00,12.40,300
2026-02-01 07:00:00,5.40,83,2.30,,0.00,10.00,296
2026-02-01 08:00:00,4.40,75,0.50,,0.00,12.40,300
2026-02-01 09:00:00,3.60,73,-0.30,,0.00,11.60,300
2026-02-01 10:00:00,3.30,73,-0.70,,0.00,11.90,299
2026-02-01 11:00:00,3.30,70,-0.90,,0.00,12.40,292
2026-02-01 12:00:00,3.20,67,-1.10,,0.00,12.50,288
2026-02-01 13:00:00,3.30,65,-0.90,,0.00,11.10,283
2026-02-01 14:00:00,3.50,63,-0.70,,0.00,11.30,279
2026-02-01 15:00:00,3.60,61,-0.90,,0.00,12.90,283
2026-02-01 16:00:00,3.50,60,-1.00,,0.00,12.80,286
2026-02-01 17:00:00,3.60,54,-1.10,,0.00,12.80,292
2026-02-01 18:00:00,3.50,58,-0.50,,0.00,8.90,291
2026-02-01 19:00:00,2.80,64,-0.90,,0.00,7.60,278
2026-02-01 20:00:00,2.20,69,-1.90,,0.00,11.00,281
2026-02-01 21:00:00,1.90,67,-2.00,,0.00,9.10,277
2026-02-01 22:00:00,1.80,69,-2.20,,0.00,9.80,276
2026-02-01 23:00:00,1.40,71,-2.60,,0.00,9.70,272
2026-02-02 00:00:00,1.60,73,-2.50,,0.00,10.60,280
2026-02-02 01:00:00,1.40,77,-2.60,,0.00,10.70,284
2026-02-02 02:00:00,1.10,78,-2.70,,0.00,9.20,281
2026-02-02 03:00:00,1.00,80,-2.80,,0.00,9.60,290
2026-02-02 04:00:00,0.60,83,-3.00,,0.00,7.70,281
2026-02-02 05:00:00,0.30,84,-3.10,,0.00,6.80,267
2026-02-02 06:00:00,0.20,85,-3.30,,0.00,6.90,276
2026-02-02 07:00:00,-0.10,85,-3.60,,0.00,7.20,267
2026-02-02 08:00:00,-0.30,85,-3.80,,0.00,7.20,270
2026-02-02 09:00:00,-0.20,85,-3.70,,0.00,6.90,261
2026-02-02 10:00:00,-0.10,83,-3.70,,0.00,7.00,258
2026-02-02 11:00:00,0.60,79,-3.20,,0.00,8.40,260
2026-02-02 12:00:00,1.50,71,-2.40,,0.00,9.00,272
2026-02-02 13:00:00,2.30,57,-2.00,,0.00,10.40,272
2026-02-02 14:00:00,2.20,57,-2.20,,0.00,10.90,276
2026-02-02 15:00:00,2.20,60,-1.80,,0.00,8.00,265
2026-02-02 16:00:00,2.30,56,-1.80,,0.00,8.30,275
2026-02-02 17:00:00,2.20,56,-2.00,,0.00,8.80,261
2026-02-02 18:00:00,1.70,66,-2.00,,0.00,6.80,252
2026-02-02 19:00:00,0.90,74,-2.50,,0.00,5.30,242
2026-02-02 20:00:00,0.60,72,-2.70,,0.00,4.70,247
2026-02-02 21:00:00,0.70,69,-2.60,,0.00,3.90,236
2026-02-02 22:00:00,0.50,68,-2.90,,0.00,4.50,241
2026-02-02 23:00:00,0.30,67,-3.10,,0.00,4.10,232
2026-02-03 00:00:00,0.40,67,-3.00,,0.00,4.20,239
2026-02-03 01:00:00,0.10,67,-3.30,,0.00,4.30,246
2026-02-03 02:00:00,-0.00,68,-3.50,,0.00,4.20,239
2026-02-03 03:00:00,0.20,70,-3.30,,0.00,4.70,238
2026-02-03 04:00:00,-0.00,72,-3.40,,0.00,4.20,250
2026-02-03 05:00:00,-0.10,76,-3.40,,0.00,4.10,255
2026-02-03 06:00:00,-0.20,78,-3.30,,0.00,3.70,259
2026-02-03 07:00:00,-0.30,80,-3.40,,0.00,3.60,270
2026-02-03 08:00:00,-0.40,80,-3.60,,0.00,4.00,275
2026-02-03 09:00:00,-0.50,81,-3.70,,0.00,3.70,281
2026-02-03 10:00:00,-0.50,80,-3.80,,0.00,5.00,291
2026-02-03 11:00:00,-0.20,80,-3.70,,0.00,6.30,294
2026-02-03 12:00:00,0.40,80,-3.10,,0.00,6.60,292
2026-02-03 13:00:00,1.30,62,-2.80,,0.00,8.40,295
2026-02-03 14:00:00,1.70,49,-2.90,,0.00,10.90,304
2026-02-03 15:00:00,1.90,47,-3.00,,0.00,11.90,299
2026-02-03 16:00:00,1.50,52,-3.20,,0.00,11.20,291
2026-02-03 17:00:00,1.00,57,-3.90,,0.00,13.20,292
2026-02-03 18:00:00,0.30,66,-4.10,,0.00,11.30,287
2026-02-03 19:00:00,-0.40,80,-4.60,,0.00,10.80,285
2026-02-03 20:00:00,-0.50,86,-4.60,,0.20,10.70,282
2026-02-03 21:00:00,-0.40,88,-4.40,,0.40,11.10,295
2026-02-03 22:00:00,-0.40,85,-4.40,,0.10,10.60,305
2026-02-03 23:00:00,-0.40,81,-4.40,,0.00,10.00,311
2026-02-04 00:00:00,-0.50,85,-4.40,,0.00,9.10,304
2026-02-04 01:00:00,-0.70,86,-4.50,,0.00,8.60,303
2026-02-04 02:00:00,-0.80,89,-4.60,,0.20,9.60,304
2026-02-04 03:00:00,-0.70,88,-4.60,,0.20,9.50,323
2026-02-04 04:00:00,-0.90,85,-4.80,,0.10,9.20,318
2026-02-04 05:00:00,-0.90,87,-4.80,,0.40,9.80,324
2026-02-04 06:00:00,-0.70,79,-4.80,,0.00,9.70,329
2026-02-04 07:00:00,-0.90,80,-4.70,,0.00,7.90,317
2026-02-04 08:00:00,-1.00,81,-4.80,,0.00,7.90,309
2026-02-04 09:00:00,-1.00,88,-4.60,,0.10,7.00,305
2026-02-04 10:00:00,-0.90,86,-4.70,,0.30,8.90,313
2026-02-04 11:00:00,-0.60,83,-4.50,,0.10,8.90,317
2026-02-04 12:00:00,-0.70,85,-4.60,,0.30,8.90,310
2026-02-04 13:00:00,-0.40,82,-4.30,,0.20,9.20,315
2026-02-04 14:00:00,0.10,72,-4.00,,0.00,9.20,312
2026-02-04 15:00:00,0.30,70,-3.80,,0.00,9.20,312
2026-02-04 16:00:00,0.10,74,-3.90,,0.00,9.20,315
2026-02-04 17:00:00,-0.40,84,-4.20,,0.40,8.90,320
2026-02-04 18:00:00,-0.30,78,-4.10,,0.20,8.10,328
2026-02-04 19:00:00,-0.50,80,-4.30,,0.00,8.00,324
2026-02-04 20:00:00,-0.60,83,-4.20,,0.10,6.90,321
2026-02-04 21:00:00,-0.90,87,-4.60,,0.50,8.50,332
2026-02-04 22:00:00,-0.90,84,-4.60,,0.20,7.90,336
2026-02-04 23:00:00,-1.00,81,-4.90,,0.00,8.40,353
2026-02-05 00:00:00,-1.00,85,-4.80,,0.00,8.00,355
2026-02-05 01:00:00,-1.20,84,-5.00,,0.10,7.60,355
2026-02-05 02:00:00,-1.40,86,-5.30,,0.20,8.80,348
2026-02-05 03:00:00,-1.50,83,-5.50,,0.30,9.10,351
2026-02-05 04:00:00,-1.60,79,-5.80,,0.10,9.40,2
2026-02-05 05:00:00,-1.90,80,-5.80,,0.00,7.60,3
2026-02-05 06:00:00,-2.30,87,-6.20,,0.10,8.30,355
2026-02-05 07:00:00,-2.30,84,-6.20,,0.10,8.10,347
2026-02-05 08:00:00,-2.30,79,-6.40,,0.00,8.90,346
2026-02-05 09:00:00,-2.40,87,-6.40,,0.00,8.70,343
2026-02-05 10:00:00,-2.10,85,-6.20,,0.00,9.20,349
2026-02-05 11:00:00,-1.70,82,-5.90,,0.00,10.20,352
2026-02-05 12:00:00,-1.40,79,-5.70,,0.00,10.70,340
2026-02-05 13:00:00,-0.80,76,-5.20,,0.00,11.20,339
2026-02-05 14:00:00,-0.30,70,-4.90,,0.00,12.10,337
2026-02-05 15:00:00,-0.40,68,-5.20,,0.00,13.40,336
2026-02-05 16:00:00,-0.50,67,-5.30,,0.00,13.20,334
2026-02-05 17:00:00,-0.70,67,-5.50,,0.00,13.40,333
2026-02-05 18:00:00,-1.10,69,-5.90,,0.00,13.10,328
2026-02-05 19:00:00,-1.40,73,-6.20,,0.00,13.20,338
2026-02-05 20:00:00,-1.80,81,-6.30,,0.10,12.50,342
2026-02-05 21:00:00,-1.90,82,-6.20,,0.10,10.80,345
2026-02-05 22:00:00,-2.00,84,-6.30,,0.00,10.90,352
2026-02-05 23:00:00,-2.20,85,-6.40,,0.00,10.10,354
2026-02-06 00:00:00,-2.00,83,-6.20,,0.00,10.10,356
2026-02-06 01:00:00,-2.10,84,-6.20,,0.00,9.40,360
2026-02-06 02:00:00,-2.20,85,-6.30,,0.00,9.00,358
2026-02-06 03:00:00,-1.80,83,-5.90,,0.10,9.40,7
2026-02-06 04:00:00,-2.00,83,-5.90,,0.00,8.40,10
2026-02-06 05:00:00,-2.00,84,-5.90,,0.00,8.10,13
2026-02-06 06:00:00,-1.80,84,-5.60,,0.00,7.90,24
2026-02-06 07:00:00,-1.80,85,-5.60,,0.00,7.60,25
2026-02-06 08:00:00,-1.80,85,-5.50,,0.00,7.10,24
2026-02-06 09:00:00,-1.90,84,-5.70,,0.00,7.60,31
2026-02-06 10:00:00,-1.70,83,-5.50,,0.00,7.40,43
2026-02-06 11:00:00,-1.30,80,-5.20,,0.00,7.70,49
2026-02-06 12:00:00,-1.00,77,-4.90,,0.00,7.90,60
2026-02-06 13:00:00,-0.70,72,-4.50,,0.00,7.10,49
2026-02-06 14:00:00,-0.50,73,-4.30,,0.00,6.90,47
2026-02-06 15:00:00,-0.50,73,-4.10,,0.00,5.60,40
2026-02-06 16:00:00,-0.50,71,-4.10,,0.00,5.60,45
2026-02-06 17:00:00,-0.70,80,-4.30,,0.00,6.10,40
2026-02-06 18:00:00,-0.90,83,-4.40,,0.00,5.70,35
2026-02-06 19:00:00,-1.00,79,-4.60,,0.00,6.40,38
2026-02-06 20:00:00,-1.20,70,-5.20,,0.00,7.60,45
2026-02-06 21:00:00,-1.20,70,-4.90,,0.00,5.20,34
2026-02-06 22:00:00,-1.50,79,-5.40,,0.00,7.80,56
2026-02-06 23:00:00,-1.80,69,-6.00,,0.00,8.50,54
2026-02-07 00:00:00,-2.10,66,-6.00,,0.00,5.90,38
2026-02-07 01:00:00,-2.30,70,-6.00,,0.00,4.90,36
2026-02-07 02:00:00,-2.60,67,-6.60,,0.00,6.60,45
2026-02-07 03:00:00,-2.80,71,-6.70,,0.00,5.80,30
2026-02-07 04:00:00,-3.10,76,-6.90,,0.00,5.70,18
2026-02-07 05:00:00,-3.20,77,-7.00,,0.00,6.20,21
2026-02-07 06:00:00,-3.00,76,-6.90,,0.00,6.70,16
2026-02-07 07:00:00,-2.90,76,-7.00,,0.00,7.40,23
2026-02-07 08:00:00,-2.90,77,-6.90,,0.00,7.40,23
2026-02-07 09:00:00,-2.90,78,-6.90,,0.00,7.00,21
2026-02-07 10:00:00,-2.60,78,-6.50,,0.00,7.40,23
2026-02-07 11:00:00,-2.00,76,-6.10,,0.00,8.00,27
2026-02-07 12:00:00,-1.40,78,-5.40,,0.00,8.60,22
2026-02-07 13:00:00,-1.00,78,-5.10,,0.00,9.40,32
2026-02-07 14:00:00,-1.10,77,-5.40,,0.00,10.40,44
2026-02-07 15:00:00,-1.20,78,-5.50,,0.00,10.70,42
2026-02-07 16:00:00,-1.40,71,-5.80,,0.00,10.20,48
2026-02-07 17:00:00,-1.50,71,-5.90,,0.00,10.20,51
2026-02-07 18:00:00,-2.00,73,-6.40,,0.00,10.30,54
2026-02-07 19:00:00,-2.50,73,-7.10,,0.00,11.10,61
2026-02-07 20:00:00,-2.90,70,-7.60,,0.00,11.80,67
2026-02-07 21:00:00,-3.90,70,-8.80,,0.00,11.70,72
2026-02-07 22:00:00,-4.70,74,-9.70,,0.00,12.40,80
2026-02-07 23:00:00,-5.30,70,-10.20,,0.00,11.30,83
2026-02-08 00:00:00,-5.30,71,-10.00,,0.00,10.20,80
2026-02-08 01:00:00,-5.40,70,-9.90,,0.00,8.90,76
2026-02-08 02:00:00,-5.20,69,-9.80,,0.00,9.00,85
2026-02-08 03:00:00,-5.10,73,-9.50,,0.00,8.70,83
2026-02-08 04:00:00,-5.00,74,-9.40,,0.00,8.80,81
2026-02-08 05:00:00,-4.90,76,-9.30,,0.00,8.70,73
2026-02-08 06:00:00,-5.20,77,-9.60,,0.00,8.50,78
2026-02-08 07:00:00,-5.30,78,-9.70,,0.00,8.80,81
2026-02-08 08:00:00,-5.50,78,-9.90,,0.00,8.40,83
2026-02-08 09:00:00,-5.60,77,-9.90,,0.00,7.30,81
2026-02-08 10:00:00,-5.70,80,-9.90,,0.00,7.70,79
2026-02-08 11:00:00,-5.70,80,-9.90,,0.00,7.30,79
2026-02-08 12:00:00,-5.70,80,-9.90,,0.00,6.70,74
2026-02-08 13:00:00,-5.40,79,-9.50,,0.00,6.70,74
2026-02-08 14:00:00,-5.10,78,-9.20,,0.00,6.80,72
2026-02-08 15:00:00,-4.90,79,-9.10,,0.00,7.30,70
2026-02-08 16:00:00,-4.90,79,-9.10,,0.00,7.60,71
2026-02-08 17:00:00,-5.00,81,-9.20,,0.00,7.30,70
2026-02-08 18:00:00,-5.30,80,-9.40,,0.00,6.70,74
2026-02-08 19:00:00,-5.30,80,-9.50,,0.00,7.40,76
2026-02-08 20:00:00,-5.40,80,-9.70,,0.00,8.00,82
2026-02-08 21:00:00,-5.80,78,-10.10,,0.00,7.20,90
2026-02-08 22:00:00,-5.80,79,-9.80,,0.00,5.80,90
2026-02-08 23:00:00,-6.10,82,-10.20,,0.00,6.50,90
2026-02-09 00:00:00,-6.40,83,-10.60,,0.00,7.20,93
2026-02-09 01:00:00,-6.50,83,-10.70,,0.00,6.80,93
2026-02-09 02:00:00,-6.60,82,-10.80,,0.00,6.50,90
2026-02-09 03:00:00,-6.60,83,-10.50,,0.00,5.00,90
2026-02-09 04:00:00,-6.70,84,-10.50,,0.00,4.70,81
2026-02-09 05:00:00,-6.80,85,-10.70,,0.00,4.70,67
2026-02-09 06:00:00,-7.10,87,-11.10,,0.00,5.20,56
2026-02-09 07:00:00,-7.40,87,-11.40,,0.00,5.80,60
2026-02-09 08:00:00,-7.50,87,-11.50,,0.00,5.50,67
2026-02-09 09:00:00,-7.60,88,-11.60,,0.00,5.60,63
2026-02-09 10:00:00,-7.50,88,-11.50,,0.00,5.60,63
2026-02-09 11:00:00,-7.30,87,-11.40,,0.00,6.30,59
2026-02-09 12:00:00,-7.30,88,-11.30,,0.00,5.60,50
2026-02-09 13:00:00,-6.90,86,-10.90,,0.00,5.60,45
2026-02-09 14:00:00,-6.50,84,-10.50,,0.00,5.70,35
2026-02-09 15:00:00,-5.60,81,-9.60,,0.00,6.00,33
2026-02-09 16:00:00,-5.70,82,-9.80,,0.00,6.40,38
2026-02-09 17:00:00,-5.90,84,-10.00,,0.00,6.60,45
2026-02-09 18:00:00,-6.30,84,-10.40,,0.00,6.40,52
2026-02-09 19:00:00,-6.50,86,-10.60,,0.00,6.50,56
2026-02-09 20:00:00,-6.60,86,-10.80,,0.00,6.80,58
2026-02-09 21:00:00,-7.50,88,-11.60,,0.00,6.40,63
2026-02-09 22:00:00,-7.50,89,-11.70,,0.00,6.80,72
2026-02-09 23:00:00,-7.80,90,-11.90,,0.00,6.60,77
2026-02-10 00:00:00,-8.30,90,-12.40,,0.00,5.90,76
2026-02-10 01:00:00,-8.30,89,-12.40,,0.00,5.90,76
2026-02-10 02:00:00,-8.30,86,-12.40,,0.00,5.50,79
2026-02-10 03:00:00,-8.20,83,-12.00,,0.00,3.90,56
2026-02-10 04:00:00,-8.10,84,-12.00,,0.00,4.30,48
2026-02-10 05:00:00,-8.10,86,-12.20,,0.00,5.40,37
2026-02-10 06:00:00,-8.50,88,-12.70,,0.00,6.60,29
2026-02-10 07:00:00,-8.50,88,-12.70,,0.00,6.40,27
2026-02-10 08:00:00,-8.60,89,-12.80,,0.00,6.10,28
2026-02-10 09:00:00,-8.60,90,-12.70,,0.00,5.60,15
2026-02-10 10:00:00,-8.50,90,-12.60,,0.00,5.80,22
2026-02-10 11:00:00,-8.20,89,-12.20,,0.00,5.60,27
2026-02-10 12:00:00,-7.50,88,-11.50,,0.00,5.50,11
2026-02-10 13:00:00,-7.00,85,-11.00,,0.00,5.50,11
2026-02-10 14:00:00,-6.40,84,-10.40,,0.00,5.90,11
2026-02-10 15:00:00,-5.50,82,-9.50,,0.00,6.60,9
2026-02-10 16:00:00,-5.40,82,-9.50,,0.00,6.70,16
2026-02-10 17:00:00,-5.40,82,-9.40,,0.00,6.60,13
2026-02-10 18:00:00,-5.30,81,-9.30,,0.00,6.20,7
2026-02-10 19:00:00,-5.40,82,-9.30,,0.00,5.80,7
2026-02-10 20:00:00,-5.20,81,-9.20,,0.00,6.00,17
2026-02-10 21:00:00,-5.80,79,-10.00,,0.00,7.30,33
2026-02-10 22:00:00,-6.10,81,-10.40,,0.00,7.40,47
2026-02-10 23:00:00,-6.80,83,-11.00,,0.00,7.00,55
2026-02-11 00:00:00,-7.40,86,-11.50,,0.00,5.80,60
2026-02-11 01:00:00,-7.60,86,-11.70,,0.00,6.00,65
2026-02-11 02:00:00,-7.90,87,-11.90,,0.00,5.70,72
2026-02-11 03:00:00,-8.10,87,-12.20,,0.00,5.70,72
2026-02-11 04:00:00,-8.10,87,-12.10,,0.00,5.00,69
2026-02-11 05:00:00,-8.10,86,-12.20,,0.00,5.60,63
2026-02-11 06:00:00,-8.20,84,-12.30,,0.00,5.60,63
2026-02-11 07:00:00,-8.30,81,-12.60,,0.00,6.30,66
2026-02-11 08:00:00,-8.50,81,-12.70,,0.00,6.00,73
2026-02-11 09:00:00,-8.40,82,-12.70,,0.00,6.20,69
2026-02-11 10:00:00,-8.20,80,-12.60,,0.00,6.80,72
2026-02-11 11:00:00,-7.90,79,-12.30,,0.00,7.20,72
2026-02-11 12:00:00,-7.40,80,-11.60,,0.00,5.80,68
2026-02-11 13:00:00,-7.10,79,-11.20,,0.00,5.80,60
2026-02-11 14:00:00,-6.70,78,-10.80,,0.00,6.00,57
2026-02-11 15:00:00,-6.00,77,-10.10,,0.00,5.90,47
2026-02-11 16:00:00,-6.00,77,-10.20,,0.00,6.40,43
2026-02-11 17:00:00,-6.10,78,-10.30,,0.00,6.50,34
2026-02-11 18:00:00,-6.30,78,-10.50,,0.00,7.00,21
2026-02-11 19:00:00,-6.60,79,-10.70,,0.00,5.70,18
2026-02-11 20:00:00,-6.90,80,-10.90,,0.00,4.90,17
2026-02-11 21:00:00,-7.30,81,-11.30,,0.00,5.20,12
2026-02-11 22:00:00,-7.20,82,-11.20,,0.00,5.00,30
2026-02-11 23:00:00,-7.20,84,-11.30,,0.00,6.30,59
2026-02-12 00:00:00,-7.40,87,-11.50,,0.00,6.20,69
2026-02-12 01:00:00,-7.50,82,-11.50,,0.00,4.70,67
2026-02-12 02:00:00,-7.80,80,-11.50,,0.00,2.90,30
2026-02-12 03:00:00,-8.40,84,-12.00,,0.00,2.30,18
2026-02-12 04:00:00,-8.80,87,-12.50,,0.00,2.60,34
2026-02-12 05:00:00,-8.90,90,-12.60,,0.00,2.90,30
2026-02-12 06:00:00,-9.10,90,-12.80,,0.00,2.60,16
2026-02-12 07:00:00,-9.30,91,-12.90,,0.00,2.20,360
2026-02-12 08:00:00,-9.60,92,-13.30,,0.00,2.20,351
2026-02-12 09:00:00,-9.60,91,-13.40,,0.00,2.90,360
2026-02-12 10:00:00,-8.90,85,-12.90,,0.00,4.40,9
2026-02-12 11:00:00,-7.80,80,-11.70,,0.00,4.60,18
2026-02-12 12:00:00,-7.00,81,-10.80,,0.00,4.30,24
2026-02-12 13:00:00,-6.10,76,-9.80,,0.00,3.40,32
2026-02-12 14:00:00,-5.40,74,-9.00,,0.00,2.80,40
2026-02-12 15:00:00,-4.30,73,-7.90,,0.00,3.10,45
2026-02-12 16:00:00,-4.10,73,-7.70,,0.00,3.30,49
2026-02-12 17:00:00,-4.30,75,-7.90,,0.00,3.60,45
2026-02-12 18:00:00,-4.60,76,-8.10,,0.00,3.10,45
2026-02-12 19:00:00,-5.30,81,-8.70,,0.00,2.20,81
2026-02-12 20:00:00,-5.90,85,-9.30,,0.00,2.60,124
2026-02-12 21:00:00,-6.80,87,-10.30,,0.00,2.60,164
2026-02-12 22:00:00,-7.10,88,-10.60,,0.00,2.50,180
2026-02-12 23:00:00,-7.30,88,-10.80,,0.00,1.80,191
2026-02-13 00:00:00,-8.20,91,-11.70,,0.00,1.50,135
2026-02-13 01:00:00,-8.30,91,-11.90,,0.00,2.10,149
2026-02-13 02:00:00,-8.60,92,-12.20,,0.00,2.30,162
2026-02-13 03:00:00,-9.10,93,-12.70,,0.00,2.40,153
2026-02-13 04:00:00,-9.30,94,-12.90,,0.00,2.60,164
2026-02-13 05:00:00,-9.50,95,-13.20,,0.00,2.50,172
2026-02-13 06:00:00,-10.00,97,-13.60,,0.00,2.20,171
2026-02-13 07:00:00,-10.40,98,-14.10,,0.00,2.20,180
2026-02-13 08:00:00,-10.60,98,-14.30,,0.00,2.20,189
2026-02-13 09:00:00,-10.80,98,-14.40,,0.00,1.80,180
2026-02-13 10:00:00,-9.50,93,-13.20,,0.00,2.90,173
2026-02-13 11:00:00,-7.80,84,-11.50,,0.00,3.40,162
2026-02-13 12:00:00,-5.30,79,-9.20,,0.00,5.40,160
2026-02-13 13:00:00,-4.00,73,-7.90,,0.00,5.40,160
2026-02-13 14:00:00,-2.90,69,-6.80,,0.00,5.80,158
2026-02-13 15:00:00,-0.90,65,-4.60,,0.00,5.20,155
2026-02-13 16:00:00,-0.80,64,-4.60,,0.00,5.50,157
2026-02-13 17:00:00,-0.80,68,-4.60,,0.00,6.00,147
2026-02-13 18:00:00,-0.60,64,-4.40,,0.00,5.70,145
2026-02-13 19:00:00,-1.50,69,-5.20,,0.00,4.70,148
2026-02-13 20:00:00,-2.30,71,-6.00,,0.00,4.70,157
2026-02-13 21:00:00,-3.10,73,-6.70,,0.00,4.30,156
2026-02-13 22:00:00,-3.50,74,-7.10,,0.00,4.10,165
2026-02-13 23:00:00,-3.70,75,-7.40,,0.00,4.10,165
2026-02-14 00:00:00,-4.10,76,-7.80,,0.00,4.10,165
2026-02-14 01:00:00,-4.20,74,-7.90,,0.00,4.00,170
2026-02-14 02:00:00,-4.30,71,-8.10,,0.00,4.30,175
2026-02-14 03:00:00,-4.60,75,-8.30,,0.00,4.00,170
2026-02-14 04:00:00,-4.90,74,-8.70,,0.00,4.30,180
2026-02-14 05:00:00,-5.20,76,-9.00,,0.00,4.70,180
2026-02-14 06:00:00,-5.00,78,-8.80,,0.00,4.70,184
2026-02-14 07:00:00,-5.10,79,-9.00,,0.00,5.10,188
2026-02-14 08:00:00,-5.10,80,-9.00,,0.00,5.50,191
2026-02-14 09:00:00,-4.90,82,-8.80,,0.00,5.40,200
2026-02-14 10:00:00,-3.90,79,-7.90,,0.00,6.40,196
2026-02-14 11:00:00,-2.60,77,-6.60,,0.00,7.50,197
2026-02-14 12:00:00,-1.20,74,-5.10,,0.00,7.40,194
2026-02-14 13:00:00,-0.10,72,-3.90,,0.00,7.70,208
2026-02-14 14:00:00,0.30,70,-3.50,,0.00,7.40,219
2026-02-14 15:00:00,0.80,70,-2.80,,0.00,6.40,227
2026-02-14 16:00:00,0.50,78,-3.30,,0.10,8.40,230
2026-02-14 17:00:00,-0.20,93,-3.40,,0.50,6.10,230
2026-02-14 18:00:00,0.00,95,-3.00,,0.60,5.60,230
2026-02-14 19:00:00,0.10,95,-3.00,,0.50,6.30,239
2026-02-14 20:00:00,0.20,96,-3.00,,0.50,6.80,252
2026-02-14 21:00:00,0.30,96,-2.90,,0.50,6.90,276
2026-02-14 22:00:00,0.10,93,-3.50,,0.30,9.10,304
2026-02-14 23:00:00,-0.60,90,-4.40,,0.10,9.40,320
2026-02-15 00:00:00,-1.30,89,-5.50,,0.10,11.20,327
2026-02-15 01:00:00,-2.10,88,-6.40,,0.20,11.30,329
2026-02-15 02:00:00,-2.70,86,-7.20,,0.10,11.60,330
2026-02-15 03:00:00,-3.40,85,-8.00,,0.00,12.10,333
2026-02-15 04:00:00,-4.40,81,-9.30,,0.00,13.40,333
2026-02-15 05:00:00,-5.30,79,-10.40,,0.00,13.40,336
2026-02-15 06:00:00,-5.80,86,-10.40,,0.00,10.80,323
2026-02-15 07:00:00,-6.70,77,-12.20,,0.00,15.60,322
2026-02-15 08:00:00,-7.60,78,-13.00,,0.00,14.30,319
2026-02-15 09:00:00,-7.60,80,-12.50,,0.00,10.90,316
2026-02-15 10:00:00,-7.10,80,-12.10,,0.00,12.20,313
2026-02-15 11:00:00,-6.60,70,-11.90,,0.00,13.80,332
2026-02-15 12:00:00,-6.40,69,-11.60,,0.00,12.70,335
2026-02-15 13:00:00,-5.80,65,-10.80,,0.00,11.60,334
2026-02-15 14:00:00,-5.50,63,-10.50,,0.00,10.80,330
2026-02-15 15:00:00,-5.40,61,-10.30,,0.00,10.50,319
2026-02-15 16:00:00,-5.20,62,-10.10,,0.00,10.20,312
2026-02-15 17:00:00,-5.60,68,-10.40,,0.00,10.70,310
2026-02-15 18:00:00,-5.60,64,-10.30,,0.00,9.00,307
2026-02-15 19:00:00,-5.90,67,-10.20,,0.00,6.10,298
2026-02-15 20:00:00,-6.30,71,-10.30,,0.00,4.70,274
2026-02-15 21:00:00,-6.50,71,-10.50,,0.00,4.50,256
2026-02-15 22:00:00,-7.10,73,-11.40,,0.00,6.40,254
2026-02-15 23:00:00,-7.50,82,-11.70,,0.00,6.60,261
2026-02-16 00:00:00,-7.10,82,-11.50,,0.00,7.60,273
2026-02-16 01:00:00,-7.50,78,-11.80,,0.00,7.30,279
2026-02-16 02:00:00,-7.80,76,-12.20,,0.00,7.30,279
2026-02-16 03:00:00,-7.80,74,-12.30,,0.00,7.30,281
2026-02-16 04:00:00,-8.30,75,-12.60,,0.00,5.80,274
2026-02-16 05:00:00,-8.70,76,-12.80,,0.00,4.70,261
2026-02-16 06:00:00,-9.10,78,-13.20,,0.00,4.60,252
2026-02-16 07:00:00,-9.20,78,-13.30,,0.00,4.30,246
2026-02-16 08:00:00,-9.20,78,-13.10,,0.00,3.50,246
2026-02-16 09:00:00,-9.20,88,-12.80,,0.20,1.80,281
2026-02-16 10:00:00,-8.30,88,-12.20,,0.90,4.30,312
2026-02-16 11:00:00,-7.00,81,-11.40,,0.30,7.90,344
2026-02-16 12:00:00,-5.70,69,-10.20,,0.00,8.30,342
2026-02-16 13:00:00,-5.20,66,-9.70,,0.00,8.20,331
2026-02-16 14:00:00,-4.60,57,-9.20,,0.00,8.20,319
2026-02-16 15:00:00,-4.10,46,-8.80,,0.00,7.90,300
2026-02-16 16:00:00,-4.10,46,-8.90,,0.00,8.60,292
2026-02-16 17:00:00,-4.60,50,-9.30,,0.00,8.20,285
2026-02-16 18:00:00,-5.00,55,-9.30,,0.00,6.10,270
2026-02-16 19:00:00,-5.80,57,-9.80,,0.00,4.00,260
2026-02-16 20:00:00,-6.20,57,-10.20,,0.00,3.60,276
2026-02-16 21:00:00,-7.10,60,-11.20,,0.00,4.20,250
2026-02-16 22:00:00,-7.80,61,-11.90,,0.00,3.70,241
2026-02-16 23:00:00,-8.10,63,-12.10,,0.00,3.30,229
2026-02-17 00:00:00,-8.80,66,-12.80,,0.00,3.20,243
2026-02-17 01:00:00,-8.70,68,-12.60,,0.00,2.90,240
2026-02-17 02:00:00,-8.70,72,-12.50,,0.00,2.70,247
2026-02-17 03:00:00,-9.60,87,-13.10,,0.00,1.40,270
2026-02-17 04:00:00,-9.60,91,-13.20,,0.10,2.00,315
2026-02-17 05:00:00,-9.60,92,-13.30,,0.10,2.80,310
2026-02-17 06:00:00,-9.60,90,-13.60,,0.00,4.30,318
2026-02-17 07:00:00,-10.10,89,-14.30,,0.00,5.60,315
2026-02-17 08:00:00,-10.30,83,-14.70,,0.00,6.10,315
2026-02-17 09:00:00,-11.00,81,-15.20,,0.00,4.90,306
2026-02-17 10:00:00,-10.00,82,-14.50,,0.00,6.90,309
2026-02-17 11:00:00,-8.90,78,-13.30,,0.00,6.90,313
2026-02-17 12:00:00,-7.00,68,-11.20,,0.00,5.40,312
2026-02-17 13:00:00,-6.00,53,-10.70,,0.00,7.90,321
2026-02-17 14:00:00,-5.40,46,-10.10,,0.00,7.70,311
2026-02-17 15:00:00,-4.40,39,-9.10,,0.00,7.50,305
2026-02-17 16:00:00,-4.50,42,-9.20,,0.00,7.50,287
2026-02-17 17:00:00,-4.80,49,-9.30,,0.00,7.00,258
2026-02-17 18:00:00,-4.80,50,-9.20,,0.00,5.80,240
2026-02-17 19:00:00,-6.10,53,-10.40,,0.00,5.50,238
2026-02-17 20:00:00,-6.80,54,-11.20,,0.00,5.20,236
2026-02-17 21:00:00,-7.60,55,-12.00,,0.00,5.50,238
2026-02-17 22:00:00,-8.10,57,-12.50,,0.00,5.40,233
2026-02-17 23:00:00,-8.40,58,-12.80,,0.00,5.70,235
2026-02-18 00:00:00,-8.70,61,-13.20,,0.00,5.80,240
2026-02-18 01:00:00,-9.00,62,-13.50,,0.00,6.10,242
2026-02-18 02:00:00,-9.10,65,-13.60,,0.00,6.30,239
2026-02-18 03:00:00,-9.20,68,-13.60,,0.00,5.80,240
2026-02-18 04:00:00,-9.40,69,-13.90,,0.00,6.10,242
2026-02-18 05:00:00,-9.60,71,-14.00,,0.00,6.10,242
2026-02-18 06:00:00,-10.20,74,-14.50,,0.00,5.30,242
2026-02-18 07:00:00,-10.30,74,-14.70,,0.00,5.50,238
2026-02-18 08:00:00,-10.50,74,-14.90,,0.00,5.70,235
2026-02-18 09:00:00,-10.50,75,-14.90,,0.00,5.70,235
2026-02-18 10:00:00,-9.10,72,-13.50,,0.00,6.50,236
2026-02-18 11:00:00,-7.40,69,-11.90,,0.00,7.70,242
2026-02-18 12:00:00,-5.10,61,-9.60,,0.00,7.60,245
2026-02-18 13:00:00,-3.90,59,-8.40,,0.00,7.90,246
2026-02-18 14:00:00,-3.00,54,-7.60,,0.00,8.70,246
2026-02-18 15:00:00,-2.30,50,-6.90,,0.00,8.30,252
2026-02-18 16:00:00,-2.40,50,-6.90,,0.00,7.80,248
2026-02-18 17:00:00,-2.50,50,-6.90,,0.00,7.10,246
2026-02-18 18:00:00,-2.90,51,-7.20,,0.00,6.00,245
2026-02-18 19:00:00,-4.00,55,-7.90,,0.00,3.90,236
2026-02-18 20:00:00,-5.00,58,-9.00,,0.00,4.10,225
2026-02-18 21:00:00,-5.60,59,-9.70,,0.00,4.80,222
2026-02-18 22:00:00,-6.20,60,-10.40,,0.00,5.10,225
2026-02-18 23:00:00,-6.70,60,-11.00,,0.00,5.40,228
2026-02-19 00:00:00,-7.00,62,-11.30,,0.00,5.40,233
2026-02-19 01:00:00,-7.40,63,-11.80,,0.00,5.90,232
2026-02-19 02:00:00,-7.60,65,-12.00,,0.00,6.20,234
2026-02-19 03:00:00,-7.70,66,-12.00,,0.00,6.20,234
2026-02-19 04:00:00,-7.90,67,-12.40,,0.00,6.60,241
2026-02-19 05:00:00,-8.00,67,-12.60,,0.00,7.40,241
2026-02-19 06:00:00,-8.10,68,-12.60,,0.00,7.10,246
2026-02-19 07:00:00,-8.10,68,-12.60,,0.00,7.60,245
2026-02-19 08:00:00,-8.30,68,-13.00,,0.00,7.90,254
2026-02-19 09:00:00,-8.00,68,-12.60,,0.00,7.90,254
2026-02-19 10:00:00,-7.10,68,-11.70,,0.00,8.50,258
2026-02-19 11:00:00,-5.50,66,-10.00,,0.00,8.00,260
2026-02-19 12:00:00,-4.10,64,-8.40,,0.00,7.60,265
2026-02-19 13:00:00,-2.60,62,-7.00,,0.00,8.30,265
2026-02-19 14:00:00,-1.70,59,-6.10,,0.00,8.60,272
2026-02-19 15:00:00,-1.10,47,-5.90,,0.00,10.00,291
2026-02-19 16:00:00,-0.90,45,-5.60,,0.00,9.60,290
2026-02-19 17:00:00,-1.10,46,-5.80,,0.00,9.70,285
2026-02-19 18:00:00,-1.00,52,-5.60,,0.00,9.40,277
2026-02-19 19:00:00,-2.00,60,-6.20,,0.00,7.30,261
2026-02-19 20:00:00,-2.70,64,-6.80,,0.00,6.60,257
2026-02-19 21:00:00,-3.00,69,-7.10,,0.00,6.90,264
2026-02-19 22:00:00,-3.70,76,-7.70,,0.10,6.80,270
2026-02-19 23:00:00,-4.10,85,-8.10,,0.20,7.20,276
2026-02-20 00:00:00,-3.80,88,-7.70,,0.00,6.80,295
2026-02-20 01:00:00,-4.10,91,-8.10,,0.10,8.30,326
2026-02-20 02:00:00,-4.10,87,-8.40,,0.00,9.70,15
2026-02-20 03:00:00,-4.70,75,-9.10,,0.00,8.60,15
2026-02-20 04:00:00,-5.30,78,-9.20,,0.00,5.10,352
2026-02-20 05:00:00,-6.00,81,-10.00,,0.00,5.70,342
2026-02-20 06:00:00,-6.60,82,-10.70,,0.00,6.10,332
2026-02-20 07:00:00,-7.10,82,-11.20,,0.00,6.10,332
2026-02-20 08:00:00,-7.50,84,-11.60,,0.00,5.80,330
2026-02-20 09:00:00,-7.70,84,-11.70,,0.00,5.50,337
2026-02-20 10:00:00,-6.80,81,-11.10,,0.00,6.90,351
2026-02-20 11:00:00,-5.60,78,-9.90,,0.00,7.60,360
2026-02-20 12:00:00,-4.40,68,-9.00,,0.00,9.00,2
2026-02-20 13:00:00,-3.80,54,-9.00,,0.00,12.00,9
2026-02-20 14:00:00,-3.60,50,-8.70,,0.00,11.30,7
2026-02-20 15:00:00,-3.80,56,-8.70,,0.00,10.50,4
2026-02-20 16:00:00,-3.80,57,-8.50,,0.00,9.40,2
2026-02-20 17:00:00,-4.20,59,-8.90,,0.00,9.40,358
2026-02-20 18:00:00,-4.30,59,-8.90,,0.00,8.60,358
2026-02-20 19:00:00,-4.70,62,-9.10,,0.00,6.80,3
2026-02-20 20:00:00,-5.20,66,-9.30,,0.00,5.80,7
2026-02-20 21:00:00,-5.30,67,-9.40,,0.00,5.90,14
2026-02-20 22:00:00,-5.70,67,-9.80,,0.00,5.40,4
2026-02-20 23:00:00,-5.90,65,-10.20,,0.00,6.30,13
2026-02-21 00:00:00,-6.30,65,-10.50,,0.00,5.90,14
2026-02-21 01:00:00,-6.60,66,-10.70,,0.00,4.80,13
2026-02-21 02:00:00,-6.70,65,-10.70,,0.00,4.00,355
2026-02-21 03:00:00,-6.50,64,-10.60,,0.00,4.70,360
2026-02-21 04:00:00,-6.70,65,-10.80,,0.00,4.70,360
2026-02-21 05:00:00,-6.90,65,-10.90,,0.00,4.00,10
2026-02-21 06:00:00,-7.30,67,-11.30,,0.00,3.80,17
2026-02-21 07:00:00,-7.70,69,-11.70,,0.00,4.10,15
2026-02-21 08:00:00,-8.10,71,-12.10,,0.00,4.20,20
2026-02-21 09:00:00,-8.00,69,-12.00,,0.00,4.20,20
2026-02-21 10:00:00,-7.50,68,-11.80,,0.00,5.50,23
2026-02-21 11:00:00,-6.50,65,-10.80,,0.00,6.30,31
2026-02-21 12:00:00,-5.50,55,-10.10,,0.00,7.60,45
2026-02-21 13:00:00,-5.00,53,-9.60,,0.00,7.40,47
2026-02-21 14:00:00,-4.70,53,-9.20,,0.00,6.60,45
2026-02-21 15:00:00,-4.20,52,-8.60,,0.00,6.40,38
2026-02-21 16:00:00,-4.20,53,-8.60,,0.00,6.10,40
2026-02-21 17:00:00,-4.30,55,-8.60,,0.00,5.60,40
2026-02-21 18:00:00,-4.80,55,-9.00,,0.00,5.10,45
2026-02-21 19:00:00,-5.30,56,-9.30,,0.00,4.00,63
2026-02-21 20:00:00,-5.70,58,-9.60,,0.00,3.10,69
2026-02-21 21:00:00,-6.80,65,-10.60,,0.00,2.40,63
2026-02-21 22:00:00,-7.20,68,-11.00,,0.00,2.60,74
2026-02-21 23:00:00,-7.60,71,-11.40,,0.00,2.60,74
2026-02-22 00:00:00,-8.50,76,-12.10,,0.00,1.50,76
2026-02-22 01:00:00,-8.80,77,-12.50,,0.00,1.90,112
2026-02-22 02:00:00,-9.20,78,-12.90,,0.00,2.00,135
2026-02-22 03:00:00,-9.70,82,-13.40,,0.00,2.10,121
2026-02-22 04:00:00,-9.90,83,-13.50,,0.00,1.10,72
2026-02-22 05:00:00,-10.30,84,-14.00,,0.00,1.80,79
2026-02-22 06:00:00,-10.80,87,-14.50,,0.00,1.80,79
2026-02-22 07:00:00,-11.10,88,-14.80,,0.00,1.80,101
2026-02-22 08:00:00,-11.40,89,-15.10,,0.00,1.90,112
2026-02-22 09:00:00,-11.10,90,-14.80,,0.00,1.90,112
2026-02-22 10:00:00,-10.00,82,-13.80,,0.00,2.40,117
2026-02-22 11:00:00,-8.50,74,-12.40,,0.00,2.90,120
2026-02-22 12:00:00,-6.20,63,-10.30,,0.00,4.40,125
2026-02-22 13:00:00,-5.50,57,-9.60,,0.00,4.40,125
2026-02-22 14:00:00,-4.60,55,-8.60,,0.00,3.80,131
2026-02-22 15:00:00,-3.70,50,-7.80,,0.00,4.30,132
2026-02-22 16:00:00,-3.60,50,-7.70,,0.00,4.60,135
2026-02-22 17:00:00,-3.50,51,-7.60,,0.00,4.60,135
2026-02-22 18:00:00,-3.90,51,-8.00,,0.00,4.10,135
2026-02-22 19:00:00,-4.80,55,-8.70,,0.00,3.60,143
2026-02-22 20:00:00,-5.60,59,-9.60,,0.00,3.40,148
2026-02-22 21:00:00,-6.80,63,-10.70,,0.00,3.30,167
2026-02-22 22:00:00,-7.10,66,-10.90,,0.00,2.60,196
2026-02-22 23:00:00,-7.70,68,-11.50,,0.00,2.80,230
2026-02-23 00:00:00,-8.50,72,-12.40,,0.00,2.70,247
2026-02-23 01:00:00,-9.00,72,-12.90,,0.00,2.70,247
2026-02-23 02:00:00,-9.30,73,-13.20,,0.00,2.70,247
2026-02-23 03:00:00,-9.70,76,-13.70,,0.00,3.10,249
2026-02-23 04:00:00,-9.90,76,-13.90,,0.00,3.20,243
2026-02-23 05:00:00,-10.10,76,-14.10,,0.00,3.50,246
2026-02-23 06:00:00,-10.50,77,-14.60,,0.00,3.80,253
2026-02-23 07:00:00,-10.70,76,-14.80,,0.00,3.60,264
2026-02-23 08:00:00,-10.90,76,-15.00,,0.00,3.60,270
2026-02-23 09:00:00,-10.80,75,-14.90,,0.00,3.20,270
2026-02-23 10:00:00,-9.30,67,-13.40,,0.00,3.60,270
2026-02-23 11:00:00,-7.50,59,-11.60,,0.00,3.60,276
2026-02-23 12:00:00,-4.20,50,-7.90,,0.00,1.90,292
2026-02-23 13:00:00,-2.80,43,-6.70,,0.00,2.20,279
2026-02-23 14:00:00,-1.50,36,-5.50,,0.00,2.90,270
2026-02-23 15:00:00,0.30,32,-3.60,,0.00,2.20,279
2026-02-23 16:00:00,0.60,32,-3.30,,0.00,2.50,278
2026-02-23 17:00:00,0.50,33,-3.40,,0.00,2.90,270
2026-02-23 18:00:00,0.30,34,-3.50,,0.00,1.80,259
2026-02-23 19:00:00,-0.50,38,-4.30,,0.00,2.00,225
2026-02-23 20:00:00,-1.30,40,-5.30,,0.00,3.10,234
2026-02-23 21:00:00,-3.10,49,-7.00,,0.00,2.90,240
2026-02-23 22:00:00,-3.90,49,-7.80,,0.00,3.40,252
2026-02-23 23:00:00,-4.70,50,-8.70,,0.00,3.40,252
2026-02-24 00:00:00,-5.90,55,-10.00,,0.00,3.60,270
2026-02-24 01:00:00,-6.30,55,-10.30,,0.00,3.60,270
2026-02-24 02:00:00,-6.40,56,-10.40,,0.00,2.90,270
2026-02-24 03:00:00,-6.50,57,-10.40,,0.00,2.30,309
2026-02-24 04:00:00,-6.60,56,-10.50,,0.00,2.40,297
2026-02-24 05:00:00,-6.90,58,-10.70,,0.00,2.40,297
2026-02-24 06:00:00,-7.40,59,-11.30,,0.00,2.80,310
2026-02-24 07:00:00,-7.90,62,-11.90,,0.00,3.20,297
2026-02-24 08:00:00,-8.20,63,-12.20,,0.00,3.30,276
2026-02-24 09:00:00,-7.50,63,-11.30,,0.00,1.60,297
2026-02-24 10:00:00,-6.50,60,-10.10,,0.00,0.80,297
2026-02-24 11:00:00,-3.80,54,-7.20,,0.00,0.50,45
2026-02-24 12:00:00,-0.70,44,-4.20,,0.00,1.10,72
2026-02-24 13:00:00,0.60,39,-3.00,,0.00,1.10,18
2026-02-24 14:00:00,1.70,35,-2.00,,0.00,1.40,360
2026-02-24 15:00:00,2.50,31,-1.60,,0.00,4.00,360
2026-02-24 16:00:00,2.70,29,-1.40,,0.00,4.10,345
2026-02-24 17:00:00,2.30,31,-1.80,,0.00,4.70,351
2026-02-24 18:00:00,1.10,35,-2.90,,0.00,3.60,6
2026-02-24 19:00:00,0.10,39,-3.70,,0.00,2.90,360
2026-02-24 20:00:00,-0.60,38,-4.40,,0.00,2.20,351
2026-02-24 21:00:00,-1.90,43,-5.80,,0.00,2.50,8
2026-02-24 22:00:00,-2.50,44,-6.30,,0.00,2.20,351
2026-02-24 23:00:00,-3.10,46,-6.90,,0.00,2.60,344
2026-02-25 00:00:00,-3.50,50,-7.40,,0.00,3.10,324
2026-02-25 01:00:00,-4.10,52,-8.00,,0.00,3.20,333
2026-02-25 02:00:00,-4.70,55,-8.60,,0.00,2.90,353
2026-02-25 03:00:00,-5.60,62,-9.50,,0.00,3.70,349
2026-02-25 04:00:00,-6.20,67,-10.00,,0.00,3.20,360
2026-02-25 05:00:00,-6.90,72,-10.70,,0.00,2.90,7
2026-02-25 06:00:00,-7.30,74,-11.10,,0.00,3.10,339
2026-02-25 07:00:00,-7.80,76,-11.60,,0.00,2.70,337
2026-02-25 08:00:00,-8.10,77,-11.90,,0.00,2.90,330
2026-02-25 09:00:00,-8.20,78,-11.90,,0.00,2.80,320
2026-02-25 10:00:00,-7.10,75,-10.70,,0.00,1.80,323
2026-02-25 11:00:00,-4.90,63,-8.60,,0.00,3.00,14
2026-02-25 12:00:00,-2.10,53,-5.80,,0.00,2.30,39
2026-02-25 13:00:00,-1.10,46,-4.90,,0.00,3.10,45
2026-02-25 14:00:00,-0.10,38,-3.90,,0.00,2.30,51
2026-02-25 15:00:00,1.20,31,-2.60,,0.00,2.00,45
2026-02-25 16:00:00,1.50,28,-2.30,,0.00,1.10,90
2026-02-25 17:00:00,1.30,29,-2.40,,0.00,1.00,135
2026-02-25 18:00:00,0.90,31,-3.00,,0.00,2.50,135
2026-02-25 19:00:00,0.00,38,-3.80,,0.00,2.80,140
2026-02-25 20:00:00,-1.10,45,-4.90,,0.00,3.30,167
2026-02-25 21:00:00,-2.50,52,-6.30,,0.00,2.90,180
2026-02-25 22:00:00,-3.10,50,-7.00,,0.00,3.30,193
2026-02-25 23:00:00,-3.70,50,-7.60,,0.00,3.30,186
2026-02-26 00:00:00,-4.10,56,-8.00,,0.00,3.30,167
2026-02-26 01:00:00,-4.60,58,-8.40,,0.00,3.20,180
2026-02-26 02:00:00,-4.80,58,-8.60,,0.00,3.30,186
2026-02-26 03:00:00,-4.90,59,-8.70,,0.00,2.90,180
2026-02-26 04:00:00,-5.30,59,-9.20,,0.00,3.30,167
2026-02-26 05:00:00,-5.90,63,-9.80,,0.00,3.50,156
2026-02-26 06:00:00,-6.30,67,-10.20,,0.00,3.40,162
2026-02-26 07:00:00,-6.70,68,-10.60,,0.00,3.40,162
2026-02-26 08:00:00,-7.00,70,-11.00,,0.00,3.90,158
2026-02-26 09:00:00,-6.60,71,-10.50,,0.00,3.40,162
2026-02-26 10:00:00,-5.40,67,-9.20,,0.00,3.50,156
2026-02-26 11:00:00,-3.00,57,-6.80,,0.00,4.00,153
2026-02-26 12:00:00,-0.30,46,-4.40,,0.00,6.00,147
2026-02-26 13:00:00,1.00,45,-3.20,,0.00,6.20,144
2026-02-26 14:00:00,2.10,42,-2.10,,0.00,7.00,145
2026-02-26 15:00:00,3.40,39,-0.80,,0.00,6.80,148
2026-02-26 16:00:00,3.60,40,-0.60,,0.00,7.20,143
2026-02-26 17:00:00,3.20,43,-0.90,,0.00,7.10,139
2026-02-26 18:00:00,2.10,45,-1.80,,0.00,5.40,127
2026-02-26 19:00:00,1.10,51,-3.00,,0.00,6.60,119
2026-02-26 20:00:00,0.20,55,-4.00,,0.00,7.40,129
2026-02-26 21:00:00,-0.40,57,-4.70,,0.00,7.90,133
2026-02-26 22:00:00,-0.90,60,-5.10,,0.00,7.70,143
2026-02-26 23:00:00,-1.30,61,-5.50,,0.00,7.40,151
2026-02-27 00:00:00,-1.70,59,-5.80,,0.00,6.90,152
2026-02-27 01:00:00,-2.30,60,-6.50,,0.00,7.00,159
2026-02-27 02:00:00,-2.80,62,-6.90,,0.00,6.50,161
2026-02-27 03:00:00,-3.10,64,-7.30,,0.00,6.60,167
2026-02-27 04:00:00,-3.50,68,-7.60,,0.00,6.60,171
2026-02-27 05:00:00,-3.90,71,-8.00,,0.00,6.60,171
2026-02-27 06:00:00,-4.10,75,-8.20,,0.00,6.50,174
2026-02-27 07:00:00,-4.40,78,-8.40,,0.00,6.50,177
2026-02-27 08:00:00,-4.60,82,-8.60,,0.00,6.90,174
2026-02-27 09:00:00,-4.30,83,-8.20,,0.00,6.50,174
2026-02-27 10:00:00,-3.10,78,-7.20,,0.00,8.30,175
2026-02-27 11:00:00,-1.50,72,-5.70,,0.00,9.40,178
2026-02-27 12:00:00,0.00,71,-3.90,,0.00,8.30,185
2026-02-27 13:00:00,1.30,67,-2.70,,0.00,9.00,182
2026-02-27 14:00:00,2.40,64,-1.40,,0.00,8.30,175
2026-02-27 15:00:00,4.00,61,0.20,,0.00,8.60,178
2026-02-27 16:00:00,4.30,60,0.50,,0.00,8.70,173
2026-02-27 17:00:00,4.20,61,0.60,,0.00,7.50,163
2026-02-27 18:00:00,3.20,63,-0.10,,0.00,4.70,148
2026-02-27 19:00:00,1.80,69,-1.40,,0.00,4.40,145
2026-02-27 20:00:00,1.40,68,-1.90,,0.00,4.80,153
2026-02-27 21:00:00,1.10,68,-2.30,,0.00,5.00,150
2026-02-27 22:00:00,0.60,66,-3.10,,0.00,5.80,158
2026-02-27 23:00:00,0.20,63,-3.70,,0.00,6.40,164
2026-02-28 00:00:00,-0.30,62,-4.20,,0.00,6.00,163
2026-02-28 01:00:00,-0.80,61,-4.70,,0.00,5.60,165
2026-02-28 02:00:00,-1.30,61,-5.20,,0.00,5.20,164
2026-02-28 03:00:00,-1.80,64,-5.60,,0.00,5.00,159
2026-02-28 04:00:00,-2.30,64,-6.00,,0.00,4.60,162
2026-02-28 05:00:00,-2.70,66,-6.50,,0.00,4.70,157
2026-02-28 06:00:00,-3.00,69,-6.70,,0.00,4.20,149
2026-02-28 07:00:00,-3.40,70,-7.10,,0.00,4.40,145
2026-02-28 08:00:00,-3.70,72,-7.50,,0.00,4.80,138
2026-02-28 09:00:00,-3.00,72,-6.80,,0.00,5.40,138
2026-02-28 10:00:00,-2.10,68,-6.20,,0.00,7.40,141
2026-02-28 11:00:00,-0.50,62,-4.60,,0.00,7.50,145
2026-02-28 12:00:00,1.30,59,-2.80,,0.00,8.30,146
2026-02-28 13:00:00,2.50,57,-1.50,,0.00,8.20,142
2026-02-28 14:00:00,3.30,56,-0.70,,0.00,9.00,143
2026-02-28 15:00:00,3.70,59,-0.40,,0.00,9.80,152
2026-02-28 16:00:00,3.90,59,-0.10,,0.00,9.60,146
2026-02-28 17:00:00,3.50,59,-0.50,,0.00,9.00,143
2026-02-28 18:00:00,2.70,62,-0.80,,0.00,5.90,133
2026-02-28 19:00:00,1.40,67,-2.20,,0.00,6.60,119
2026-02-28 20:00:00,0.70,70,-3.10,,0.00,7.40,129
2026-02-28 21:00:00,0.50,69,-3.30,,0.00,7.10,139
2026-02-28 22:00:00,0.20,68,-3.60,,0.00,7.30,147
2026-02-28 23:00:00,0.10,67,-3.70,,0.00,6.80,148
2026-03-01 00:00:00,0.10,67,-3.80,,0.00,6.90,152
2026-03-01 01:00:00,-0.00,66,-3.80,,0.00,6.50,161
2026-03-01 02:00:00,-0.10,65,-4.00,,0.00,7.00,159
2026-03-01 03:00:00,0.00,66,-3.90,,0.00,7.20,153
2026-03-01 04:00:00,-0.10,66,-4.00,,0.00,7.40,157
2026-03-01 05:00:00,-0.10,66,-4.10,,0.00,7.30,160
2026-03-01 06:00:00,-0.10,66,-4.10,,0.00,7.70,169
2026-03-01 07:00:00,-0.60,75,-4.60,,0.10,8.60,178
2026-03-01 08:00:00,-0.90,82,-4.80,,0.10,9.00,180
2026-03-01 09:00:00,-0.90,87,-4.70,,0.10,8.60,180
2026-03-01 10:00:00,-0.70,87,-4.40,,0.10,8.60,180
2026-03-01 11:00:00,-0.40,86,-4.20,,0.10,9.40,182
2026-03-01 12:00:00,-0.30,87,-4.00,,0.10,9.00,180
2026-03-01 13:00:00,-0.00,89,-3.70,,0.10,9.00,180
2026-03-01 14:00:00,0.30,87,-3.40,,0.10,9.00,185
2026-03-01 15:00:00,0.30,89,-3.30,,0.10,8.70,185
2026-03-01 16:00:00,0.40,89,-3.00,,0.00,7.60,188
2026-03-01 17:00:00,0.60,89,-2.70,,0.00,6.90,189
2026-03-01 18:00:00,0.30,91,-2.90,,0.10,6.20,190
2026-03-01 19:00:00,0.10,93,-3.00,,0.10,6.10,183
2026-03-01 20:00:00,0.10,93,-3.10,,0.00,5.90,191
2026-03-01 21:00:00,0.20,93,-2.70,,0.00,4.50,209
2026-03-01 22:00:00,0.20,93,-2.60,,0.00,4.10,195
2026-03-01 23:00:00,0.20,94,-2.50,,0.00,3.70,191
2026-03-02 00:00:00,0.30,94,-2.40,,0.00,3.30,193
2026-03-02 01:00:00,0.20,94,-2.50,,0.00,3.20,207
2026-03-02 02:00:00,0.30,94,-2.40,,0.00,2.90,210
2026-03-02 03:00:00,0.50,94,-2.20,,0.00,3.20,207
2026-03-02 04:00:00,0.50,94,-2.10,,0.00,3.20,207
2026-03-02 05:00:00,0.50,94,-2.00,,0.00,2.60,214
2026-03-02 06:00:00,0.60,94,-1.90,,0.00,2.30,231
2026-03-02 07:00:00,0.50,95,-2.00,,0.00,2.30,231
2026-03-02 08:00:00,0.40,95,-2.10,,0.00,2.60,236
2026-03-02 09:00:00,0.50,95,-2.00,,0.00,2.60,236
2026-03-02 10:00:00,1.20,92,-1.30,,0.00,2.60,236
2026-03-02 11:00:00,2.10,87,-0.50,,0.00,3.70,259
2026-03-02 12:00:00,2.50,86,-0.00,,0.00,2.90,240
2026-03-02 13:00:00,3.40,78,0.70,,0.00,3.80,253
2026-03-02 14:00:00,3.50,76,0.70,,0.00,4.40,279
2026-03-02 15:00:00,2.90,83,0.40,,0.00,3.30,276
2026-03-02 16:00:00,3.00,82,0.50,,0.00,2.50,270
2026-03-02 17:00:00,2.80,84,0.50,,0.00,1.50,225
2026-03-02 18:00:00,2.50,85,-0.00,,0.00,2.90,263
2026-03-02 19:00:00,1.80,91,-0.80,,0.00,3.80,253
2026-03-02 20:00:00,1.50,93,-1.10,,0.00,3.70,241
2026-03-02 21:00:00,1.60,92,-1.10,,0.00,4.80,257
2026-03-02 22:00:00,1.40,93,-1.60,,0.10,6.10,270
2026-03-02 23:00:00,1.10,94,-1.90,,0.10,5.80,266
2026-03-03 00:00:00,1.00,92,-2.10,,0.00,6.50,270
2026-03-03 01:00:00,0.70,93,-2.60,,0.00,7.70,281
2026-03-03 02:00:00,0.60,93,-2.80,,0.00,8.10,283
2026-03-03 03:00:00,0.70,89,-2.90,,0.00,8.80,289
2026-03-03 04:00:00,0.40,89,-3.10,,0.00,8.00,275
2026-03-03 05:00:00,0.30,87,-3.20,,0.00,7.60,267
2026-03-03 06:00:00,0.50,86,-3.10,,0.00,8.00,260
2026-03-03 07:00:00,0.40,86,-3.30,,0.00,9.40,263
2026-03-03 08:00:00,0.40,88,-3.40,,0.00,9.70,268
2026-03-03 09:00:00,0.80,87,-3.20,,0.00,11.50,270
2026-03-03 10:00:00,1.10,87,-2.80,,0.00,11.50,270
2026-03-03 11:00:00,1.70,84,-2.30,,0.00,11.90,270
2026-03-03 12:00:00,2.50,78,-1.50,,0.00,12.30,265
2026-03-03 13:00:00,3.70,73,-0.40,,0.00,12.30,273
2026-03-03 14:00:00,4.40,70,0.30,,0.00,12.40,262
2026-03-03 15:00:00,4.50,68,0.40,,0.00,12.30,277
2026-03-03 16:00:00,4.30,71,0.30,,0.00,12.10,282
2026-03-03 17:00:00,4.30,71,0.50,,0.00,10.80,255
2026-03-03 18:00:00,4.30,73,0.30,,0.00,12.60,267
2026-03-03 19:00:00,3.60,79,-0.10,,0.00,11.00,259
2026-03-03 20:00:00,3.20,83,-0.30,,0.00,10.30,258
2026-03-03 21:00:00,3.20,82,-0.30,,0.00,9.90,251
2026-03-03 22:00:00,3.00,84,-0.70,,0.00,11.40,259
2026-03-03 23:00:00,3.10,80,-0.70,,0.00,11.60,277
2026-03-04 00:00:00,3.20,76,-1.10,,0.00,14.20,286
2026-03-04 01:00:00,3.00,76,-0.90,,0.00,10.90,278
2026-03-04 02:00:00,2.90,77,-0.90,,0.00,11.20,266
2026-03-04 03:00:00,3.00,77,-0.90,,0.00,11.20,268
2026-03-04 04:00:00,2.80,79,-1.00,,0.00,11.20,274
2026-03-04 05:00:00,2.80,80,-0.90,,0.00,10.80,270
2026-03-04 06:00:00,2.90,80,-0.80,,0.00,10.50,264
2026-03-04 07:00:00,2.70,81,-1.10,,0.00,11.20,268
2026-03-04 08:00:00,2.70,81,-1.20,,0.00,11.50,272
2026-03-04 09:00:00,3.40,77,-0.40,,0.00,11.20,264
2026-03-04 10:00:00,4.00,75,-0.00,,0.00,12.60,270
2026-03-04 11:00:00,5.10,70,1.10,,0.00,13.30,267
2026-03-04 12:00:00,6.20,65,1.80,,0.00,15.50,283
2026-03-04 13:00:00,6.70,61,2.10,,0.00,16.30,288
2026-03-04 14:00:00,7.30,59,2.70,,0.00,16.80,279
2026-03-04 15:00:00,8.10,57,3.40,,0.00,17.60,271
2026-03-04 16:00:00,8.30,56,3.60,,0.00,17.70,272
2026-03-04 17:00:00,8.40,57,3.70,,0.00,18.00,271
2026-03-04 18:00:00,8.00,61,3.60,,0.00,16.90,268
2026-03-04 19:00:00,7.10,65,2.80,,0.00,16.20,269
2026-03-04 20:00:00,6.60,66,2.20,,0.00,16.20,270
2026-03-04 21:00:00,6.30,67,1.90,,0.00,16.20,269
2026-03-04 22:00:00,6.10,70,1.60,,0.00,17.30,271
2026-03-04 23:00:00,5.90,72,1.40,,0.00,17.50,278
2026-03-05 00:00:00,5.80,72,1.60,,0.00,15.80,282
2026-03-05 01:00:00,5.30,75,1.20,,0.00,14.40,283
2026-03-05 02:00:00,4.90,77,0.80,,0.00,14.70,287
2026-03-05 03:00:00,5.00,76,1.00,,0.00,14.00,288
2026-03-05 04:00:00,4.90,75,0.70,,0.00,14.80,284
2026-03-05 05:00:00,4.80,73,0.70,,0.00,14.20,286
2026-03-05 06:00:00,4.90,72,0.90,,0.00,12.80,286
2026-03-05 07:00:00,4.70,73,0.80,,0.00,12.50,288
2026-03-05 08:00:00,4.50,74,0.90,,0.00,10.50,274
2026-03-05 09:00:00,4.70,74,1.00,,0.00,11.50,268
2026-03-05 10:00:00,5.30,72,1.40,,0.00,12.60,272
2026-03-05 11:00:00,6.40,66,2.30,,0.00,14.10,274
2026-03-05 12:00:00,7.90,61,3.60,,0.00,15.40,281
2026-03-05 13:00:00,8.50,56,4.00,,0.00,16.90,281
2026-03-05 14:00:00,9.10,51,4.50,,0.00,16.60,275
2026-03-05 15:00:00,10.20,52,5.70,,0.00,17.30,272
2026-03-05 16:00:00,10.70,51,6.20,,0.00,17.30,265
2026-03-05 17:00:00,11.00,48,6.40,,0.00,17.30,266
2026-03-05 18:00:00,11.40,45,6.70,,0.00,17.70,265
2026-03-05 19:00:00,10.80,43,5.90,,0.00,17.80,263
2026-03-05 20:00:00,10.60,37,5.20,,0.00,18.80,267
2026-03-05 21:00:00,10.40,35,5.00,,0.00,18.40,273
2026-03-05 22:00:00,10.00,35,4.60,,0.00,18.10,276
2026-03-05 23:00:00,9.40,36,4.00,,0.00,17.70,276
2026-03-06 00:00:00,9.10,38,3.90,,0.00,17.30,275
2026-03-06 01:00:00,8.70,39,3.50,,0.00,16.70,276
2026-03-06 02:00:00,8.50,39,3.30,,0.00,16.70,276
2026-03-06 03:00:00,8.50,38,3.30,,0.00,16.20,274
2026-03-06 04:00:00,8.20,39,3.00,,0.00,16.20,274
2026-03-06 05:00:00,7.80,39,2.70,,0.00,15.90,275
2026-03-06 06:00:00,7.80,40,2.80,,0.00,15.50,275
2026-03-06 07:00:00,7.30,41,2.30,,0.00,15.20,274
2026-03-06 08:00:00,7.10,42,2.10,,0.00,15.10,273
2026-03-06 09:00:00,7.80,40,2.80,,0.00,15.20,274
2026-03-06 10:00:00,9.00,37,3.80,,0.00,16.30,275
2026-03-06 11:00:00,10.70,32,5.50,,0.00,16.60,272
2026-03-06 12:00:00,13.20,27,7.90,,0.00,17.40,276
2026-03-06 13:00:00,14.70,23,9.30,,0.00,17.10,277
2026-03-06 14:00:00,16.30,20,10.70,,0.00,17.90,280
2026-03-06 15:00:00,17.80,20,12.40,,0.00,17.90,279
2026-03-06 16:00:00,18.20,19,12.70,,0.00,17.80,278
2026-03-06 17:00:00,17.90,20,12.60,,0.00,17.20,286
2026-03-06 18:00:00,17.60,21,12.70,,0.00,14.60,280
2026-03-06 19:00:00,15.60,26,11.10,,0.00,12.60,272
2026-03-06 20:00:00,14.00,32,9.80,,0.00,11.90,265
2026-03-06 21:00:00,12.90,37,8.90,,0.00,11.20,264
2026-03-06 22:00:00,12.00,40,8.10,,0.00,11.30,263
2026-03-06 23:00:00,11.30,42,7.40,,0.00,10.50,262
2026-03-07 00:00:00,10.60,42,6.60,,0.00,10.50,262
2026-03-07 01:00:00,9.90,43,6.00,,0.00,10.20,262
2026-03-07 02:00:00,9.40,44,5.50,,0.00,9.80,262
2026-03-07 03:00:00,8.90,45,5.10,,0.00,9.10,263
2026-03-07 04:00:00,8.40,49,4.70,,0.00,9.50,261
2026-03-07 05:00:00,8.00,51,4.30,,0.00,9.10,261
2026-03-07 06:00:00,7.50,53,3.90,,0.00,8.40,263
2026-03-07 07:00:00,7.00,55,3.50,,0.00,8.00,260
2026-03-07 08:00:00,6.70,56,3.10,,0.00,8.40,260
2026-03-07 09:00:00,7.40,55,3.90,,0.00,8.70,265
2026-03-07 10:00:00,8.80,50,5.10,,0.00,9.70,268
2026-03-07 11:00:00,11.00,44,7.50,,0.00,8.70,265
2026-03-07 12:00:00,13.60,40,10.40,,0.00,7.70,259
2026-03-07 13:00:00,15.60,36,12.40,,0.00,7.80,257
2026-03-07 14:00:00,17.20,33,13.90,,0.00,8.40,260
2026-03-07 15:00:00,18.90,30,15.60,,0.00,9.00,270
2026-03-07 16:00:00,19.20,27,15.60,,0.00,10.20,278
2026-03-07 17:00:00,19.00,25,15.30,,0.00,9.60,283
2026-03-07 18:00:00,18.50,24,14.90,,0.00,7.50,287
2026-03-07 19:00:00,16.40,29,13.40,,0.00,4.70,279
2026-03-07 20:00:00,14.80,34,11.90,,0.00,4.30,265
2026-03-07 21:00:00,12.40,42,9.70,,0.00,4.00,265
2026-03-07 22:00:00,11.60,45,8.90,,0.00,4.00,260
2026-03-07 23:00:00,10.90,47,8.20,,0.00,4.20,250
2026-03-08 00:00:00,10.30,50,7.70,,0.00,3.40,252
2026-03-08 01:00:00,9.90,51,7.30,,0.00,3.30,257
2026-03-08 02:00:00,8.60,57,6.10,,0.00,3.20,270
2026-03-08 03:00:00,7.60,61,5.10,,0.00,2.70,293
2026-03-08 04:00:00,7.00,64,4.60,,0.00,2.50,270
2026-03-08 05:00:00,6.40,66,4.00,,0.00,2.30,252
2026-03-08 06:00:00,5.00,68,2.60,,0.00,1.10,252
2026-03-08 07:00:00,4.80,69,2.40,,0.00,1.30,214
2026-03-08 08:00:00,4.60,70,2.20,,0.00,1.60,153
2026-03-08 09:00:00,5.40,67,3.00,,0.00,1.80,169
2026-03-08 10:00:00,7.10,62,4.80,,0.00,1.50,166
2026-03-08 11:00:00,10.80,49,8.40,,0.00,2.10,149
2026-03-08 12:00:00,13.80,40,11.40,,0.00,2.40,153
2026-03-08 13:00:00,15.80,35,13.20,,0.00,3.10,159
2026-03-08 14:00:00,16.90,30,14.30,,0.00,2.10,149
2026-03-08 15:00:00,18.00,28,15.30,,0.00,2.90,83
2026-03-08 16:00:00,17.90,28,15.00,,0.00,4.00,85
2026-03-08 17:00:00,17.30,28,14.30,,0.00,5.00,90
2026-03-08 18:00:00,17.30,25,14.20,,0.00,3.70,101
2026-03-08 19:00:00,15.10,31,12.20,,0.00,3.60,127
2026-03-08 20:00:00,13.90,33,11.00,,0.00,3.60,143
2026-03-08 21:00:00,12.10,41,9.40,,0.00,2.80,140
2026-03-08 22:00:00,11.20,40,8.30,,0.00,3.40,162
2026-03-08 23:00:00,10.40,43,7.50,,0.00,3.30,167
2026-03-09 00:00:00,8.90,50,6.20,,0.00,2.50,172
2026-03-09 01:00:00,8.10,53,5.40,,0.00,3.00,166
2026-03-09 02:00:00,7.50,54,4.70,,0.00,3.30,174
2026-03-09 03:00:00,6.50,59,3.90,,0.00,2.60,164
2026-03-09 04:00:00,6.10,61,3.40,,0.00,2.70,157
2026-03-09 05:00:00,5.60,64,3.00,,0.00,2.90,150
2026-03-09 06:00:00,4.60,68,1.90,,0.00,3.10,144
2026-03-09 07:00:00,4.40,69,1.70,,0.00,3.50,156
2026-03-09 08:00:00,4.30,69,1.40,,0.00,4.00,153
2026-03-09 09:00:00,4.40,68,1.60,,0.00,3.50,156
2026-03-09 10:00:00,5.90,65,3.40,,0.00,2.40,153
2026-03-09 11:00:00,9.90,48,7.20,,0.00,3.20,153
2026-03-09 12:00:00,13.10,39,10.30,,0.00,4.40,145
2026-03-09 13:00:00,15.30,34,12.40,,0.00,5.30,152
2026-03-09 14:00:00,17.00,31,14.00,,0.00,6.00,155
2026-03-09 15:00:00,18.80,25,15.60,,0.00,5.90,166
2026-03-09 16:00:00,18.80,22,15.20,,0.00,7.20,177
2026-03-09 17:00:00,18.50,22,14.80,,0.00,7.20,177
2026-03-09 18:00:00,17.90,21,14.30,,0.00,6.20,173
2026-03-09 19:00:00,15.50,29,12.50,,0.00,4.00,153
2026-03-09 20:00:00,13.40,35,10.30,,0.00,4.90,144
2026-03-09 21:00:00,11.70,43,8.90,,0.00,4.20,149
2026-03-09 22:00:00,10.80,46,7.90,,0.00,4.30,156
2026-03-09 23:00:00,10.20,44,7.10,,0.00,4.80,167
2026-03-10 00:00:00,9.30,44,6.10,,0.00,5.40,172
2026-03-10 01:00:00,8.70,47,5.50,,0.00,5.40,180
2026-03-10 02:00:00,8.10,50,5.00,,0.00,5.40,180
2026-03-10 03:00:00,7.40,51,4.30,,0.00,4.70,176
2026-03-10 04:00:00,6.70,54,3.60,,0.00,4.70,171
2026-03-10 05:00:00,6.10,56,3.00,,0.00,4.70,171
2026-03-10 06:00:00,5.40,57,2.20,,0.00,4.80,167
2026-03-10 07:00:00,4.90,61,1.70,,0.00,4.80,167
2026-03-10 08:00:00,4.70,63,1.60,,0.00,5.20,164
2026-03-10 09:00:00,5.70,61,2.40,,0.00,6.70,164
2026-03-10 10:00:00,7.30,56,3.80,,0.00,8.60,165
2026-03-10 11:00:00,9.40,52,5.80,,0.00,9.70,165
2026-03-10 12:00:00,11.90,48,8.60,,0.00,9.30,167
2026-03-10 13:00:00,13.70,44,10.20,,0.00,11.30,171
2026-03-10 14:00:00,14.40,42,10.90,,0.00,11.30,173
2026-03-10 15:00:00,15.80,36,12.00,,0.00,12.20,166
2026-03-10 16:00:00,16.10,37,12.40,,0.00,12.40,163
2026-03-10 17:00:00,16.10,39,12.50,,0.00,12.60,167
2026-03-10 18:00:00,15.90,41,12.50,,0.00,11.30,163
2026-03-10 19:00:00,14.00,48,11.20,,0.00,8.80,161
2026-03-10 20:00:00,12.70,53,9.90,,0.00,8.20,165
2026-03-10 21:00:00,11.80,55,9.00,,0.00,7.70,169
2026-03-10 22:00:00,10.90,59,8.20,,0.00,7.60,175
2026-03-10 23:00:00,10.10,62,7.50,,0.00,6.90,171
2026-03-11 00:00:00,9.30,65,6.70,,0.00,6.80,177
2026-03-11 01:00:00,8.60,67,5.90,,0.00,7.20,183
2026-03-11 02:00:00,7.80,70,5.00,,0.00,7.60,180
2026-03-11 03:00:00,7.20,75,4.40,,0.00,7.90,183
2026-03-11 04:00:00,6.80,81,4.00,,0.00,9.00,182
2026-03-11 05:00:00,6.40,87,3.70,,0.00,9.40,178
2026-03-11 06:00:00,6.10,88,3.40,,0.00,9.00,182
2026-03-11 07:00:00,5.70,89,3.00,,0.00,9.10,187
2026-03-11 08:00:00,5.60,88,2.80,,0.00,9.00,185
2026-03-11 09:00:00,5.60,87,2.70,,0.00,9.50,189
2026-03-11 10:00:00,7.50,75,4.60,,0.00,9.50,189
2026-03-11 11:00:00,10.20,62,7.20,,0.00,10.10,182
2026-03-11 12:00:00,11.50,59,8.50,,0.00,10.40,180
2026-03-11 13:00:00,13.90,52,10.90,,0.00,11.30,173
2026-03-11 14:00:00,15.70,46,12.60,,0.00,12.20,182
2026-03-11 15:00:00,17.60,40,14.40,,0.00,12.00,173
2026-03-11 16:00:00,18.70,37,15.60,,0.00,10.60,208
2026-03-11 17:00:00,19.30,30,15.40,,0.00,13.20,248
2026-03-11 18:00:00,18.60,31,14.80,,0.00,12.70,241
2026-03-11 19:00:00,17.10,34,14.10,,0.00,7.10,229
2026-03-11 20:00:00,15.50,39,12.90,,0.00,5.10,219
2026-03-11 21:00:00,14.70,39,12.20,,0.00,3.40,212
2026-03-11 22:00:00,13.60,45,11.40,,0.00,3.10,159
2026-03-11 23:00:00,11.90,51,9.40,,0.00,4.50,151
2026-03-12 00:00:00,10.80,58,8.60,,0.00,3.40,148
2026-03-12 01:00:00,10.60,60,8.50,,0.00,3.40,148
2026-03-12 02:00:00,10.30,64,8.30,,0.10,3.50,156
2026-03-12 03:00:00,9.60,72,7.70,,0.20,4.60,162
2026-03-12 04:00:00,9.60,76,7.60,,0.50,6.10,183
2026-03-12 05:00:00,9.20,85,8.10,,1.70,1.50,256
2026-03-12 06:00:00,8.60,90,7.40,,0.90,2.70,113
2026-03-12 07:00:00,8.40,91,7.00,,0.00,4.30,175
2026-03-12 08:00:00,8.40,91,7.40,,0.00,2.10,211
2026-03-12 09:00:00,8.70,89,7.30,,0.00,4.60,231
2026-03-12 10:00:00,10.00,82,7.60,,0.00,10.90,261
2026-03-12 11:00:00,10.80,75,8.20,,0.00,11.80,282
2026-03-12 12:00:00,10.80,79,8.30,,0.00,12.20,284
2026-03-12 13:00:00,11.80,72,9.40,,0.00,10.90,276
2026-03-12 14:00:00,12.20,69,9.50,,0.00,12.60,272
2026-03-12 15:00:00,12.50,70,10.00,,0.00,12.60,275
2026-03-12 16:00:00,13.50,64,11.20,,0.00,10.10,270
2026-03-12 17:00:00,14.10,59,11.80,,0.00,9.40,266
2026-03-12 18:00:00,14.10,59,12.10,,0.00,7.20,252
2026-03-12 19:00:00,13.20,65,11.80,,0.00,3.90,214
2026-03-12 20:00:00,12.20,68,10.70,,0.00,4.30,204
2026-03-12 21:00:00,11.60,70,10.00,,0.00,4.00,207
2026-03-12 22:00:00,10.70,73,9.00,,0.00,4.50,194
2026-03-12 23:00:00,10.20,74,8.40,,0.00,4.70,189
2026-03-13 00:00:00,9.80,74,8.00,,0.00,5.00,201
2026-03-13 01:00:00,9.60,74,7.80,,0.00,4.70,180
2026-03-13 02:00:00,9.40,75,7.50,,0.00,5.10,172
2026-03-13 03:00:00,9.30,76,7.30,,0.00,5.60,165
2026-03-13 04:00:00,9.20,76,7.20,,0.00,5.60,165
2026-03-13 05:00:00,9.10,74,6.90,,0.00,6.60,167
2026-03-13 06:00:00,8.60,77,6.40,,0.00,6.00,163
2026-03-13 07:00:00,8.20,78,6.00,,0.00,6.00,155
2026-03-13 08:00:00,8.10,78,5.70,,0.00,7.10,150
2026-03-13 09:00:00,8.10,79,5.60,,0.00,8.20,142
2026-03-13 10:00:00,9.20,76,6.50,,0.00,10.30,144
2026-03-13 11:00:00,10.70,73,8.00,,0.00,11.90,145
2026-03-13 12:00:00,12.80,64,10.10,,0.00,12.30,140
2026-03-13 13:00:00,14.10,63,11.30,,0.00,14.50,145
2026-03-13 14:00:00,14.70,64,12.00,,0.00,14.70,149
2026-03-13 15:00:00,14.70,68,12.40,,0.20,13.30,142
2026-03-13 16:00:00,14.20,75,12.20,,0.70,13.00,141
2026-03-13 17:00:00,13.60,81,11.70,,0.50,13.40,144
2026-03-13 18:00:00,13.80,83,12.20,,0.10,13.00,166
2026-03-13 19:00:00,13.40,83,11.60,,0.00,13.70,180
2026-03-13 20:00:00,12.80,90,11.20,,1.70,13.00,183
2026-03-13 21:00:00,12.90,89,11.40,,0.70,12.10,190
2026-03-13 22:00:00,12.90,88,11.50,,0.10,11.30,187
2026-03-13 23:00:00,12.60,87,11.00,,0.00,12.10,190
2026-03-14 00:00:00,12.30,87,10.80,,0.00,11.30,197
2026-03-14 01:00:00,12.00,88,10.40,,0.00,11.30,207
2026-03-14 02:00:00,11.70,86,10.00,,0.00,10.80,217
2026-03-14 03:00:00,11.70,82,9.80,,0.00,10.20,222
2026-03-14 04:00:00,11.40,78,9.20,,0.00,11.00,221
2026-03-14 05:00:00,11.40,71,8.60,,0.00,12.80,230
2026-03-14 06:00:00,11.40,67,8.30,,0.00,13.20,235
2026-03-14 07:00:00,10.90,69,7.80,,0.00,13.50,236
2026-03-14 08:00:00,10.50,70,7.40,,0.00,13.50,236
2026-03-14 09:00:00,11.20,68,7.80,,0.00,15.70,233
2026-03-14 10:00:00,11.80,64,7.90,,0.00,18.70,251
2026-03-14 11:00:00,12.10,61,8.10,,0.00,18.30,260
2026-03-14 12:00:00,12.70,53,8.70,,0.00,16.60,265
2026-03-14 13:00:00,12.90,47,9.00,,0.00,14.40,266
2026-03-14 14:00:00,13.50,44,10.00,,0.00,12.70,263
2026-03-14 15:00:00,14.70,41,11.00,,0.00,12.70,262
2026-03-14 16:00:00,15.00,41,11.30,,0.00,12.30,255
2026-03-14 17:00:00,14.80,41,11.10,,0.00,12.70,263
2026-03-14 18:00:00,14.40,42,11.10,,0.00,9.70,266
2026-03-14 19:00:00,13.20,48,10.90,,0.00,4.50,284
2026-03-14 20:00:00,12.00,54,10.00,,0.00,2.30,309
2026-03-14 21:00:00,11.10,56,9.20,,0.00,1.10,18
2026-03-14 22:00:00,10.20,59,8.20,,0.00,2.20,81
2026-03-14 23:00:00,9.80,61,7.90,,0.00,1.80,79
2026-03-15 00:00:00,9.10,66,6.90,,0.30,4.20,59
2026-03-15 01:00:00,8.90,67,6.60,,0.20,4.70,81
2026-03-15 02:00:00,8.40,72,5.80,,0.50,7.10,105
2026-03-15 03:00:00,8.30,71,5.80,,0.10,6.80,115
2026-03-15 04:00:00,8.40,71,5.80,,0.10,7.40,119
2026-03-15 05:00:00,8.50,71,5.70,,0.00,8.70,142
2026-03-15 06:00:00,8.80,73,6.10,,0.00,8.60,165
2026-03-15 07:00:00,9.20,72,6.70,,0.00,7.90,196
2026-03-15 08:00:00,9.70,69,7.20,,0.00,8.00,216
2026-03-15 09:00:00,9.60,69,7.20,,0.00,6.80,273
2026-03-15 10:00:00,8.50,77,5.60,,0.00,11.20,327
2026-03-15 11:00:00,6.20,78,2.70,,0.00,12.00,344
2026-03-15 12:00:00,5.00,75,1.20,,0.00,12.30,345
2026-03-15 13:00:00,4.30,77,0.40,,0.20,12.90,342
2026-03-15 14:00:00,3.40,81,-0.80,,1.10,14.80,357
2026-03-15 15:00:00,2.80,83,-1.30,,1.40,13.70,358
2026-03-15 16:00:00,3.10,82,-0.60,,1.00,11.20,6
2026-03-15 17:00:00,3.30,81,-0.50,,0.70,11.30,17
2026-03-15 18:00:00,2.90,82,-0.60,,0.90,9.60,20
2026-03-15 19:00:00,2.60,84,-1.00,,0.80,10.20,18
2026-03-15 20:00:00,1.80,88,-1.70,,0.90,9.10,9
2026-03-15 21:00:00,1.50,88,-2.20,,0.50,10.20,8
2026-03-15 22:00:00,1.30,87,-2.50,,0.20,11.20,15
2026-03-15 23:00:00,1.20,86,-2.70,,0.40,11.20,15
2026-03-16 00:00:00,0.80,88,-2.90,,1.30,9.70,15
2026-03-16 01:00:00,0.20,94,-3.30,,1.80,8.70,7
2026-03-16 02:00:00,-0.10,95,-3.50,,1.10,8.00,10
2026-03-16 03:00:00,-0.00,94,-3.40,,0.60,7.60,8
2026-03-16 04:00:00,-0.10,93,-3.40,,0.20,7.00,12
2026-03-16 05:00:00,-0.10,93,-3.70,,0.10,8.60,15
2026-03-16 06:00:00,-0.30,92,-3.90,,0.00,8.30,5
2026-03-16 07:00:00,-0.20,92,-3.70,,0.00,7.60,357
2026-03-16 08:00:00,-0.10,90,-3.40,,0.00,6.80,360
2026-03-16 09:00:00,0.50,89,-3.10,,0.00,8.50,348
2026-03-16 10:00:00,0.70,85,-3.20,,0.00,10.00,345
2026-03-16 11:00:00,1.20,81,-2.60,,0.00,9.70,345
2026-03-16 12:00:00,1.80,77,-1.90,,0.00,9.30,344
2026-03-16 13:00:00,2.90,71,-0.90,,0.00,9.10,342
2026-03-16 14:00:00,3.90,65,0.10,,0.00,9.10,342
2026-03-16 15:00:00,4.80,63,1.10,,0.00,8.70,343
2026-03-16 16:00:00,5.50,58,1.80,,0.00,8.80,348
2026-03-16 17:00:00,5.80,53,2.10,,0.00,7.60,352
2026-03-16 18:00:00,5.80,44,2.00,,0.00,6.50,354
2026-03-16 19:00:00,5.00,48,1.50,,0.00,4.30,355
2026-03-16 20:00:00,4.10,52,0.80,,0.00,3.10,339
2026-03-16 21:00:00,3.00,52,-0.40,,0.00,3.40,328
2026-03-16 22:00:00,2.50,55,-0.90,,0.00,3.40,328
2026-03-16 23:00:00,2.00,57,-1.30,,0.00,3.30,319
2026-03-17 00:00:00,1.20,61,-2.10,,0.00,3.40,302
2026-03-17 01:00:00,0.70,61,-2.80,,0.00,3.90,304
2026-03-17 02:00:00,0.20,60,-3.40,,0.00,4.00,297
2026-03-17 03:00:00,-0.40,65,-3.90,,0.00,4.20,290
2026-03-17 04:00:00,-0.60,66,-4.10,,0.00,4.00,275
2026-03-17 05:00:00,-0.90,69,-4.40,,0.00,4.30,265
2026-03-17 06:00:00,-1.20,71,-4.70,,0.00,4.70,261
2026-03-17 07:00:00,-1.50,70,-5.10,,0.00,5.10,266
2026-03-17 08:00:00,-1.40,68,-5.20,,0.00,5.40,266
2026-03-17 09:00:00,-0.70,67,-4.30,,0.00,5.20,258
2026-03-17 10:00:00,1.10,60,-2.80,,0.00,6.90,261
2026-03-17 11:00:00,2.80,57,-1.20,,0.00,7.90,273
2026-03-17 12:00:00,4.80,51,1.20,,0.00,6.90,261
2026-03-17 13:00:00,6.00,42,1.60,,0.00,10.60,298
2026-03-17 14:00:00,5.70,47,1.30,,0.00,11.30,297
2026-03-17 15:00:00,5.00,57,0.50,,0.00,13.50,304
2026-03-17 16:00:00,3.60,73,-0.80,,0.10,14.80,317
2026-03-17 17:00:00,2.80,78,-1.50,,0.10,14.20,330
2026-03-17 18:00:00,1.30,87,-3.10,,0.50,14.60,344
2026-03-17 19:00:00,-0.30,86,-5.00,,0.30,15.60,353
2026-03-17 20:00:00,-0.80,81,-5.80,,0.10,16.30,355
2026-03-17 21:00:00,-1.20,80,-6.30,,0.10,16.30,352
2026-03-17 22:00:00,-1.60,79,-6.70,,0.10,16.30,352
2026-03-17 23:00:00,-1.60,76,-6.70,,0.10,15.90,354
2026-03-18 00:00:00,-1.50,69,-6.70,,0.00,15.60,353
2026-03-18 01:00:00,-2.10,70,-7.20,,0.00,14.50,337
2026-03-18 02:00:00,-2.60,67,-7.80,,0.00,14.50,333
2026-03-18 03:00:00,-3.20,65,-8.40,,0.00,13.80,332
2026-03-18 04:00:00,-3.70,64,-9.00,,0.00,14.20,330
2026-03-18 05:00:00,-4.00,64,-9.30,,0.00,13.80,332
2026-03-18 06:00:00,-4.50,65,-9.70,,0.00,13.50,326
2026-03-18 07:00:00,-4.80,65,-10.00,,0.00,13.40,324
2026-03-18 08:00:00,-4.80,65,-10.00,,0.00,12.70,317
2026-03-18 09:00:00,-3.90,61,-8.90,,0.00,11.70,317
2026-03-18 10:00:00,-2.60,56,-7.70,,0.00,12.30,322
2026-03-18 11:00:00,-1.10,50,-6.30,,0.00,13.20,325
2026-03-18 12:00:00,0.80,41,-4.60,,0.00,15.40,323
2026-03-18 13:00:00,1.50,34,-3.80,,0.00,15.90,322
2026-03-18 14:00:00,2.20,33,-3.60,,0.00,17.60,329
2026-03-18 15:00:00,2.50,33,-3.10,,0.00,14.80,321
2026-03-18 16:00:00,3.10,31,-2.50,,0.00,15.00,318
2026-03-18 17:00:00,3.10,32,-2.30,,0.00,13.50,314
2026-03-18 18:00:00,2.90,31,-2.50,,0.00,13.80,311
2026-03-18 19:00:00,2.00,38,-2.70,,0.00,9.30,306
2026-03-18 20:00:00,1.10,46,-3.10,,0.00,7.20,297
2026-03-18 21:00:00,1.00,44,-3.20,,0.00,6.80,295
2026-03-18 22:00:00,0.40,57,-4.20,,0.00,10.90,297
2026-03-18 23:00:00,-0.20,74,-4.10,,0.00,8.00,278
2026-03-19 00:00:00,-0.10,77,-4.00,,0.00,8.80,282
2026-03-19 01:00:00,-0.10,80,-4.00,,0.00,9.30,283
2026-03-19 02:00:00,-0.20,84,-4.00,,0.00,9.00,286
2026-03-19 03:00:00,0.00,86,-3.50,,0.00,7.30,281
2026-03-19 04:00:00,0.00,89,-3.30,,0.00,6.50,276
2026-03-19 05:00:00,0.10,90,-3.20,,0.00,6.10,273
2026-03-19 06:00:00,0.50,90,-2.60,,0.00,5.80,274
2026-03-19 07:00:00,0.50,90,-2.50,,0.00,5.10,266
2026-03-19 08:00:00,0.60,90,-2.50,,0.00,5.90,259
2026-03-19 09:00:00,1.00,92,-2.20,,0.20,6.80,267
2026-03-19 10:00:00,2.20,85,-1.20,,0.10,8.80,282
2026-03-19 11:00:00,3.00,82,-0.40,,0.10,8.80,282
2026-03-19 12:00:00,3.50,81,0.20,,0.00,8.70,287
2026-03-19 13:00:00,5.20,75,1.90,,0.00,9.60,290
2026-03-19 14:00:00,6.00,67,2.20,,0.00,11.40,305
2026-03-19 15:00:00,6.20,66,2.60,,0.00,10.70,303
2026-03-19 16:00:00,7.10,57,3.40,,0.00,10.00,308
2026-03-19 17:00:00,7.50,56,3.90,,0.00,9.20,301
2026-03-19 18:00:00,7.70,57,4.30,,0.00,8.00,297
2026-03-19 19:00:00,7.00,57,3.70,,0.00,7.20,288
2026-03-19 20:00:00,6.00,59,2.60,,0.00,7.00,282
2026-03-19 21:00:00,5.50,60,2.00,,0.00,7.20,276
2026-03-19 22:00:00,5.00,62,1.40,,0.00,8.40,280
2026-03-19 23:00:00,4.50,64,0.90,,0.00,7.90,286
2026-03-20 00:00:00,4.10,65,0.60,,0.00,7.60,278
2026-03-20 01:00:00,3.60,66,-0.00,,0.00,7.90,273
2026-03-20 02:00:00,3.20,67,-0.60,,0.00,8.60,272
2026-03-20 03:00:00,2.40,68,-1.40,,0.00,9.00,275
2026-03-20 04:00:00,2.00,69,-1.90,,0.00,9.10,279
2026-03-20 05:00:00,1.50,70,-2.40,,0.00,8.60,285
2026-03-20 06:00:00,0.90,71,-3.00,,0.00,8.20,285
2026-03-20 07:00:00,0.60,72,-3.30,,0.00,8.00,288
2026-03-20 08:00:00,0.40,73,-3.40,,0.00,7.60,289
2026-03-20 09:00:00,1.90,69,-1.80,,0.00,7.60,295
2026-03-20 10:00:00,3.50,63,-0.20,,0.00,7.60,301
2026-03-20 11:00:00,5.50,58,2.10,,0.00,6.70,306
2026-03-20 12:00:00,7.90,54,4.70,,0.00,6.60,315
2026-03-20 13:00:00,9.30,51,6.40,,0.00,7.40,317
2026-03-20 14:00:00,10.30,48,7.60,,0.00,6.60,319
2026-03-20 15:00:00,11.50,44,8.70,,0.00,5.10,321
2026-03-20 16:00:00,11.80,43,9.00,,0.00,4.30,318
2026-03-20 17:00:00,11.80,43,9.10,,0.00,3.40,302
2026-03-20 18:00:00,12.20,41,9.50,,0.00,3.30,283
2026-03-20 19:00:00,11.10,45,8.60,,0.00,2.40,243
2026-03-20 20:00:00,9.90,49,7.30,,0.00,2.70,203
2026-03-20 21:00:00,8.40,52,5.80,,0.00,2.50,188
2026-03-20 22:00:00,7.70,54,4.90,,0.00,3.30,193
2026-03-20 23:00:00,7.00,55,4.20,,0.00,3.40,198
2026-03-21 00:00:00,5.70,58,2.80,,0.00,3.10,201
2026-03-21 01:00:00,5.50,56,2.50,,0.00,3.40,212
2026-03-21 02:00:00,5.10,55,1.90,,0.00,3.90,214
2026-03-21 03:00:00,3.90,56,0.60,,0.00,3.80,221
2026-03-21 04:00:00,3.40,56,0.10,,0.00,4.10,225
2026-03-21 05:00:00,2.90,57,-0.50,,0.00,4.30,222
2026-03-21 06:00:00,2.40,60,-0.90,,0.00,3.80,221
2026-03-21 07:00:00,1.90,62,-1.50,,0.00,4.30,222
2026-03-21 08:00:00,1.80,64,-1.60,,0.00,4.30,222
2026-03-21 09:00:00,3.70,62,0.60,,0.00,3.80,229
2026-03-21 10:00:00,6.30,51,3.00,,0.00,4.90,234
2026-03-21 11:00:00,8.90,45,5.50,,0.00,6.70,234
2026-03-21 12:00:00,12.50,32,9.10,,0.00,6.90,242
2026-03-21 13:00:00,13.70,27,10.00,,0.00,9.60,250
2026-03-21 14:00:00,14.20,25,10.50,,0.00,9.90,251
2026-03-21 15:00:00,14.80,23,10.80,,0.00,9.30,254
2026-03-21 16:00:00,14.80,24,10.60,,0.00,9.30,257
2026-03-21 17:00:00,14.50,24,10.30,,0.00,8.70,263
2026-03-21 18:00:00,14.50,22,10.40,,0.00,7.60,273
2026-03-21 19:00:00,12.80,27,9.40,,0.00,3.70,281
2026-03-21 20:00:00,11.30,32,8.00,,0.00,3.30,276
2026-03-21 21:00:00,9.50,39,6.50,,0.00,2.50,262
2026-03-21 22:00:00,9.10,36,5.90,,0.00,2.60,254
2026-03-21 23:00:00,8.20,37,4.90,,0.00,3.10,249
2026-03-22 00:00:00,7.20,40,4.00,,0.00,2.50,278
2026-03-22 01:00:00,6.50,41,3.30,,0.00,2.20,270
2026-03-22 02:00:00,6.20,42,3.10,,0.00,1.60,297
2026-03-22 03:00:00,5.00,48,1.80,,0.00,2.50,315
2026-03-22 04:00:00,4.50,51,1.30,,0.00,2.60,326
2026-03-22 05:00:00,4.00,56,1.00,,0.00,2.30,342
2026-03-22 06:00:00,3.50,61,0.70,,0.00,1.80,349
2026-03-22 07:00:00,3.10,65,0.50,,0.00,0.40,360
2026-03-22 08:00:00,2.90,69,0.30,,0.00,1.10,90
2026-03-22 09:00:00,3.40,70,0.70,,0.00,2.30,18
2026-03-22 10:00:00,5.30,63,2.80,,0.00,1.80,37
2026-03-22 11:00:00,8.60,49,5.70,,0.00,3.60,84
2026-03-22 12:00:00,11.60,40,8.30,,0.00,6.20,80
2026-03-22 13:00:00,13.60,32,10.20,,0.00,8.30,95
2026-03-22 14:00:00,14.50,29,11.00,,0.00,8.60,105
2026-03-22 15:00:00,15.10,28,11.60,,0.00,7.40,104
2026-03-22 16:00:00,15.00,26,11.10,,0.00,8.00,95
2026-03-22 17:00:00,14.70,27,10.70,,0.00,9.00,85
2026-03-22 18:00:00,14.60,27,10.80,,0.00,7.60,87
2026-03-22 19:00:00,13.00,32,9.30,,0.00,7.80,77
2026-03-22 20:00:00,11.40,37,7.70,,0.00,7.80,77
2026-03-22 21:00:00,10.90,36,7.20,,0.00,7.40,67
2026-03-22 22:00:00,9.70,41,6.10,,0.00,7.50,73
2026-03-22 23:00:00,8.90,45,5.40,,0.00,6.60,68
2026-03-23 00:00:00,8.10,49,4.60,,0.00,7.60,71
2026-03-23 01:00:00,7.40,54,4.00,,0.00,6.90,81
2026-03-23 02:00:00,6.90,59,3.90,,0.00,5.40,90
2026-03-23 03:00:00,6.70,63,4.00,,0.00,4.10,105
2026-03-23 04:00:00,6.00,66,3.40,,0.00,3.10,135
2026-03-23 05:00:00,5.70,67,3.10,,0.00,2.70,157
2026-03-23 06:00:00,5.80,68,3.40,,0.00,2.60,164
2026-03-23 07:00:00,5.70,63,2.90,,0.00,3.60,174
2026-03-23 08:00:00,5.60,61,2.70,,0.00,4.00,175
2026-03-23 09:00:00,6.40,61,3.50,,0.00,4.40,145
2026-03-23 10:00:00,7.50,53,4.10,,0.00,7.10,150
2026-03-23 11:00:00,9.20,45,5.40,,0.00,9.00,151
2026-03-23 12:00:00,10.10,40,6.20,,0.00,9.80,156
2026-03-23 13:00:00,11.80,36,7.70,,0.00,12.60,167
2026-03-23 14:00:00,12.10,33,7.30,,0.00,14.40,167
2026-03-23 15:00:00,11.70,35,6.90,,0.00,15.30,165
2026-03-23 16:00:00,11.30,36,6.50,,0.00,15.50,168
2026-03-23 17:00:00,10.40,43,6.00,,0.10,14.30,168
2026-03-23 18:00:00,10.30,43,6.20,,0.10,12.00,159
2026-03-23 19:00:00,9.60,46,5.80,,0.00,10.20,148
2026-03-23 20:00:00,8.90,49,5.40,,0.00,8.40,137
2026-03-23 21:00:00,8.70,48,5.00,,0.00,8.70,142
2026-03-23 22:00:00,8.00,52,4.50,,0.00,8.30,124
2026-03-23 23:00:00,7.80,52,4.20,,0.00,8.90,137
2026-03-24 00:00:00,7.70,51,3.80,,0.00,10.30,144
2026-03-24 01:00:00,7.20,55,3.20,,0.10,11.60,144
2026-03-24 02:00:00,6.70,62,2.80,,0.20,12.00,141
2026-03-24 03:00:00,6.70,65,2.80,,0.30,13.00,138
2026-03-24 04:00:00,6.40,67,2.40,,0.20,14.00,138
2026-03-24 05:00:00,6.20,67,2.00,,0.30,14.80,141
2026-03-24 06:00:00,6.00,72,1.90,,0.30,14.80,141
2026-03-24 07:00:00,5.60,74,1.40,,0.60,15.90,141
2026-03-24 08:00:00,5.50,76,1.10,,0.20,16.90,140
2026-03-24 09:00:00,5.80,75,1.60,,0.00,16.20,143
2026-03-24 10:00:00,6.40,72,2.10,,0.00,16.70,143
2026-03-24 11:00:00,7.10,68,2.80,,0.00,17.10,138
2026-03-24 12:00:00,7.70,68,3.30,,0.00,18.30,144
2026-03-24 13:00:00,8.90,63,4.40,,0.00,18.90,145
2026-03-24 14:00:00,9.80,57,5.30,,0.00,18.40,154
2026-03-24 15:00:00,10.70,55,6.10,,0.00,18.70,155
2026-03-24 16:00:00,9.70,65,6.10,,0.80,14.50,157
2026-03-24 17:00:00,9.70,62,5.90,,0.10,14.70,158
2026-03-24 18:00:00,9.10,72,5.60,,0.00,14.50,150
2026-03-24 19:00:00,8.60,75,5.50,,0.30,12.30,148
2026-03-24 20:00:00,8.40,76,5.50,,0.10,10.60,145
2026-03-24 21:00:00,8.20,79,5.60,,0.00,9.20,138
2026-03-24 22:00:00,8.10,79,5.50,,0.10,9.20,135
2026-03-24 23:00:00,8.00,80,5.40,,0.20,9.60,146
2026-03-25 00:00:00,8.30,77,5.70,,0.00,8.70,150
2026-03-25 01:00:00,8.30,77,5.80,,0.00,7.80,158
2026-03-25 02:00:00,8.30,79,6.00,,0.00,6.70,164
2026-03-25 03:00:00,8.10,82,6.00,,0.20,6.30,156
2026-03-25 04:00:00,7.90,86,6.10,,0.80,4.70,176
2026-03-25 05:00:00,7.80,88,6.00,,1.20,5.00,180
2026-03-25 06:00:00,7.70,91,6.20,,1.60,3.70,191
2026-03-25 07:00:00,7.50,93,6.00,,1.80,3.60,186
2026-03-25 08:00:00,7.40,94,5.80,,1.10,5.10,172
2026-03-25 09:00:00,7.50,96,5.90,,0.30,5.20,192
2026-03-25 10:00:00,8.10,92,6.60,,0.00,5.10,219
2026-03-25 11:00:00,8.80,89,7.20,,0.10,5.40,222
2026-03-25 12:00:00,9.40,87,7.60,,0.10,7.60,251
2026-03-25 13:00:00,9.70,86,7.90,,0.00,8.00,265
2026-03-25 14:00:00,10.40,81,8.20,,0.00,10.20,278
2026-03-25 15:00:00,9.80,87,7.90,,0.00,9.00,286
2026-03-25 16:00:00,9.90,88,8.20,,0.00,8.60,285
2026-03-25 17:00:00,10.00,85,8.00,,0.00,9.40,293
2026-03-25 18:00:00,9.60,85,7.40,,0.00,10.00,296
2026-03-25 19:00:00,9.20,82,7.00,,0.00,8.10,302
2026-03-25 20:00:00,8.70,84,6.50,,0.00,8.40,301
2026-03-25 21:00:00,7.90,80,5.30,,0.00,9.40,293
2026-03-25 22:00:00,7.40,84,4.70,,0.00,10.00,291
2026-03-25 23:00:00,6.70,83,3.60,,0.00,11.40,298
2026-03-26 00:00:00,6.00,79,2.70,,0.00,10.80,291
2026-03-26 01:00:00,5.10,78,1.90,,0.00,9.30,286
2026-03-26 02:00:00,4.80,80,1.70,,0.00,8.90,284
2026-03-26 03:00:00,4.30,83,1.20,,0.00,9.00,286
2026-03-26 04:00:00,3.80,86,0.70,,0.00,8.00,280
2026-03-26 05:00:00,3.20,87,0.10,,0.00,8.10,283
2026-03-26 06:00:00,2.80,87,-0.40,,0.00,8.60,285
2026-03-26 07:00:00,2.70,88,-0.40,,0.00,8.00,288
2026-03-26 08:00:00,3.10,85,-0.10,,0.00,8.20,293
2026-03-26 09:00:00,3.70,79,0.40,,0.00,8.40,301
2026-03-26 10:00:00,4.60,73,1.30,,0.00,8.50,306
2026-03-26 11:00:00,5.70,66,2.40,,0.00,7.90,309
2026-03-26 12:00:00,6.90,59,3.80,,0.00,5.90,308
2026-03-26 13:00:00,7.50,55,4.50,,0.00,4.90,287
2026-03-26 14:00:00,8.00,52,4.90,,0.00,5.60,285
2026-03-26 15:00:00,9.40,47,6.20,,0.00,6.10,298
2026-03-26 16:00:00,9.50,47,6.20,,0.00,6.60,299
2026-03-26 17:00:00,9.60,49,6.50,,0.00,6.10,298
2026-03-26 18:00:00,9.90,47,6.90,,0.00,4.50,299
2026-03-26 19:00:00,9.30,49,6.70,,0.00,2.80,310
2026-03-26 20:00:00,8.50,53,6.10,,0.00,1.30,124
2026-03-26 21:00:00,7.40,58,4.80,,0.00,2.90,150
2026-03-26 22:00:00,6.50,63,3.90,,0.00,3.10,159
2026-03-26 23:00:00,5.80,66,3.20,,0.00,3.60,174
2026-03-27 00:00:00,5.40,68,2.80,,0.00,3.60,180
2026-03-27 01:00:00,5.20,69,2.60,,0.00,3.30,193
2026-03-27 02:00:00,4.90,70,2.20,,0.00,3.50,204
2026-03-27 03:00:00,4.50,72,1.80,,0.00,3.60,217
2026-03-27 04:00:00,4.10,74,1.30,,0.00,4.10,225
2026-03-27 05:00:00,3.70,76,1.00,,0.00,3.80,229
2026-03-27 06:00:00,3.30,77,0.60,,0.00,3.60,225
2026-03-27 07:00:00,3.10,79,0.40,,0.00,3.30,221
2026-03-27 08:00:00,3.30,78,0.70,,0.00,3.10,216
2026-03-27 09:00:00,4.50,74,2.10,,0.00,2.10,211
2026-03-27 10:00:00,7.20,63,4.70,,0.00,2.90,210
2026-03-27 11:00:00,9.40,56,6.90,,0.00,3.60,217
2026-03-27 12:00:00,11.70,45,9.30,,0.00,3.30,276
2026-03-27 13:00:00,12.40,40,9.60,,0.00,4.00,265
2026-03-27 14:00:00,13.40,37,11.20,,0.00,3.40,252
2026-03-27 15:00:00,13.60,36,10.90,,0.00,5.20,258
2026-03-27 16:00:00,13.70,36,10.70,,0.00,4.70,270
2026-03-27 17:00:00,13.70,35,10.80,,0.00,4.20,290
2026-03-27 18:00:00,13.50,40,10.90,,0.00,3.90,292
2026-03-27 19:00:00,12.70,45,10.40,,0.00,2.20,279
2026-03-27 20:00:00,11.70,49,9.60,,0.00,1.30,214
2026-03-27 21:00:00,11.10,51,8.80,,0.00,2.50,180
2026-03-27 22:00:00,10.80,51,8.30,,0.00,3.20,270
2026-03-27 23:00:00,9.50,60,6.90,,0.00,6.10,315
2026-03-28 00:00:00,8.80,72,6.70,,0.00,4.70,337
2026-03-28 01:00:00,8.20,79,6.30,,0.00,4.80,312
2026-03-28 02:00:00,7.50,83,5.60,,0.00,4.30,312
2026-03-28 03:00:00,6.90,87,4.90,,0.00,4.80,318
2026-03-28 04:00:00,6.40,90,4.50,,0.00,4.70,328
2026-03-28 05:00:00,6.00,92,4.00,,0.00,5.00,330
2026-03-28 06:00:00,5.40,92,3.30,,0.00,4.70,328
2026-03-28 07:00:00,4.80,94,2.70,,0.00,4.30,318
2026-03-28 08:00:00,5.00,95,3.00,,0.00,4.10,315
2026-03-28 09:00:00,6.30,88,4.20,,0.00,5.40,340
2026-03-28 10:00:00,7.70,81,5.40,,0.00,6.50,357
2026-03-28 11:00:00,9.00,73,6.70,,0.00,6.90,6
2026-03-28 12:00:00,10.40,64,7.70,,0.00,8.40,10
2026-03-28 13:00:00,11.30,58,8.70,,0.00,8.80,9
2026-03-28 14:00:00,12.20,51,9.60,,0.00,8.50,12
2026-03-28 15:00:00,13.20,44,10.10,,0.00,8.40,7
2026-03-28 16:00:00,13.20,43,10.10,,0.00,8.10,13
2026-03-28 17:00:00,13.20,43,10.00,,0.00,8.60,22
2026-03-28 18:00:00,12.90,44,9.70,,0.00,8.40,25
2026-03-28 19:00:00,12.00,47,9.00,,0.00,6.80,25
2026-03-28 20:00:00,10.50,54,8.00,,0.00,4.60,18
2026-03-28 21:00:00,9.70,59,7.30,,0.00,3.80,17
2026-03-28 22:00:00,8.70,61,6.30,,0.00,4.10,38
2026-03-28 23:00:00,8.10,60,5.40,,0.00,4.60,51
2026-03-29 00:00:00,7.00,65,4.50,,0.00,3.80,49
2026-03-29 01:00:00,6.30,68,3.70,,0.00,4.10,45
2026-03-29 02:00:00,5.60,72,3.10,,0.00,3.80,41
2026-03-29 03:00:00,5.10,74,2.60,,0.00,3.60,45
2026-03-29 04:00:00,4.60,77,2.00,,0.00,4.30,42
2026-03-29 05:00:00,4.10,79,1.40,,0.00,5.10,45
2026-03-29 06:00:00,3.40,84,0.60,,0.00,5.10,45
2026-03-29 07:00:00,3.00,87,0.30,,0.00,5.10,51
2026-03-29 08:00:00,3.30,87,0.70,,0.00,5.10,51
2026-03-29 09:00:00,5.20,82,2.60,,0.00,6.20,54
2026-03-29 10:00:00,7.70,71,4.90,,0.00,7.90,60
2026-03-29 11:00:00,10.10,63,7.30,,0.00,8.90,63
2026-03-29 12:00:00,11.80,55,8.80,,0.00,12.10,78
2026-03-29 13:00:00,13.10,47,9.70,,0.00,13.70,87
2026-03-29 14:00:00,13.90,43,10.60,,0.00,13.80,84
2026-03-29 15:00:00,14.20,43,10.60,,0.00,14.10,77
2026-03-29 16:00:00,14.10,43,10.20,,0.00,14.00,78
2026-03-29 17:00:00,13.80,44,9.80,,0.00,14.30,80
2026-03-29 18:00:00,13.00,47,9.10,,0.00,13.80,81
2026-03-29 19:00:00,11.60,53,8.10,,0.00,12.40,82
2026-03-29 20:00:00,10.30,59,7.70,,0.00,6.50,71
2026-03-29 21:00:00,10.30,57,7.40,,0.00,7.60,65
2026-03-29 22:00:00,9.30,63,6.30,,0.00,8.90,69
2026-03-29 23:00:00,8.50,67,5.50,,0.00,8.60,75
2026-03-30 00:00:00,7.80,69,5.00,,0.00,7.40,76
2026-03-30 01:00:00,7.20,73,4.50,,0.00,6.70,74
2026-03-30 02:00:00,6.60,76,4.00,,0.00,6.00,73
2026-03-30 03:00:00,6.00,79,3.50,,0.00,5.70,72
2026-03-30 04:00:00,5.50,82,3.10,,0.00,5.20,65
2026-03-30 05:00:00,5.10,85,2.80,,0.00,4.80,63
2026-03-30 06:00:00,4.30,88,2.00,,0.00,4.40,55
2026-03-30 07:00:00,4.00,90,1.60,,0.00,4.70,58
2026-03-30 08:00:00,4.30,88,1.80,,0.00,5.20,56
2026-03-30 09:00:00,5.30,86,2.80,,0.00,6.30,59
2026-03-30 10:00:00,7.30,74,4.40,,0.00,8.80,71
2026-03-30 11:00:00,9.20,65,6.00,,0.00,10.20,72
2026-03-30 12:00:00,9.90,64,6.90,,0.00,10.10,73
2026-03-30 13:00:00,11.20,60,8.20,,0.00,10.70,76
2026-03-30 14:00:00,12.00,57,8.60,,0.00,13.00,95
2026-03-30 15:00:00,12.50,53,9.30,,0.00,11.20,96
2026-03-30 16:00:00,12.90,52,9.90,,0.00,10.20,80
2026-03-30 17:00:00,12.50,56,9.50,,0.10,10.80,92
2026-03-30 18:00:00,12.00,64,9.20,,0.10,11.40,101
2026-03-30 19:00:00,10.40,78,8.50,,0.90,7.70,101
2026-03-30 20:00:00,9.80,84,8.30,,1.00,4.80,63
2026-03-30 21:00:00,9.80,86,8.40,,0.30,5.10,45
2026-03-30 22:00:00,9.40,88,7.90,,0.10,6.30,59
2026-03-30 23:00:00,9.30,90,7.90,,0.00,6.00,73
2026-03-31 00:00:00,9.20,91,7.70,,0.00,5.90,76
2026-03-31 01:00:00,9.00,93,7.70,,0.00,5.20,78
2026-03-31 02:00:00,8.90,95,7.60,,0.10,5.20,74
2026-03-31 03:00:00,8.90,94,7.70,,0.00,4.10,75
2026-03-31 04:00:00,8.80,94,7.70,,0.00,4.00,90
2026-03-31 05:00:00,8.70,95,7.60,,0.00,4.00,90
2026-03-31 06:00:00,8.60,96,7.50,,0.00,3.80,73
2026-03-31 07:00:00,8.60,96,7.40,,0.00,4.40,81
2026-03-31 08:00:00,8.60,96,7.50,,0.00,4.00,63
2026-03-31 09:00:00,8.80,97,7.60,,0.00,5.20,65
2026-03-31 10:00:00,9.50,91,7.80,,0.00,8.00,80
2026-03-31 11:00:00,9.80,89,8.10,,0.00,8.00,80
2026-03-31 12:00:00,9.10,95,7.90,,0.00,5.20,65
2026-03-31 13:00:00,9.70,92,8.50,,0.00,5.20,65
2026-03-31 14:00:00,9.90,90,8.50,,0.00,6.60,68
2026-03-31 15:00:00,10.70,85,9.40,,0.00,6.00,57
2026-03-31 16:00:00,10.70,88,9.40,,0.00,6.70,54
2026-03-31 17:00:00,10.20,91,9.30,,0.00,4.00,27
2026-03-31 18:00:00,10.10,91,9.20,,0.00,3.20,333
2026-03-31 19:00:00,9.90,92,8.60,,0.00,6.00,343
2026-03-31 20:00:00,9.60,93,8.30,,0.00,6.50,354
2026-03-31 21:00:00,9.80,94,8.50,,0.20,6.90,9
2026-03-31 22:00:00,9.60,95,8.30,,1.00,6.80,3
2026-03-31 23:00:00,9.50,95,8.20,,0.40,6.50,357
2026-04-01 00:00:00,9.50,95,8.20,,0.10,6.60,351
2026-04-01 01:00:00,9.40,96,8.10,,0.00,6.50,341
2026-04-01 02:00:00,9.20,96,7.80,,0.00,7.10,336
2026-04-01 03:00:00,9.00,96,7.40,,0.10,7.60,329
2026-04-01 04:00:00,8.90,96,7.30,,0.60,8.30,326
2026-04-01 05:00:00,8.90,95,7.20,,1.10,8.30,326
2026-04-01 06:00:00,8.80,95,7.00,,1.20,9.00,323
2026-04-01 07:00:00,8.80,94,6.90,,1.20,9.30,324
2026-04-01 08:00:00,8.80,94,6.80,,1.50,9.40,317
2026-04-01 09:00:00,8.80,93,6.90,,1.00,8.90,313
2026-04-01 10:00:00,9.10,92,7.20,,1.20,8.90,320
2026-04-01 11:00:00,9.30,90,7.40,,0.80,9.00,323
2026-04-01 12:00:00,9.40,90,7.50,,0.70,9.40,317
2026-04-01 13:00:00,9.50,89,7.60,,1.10,9.30,324
2026-04-01 14:00:00,9.60,90,7.90,,0.90,8.00,324
2026-04-01 15:00:00,9.80,89,8.10,,0.70,8.40,313
2026-04-01 16:00:00,9.80,89,8.00,,0.60,9.00,307
2026-04-01 17:00:00,9.70,89,8.00,,0.60,8.30,304
2026-04-01 18:00:00,9.60,92,8.00,,1.10,8.00,306
2026-04-01 19:00:00,9.30,94,7.80,,1.20,7.50,305
2026-04-01 20:00:00,9.10,94,7.60,,1.40,7.20,307
2026-04-01 21:00:00,9.10,95,7.60,,1.80,6.90,313
2026-04-01 22:00:00,8.90,95,7.40,,1.30,6.60,315
2026-04-01 23:00:00,8.80,95,7.20,,0.80,7.10,311
2026-04-02 00:00:00,8.70,96,7.20,,0.50,6.90,309
2026-04-02 01:00:00,8.60,95,6.90,,0.30,8.00,324
2026-04-02 02:00:00,8.50,94,6.70,,0.00,7.80,326
2026-04-02 03:00:00,8.40,94,6.70,,0.00,7.60,329
2026-04-02 04:00:00,8.20,94,6.50,,0.30,6.90,332
2026-04-02 05:00:00,8.20,94,6.40,,0.40,7.10,336
2026-04-02 06:00:00,8.10,95,6.20,,0.00,8.00,342
2026-04-02 07:00:00,8.10,95,6.20,,0.00,7.80,338
2026-04-02 08:00:00,8.10,96,6.30,,0.00,8.00,342
2026-04-02 09:00:00,8.40,95,6.50,,0.00,9.20,349
2026-04-02 10:00:00,9.00,91,6.80,,0.10,10.50,8
2026-04-02 11:00:00,9.00,94,6.90,,1.40,10.70,12
2026-04-02 12:00:00,9.20,95,7.30,,1.00,10.20,23
2026-04-02 13:00:00,9.50,93,7.60,,0.50,10.40,34
2026-04-02 14:00:00,9.80,91,8.00,,0.60,9.00,37
2026-04-02 15:00:00,10.20,89,8.20,,0.70,11.00,19
2026-04-02 16:00:00,10.20,88,7.70,,0.90,13.70,30
2026-04-02 17:00:00,10.30,84,7.80,,0.10,12.60,31
2026-04-02 18:00:00,9.70,91,7.40,,0.70,12.90,23
2026-04-02 19:00:00,9.30,91,6.60,,1.30,14.50,23
2026-04-02 20:00:00,8.80,91,6.10,,0.70,14.00,23
2026-04-02 21:00:00,8.80,90,6.10,,0.50,13.20,26
2026-04-02 22:00:00,8.50,92,6.00,,0.40,12.40,30
2026-04-02 23:00:00,8.40,92,5.90,,0.40,12.10,37
2026-04-03 00:00:00,8.10,92,5.70,,0.30,10.80,30
2026-04-03 01:00:00,8.00,93,5.50,,0.50,11.40,35
2026-04-03 02:00:00,7.80,92,5.40,,0.30,10.70,33
2026-04-03 03:00:00,7.80,92,5.50,,0.00,9.70,31
2026-04-03 04:00:00,7.60,92,5.10,,0.00,10.60,35
2026-04-03 05:00:00,7.30,92,4.80,,0.00,10.30,36
2026-04-03 06:00:00,6.90,93,4.40,,0.00,10.20,32
2026-04-03 07:00:00,6.70,93,4.20,,0.00,10.20,32
2026-04-03 08:00:00,6.80,92,4.10,,0.00,10.80,30
2026-04-03 09:00:00,7.50,88,5.00,,0.00,10.10,27
2026-04-03 10:00:00,8.60,81,6.00,,0.00,10.10,27
2026-04-03 11:00:00,10.60,73,8.00,,0.00,10.30,25
2026-04-03 12:00:00,12.30,63,9.90,,0.00,10.90,27
2026-04-03 13:00:00,13.70,52,11.10,,0.00,12.30,38
2026-04-03 14:00:00,14.40,48,11.70,,0.00,12.10,30
2026-04-03 15:00:00,15.00,46,12.20,,0.00,11.40,18
2026-04-03 16:00:00,14.90,43,11.60,,0.00,11.20,15
2026-04-03 17:00:00,14.70,40,11.20,,0.00,10.60,10
2026-04-03 18:00:00,15.20,31,11.50,,0.00,9.30,13
2026-04-03 19:00:00,14.00,39,11.10,,0.00,5.40,352
2026-04-03 20:00:00,12.70,45,10.20,,0.00,3.90,326
2026-04-03 21:00:00,11.30,52,9.00,,0.00,3.60,315
2026-04-03 22:00:00,10.90,54,8.70,,0.00,3.10,306
2026-04-03 23:00:00,10.70,54,8.40,,0.00,3.20,297
2026-04-04 00:00:00,9.90,58,7.60,,0.00,3.50,294
2026-04-04 01:00:00,9.40,60,7.10,,0.00,3.80,287
2026-04-04 02:00:00,8.70,64,6.40,,0.00,4.00,280
2026-04-04 03:00:00,8.30,67,6.00,,0.00,3.60,276
2026-04-04 04:00:00,7.80,69,5.50,,0.00,4.00,265
2026-04-04 05:00:00,7.30,72,5.00,,0.00,4.00,265
2026-04-04 06:00:00,6.60,75,4.30,,0.00,4.00,265
2026-04-04 07:00:00,6.20,78,4.00,,0.00,4.00,265
2026-04-04 08:00:00,7.10,76,5.00,,0.00,3.60,264
2026-04-04 09:00:00,9.80,64,7.80,,0.00,3.30,257
2026-04-04 10:00:00,12.20,56,10.00,,0.00,5.10,266
2026-04-04 11:00:00,14.40,53,12.40,,0.00,4.70,261
2026-04-04 12:00:00,17.10,45,15.70,,0.00,5.40,278
2026-04-04 13:00:00,18.10,40,16.00,,0.00,7.40,293
2026-04-04 14:00:00,18.40,39,15.70,,0.00,8.70,287
2026-04-04 15:00:00,19.00,37,16.20,,0.00,9.70,285
2026-04-04 16:00:00,19.00,36,16.00,,0.00,10.40,284
2026-04-04 17:00:00,18.80,38,15.80,,0.00,10.90,287
2026-04-04 18:00:00,18.90,36,15.80,,0.00,10.80,285
2026-04-04 19:00:00,17.70,39,15.00,,0.00,8.20,285
2026-04-04 20:00:00,16.10,44,13.90,,0.00,5.10,266
2026-04-04 21:00:00,15.10,47,12.90,,0.00,4.70,261
2026-04-04 22:00:00,13.90,51,11.80,,0.00,4.90,253
2026-04-04 23:00:00,13.30,53,11.10,,0.00,5.40,250
2026-04-05 00:00:00,12.90,55,10.70,,0.00,5.20,245
2026-04-05 01:00:00,12.50,56,10.20,,0.00,5.80,248
2026-04-05 02:00:00,12.20,56,9.80,,0.00,6.60,248
2026-04-05 03:00:00,11.60,57,9.00,,0.00,6.70,254
2026-04-05 04:00:00,11.10,60,8.50,,0.00,7.30,259
2026-04-05 05:00:00,10.60,61,8.00,,0.00,7.20,264
2026-04-05 06:00:00,9.90,64,7.40,,0.00,6.80,267
2026-04-05 07:00:00,9.60,65,7.10,,0.00,6.90,261
2026-04-05 08:00:00,9.90,64,7.20,,0.00,7.80,257
2026-04-05 09:00:00,10.80,61,8.30,,0.00,6.90,261
2026-04-05 10:00:00,12.20,56,9.60,,0.00,7.60,270
2026-04-05 11:00:00,13.60,50,10.80,,0.00,8.50,282
2026-04-05 12:00:00,15.00,44,12.20,,0.00,7.90,286
2026-04-05 13:00:00,14.60,45,11.50,,0.10,10.00,257
2026-04-05 14:00:00,13.80,53,11.40,,0.10,7.10,285
2026-04-05 15:00:00,11.40,73,8.90,,1.20,11.50,340
2026-04-05 16:00:00,10.10,77,8.00,,1.00,8.00,8
2026-04-05 17:00:00,9.40,80,7.50,,0.60,6.50,357
2026-04-05 18:00:00,8.40,84,6.20,,1.00,8.10,339
2026-04-05 19:00:00,7.90,80,4.90,,0.50,11.80,329
2026-04-05 20:00:00,6.80,79,3.00,,0.60,15.30,333
2026-04-05 21:00:00,5.00,74,0.80,,0.30,14.90,328
2026-04-05 22:00:00,3.70,79,-0.50,,0.50,14.50,318
2026-04-05 23:00:00,3.50,76,-0.40,,0.30,11.90,325
2026-04-06 00:00:00,3.70,74,0.10,,0.00,9.50,307
2026-04-06 01:00:00,3.50,76,-0.20,,0.00,10.90,304
2026-04-06 02:00:00,3.20,71,-0.50,,0.10,9.70,312
2026-04-06 03:00:00,2.90,68,-0.90,,0.00,9.40,313
2026-04-06 04:00:00,2.50,71,-1.30,,0.00,9.20,312
2026-04-06 05:00:00,2.20,74,-1.50,,0.00,8.90,313
2026-04-06 06:00:00,1.70,78,-1.90,,0.00,8.30,304
2026-04-06 07:00:00,1.50,80,-2.20,,0.00,8.70,300
2026-04-06 08:00:00,1.50,80,-2.20,,0.00,9.10,304
2026-04-06 09:00:00,1.90,78,-1.70,,0.00,8.30,304
2026-04-06 10:00:00,2.50,71,-1.10,,0.00,7.90,313
2026-04-06 11:00:00,3.10,65,-0.50,,0.00,7.60,301
2026-04-06 12:00:00,3.40,60,-0.20,,0.00,7.10,300
2026-04-06 13:00:00,4.20,53,0.50,,0.00,6.40,297
2026-04-06 14:00:00,4.50,50,0.80,,0.00,6.30,294
2026-04-06 15:00:00,4.20,52,0.30,,0.00,7.20,276
2026-04-06 16:00:00,4.00,54,0.20,,0.00,7.60,278
2026-04-06 17:00:00,4.00,60,0.30,,0.20,8.00,280
2026-04-06 18:00:00,3.60,62,-0.10,,0.30,8.10,291
2026-04-06 19:00:00,2.00,79,-1.90,,0.30,11.20,320
2026-04-06 20:00:00,1.30,83,-2.30,,0.40,9.10,326
2026-04-06 21:00:00,0.90,83,-2.90,,0.20,10.20,302
2026-04-06 22:00:00,0.30,86,-3.80,,0.00,12.20,298
2026-04-06 23:00:00,-0.30,84,-4.60,,0.00,12.20,294
2026-04-07 00:00:00,-0.80,84,-5.00,,0.00,11.50,284
2026-04-07 01:00:00,-1.10,80,-5.60,,0.00,12.70,277
2026-04-07 02:00:00,-1.30,80,-5.80,,0.00,12.20,270
2026-04-07 03:00:00,-1.50,81,-5.90,,0.00,11.90,270
2026-04-07 04:00:00,-1.50,78,-6.20,,0.00,12.70,263
2026-04-07 05:00:00,-1.60,80,-6.40,,0.00,14.20,263
2026-04-07 06:00:00,-1.70,83,-6.40,,0.00,13.50,261
2026-04-07 07:00:00,-1.70,81,-6.30,,0.00,13.10,261
2026-04-07 08:00:00,-1.10,79,-5.90,,0.00,14.00,269
2026-04-07 09:00:00,-0.80,77,-5.40,,0.20,13.00,273
2026-04-07 10:00:00,-0.40,73,-5.30,,0.20,15.10,271
2026-04-07 11:00:00,0.30,66,-4.80,,0.10,15.50,273
2026-04-07 12:00:00,0.60,60,-4.70,,0.10,16.20,271
2026-04-07 13:00:00,1.10,56,-4.30,,0.00,16.60,275
2026-04-07 14:00:00,0.90,59,-4.50,,0.00,16.70,276
2026-04-07 15:00:00,0.30,70,-4.80,,0.10,16.30,275
2026-04-07 16:00:00,0.40,67,-4.50,,0.00,14.80,284
2026-04-07 17:00:00,-0.30,76,-5.00,,0.20,13.70,288
2026-04-07 18:00:00,-0.60,80,-5.10,,0.10,12.40,292
2026-04-07 19:00:00,-0.70,77,-5.10,,0.10,11.30,292
2026-04-07 20:00:00,-0.90,78,-5.20,,0.10,11.40,294
2026-04-07 21:00:00,-0.70,77,-5.00,,0.10,11.00,289
2026-04-07 22:00:00,-1.00,79,-5.30,,0.10,10.70,290
2026-04-07 23:00:00,-1.10,79,-5.50,,0.00,11.60,300
2026-04-08 00:00:00,-1.10,76,-5.70,,0.00,12.40,306
2026-04-08 01:00:00,-1.20,75,-5.80,,0.00,11.90,305
2026-04-08 02:00:00,-1.20,75,-5.70,,0.00,11.20,303
2026-04-08 03:00:00,-1.20,72,-5.70,,0.00,10.80,296
2026-04-08 04:00:00,-1.40,74,-5.80,,0.00,10.70,290
2026-04-08 05:00:00,-1.60,76,-6.00,,0.00,11.30,297
2026-04-08 06:00:00,-1.80,74,-6.50,,0.00,12.40,300
2026-04-08 07:00:00,-2.20,72,-7.00,,0.00,12.90,306
2026-04-08 08:00:00,-2.10,70,-7.00,,0.00,13.50,304
2026-04-08 09:00:00,-1.20,66,-6.10,,0.00,13.50,314
2026-04-08 10:00:00,0.20,57,-4.90,,0.00,14.10,320
2026-04-08 11:00:00,1.40,46,-4.10,,0.00,16.10,320
2026-04-08 12:00:00,2.00,42,-3.80,,0.00,18.10,316
2026-04-08 13:00:00,2.60,38,-3.30,,0.00,17.90,310
2026-04-08 14:00:00,2.80,36,-3.00,,0.00,16.90,310
2026-04-08 15:00:00,3.00,38,-2.60,,0.00,15.90,308
2026-04-08 16:00:00,3.10,41,-2.20,,0.10,14.50,316
2026-04-08 17:00:00,3.00,39,-2.20,,0.00,13.50,314
2026-04-08 18:00:00,2.50,44,-2.10,,0.00,10.50,319
2026-04-08 19:00:00,1.80,47,-2.60,,0.00,9.00,323
2026-04-08 20:00:00,0.70,58,-3.30,,0.00,6.70,324
2026-04-08 21:00:00,0.10,65,-3.50,,0.00,5.10,309
2026-04-08 22:00:00,-0.30,68,-3.80,,0.00,4.40,305
2026-04-08 23:00:00,-0.80,70,-4.20,,0.00,4.20,290
2026-04-09 00:00:00,-1.10,70,-4.80,,0.00,5.70,288
2026-04-09 01:00:00,-1.30,69,-5.10,,0.00,5.90,284
2026-04-09 02:00:00,-1.50,68,-5.30,,0.00,5.90,281
2026-04-09 03:00:00,-2.00,70,-5.80,,0.00,5.80,277
2026-04-09 04:00:00,-2.40,73,-6.20,,0.00,5.80,270
2026-04-09 05:00:00,-2.80,75,-6.50,,0.00,5.40,270
2026-04-09 06:00:00,-3.10,77,-6.80,,0.00,5.10,266
2026-04-09 07:00:00,-3.20,77,-6.80,,0.00,4.70,270
2026-04-09 08:00:00,-2.30,74,-6.10,,0.00,5.80,270
2026-04-09 09:00:00,-1.00,71,-4.70,,0.00,5.80,274
2026-04-09 10:00:00,0.60,64,-3.10,,0.00,6.20,277
2026-04-09 11:00:00,1.20,64,-2.80,,0.20,8.70,287
2026-04-09 12:00:00,2.00,61,-2.10,,0.20,9.00,293
2026-04-09 13:00:00,2.40,61,-1.70,,0.30,9.50,299
2026-04-09 14:00:00,2.80,56,-1.30,,0.20,9.40,302
2026-04-09 15:00:00,2.80,53,-1.50,,0.10,9.70,301
2026-04-09 16:00:00,3.60,41,-1.00,,0.00,10.00,296
2026-04-09 17:00:00,3.80,38,-1.00,,0.00,11.40,288
2026-04-09 18:00:00,3.60,35,-1.40,,0.00,11.70,288
2026-04-09 19:00:00,3.00,37,-1.80,,0.00,10.70,290
2026-04-09 20:00:00,2.20,40,-2.00,,0.00,6.30,283
2026-04-09 21:00:00,1.60,45,-2.40,,0.00,5.50,247
2026-04-09 22:00:00,0.90,51,-3.10,,0.00,6.20,234
2026-04-09 23:00:00,0.50,57,-3.50,,0.00,6.40,227
2026-04-10 00:00:00,0.50,60,-3.60,,0.00,7.90,219
2026-04-10 01:00:00,0.30,61,-4.00,,0.00,8.90,220
2026-04-10 02:00:00,0.20,65,-4.10,,0.00,9.70,225
2026-04-10 03:00:00,0.10,74,-4.00,,0.00,9.40,212
2026-04-10 04:00:00,0.10,76,-3.90,,0.00,9.70,202
2026-04-10 05:00:00,0.20,73,-4.10,,0.00,10.80,210
2026-04-10 06:00:00,0.20,78,-3.90,,0.00,10.50,207
2026-04-10 07:00:00,0.20,80,-4.00,,0.00,11.50,212
2026-04-10 08:00:00,0.40,84,-3.60,,0.10,10.50,221
2026-04-10 09:00:00,0.30,91,-3.50,,0.80,10.30,241
2026-04-10 10:00:00,0.70,90,-2.70,,0.90,8.00,278
2026-04-10 11:00:00,0.40,93,-3.60,,1.30,12.10,330
2026-04-10 12:00:00,0.30,92,-3.60,,1.20,11.20,327
2026-04-10 13:00:00,1.30,77,-3.10,,0.30,13.70,325
2026-04-10 14:00:00,0.70,83,-3.80,,0.30,14.50,330
2026-04-10 15:00:00,0.90,75,-4.00,,0.30,15.80,333
2026-04-10 16:00:00,1.50,60,-3.70,,0.00,16.30,338
2026-04-10 17:00:00,1.20,62,-4.00,,0.00,16.10,333
2026-04-10 18:00:00,0.60,71,-4.10,,0.00,13.90,335
2026-04-10 19:00:00,0.10,72,-4.30,,0.00,11.80,340
2026-04-10 20:00:00,0.00,72,-4.20,,0.00,10.50,329
2026-04-10 21:00:00,-0.40,77,-4.50,,0.00,9.70,318
2026-04-10 22:00:00,-0.80,78,-4.80,,0.00,8.90,313
2026-04-10 23:00:00,-1.10,78,-5.30,,0.00,9.70,318
2026-04-11 00:00:00,-1.80,79,-6.20,,0.00,10.70,318
2026-04-11 01:00:00,-2.30,81,-6.60,,0.00,10.70,318
2026-04-11 02:00:00,-2.60,81,-7.00,,0.00,10.50,322
2026-04-11 03:00:00,-2.90,83,-7.10,,0.00,9.50,323
2026-04-11 04:00:00,-3.00,84,-7.20,,0.00,9.20,318
2026-04-11 05:00:00,-3.30,85,-7.50,,0.00,9.20,318
2026-04-11 06:00:00,-3.70,84,-7.90,,0.00,8.90,313
2026-04-11 07:00:00,-3.70,84,-7.80,,0.00,8.20,311
2026-04-11 08:00:00,-2.90,79,-7.10,,0.00,8.90,317
2026-04-11 09:00:00,-1.40,73,-5.60,,0.00,8.70,322
2026-04-11 10:00:00,0.10,65,-4.10,,0.00,8.70,330
2026-04-11 11:00:00,1.30,55,-2.80,,0.00,9.80,343
2026-04-11 12:00:00,2.90,46,-0.70,,0.00,9.80,354
2026-04-11 13:00:00,3.70,44,0.70,,0.00,7.90,3
2026-04-11 14:00:00,4.40,42,1.70,,0.00,6.50,6
2026-04-11 15:00:00,5.10,35,2.00,,0.00,6.20,7
2026-04-11 16:00:00,5.50,33,1.90,,0.00,5.10,4
2026-04-11 17:00:00,5.50,31,1.50,,0.00,5.10,356
2026-04-11 18:00:00,5.30,25,1.00,,0.00,5.40,352
2026-04-11 19:00:00,4.70,27,0.50,,0.00,5.40,352
2026-04-11 20:00:00,3.90,35,0.20,,0.00,2.90,7
2026-04-11 21:00:00,3.70,34,0.30,,0.00,1.00,45
2026-04-11 22:00:00,3.40,35,-0.10,,0.00,1.30,214
2026-04-11 23:00:00,2.90,37,-0.70,,0.00,2.60,236
2026-04-12 00:00:00,2.80,37,-1.00,,0.00,3.30,257
2026-04-12 01:00:00,1.60,48,-2.00,,0.00,3.60,270
2026-04-12 02:00:00,1.00,59,-2.50,,0.00,3.60,270
2026-04-12 03:00:00,0.90,61,-2.60,,0.00,4.00,275
2026-04-12 04:00:00,0.80,59,-2.70,,0.00,4.00,280
2026-04-12 05:00:00,0.60,60,-3.00,,0.00,4.50,284
2026-04-12 06:00:00,0.20,65,-3.20,,0.00,3.60,276
2026-04-12 07:00:00,-0.00,69,-3.30,,0.00,3.60,270
2026-04-12 08:00:00,0.60,71,-2.50,,0.00,3.20,270
2026-04-12 09:00:00,2.30,67,-0.70,,0.00,3.30,264
2026-04-12 10:00:00,4.10,61,1.00,,0.00,4.50,256
2026-04-12 11:00:00,5.90,52,2.60,,0.00,4.80,243
2026-04-12 12:00:00,7.20,49,4.10,,0.00,4.90,253
2026-04-12 13:00:00,8.20,50,5.80,,0.00,4.80,257
2026-04-12 14:00:00,8.90,51,6.40,,0.00,5.10,274
2026-04-12 15:00:00,9.50,47,6.00,,0.00,8.10,302
2026-04-12 16:00:00,8.90,53,5.60,,0.10,7.90,317
2026-04-12 17:00:00,9.00,55,6.20,,0.00,5.10,315
2026-04-12 18:00:00,9.50,51,6.30,,0.00,7.20,307
2026-04-12 19:00:00,8.90,56,6.00,,0.00,5.70,305
2026-04-12 20:00:00,8.10,64,5.70,,0.00,3.60,307
2026-04-12 21:00:00,6.90,74,4.70,,0.00,3.30,276
2026-04-12 22:00:00,6.10,79,3.90,,0.00,3.20,243
2026-04-12 23:00:00,5.50,82,3.40,,0.00,3.10,234
2026-04-13 00:00:00,5.00,87,2.90,,0.00,3.10,225
2026-04-13 01:00:00,4.60,89,2.50,,0.00,3.30,229
2026-04-13 02:00:00,4.00,91,1.80,,0.00,3.70,241
2026-04-13 03:00:00,3.60,91,1.30,,0.00,3.60,225
2026-04-13 04:00:00,3.30,90,0.90,,0.00,3.80,229
2026-04-13 05:00:00,3.00,90,0.50,,0.00,4.20,239
2026-04-13 06:00:00,2.50,90,-0.10,,0.00,3.80,229
2026-04-13 07:00:00,2.20,91,-0.40,,0.00,3.80,229
2026-04-13 08:00:00,3.50,85,1.10,,0.00,3.40,238
2026-04-13 09:00:00,5.90,73,3.20,,0.00,5.80,240
2026-04-13 10:00:00,8.00,63,5.20,,0.00,5.80,240
2026-04-13 11:00:00,10.00,53,7.20,,0.00,6.50,236
2026-04-13 12:00:00,11.60,39,8.90,,0.00,6.80,238
2026-04-13 13:00:00,12.60,38,10.20,,0.00,6.60,229
2026-04-13 14:00:00,13.40,36,10.70,,0.00,6.40,223
2026-04-13 15:00:00,14.50,33,11.70,,0.00,5.60,220
2026-04-13 16:00:00,14.50,33,11.30,,0.00,5.70,215
2026-04-13 17:00:00,14.50,35,11.50,,0.00,5.40,217
2026-04-13 18:00:00,15.10,33,12.10,,0.00,4.30,204
2026-04-13 19:00:00,14.40,35,11.50,,0.00,4.40,189
2026-04-13 20:00:00,12.90,41,10.20,,0.00,3.90,158
2026-04-13 21:00:00,12.40,42,9.70,,0.00,3.70,151
2026-04-13 22:00:00,11.50,46,8.80,,0.00,3.70,151
2026-04-13 23:00:00,10.60,50,7.90,,0.00,4.20,149
2026-04-14 00:00:00,9.80,52,7.10,,0.00,4.30,156
2026-04-14 01:00:00,9.20,53,6.40,,0.00,4.80,167
2026-04-14 02:00:00,8.80,55,5.90,,0.00,5.40,176
2026-04-14 03:00:00,8.10,59,5.30,,0.00,5.40,184
2026-04-14 04:00:00,7.70,59,4.70,,0.00,6.30,193
2026-04-14 05:00:00,7.20,59,4.00,,0.00,6.60,189
2026-04-14 06:00:00,6.50,62,3.40,,0.00,6.60,189
2026-04-14 07:00:00,6.30,62,3.00,,0.00,7.40,194
2026-04-14 08:00:00,7.00,62,3.70,,0.00,8.80,189
2026-04-14 09:00:00,9.60,53,6.10,,0.00,10.00,193
2026-04-14 10:00:00,11.60,48,8.10,,0.00,10.50,188
2026-04-14 11:00:00,13.80,41,10.30,,0.00,11.50,184
2026-04-14 12:00:00,15.60,33,11.80,,0.00,15.50,192
2026-04-14 13:00:00,16.40,30,12.90,,0.00,15.60,187
2026-04-14 14:00:00,17.00,28,13.30,,0.00,15.50,183
2026-04-14 15:00:00,17.60,26,13.40,,0.00,15.50,181
2026-04-14 16:00:00,17.30,28,12.70,,0.00,15.50,181
2026-04-14 17:00:00,17.00,29,12.60,,0.00,14.80,180
2026-04-14 18:00:00,17.00,27,12.50,,0.00,14.00,181
2026-04-14 19:00:00,16.00,28,11.70,,0.00,11.90,182
2026-04-14 20:00:00,14.40,31,10.60,,0.00,9.10,173
2026-04-14 21:00:00,13.80,33,10.10,,0.00,8.40,170
2026-04-14 22:00:00,12.80,36,9.30,,0.00,7.60,172
2026-04-14 23:00:00,12.00,42,8.60,,0.00,8.40,173
2026-04-15 00:00:00,11.50,47,8.30,,0.00,8.30,175
2026-04-15 01:00:00,10.70,52,7.40,,0.00,9.40,178
2026-04-15 02:00:00,9.80,55,6.60,,0.00,9.00,175
2026-04-15 03:00:00,8.70,60,5.50,,0.00,8.40,170
2026-04-15 04:00:00,7.80,61,4.50,,0.00,8.80,168
2026-04-15 05:00:00,7.00,63,3.60,,0.00,9.60,167
2026-04-15 06:00:00,6.20,67,2.80,,0.00,9.30,167
2026-04-15 07:00:00,6.00,66,2.50,,0.00,10.00,165
2026-04-15 08:00:00,6.40,62,2.50,,0.00,11.40,167
2026-04-15 09:00:00,7.70,57,3.80,,0.00,11.50,166
2026-04-15 10:00:00,9.30,48,5.20,,0.00,11.80,160
2026-04-15 11:00:00,11.00,41,6.70,,0.00,13.00,161
2026-04-15 12:00:00,13.30,31,8.50,,0.00,14.90,172
2026-04-15 13:00:00,14.80,31,10.30,,0.00,15.60,172
2026-04-15 14:00:00,16.20,28,11.80,,0.00,15.90,175
2026-04-15 15:00:00,17.50,26,12.80,,0.00,16.40,171
2026-04-15 16:00:00,17.80,27,13.20,,0.00,15.90,167
2026-04-15 17:00:00,17.80,27,13.20,,0.00,15.50,168
2026-04-15 18:00:00,17.60,25,13.00,,0.00,14.20,171
2026-04-15 19:00:00,16.70,27,12.50,,0.00,11.80,168
2026-04-15 20:00:00,15.60,32,11.90,,0.00,9.60,160
2026-04-15 21:00:00,15.00,34,11.50,,0.00,8.50,152
2026-04-15 22:00:00,14.40,36,10.90,,0.00,9.00,151
2026-04-15 23:00:00,13.90,38,10.40,,0.00,9.20,159
2026-04-16 00:00:00,13.60,38,10.20,,0.00,8.20,165
2026-04-16 01:00:00,13.10,39,9.80,,0.00,7.70,169
2026-04-16 02:00:00,12.70,39,9.40,,0.00,7.00,168
2026-04-16 03:00:00,12.10,40,9.10,,0.00,5.40,160
2026-04-16 04:00:00,11.60,41,8.40,,0.00,5.80,173
2026-04-16 05:00:00,10.60,50,7.40,,0.30,7.90,164
2026-04-16 06:00:00,10.10,53,6.90,,0.10,8.20,165
2026-04-16 07:00:00,9.80,56,6.70,,0.10,8.00,162
2026-04-16 08:00:00,9.80,56,6.40,,0.00,10.40,160
2026-04-16 09:00:00,10.70,50,7.00,,0.10,11.40,162
2026-04-16 10:00:00,10.80,55,7.30,,0.10,11.70,162
2026-04-16 11:00:00,11.00,60,7.70,,0.30,11.90,155
2026-04-16 12:00:00,11.90,59,8.60,,0.30,13.00,152
2026-04-16 13:00:00,12.70,58,9.30,,0.20,14.30,146
2026-04-16 14:00:00,13.60,57,10.50,,0.00,13.30,147
2026-04-16 15:00:00,14.50,59,11.70,,0.00,13.70,150
2026-04-16 16:00:00,14.30,60,11.40,,0.30,14.00,145
2026-04-16 17:00:00,14.80,55,11.80,,0.00,13.70,145
2026-04-16 18:00:00,15.70,54,12.90,,0.00,12.90,150
2026-04-16 19:00:00,15.80,51,12.70,,0.00,13.50,155
2026-04-16 20:00:00,15.50,52,12.60,,0.00,12.20,152
2026-04-16 21:00:00,15.60,52,13.00,,0.00,10.60,156
2026-04-16 22:00:00,15.00,55,12.60,,0.00,9.50,155
2026-04-16 23:00:00,14.70,56,12.40,,0.00,9.20,159
2026-04-17 00:00:00,14.60,57,12.30,,0.00,8.90,159
2026-04-17 01:00:00,14.20,59,12.00,,0.00,8.80,161
2026-04-17 02:00:00,13.60,61,11.30,,0.00,8.90,159
2026-04-17 03:00:00,13.20,64,11.00,,0.00,8.80,161
2026-04-17 04:00:00,12.60,65,10.40,,0.00,8.30,162
2026-04-17 05:00:00,12.20,66,10.00,,0.00,8.70,163
2026-04-17 06:00:00,12.20,65,9.80,,0.00,9.30,164
2026-04-17 07:00:00,12.00,65,9.50,,0.00,9.60,167
2026-04-17 08:00:00,12.40,62,9.60,,0.00,11.20,165
2026-04-17 09:00:00,13.70,57,10.80,,0.00,11.60,164
2026-04-17 10:00:00,15.20,51,12.20,,0.00,12.30,165
2026-04-17 11:00:00,17.10,45,13.90,,0.00,13.50,164
2026-04-17 12:00:00,19.70,39,16.30,,0.00,15.30,172
2026-04-17 13:00:00,21.10,34,18.50,,0.00,15.90,176
2026-04-17 14:00:00,22.20,32,19.60,,0.00,15.50,177
2026-04-17 15:00:00,22.80,33,20.20,,0.00,15.20,176
2026-04-17 16:00:00,23.00,33,20.10,,0.00,14.80,177
2026-04-17 17:00:00,22.90,35,20.00,,0.00,14.10,177
2026-04-17 18:00:00,23.00,35,20.30,,0.00,13.00,180
2026-04-17 19:00:00,22.00,39,19.80,,0.00,10.80,176
2026-04-17 20:00:00,20.30,45,18.70,,0.00,7.80,167
2026-04-17 21:00:00,19.60,46,18.00,,0.00,7.10,165
2026-04-17 22:00:00,18.30,50,16.70,,0.00,7.00,168
2026-04-17 23:00:00,17.50,52,15.90,,0.00,6.90,174
2026-04-18 00:00:00,16.90,54,15.20,,0.00,7.20,180
2026-04-18 01:00:00,16.10,56,14.30,,0.00,7.60,183
2026-04-18 02:00:00,15.30,57,13.20,,0.00,8.70,185
2026-04-18 03:00:00,14.40,60,12.50,,0.00,7.20,186
2026-04-18 04:00:00,13.60,62,11.70,,0.00,6.50,183
2026-04-18 05:00:00,12.80,65,10.90,,0.00,6.50,174
2026-04-18 06:00:00,11.60,71,9.70,,0.00,6.70,164
2026-04-18 07:00:00,11.40,65,9.00,,0.00,7.60,161
2026-04-18 08:00:00,12.10,60,9.50,,0.00,8.90,159
2026-04-18 09:00:00,14.20,52,11.40,,0.00,9.90,161
2026-04-18 10:00:00,16.30,46,13.40,,0.00,10.80,159
2026-04-18 11:00:00,18.40,40,15.60,,0.00,12.20,161
2026-04-18 12:00:00,20.40,35,17.90,,0.00,13.30,161
2026-04-18 13:00:00,21.60,28,18.90,,0.00,13.90,159
2026-04-18 14:00:00,22.60,24,19.60,,0.00,14.20,159
2026-04-18 15:00:00,23.70,23,20.70,,0.00,13.30,161
2026-04-18 16:00:00,23.70,24,20.30,,0.00,13.30,161
2026-04-18 17:00:00,23.60,26,20.20,,0.00,12.60,160
2026-04-18 18:00:00,23.60,29,20.50,,0.00,12.10,163
2026-04-18 19:00:00,22.50,31,19.80,,0.00,9.90,161
2026-04-18 20:00:00,20.70,35,18.50,,0.00,6.80,155
2026-04-18 21:00:00,19.60,37,17.30,,0.00,6.40,153
2026-04-18 22:00:00,18.00,43,15.90,,0.00,5.90,142
2026-04-18 23:00:00,16.80,48,14.90,,0.00,5.70,145
2026-04-19 00:00:00,15.90,54,14.30,,0.00,5.40,143
2026-04-19 01:00:00,15.40,55,13.70,,0.00,5.30,152
2026-04-19 02:00:00,15.00,55,13.30,,0.00,5.20,155
2026-04-19 03:00:00,14.40,58,12.80,,0.00,4.50,151
2026-04-19 04:00:00,14.00,57,12.20,,0.00,4.30,156
2026-04-19 05:00:00,13.70,57,11.90,,0.00,4.20,160
2026-04-19 06:00:00,12.80,58,11.00,,0.00,4.00,153
2026-04-19 07:00:00,12.60,59,10.70,,0.00,4.00,153
2026-04-19 08:00:00,13.50,56,11.70,,0.00,3.90,146
2026-04-19 09:00:00,15.30,50,13.40,,0.00,4.40,145
2026-04-19 10:00:00,17.40,45,15.50,,0.00,4.80,138
2026-04-19 11:00:00,19.20,41,17.40,,0.00,5.70,125
2026-04-19 12:00:00,20.80,31,18.60,,0.00,8.90,137
2026-04-19 13:00:00,21.80,26,19.30,,0.00,12.20,135
2026-04-19 14:00:00,22.30,22,19.50,,0.00,12.50,136
2026-04-19 15:00:00,22.80,21,19.90,,0.00,11.20,135
2026-04-19 16:00:00,22.70,24,19.60,,0.00,10.40,134
2026-04-19 17:00:00,22.50,23,19.00,,0.00,9.90,134
2026-04-19 18:00:00,22.60,21,19.00,,0.00,8.90,140
2026-04-19 19:00:00,21.60,23,18.30,,0.00,7.20,143
2026-04-19 20:00:00,19.80,26,17.00,,0.00,4.70,157
2026-04-19 21:00:00,18.00,33,15.40,,0.00,4.40,145
2026-04-19 22:00:00,16.50,35,13.90,,0.00,4.50,151
2026-04-19 23:00:00,16.20,35,13.80,,0.00,2.30,141
2026-04-20 00:00:00,14.80,41,12.50,,0.00,3.10,135
2026-04-20 01:00:00,14.20,42,11.90,,0.00,2.80,140
2026-04-20 02:00:00,13.50,46,11.30,,0.00,2.50,135
2026-04-20 03:00:00,12.70,53,11.00,,0.00,0.50,45
2026-04-20 04:00:00,11.80,55,9.90,,0.00,2.10,59
2026-04-20 05:00:00,11.20,59,9.30,,0.00,2.90,120
2026-04-20 06:00:00,10.40,63,8.80,,0.00,1.10,108
2026-04-20 07:00:00,10.50,63,8.80,,0.00,1.60,117
2026-04-20 08:00:00,11.40,63,9.80,,0.00,1.90,112
2026-04-20 09:00:00,14.70,45,12.80,,0.00,1.60,117
2026-04-20 10:00:00,17.70,38,15.60,,0.00,3.30,103
2026-04-20 11:00:00,20.20,32,18.50,,0.00,5.10,98
2026-04-20 12:00:00,22.40,23,20.10,,0.00,9.20,132
2026-04-20 13:00:00,23.00,22,20.90,,0.00,9.70,138
2026-04-20 14:00:00,23.50,22,21.50,,0.00,9.40,137
2026-04-20 15:00:00,24.20,20,21.70,,0.00,9.40,140
2026-04-20 16:00:00,24.10,20,21.10,,0.00,8.70,138
2026-04-20 17:00:00,23.90,20,20.50,,0.00,8.40,140
2026-04-20 18:00:00,23.90,20,20.60,,0.00,7.40,141
2026-04-20 19:00:00,22.80,22,19.80,,0.00,6.20,144
2026-04-20 20:00:00,20.90,27,18.40,,0.00,3.40,162
2026-04-20 21:00:00,19.90,30,17.60,,0.00,2.90,173
2026-04-20 22:00:00,18.90,31,16.70,,0.00,1.50,194
2026-04-20 23:00:00,18.00,31,15.80,,0.00,1.40,270
2026-04-21 00:00:00,16.50,38,14.30,,0.00,2.80,310
2026-04-21 01:00:00,15.50,39,13.10,,0.00,3.60,307
2026-04-21 02:00:00,14.20,45,12.10,,0.00,2.30,72
2026-04-21 03:00:00,13.60,54,11.90,,0.00,2.50,360
2026-04-21 04:00:00,13.20,56,11.40,,0.00,2.90,353
2026-04-21 05:00:00,12.30,61,10.70,,0.00,2.30,18
2026-04-21 06:00:00,11.20,65,9.70,,0.00,1.80,11
2026-04-21 07:00:00,10.90,67,9.40,,0.00,2.20,90
2026-04-21 08:00:00,12.20,62,10.70,,0.00,2.10,121
2026-04-21 09:00:00,15.20,49,13.40,,0.00,3.80,131
2026-04-21 10:00:00,18.20,44,16.30,,0.00,6.10,135
2026-04-21 11:00:00,20.80,39,19.40,,0.00,7.40,133
2026-04-21 12:00:00,22.70,32,21.20,,0.00,9.40,140
2026-04-21 13:00:00,23.70,29,22.40,,0.00,9.20,141
2026-04-21 14:00:00,24.50,26,23.00,,0.00,9.40,140
2026-04-21 15:00:00,25.10,24,23.20,,0.00,8.90,137
2026-04-21 16:00:00,25.20,25,22.80,,0.00,9.40,140
2026-04-21 17:00:00,24.90,29,22.50,,0.00,9.20,138
2026-04-21 18:00:00,24.90,29,22.50,,0.00,8.70,135
2026-04-21 19:00:00,23.80,30,21.40,,0.00,8.20,128
2026-04-21 20:00:00,21.90,34,20.00,,0.00,5.10,129
2026-04-21 21:00:00,20.60,39,19.00,,0.00,4.30,132
2026-04-21 22:00:00,19.00,44,17.60,,0.00,3.90,146
2026-04-21 23:00:00,17.90,48,16.40,,0.00,4.00,153
2026-04-22 00:00:00,17.00,51,15.60,,0.00,3.90,158
2026-04-22 01:00:00,16.20,52,14.70,,0.00,3.80,163
2026-04-22 02:00:00,15.80,50,14.10,,0.00,3.80,163
2026-04-22 03:00:00,15.50,51,13.80,,0.00,3.50,156
2026-04-22 04:00:00,15.00,52,13.30,,0.00,3.40,148
2026-04-22 05:00:00,14.50,54,12.90,,0.00,3.20,153
2026-04-22 06:00:00,13.10,62,11.70,,0.00,3.10,144
2026-04-22 07:00:00,12.90,63,11.40,,0.00,3.30,139
2026-04-22 08:00:00,13.80,63,12.70,,0.00,2.50,135
2026-04-22 09:00:00,16.60,46,14.80,,0.00,3.30,131
2026-04-22 10:00:00,19.20,40,17.40,,0.00,4.40,125
2026-04-22 11:00:00,21.40,34,19.80,,0.00,6.20,126
2026-04-22 12:00:00,23.40,30,22.00,,0.00,8.70,132
2026-04-22 13:00:00,24.10,28,22.90,,0.00,8.70,128
2026-04-22 14:00:00,24.70,25,23.30,,0.00,8.70,132
2026-04-22 15:00:00,25.20,27,23.80,,0.00,8.50,126
2026-04-22 16:00:00,25.30,25,23.20,,0.00,8.10,135
2026-04-22 17:00:00,25.10,20,21.90,,0.00,8.20,139
2026-04-22 18:00:00,24.80,19,21.50,,0.00,7.10,131
2026-04-22 19:00:00,23.70,25,21.10,,0.00,6.50,124
2026-04-22 20:00:00,21.80,33,19.90,,0.00,4.10,105
2026-04-22 21:00:00,20.10,39,18.40,,0.00,4.30,114
2026-04-22 22:00:00,19.00,39,17.20,,0.00,3.80,131
2026-04-22 23:00:00,18.40,38,16.40,,0.00,3.80,163
2026-04-23 00:00:00,18.50,39,16.70,,0.00,2.90,187
2026-04-23 01:00:00,18.40,36,16.50,,0.00,2.10,211
2026-04-23 02:00:00,17.90,36,15.90,,0.00,1.90,248
2026-04-23 03:00:00,17.60,37,15.70,,0.00,1.10,288
2026-04-23 04:00:00,16.20,41,14.40,,0.00,1.10,342
2026-04-23 05:00:00,15.10,45,13.60,,0.00,0.00,270
2026-04-23 06:00:00,14.40,51,12.70,,0.00,1.90,158
2026-04-23 07:00:00,14.70,52,13.20,,0.00,1.80,180
2026-04-23 08:00:00,16.00,51,14.80,,0.00,1.40,180
2026-04-23 09:00:00,18.80,40,17.40,,0.00,0.80,153
2026-04-23 10:00:00,21.70,33,20.10,,0.00,2.30,141
2026-04-23 11:00:00,23.70,25,22.20,,0.00,2.70,157
2026-04-23 12:00:00,25.00,21,23.50,,0.00,5.60,165
2026-04-23 13:00:00,25.30,21,23.30,,0.00,6.60,167
2026-04-23 14:00:00,25.50,21,23.20,,0.00,6.50,177
2026-04-23 15:00:00,26.00,21,23.60,,0.00,6.60,193
2026-04-23 16:00:00,25.70,22,23.00,,0.00,6.80,198
2026-04-23 17:00:00,25.50,21,22.60,,0.00,6.50,199
2026-04-23 18:00:00,25.20,23,22.80,,0.00,4.90,197
2026-04-23 19:00:00,24.50,24,22.40,,0.00,2.90,180
2026-04-23 20:00:00,22.90,31,21.20,,0.00,2.90,83
2026-04-23 21:00:00,21.40,38,20.20,,0.00,1.80,90
2026-04-23 22:00:00,20.30,39,18.80,,0.00,3.10,159
2026-04-23 23:00:00,19.70,38,18.00,,0.00,3.20,180
2026-04-24 00:00:00,19.10,40,17.50,,0.00,2.90,173
2026-04-24 01:00:00,18.40,41,16.70,,0.00,3.30,186
2026-04-24 02:00:00,18.00,41,16.20,,0.00,3.10,201
2026-04-24 03:00:00,17.50,41,15.60,,0.00,3.00,194
2026-04-24 04:00:00,16.90,41,15.00,,0.00,3.10,225
2026-04-24 05:00:00,16.20,41,13.90,,0.00,4.30,275
2026-04-24 06:00:00,14.50,49,12.50,,0.00,3.80,253
2026-04-24 07:00:00,14.30,51,12.40,,0.00,3.20,243
2026-04-24 08:00:00,15.60,52,14.20,,0.00,2.30,252
2026-04-24 09:00:00,18.90,41,17.40,,0.00,2.50,270
2026-04-24 10:00:00,21.30,34,19.50,,0.00,3.50,294
2026-04-24 11:00:00,23.10,31,21.80,,0.00,3.80,311
2026-04-24 12:00:00,25.20,27,24.30,,0.00,4.00,297
2026-04-24 13:00:00,26.20,23,24.60,,0.00,5.60,297
2026-04-24 14:00:00,26.60,20,23.80,,0.00,7.60,315
2026-04-24 15:00:00,26.10,23,23.20,,0.00,9.50,331
2026-04-24 16:00:00,26.30,22,23.40,,0.00,8.10,328
2026-04-24 17:00:00,25.70,24,22.30,,0.00,12.90,337
2026-04-24 18:00:00,24.40,32,21.90,,0.00,11.30,333
2026-04-24 19:00:00,23.70,35,21.60,,0.00,9.60,340
2026-04-24 20:00:00,22.00,42,20.30,,0.00,8.70,330
2026-04-24 21:00:00,20.60,47,19.20,,0.00,7.20,333
2026-04-24 22:00:00,19.20,56,18.30,,0.00,6.90,332
2026-04-24 23:00:00,18.50,58,17.80,,0.00,5.50,337
2026-04-25 00:00:00,17.90,61,17.40,,0.00,4.10,322
2026-04-25 01:00:00,17.00,64,16.50,,0.00,4.10,308
2026-04-25 02:00:00,16.40,65,15.80,,0.00,3.70,299
2026-04-25 03:00:00,15.50,69,14.90,,0.00,3.90,292
2026-04-25 04:00:00,14.90,71,14.20,,0.00,4.40,305
2026-04-25 05:00:00,14.50,71,13.60,,0.00,4.80,297
2026-04-25 06:00:00,14.00,73,13.10,,0.00,4.20,290
2026-04-25 07:00:00,14.10,73,13.30,,0.00,3.90,304
2026-04-25 08:00:00,15.60,66,14.50,,0.00,6.20,324
2026-04-25 09:00:00,16.60,58,15.20,,0.00,6.50,326
2026-04-25 10:00:00,18.80,50,17.40,,0.00,6.30,336
2026-04-25 11:00:00,20.70,44,19.70,,0.00,7.40,346
2026-04-25 12:00:00,22.60,38,22.00,,0.00,7.60,357
2026-04-25 13:00:00,23.30,34,22.60,,0.00,8.30,358
2026-04-25 14:00:00,23.90,29,22.50,,0.00,9.10,353
2026-04-25 15:00:00,24.50,26,22.40,,0.00,10.10,354
2026-04-25 16:00:00,24.20,26,21.60,,0.00,9.00,358
2026-04-25 17:00:00,23.80,29,21.30,,0.00,8.30,355
2026-04-25 18:00:00,23.70,26,20.90,,0.00,8.00,355
2026-04-25 19:00:00,22.80,27,20.00,,0.00,8.30,2
2026-04-25 20:00:00,21.20,31,18.40,,0.00,8.70,7
2026-04-25 21:00:00,19.30,45,16.60,,0.00,13.70,355
2026-04-25 22:00:00,17.50,52,14.80,,0.00,14.00,12
2026-04-25 23:00:00,16.10,60,13.70,,0.00,13.60,11
2026-04-26 00:00:00,15.20,65,13.10,,0.00,12.20,2
2026-04-26 01:00:00,14.50,70,12.30,,0.00,13.00,357
2026-04-26 02:00:00,13.50,77,11.40,,0.10,13.80,353
2026-04-26 03:00:00,12.70,84,10.60,,0.20,14.50,354
2026-04-26 04:00:00,11.90,84,9.70,,0.90,13.70,2
2026-04-26 05:00:00,11.20,83,8.90,,0.60,12.90,13
2026-04-26 06:00:00,10.70,83,8.60,,0.30,10.80,2
2026-04-26 07:00:00,10.40,84,8.10,,0.60,11.90,358
2026-04-26 08:00:00,10.30,71,7.30,,0.00,12.70,353
2026-04-26 09:00:00,10.20,65,6.90,,0.00,12.90,347
2026-04-26 10:00:00,11.20,58,7.60,,0.00,13.90,350
2026-04-26 11:00:00,12.00,46,8.30,,0.00,15.60,353
2026-04-26 12:00:00,12.10,42,8.40,,0.00,16.30,354
2026-04-26 13:00:00,12.30,38,8.40,,0.00,16.00,352
2026-04-26 14:00:00,12.10,37,7.90,,0.00,15.90,354
2026-04-26 15:00:00,12.20,35,7.40,,0.00,15.90,356
2026-04-26 16:00:00,11.80,32,6.90,,0.00,15.20,355
2026-04-26 17:00:00,11.50,32,6.60,,0.00,14.80,356
2026-04-26 18:00:00,11.50,31,6.60,,0.00,14.30,350
2026-04-26 19:00:00,10.60,33,5.90,,0.00,13.50,351
2026-04-26 20:00:00,9.80,34,5.10,,0.00,12.40,350
2026-04-26 21:00:00,9.30,35,5.00,,0.00,10.10,343
2026-04-26 22:00:00,8.70,35,4.50,,0.00,9.00,344
2026-04-26 23:00:00,8.30,36,4.20,,0.00,8.00,355
2026-04-27 00:00:00,7.40,38,3.40,,0.00,8.00,18
2026-04-27 01:00:00,6.70,43,3.30,,0.00,4.00,355
2026-04-27 02:00:00,5.90,49,2.60,,0.00,4.30,318
2026-04-27 03:00:00,4.70,51,0.90,,0.00,7.40,309
2026-04-27 04:00:00,3.90,50,-0.30,,0.00,9.40,313
2026-04-27 05:00:00,3.20,55,-1.10,,0.00,9.90,316
2026-04-27 06:00:00,2.30,62,-1.70,,0.00,8.90,317
2026-04-27 07:00:00,2.40,65,-1.70,,0.00,9.70,318
2026-04-27 08:00:00,3.40,64,-0.70,,0.00,11.30,329
2026-04-27 09:00:00,5.10,59,0.90,,0.00,11.80,340
2026-04-27 10:00:00,6.40,47,1.70,,0.00,14.00,342
2026-04-27 11:00:00,7.60,38,2.70,,0.00,14.90,340
2026-04-27 12:00:00,8.20,34,3.40,,0.00,15.40,339
2026-04-27 13:00:00,9.10,29,4.40,,0.00,16.10,340
2026-04-27 14:00:00,9.50,27,4.40,,0.00,16.10,336
2026-04-27 15:00:00,10.40,23,4.90,,0.00,15.80,336
2026-04-27 16:00:00,10.60,23,5.40,,0.00,15.00,339
2026-04-27 17:00:00,10.60,24,5.30,,0.00,14.50,341
2026-04-27 18:00:00,11.00,24,6.00,,0.00,12.50,342
2026-04-27 19:00:00,10.30,25,5.30,,0.00,12.20,346
2026-04-27 20:00:00,9.40,27,4.90,,0.00,9.10,342
2026-04-27 21:00:00,8.80,32,4.80,,0.00,6.50,326
2026-04-27 22:00:00,7.90,33,4.00,,0.00,5.40,307
2026-04-27 23:00:00,7.00,37,3.60,,0.00,3.40,302
2026-04-28 00:00:00,5.10,54,2.10,,0.00,2.60,56
2026-04-28 01:00:00,4.50,54,1.30,,0.00,3.70,101
2026-04-28 02:00:00,3.60,55,0.30,,0.00,3.80,131
2026-04-28 03:00:00,3.20,61,0.00,,0.00,3.50,156
2026-04-28 04:00:00,2.80,61,-0.40,,0.00,3.70,169
2026-04-28 05:00:00,2.60,62,-0.60,,0.00,3.70,169
2026-04-28 06:00:00,2.40,62,-0.80,,0.00,3.30,167
2026-04-28 07:00:00,2.90,61,-0.20,,0.00,3.20,180
2026-04-28 08:00:00,4.80,54,1.60,,0.00,4.10,195
2026-04-28 09:00:00,7.80,40,4.30,,0.00,5.40,222
2026-04-28 10:00:00,10.10,36,6.40,,0.00,6.40,254
2026-04-28 11:00:00,11.90,30,8.80,,0.00,7.30,261
2026-04-28 12:00:00,13.00,26,10.60,,0.00,6.50,267
2026-04-28 13:00:00,13.90,25,11.60,,0.00,6.70,254
2026-04-28 14:00:00,14.60,24,12.20,,0.00,7.30,250
2026-04-28 15:00:00,15.60,21,12.80,,0.00,7.50,253
2026-04-28 16:00:00,15.80,22,12.50,,0.00,7.90,254
2026-04-28 17:00:00,15.80,23,11.80,,0.00,8.00,260
2026-04-28 18:00:00,16.10,23,12.10,,0.00,8.30,265
2026-04-28 19:00:00,15.50,25,11.70,,0.00,7.60,267
2026-04-28 20:00:00,14.40,28,11.20,,0.00,3.60,270
2026-04-28 21:00:00,13.30,33,10.30,,0.00,3.00,284
2026-04-28 22:00:00,12.40,36,9.60,,0.00,2.50,262
2026-04-28 23:00:00,11.50,38,8.70,,0.00,2.80,230
2026-04-29 00:00:00,11.00,40,8.20,,0.00,2.30,231
2026-04-29 01:00:00,10.40,39,7.30,,0.00,3.40,238
2026-04-29 02:00:00,10.00,40,7.00,,0.00,3.30,229
2026-04-29 03:00:00,9.30,44,6.30,,0.00,3.60,233
2026-04-29 04:00:00,8.80,45,5.70,,0.00,4.10,225
2026-04-29 05:00:00,8.30,49,5.30,,0.00,4.10,218
2026-04-29 06:00:00,8.40,49,5.40,,0.00,4.30,222
2026-04-29 07:00:00,8.00,52,5.10,,0.00,4.10,225
2026-04-29 08:00:00,10.20,47,7.40,,0.00,4.10,218
2026-04-29 09:00:00,12.80,37,9.20,,0.00,8.70,225
2026-04-29 10:00:00,14.70,34,11.20,,0.00,8.20,241
2026-04-29 11:00:00,16.50,31,12.90,,0.00,9.70,243
2026-04-29 12:00:00,18.20,26,14.30,,0.00,12.30,255
2026-04-29 13:00:00,19.10,24,15.40,,0.00,13.50,254
2026-04-29 14:00:00,20.00,24,16.80,,0.00,14.10,255
2026-04-29 15:00:00,20.80,20,16.90,,0.00,14.90,262
2026-04-29 16:00:00,21.00,20,16.70,,0.00,15.50,266
2026-04-29 17:00:00,20.70,19,15.80,,0.00,15.50,274
2026-04-29 18:00:00,20.30,21,15.60,,0.00,15.00,281
2026-04-29 19:00:00,19.40,25,15.30,,0.00,12.50,288
2026-04-29 20:00:00,18.50,29,15.10,,0.00,8.70,294
2026-04-29 21:00:00,18.40,30,15.00,,0.00,9.50,299
2026-04-29 22:00:00,17.30,33,14.40,,0.00,6.30,301
2026-04-29 23:00:00,16.40,35,13.50,,0.00,6.30,301
2026-04-30 00:00:00,16.00,35,13.00,,0.00,6.40,297
2026-04-30 01:00:00,15.20,37,12.20,,0.00,6.20,291
2026-04-30 02:00:00,14.30,40,11.40,,0.00,6.40,286
2026-04-30 03:00:00,13.50,43,10.60,,0.00,6.50,289
2026-04-30 04:00:00,12.60,47,9.90,,0.00,5.70,288
2026-04-30 05:00:00,11.60,53,8.90,,0.00,6.20,280
2026-04-30 06:00:00,10.90,57,8.30,,0.00,6.60,279
2026-04-30 07:00:00,11.50,57,9.10,,0.00,6.20,280
2026-04-30 08:00:00,12.70,55,10.20,,0.00,7.50,287
2026-04-30 09:00:00,13.90,52,11.40,,0.00,7.60,295
2026-04-30 10:00:00,15.70,48,13.40,,0.00,7.20,297
2026-04-30 11:00:00,17.20,38,13.80,,0.00,11.80,301
2026-04-30 12:00:00,18.30,33,15.20,,0.00,11.90,305
2026-04-30 13:00:00,18.90,28,15.20,,0.00,12.50,311
2026-04-30 14:00:00,18.90,29,15.10,,0.00,12.00,319
2026-04-30 15:00:00,19.60,29,16.20,,0.00,9.70,309
2026-04-30 16:00:00,19.90,27,16.20,,0.00,10.70,310
2026-04-30 17:00:00,20.00,26,16.10,,0.00,11.50,302
2026-04-30 18:00:00,19.90,26,16.30,,0.00,10.40,304
2026-04-30 19:00:00,18.90,28,15.40,,0.00,9.80,306
2026-04-30 20:00:00,17.70,32,14.60,,0.00,7.10,311
2026-04-30 21:00:00,16.30,38,13.80,,0.00,4.30,312
2026-04-30 22:00:00,14.90,42,12.60,,0.00,4.00,297
2026-04-30 23:00:00,13.90,46,11.60,,0.00,4.00,280
2026-05-01 00:00:00,12.90,51,10.80,,0.00,3.30,257
2026-05-01 01:00:00,12.30,51,10.00,,0.00,3.50,246
2026-05-01 02:00:00,11.60,53,9.30,,0.00,3.70,241
2026-05-01 03:00:00,11.40,54,9.20,,0.00,3.70,241
2026-05-01 04:00:00,11.10,55,8.70,,0.00,4.10,232
2026-05-01 05:00:00,11.00,55,8.60,,0.00,4.60,231
2026-05-01 06:00:00,10.40,56,7.80,,0.00,5.40,233
2026-05-01 07:00:00,11.50,52,8.60,,0.00,7.50,235
2026-05-01 08:00:00,13.30,49,10.20,,0.00,10.00,244
2026-05-01 09:00:00,14.90,43,11.30,,0.00,12.40,280
2026-05-01 10:00:00,15.90,44,12.60,,0.00,12.80,310
2026-05-01 11:00:00,13.60,55,10.40,,0.30,13.20,313
2026-05-01 12:00:00,14.10,48,11.00,,0.20,10.20,280
2026-05-01 13:00:00,17.00,36,14.30,,0.00,12.80,281
2026-05-01 14:00:00,17.90,34,14.30,,0.00,18.50,291
2026-05-01 15:00:00,18.50,27,14.40,,0.00,18.20,308
2026-05-01 16:00:00,18.10,29,13.70,,0.00,18.10,317
2026-05-01 17:00:00,16.50,32,11.90,,0.00,17.00,328
2026-05-01 18:00:00,16.20,33,11.70,,0.00,16.00,329
2026-05-01 19:00:00,15.00,34,10.50,,0.00,15.30,330
2026-05-01 20:00:00,13.60,39,9.40,,0.00,14.40,338
2026-05-01 21:00:00,12.40,44,8.50,,0.00,12.60,355
2026-05-01 22:00:00,11.00,49,7.60,,0.00,9.40,7
2026-05-01 23:00:00,9.90,54,7.10,,0.00,6.00,25
2026-05-02 00:00:00,8.60,58,5.90,,0.00,4.70,32
2026-05-02 01:00:00,7.90,61,5.30,,0.00,3.80,17
2026-05-02 02:00:00,7.30,64,4.70,,0.00,3.90,22
2026-05-02 03:00:00,6.60,65,4.00,,0.00,3.20,360
2026-05-02 04:00:00,6.00,67,3.50,,0.00,3.00,346
2026-05-02 05:00:00,5.40,68,2.90,,0.00,2.70,337
2026-05-02 06:00:00,4.70,68,2.00,,0.00,3.10,315
2026-05-02 07:00:00,5.00,68,2.50,,0.00,2.60,304
2026-05-02 08:00:00,6.50,54,3.40,,0.00,4.60,315
2026-05-02 09:00:00,8.00,47,4.90,,0.00,4.20,340
2026-05-02 10:00:00,9.50,39,6.20,,0.00,5.90,349
2026-05-02 11:00:00,10.70,33,8.00,,0.00,6.20,350
2026-05-02 12:00:00,11.70,28,9.40,,0.00,6.50,341
2026-05-02 13:00:00,13.00,26,10.90,,0.00,7.10,336
2026-05-02 14:00:00,14.10,25,12.10,,0.00,6.40,333
2026-05-02 15:00:00,15.20,22,12.90,,0.00,5.90,313
2026-05-02 16:00:00,15.80,20,12.70,,0.00,6.60,299
2026-05-02 17:00:00,16.00,21,12.10,,0.00,6.60,292
2026-05-02 18:00:00,16.30,20,12.50,,0.00,5.80,300
2026-05-02 19:00:00,15.70,22,12.00,,0.00,5.00,291
2026-05-02 20:00:00,14.70,25,11.40,,0.00,3.30,283
2026-05-02 21:00:00,13.70,30,11.00,,0.00,0.80,207
2026-05-02 22:00:00,12.70,33,9.70,,0.00,3.20,153
2026-05-02 23:00:00,11.70,36,8.70,,0.00,3.40,148
2026-05-03 00:00:00,10.50,46,7.80,,0.00,3.70,151
2026-05-03 01:00:00,9.80,47,6.90,,0.00,4.10,165
2026-05-03 02:00:00,9.60,46,6.50,,0.00,5.10,176
2026-05-03 03:00:00,9.70,39,6.00,,0.00,7.20,183
2026-05-03 04:00:00,9.40,38,5.40,,0.00,9.10,189
2026-05-03 05:00:00,9.10,40,5.00,,0.00,9.70,195
2026-05-03 06:00:00,8.80,45,4.90,,0.00,9.70,202
2026-05-03 07:00:00,9.50,48,5.60,,0.00,10.60,204
2026-05-03 08:00:00,11.50,46,7.80,,0.00,11.00,203
2026-05-03 09:00:00,14.50,40,10.80,,0.00,11.90,205
2026-05-03 10:00:00,17.20,37,13.50,,0.00,13.40,204
2026-05-03 11:00:00,19.50,35,16.40,,0.00,14.00,203
2026-05-03 12:00:00,21.20,32,18.30,,0.00,13.70,210
2026-05-03 13:00:00,23.20,29,20.70,,0.00,15.20,216
2026-05-03 14:00:00,23.20,33,20.30,,0.00,15.80,240
2026-05-03 15:00:00,23.80,35,21.10,,0.00,14.00,235
2026-05-03 16:00:00,24.20,36,21.90,,0.00,12.10,260
2026-05-03 17:00:00,21.60,47,20.20,,0.20,9.70,272
2026-05-03 18:00:00,22.10,45,20.70,,0.00,8.40,245
2026-05-03 19:00:00,21.60,47,19.90,,0.00,11.40,252
2026-05-03 20:00:00,20.70,52,19.70,,0.00,7.80,236
2026-05-03 21:00:00,19.50,59,19.00,,0.00,6.10,242
2026-05-03 22:00:00,18.30,63,17.90,,0.00,5.10,219
2026-05-03 23:00:00,17.70,65,17.20,,0.00,6.10,225
2026-05-04 00:00:00,17.10,64,16.00,,0.00,8.10,238
2026-05-04 01:00:00,16.70,65,15.30,,0.00,9.50,241
2026-05-04 02:00:00,16.10,68,15.10,,0.00,7.20,233
2026-05-04 03:00:00,15.10,75,14.60,,0.00,5.40,222
2026-05-04 04:00:00,14.90,75,14.30,,0.00,5.50,212
2026-05-04 05:00:00,14.80,74,13.70,,0.00,7.90,196
2026-05-04 06:00:00,14.30,74,13.30,,0.00,6.80,205
2026-05-04 07:00:00,14.80,70,13.50,,0.00,7.80,202
2026-05-04 08:00:00,16.30,62,14.70,,0.00,9.30,193
2026-05-04 09:00:00,17.20,56,15.30,,0.00,10.00,193
2026-05-04 10:00:00,18.70,51,16.60,,0.00,11.90,194
2026-05-04 11:00:00,20.40,48,18.50,,0.00,11.20,186
2026-05-04 12:00:00,22.50,46,21.30,,0.00,11.70,189
2026-05-04 13:00:00,24.10,41,22.40,,0.00,13.20,209
2026-05-04 14:00:00,25.10,37,23.00,,0.00,13.40,200
2026-05-04 15:00:00,26.00,36,23.60,,0.00,16.10,214
2026-05-04 16:00:00,26.60,34,24.00,,0.00,16.40,220
2026-05-04 17:00:00,26.60,33,24.40,,0.00,13.50,226
2026-05-04 18:00:00,24.70,41,22.70,,0.20,14.80,267
2026-05-04 19:00:00,22.10,58,21.40,,0.10,11.90,265
2026-05-04 20:00:00,20.70,63,20.30,,0.00,10.00,244
2026-05-04 21:00:00,19.30,70,19.30,,0.10,7.90,227
2026-05-04 22:00:00,18.40,74,18.50,,0.00,7.10,221
2026-05-04 23:00:00,18.00,74,18.10,,0.00,6.60,229
2026-05-05 00:00:00,17.30,75,17.40,,0.00,5.90,227
2026-05-05 01:00:00,17.00,76,16.90,,0.00,6.60,248
2026-05-05 02:00:00,16.20,81,16.00,,0.00,7.70,298
2026-05-05 03:00:00,15.70,78,15.30,,0.00,6.90,332
2026-05-05 04:00:00,15.30,68,14.10,,0.00,6.60,338
2026-05-05 05:00:00,14.50,65,12.70,,0.00,8.70,330
2026-05-05 06:00:00,13.10,75,11.60,,0.40,8.10,339
2026-05-05 07:00:00,12.90,80,11.80,,0.10,6.20,350
2026-05-05 08:00:00,13.00,76,11.90,,0.00,5.40,4
2026-05-05 09:00:00,13.40,67,11.90,,0.00,5.20,12
2026-05-05 10:00:00,13.80,65,12.40,,0.00,5.40,20
2026-05-05 11:00:00,14.60,62,13.10,,0.00,5.40,8
2026-05-05 12:00:00,14.70,58,12.90,,0.00,5.70,325
2026-05-05 13:00:00,14.90,55,12.90,,0.10,6.40,333
2026-05-05 14:00:00,15.10,52,13.10,,0.10,5.90,313
2026-05-05 15:00:00,14.10,55,11.90,,0.70,6.60,315
2026-05-05 16:00:00,13.80,54,12.00,,0.20,3.60,315
2026-05-05 17:00:00,13.90,53,11.80,,0.10,5.10,309
2026-05-05 18:00:00,13.70,57,12.00,,0.10,3.90,304
2026-05-05 19:00:00,13.60,62,12.00,,0.00,4.60,288
2026-05-05 20:00:00,13.10,68,11.80,,0.10,4.00,260
2026-05-05 21:00:00,12.60,72,11.40,,0.00,4.10,255
2026-05-05 22:00:00,12.20,76,11.10,,0.00,4.00,275
2026-05-05 23:00:00,12.10,71,10.50,,0.00,6.20,339
2026-05-06 00:00:00,11.80,66,9.50,,0.00,8.20,15
2026-05-06 01:00:00,11.10,67,8.30,,0.00,10.70,20
2026-05-06 02:00:00,10.00,68,7.20,,0.00,10.20,23
2026-05-06 03:00:00,9.30,68,6.30,,0.00,10.40,20
2026-05-06 04:00:00,8.40,72,5.20,,0.00,11.20,21
2026-05-06 05:00:00,7.40,74,4.20,,0.00,10.50,22
2026-05-06 06:00:00,6.70,76,3.60,,0.00,9.30,28
2026-05-06 07:00:00,6.60,75,3.60,,0.00,8.60,33
2026-05-06 08:00:00,7.20,70,4.10,,0.00,8.70,42
2026-05-06 09:00:00,8.40,65,5.50,,0.00,7.60,45
2026-05-06 10:00:00,9.30,62,6.50,,0.00,7.10,41
2026-05-06 11:00:00,10.20,59,7.50,,0.00,6.80,32
2026-05-06 12:00:00,11.30,57,8.70,,0.00,6.40,27
2026-05-06 13:00:00,12.00,54,9.50,,0.00,6.10,28
2026-05-06 14:00:00,12.20,55,9.90,,0.10,5.20,25
2026-05-06 15:00:00,13.00,57,10.90,,0.40,5.10,39
2026-05-06 16:00:00,12.90,57,10.70,,0.20,6.10,62
2026-05-06 17:00:00,13.00,56,10.80,,0.00,5.70,72
2026-05-06 18:00:00,13.20,56,11.10,,0.00,5.50,67
2026-05-06 19:00:00,12.80,57,10.90,,0.00,4.40,55
2026-05-06 20:00:00,12.60,58,10.60,,0.00,4.60,39
2026-05-06 21:00:00,12.20,62,10.40,,0.10,3.60,6
2026-05-06 22:00:00,11.40,68,9.80,,0.40,3.80,343
2026-05-06 23:00:00,10.70,72,9.00,,0.90,4.00,350
2026-05-07 00:00:00,10.00,78,8.40,,0.40,4.70,337
2026-05-07 01:00:00,9.50,83,7.80,,0.50,6.10,360
2026-05-07 02:00:00,9.30,80,7.30,,0.10,6.40,16
2026-05-07 03:00:00,8.90,82,7.10,,0.10,5.40,20
2026-05-07 04:00:00,8.60,86,7.00,,0.20,4.70,9
2026-05-07 05:00:00,8.50,89,7.10,,0.10,4.00,10
2026-05-07 06:00:00,8.70,91,7.60,,0.10,2.70,337
2026-05-07 07:00:00,8.90,88,7.60,,0.10,3.50,336
2026-05-07 08:00:00,9.40,81,7.70,,0.00,5.20,335
2026-05-07 09:00:00,10.10,69,7.90,,0.00,6.10,332
2026-05-07 10:00:00,11.30,57,8.70,,0.00,6.90,351
2026-05-07 11:00:00,12.50,46,9.40,,0.00,8.00,355
2026-05-07 12:00:00,13.10,40,10.20,,0.00,8.70,343
2026-05-07 13:00:00,13.80,40,11.00,,0.00,8.70,343
2026-05-07 14:00:00,13.70,41,10.20,,0.00,10.00,339
2026-05-07 15:00:00,13.60,47,11.00,,0.00,6.10,332
2026-05-07 16:00:00,15.00,43,12.50,,0.00,5.20,344
2026-05-07 17:00:00,15.70,35,12.10,,0.00,10.30,348
2026-05-07 18:00:00,15.40,34,11.90,,0.00,9.10,351
2026-05-07 19:00:00,15.00,34,11.30,,0.00,10.40,346
2026-05-07 20:00:00,14.30,36,11.00,,0.00,7.40,331
2026-05-07 21:00:00,13.70,39,10.50,,0.00,7.30,327
2026-05-07 22:00:00,12.70,40,9.40,,0.00,7.00,325
2026-05-07 23:00:00,11.80,46,8.60,,0.00,7.40,331
2026-05-08 00:00:00,10.90,52,7.60,,0.00,9.30,344
2026-05-08 01:00:00,9.90,58,6.90,,0.00,8.50,348
2026-05-08 02:00:00,8.70,62,5.70,,0.00,8.00,333
2026-05-08 03:00:00,7.30,65,4.10,,0.00,8.50,332
2026-05-08 04:00:00,6.40,66,3.00,,0.00,8.70,330
2026-05-08 05:00:00,5.50,69,2.20,,0.00,8.30,326
2026-05-08 06:00:00,4.80,71,1.60,,0.00,7.20,323
2026-05-08 07:00:00,5.00,70,1.70,,0.00,7.70,323
2026-05-08 08:00:00,6.20,65,2.90,,0.00,7.70,332
2026-05-08 09:00:00,7.60,61,4.50,,0.00,7.80,338
2026-05-08 10:00:00,9.20,50,6.00,,0.00,8.30,342
2026-05-08 11:00:00,10.30,43,7.60,,0.00,8.20,337
2026-05-08 12:00:00,10.60,41,8.20,,0.00,8.30,342
2026-05-08 13:00:00,11.30,40,8.80,,0.00,7.90,344
2026-05-08 14:00:00,11.80,39,9.30,,0.00,7.60,352
2026-05-08 15:00:00,12.00,41,9.20,,0.00,7.00,348
2026-05-08 16:00:00,12.10,41,8.90,,0.00,7.00,348
2026-05-08 17:00:00,12.10,40,8.80,,0.00,6.60,351
2026-05-08 18:00:00,11.90,40,8.60,,0.00,6.50,354
2026-05-08 19:00:00,11.50,39,8.10,,0.00,6.80,357
2026-05-08 20:00:00,10.90,41,7.40,,0.00,7.20,6
2026-05-08 21:00:00,10.40,43,7.20,,0.00,6.00,25
2026-05-08 22:00:00,9.80,47,6.90,,0.00,4.10,38
2026-05-08 23:00:00,9.40,49,6.60,,0.00,3.90,22
2026-05-09 00:00:00,8.60,50,5.30,,0.00,6.80,32
2026-05-09 01:00:00,8.00,51,4.80,,0.00,6.30,31
2026-05-09 02:00:00,7.70,51,4.50,,0.00,5.60,27
2026-05-09 03:00:00,7.40,51,4.00,,0.00,6.10,28
2026-05-09 04:00:00,6.90,54,3.80,,0.00,5.30,28
2026-05-09 05:00:00,6.50,60,3.70,,0.20,4.30,24
2026-05-09 06:00:00,6.10,66,3.40,,0.30,3.80,17
2026-05-09 07:00:00,6.10,68,3.50,,0.30,3.70,29
2026-05-09 08:00:00,6.60,66,4.00,,0.20,3.80,17
2026-05-09 09:00:00,7.20,62,4.40,,0.00,4.70,360
2026-05-09 10:00:00,8.20,53,4.80,,0.00,7.40,14
2026-05-09 11:00:00,8.90,50,5.20,,0.00,9.70,4
2026-05-09 12:00:00,9.00,48,5.20,,0.00,9.60,20
2026-05-09 13:00:00,9.60,44,5.80,,0.00,9.40,18
2026-05-09 14:00:00,9.90,43,6.10,,0.00,9.50,9
2026-05-09 15:00:00,10.10,46,6.60,,0.00,8.70,5
2026-05-09 16:00:00,10.40,45,6.90,,0.00,8.40,10
2026-05-09 17:00:00,10.80,41,7.10,,0.00,8.70,5
2026-05-09 18:00:00,11.00,37,7.00,,0.00,9.90,350
2026-05-09 19:00:00,10.20,42,6.30,,0.00,10.10,343
2026-05-09 20:00:00,9.80,42,6.00,,0.00,9.00,331
2026-05-09 21:00:00,9.20,44,5.60,,0.00,7.90,313
2026-05-09 22:00:00,8.60,48,5.20,,0.00,6.50,304
2026-05-09 23:00:00,8.20,49,4.70,,0.00,7.60,301
2026-05-10 00:00:00,7.90,51,4.50,,0.00,6.80,295
2026-05-10 01:00:00,7.50,52,4.20,,0.00,6.40,286
2026-05-10 02:00:00,7.20,54,3.80,,0.00,7.10,285
2026-05-10 03:00:00,6.80,55,3.50,,0.00,6.70,286
2026-05-10 04:00:00,6.50,56,3.00,,0.00,7.40,284
2026-05-10 05:00:00,6.20,57,2.90,,0.00,6.70,286
2026-05-10 06:00:00,6.10,58,2.80,,0.00,6.90,279
2026-05-10 07:00:00,6.30,59,2.80,,0.00,8.00,280
2026-05-10 08:00:00,7.10,57,3.60,,0.00,8.60,285
2026-05-10 09:00:00,8.50,50,4.90,,0.00,8.50,282
2026-05-10 10:00:00,9.20,45,5.30,,0.00,9.60,290
2026-05-10 11:00:00,9.90,38,5.70,,0.00,10.50,292
2026-05-10 12:00:00,10.70,33,6.70,,0.00,8.70,287
2026-05-10 13:00:00,11.10,33,7.10,,0.00,8.70,277
2026-05-10 14:00:00,11.50,31,7.50,,0.00,8.80,279
2026-05-10 15:00:00,11.60,33,7.60,,0.00,8.70,275
2026-05-10 16:00:00,11.40,37,7.60,,0.00,8.30,265
2026-05-10 17:00:00,10.80,40,7.00,,0.00,8.80,251
2026-05-10 18:00:00,9.70,51,6.60,,0.10,6.70,234
2026-05-10 19:00:00,9.00,58,6.50,,0.30,4.20,211
2026-05-10 20:00:00,8.10,65,5.60,,0.60,4.60,162
2026-05-10 21:00:00,7.60,72,5.40,,1.00,3.80,107
2026-05-10 22:00:00,7.10,75,4.70,,1.10,4.90,73
2026-05-10 23:00:00,6.70,76,4.10,,1.40,6.40,47
2026-05-11 00:00:00,6.40,76,3.80,,1.40,5.80,30
2026-05-11 01:00:00,6.30,76,3.50,,1.00,7.10,24
2026-05-11 02:00:00,6.10,76,3.20,,0.70,7.40,23
2026-05-11 03:00:00,5.90,82,4.10,,0.40,1.10,18
2026-05-11 04:00:00,5.80,85,3.90,,0.10,2.50,278
2026-05-11 05:00:00,5.40,86,3.00,,0.00,5.50,293
2026-05-11 06:00:00,4.70,88,2.30,,0.00,5.60,297
2026-05-11 07:00:00,5.00,85,2.60,,0.00,5.40,307
2026-05-11 08:00:00,6.50,83,4.20,,0.00,5.20,326
2026-05-11 09:00:00,8.30,72,5.80,,0.00,6.70,344
2026-05-11 10:00:00,8.60,73,6.10,,0.20,7.80,338
2026-05-11 11:00:00,9.70,64,7.10,,0.10,8.20,337
2026-05-11 12:00:00,10.60,57,8.50,,0.10,7.90,344
2026-05-11 13:00:00,11.70,47,9.40,,0.10,7.20,6
2026-05-11 14:00:00,12.40,41,10.00,,0.00,7.30,20
2026-05-11 15:00:00,13.20,34,10.20,,0.00,6.60,29
2026-05-11 16:00:00,13.20,37,9.70,,0.00,7.70,41
2026-05-11 17:00:00,12.40,44,9.50,,0.10,5.40,70
2026-05-11 18:00:00,12.80,35,10.10,,0.20,1.50,45
2026-05-11 19:00:00,12.10,38,9.30,,0.00,2.80,310
2026-05-11 20:00:00,11.00,49,8.20,,0.00,5.30,298
2026-05-11 21:00:00,10.40,54,8.10,,0.00,2.50,278
2026-05-11 22:00:00,9.60,57,7.30,,0.00,3.00,284
2026-05-11 23:00:00,8.70,59,6.30,,0.00,3.50,294
2026-05-12 00:00:00,7.90,64,5.50,,0.00,3.20,297
2026-05-12 01:00:00,7.40,64,5.00,,0.00,3.20,297
2026-05-12 02:00:00,7.10,64,4.50,,0.00,3.50,294
2026-05-12 03:00:00,6.60,68,4.10,,0.00,3.30,319
2026-05-12 04:00:00,6.20,69,3.70,,0.00,4.10,315
2026-05-12 05:00:00,5.90,71,3.30,,0.00,4.10,315
2026-05-12 06:00:00,5.60,74,3.10,,0.00,3.80,319
2026-05-12 07:00:00,6.40,74,4.00,,0.00,3.70,331
2026-05-12 08:00:00,7.90,73,5.70,,0.00,4.80,347
2026-05-12 09:00:00,9.40,58,6.50,,0.00,6.50,3
2026-05-12 10:00:00,10.90,47,7.80,,0.00,7.10,15
2026-05-12 11:00:00,12.00,39,8.90,,0.00,7.60,357
2026-05-12 12:00:00,12.60,33,9.20,,0.00,9.20,334
2026-05-12 13:00:00,13.40,30,10.10,,0.00,8.30,342
2026-05-12 14:00:00,13.80,28,9.80,,0.00,9.50,335
2026-05-12 15:00:00,14.00,27,10.10,,0.00,10.50,329
2026-05-12 16:00:00,13.90,27,9.70,,0.00,9.70,338
2026-05-12 17:00:00,13.80,27,9.70,,0.00,9.20,334
2026-05-12 18:00:00,13.30,29,9.00,,0.00,11.10,331
2026-05-12 19:00:00,12.70,32,8.70,,0.00,9.40,328
2026-05-12 20:00:00,11.90,36,8.10,,0.00,8.80,325
2026-05-12 21:00:00,10.90,43,7.70,,0.00,6.40,333
2026-05-12 22:00:00,9.80,50,6.80,,0.00,5.60,310
2026-05-12 23:00:00,9.10,53,6.10,,0.00,6.40,308
2026-05-13 00:00:00,8.70,60,6.20,,0.00,4.00,280
2026-05-13 01:00:00,8.10,61,5.10,,0.00,6.60,292
2026-05-13 02:00:00,7.60,67,5.00,,0.00,5.10,274
2026-05-13 03:00:00,7.20,72,4.40,,0.00,7.40,284
2026-05-13 04:00:00,6.70,77,4.00,,0.10,7.40,284
2026-05-13 05:00:00,6.50,79,3.90,,0.00,7.20,288
2026-05-13 06:00:00,6.60,81,4.10,,0.10,6.80,288
2026-05-13 07:00:00,7.10,80,4.60,,0.00,7.10,285
2026-05-13 08:00:00,8.30,75,5.70,,0.00,8.30,288
2026-05-13 09:00:00,9.60,68,7.10,,0.00,7.80,304
2026-05-13 10:00:00,11.30,61,8.70,,0.00,7.90,309
2026-05-13 11:00:00,11.90,59,9.20,,0.10,9.40,302
2026-05-13 12:00:00,12.90,50,10.00,,0.10,11.80,320
2026-05-13 13:00:00,13.50,48,10.90,,0.10,9.60,326
2026-05-13 14:00:00,13.60,51,11.40,,0.10,8.90,328
2026-05-13 15:00:00,14.50,51,12.10,,0.10,7.30,327
2026-05-13 16:00:00,14.50,48,11.70,,0.10,9.00,323
2026-05-13 17:00:00,13.90,49,11.10,,0.10,8.50,332
2026-05-13 18:00:00,13.00,54,10.40,,0.10,7.40,309
2026-05-13 19:00:00,12.30,63,10.00,,0.10,8.40,295
2026-05-13 20:00:00,11.90,62,9.50,,0.10,7.70,298
2026-05-13 21:00:00,10.40,75,8.40,,0.20,7.10,300
2026-05-13 22:00:00,10.00,76,8.30,,0.00,4.80,283
2026-05-13 23:00:00,9.50,76,7.60,,0.00,5.40,270
2026-05-14 00:00:00,9.10,75,7.00,,0.00,5.80,274
2026-05-14 01:00:00,8.50,77,6.50,,0.00,5.00,270
2026-05-14 02:00:00,8.20,76,5.50,,0.00,9.00,270
2026-05-14 03:00:00,8.00,74,5.80,,0.00,4.90,253
2026-05-14 04:00:00,7.70,76,5.30,,0.00,6.70,254
2026-05-14 05:00:00,7.20,76,4.60,,0.00,7.20,267
2026-05-14 06:00:00,6.50,76,3.80,,0.00,6.50,276
2026-05-14 07:00:00,6.90,74,4.20,,0.00,7.10,294
2026-05-14 08:00:00,8.30,68,5.80,,0.00,5.80,270
2026-05-14 09:00:00,10.60,58,8.20,,0.00,5.40,250
2026-05-14 10:00:00,12.80,52,10.50,,0.00,5.70,252
2026-05-14 11:00:00,14.10,48,11.80,,0.00,8.70,263
2026-05-14 12:00:00,15.50,34,12.20,,0.00,10.70,290
2026-05-14 13:00:00,15.90,27,11.80,,0.00,11.40,288
2026-05-14 14:00:00,16.10,27,12.10,,0.00,9.70,292
2026-05-14 15:00:00,16.90,25,12.80,,0.00,10.60,288
2026-05-14 16:00:00,17.00,24,12.80,,0.00,10.90,279
2026-05-14 17:00:00,16.50,26,12.40,,0.00,10.90,278
2026-05-14 18:00:00,16.80,26,13.00,,0.00,8.60,272
2026-05-14 19:00:00,16.30,28,12.80,,0.00,7.50,253
2026-05-14 20:00:00,15.50,30,12.00,,0.00,6.90,227
2026-05-14 21:00:00,14.40,34,11.10,,0.00,6.30,204
2026-05-14 22:00:00,13.20,39,9.90,,0.00,7.40,194
2026-05-14 23:00:00,12.40,42,9.10,,0.00,8.00,190
2026-05-15 00:00:00,11.90,47,8.50,,0.00,9.60,193
2026-05-15 01:00:00,11.50,52,8.30,,0.00,9.80,197
2026-05-15 02:00:00,11.20,55,8.30,,0.00,8.40,205
2026-05-15 03:00:00,10.90,60,8.20,,0.00,7.90,204
2026-05-15 04:00:00,10.50,67,7.90,,0.30,9.20,206
2026-05-15 05:00:00,10.20,78,7.80,,0.30,10.00,201
2026-05-15 06:00:00,10.00,83,7.80,,0.10,10.20,198
2026-05-15 07:00:00,10.30,84,8.10,,0.20,10.90,197
2026-05-15 08:00:00,10.90,81,8.50,,0.20,12.80,202
2026-05-15 09:00:00,11.90,77,9.70,,0.10,11.60,202
2026-05-15 10:00:00,13.30,69,10.80,,0.00,13.60,202
2026-05-15 11:00:00,15.30,56,12.10,,0.00,16.00,211
2026-05-15 12:00:00,16.20,55,13.20,,0.10,15.60,214
2026-05-15 13:00:00,16.70,54,14.00,,0.20,16.30,202
2026-05-15 14:00:00,17.50,50,14.40,,0.10,17.90,199
2026-05-15 15:00:00,17.40,49,14.40,,0.20,14.20,196
2026-05-15 16:00:00,17.30,49,14.40,,0.10,14.10,193
2026-05-15 17:00:00,16.80,53,14.40,,0.20,11.70,191
2026-05-15 18:00:00,16.40,56,14.10,,0.10,11.70,189
2026-05-15 19:00:00,16.10,57,13.70,,0.10,11.90,194
2026-05-15 20:00:00,15.00,65,13.00,,0.20,10.70,194
2026-05-15 21:00:00,14.30,67,12.30,,0.30,10.40,194
2026-05-15 22:00:00,13.70,70,12.30,,0.00,6.80,183
2026-05-15 23:00:00,13.40,71,12.00,,0.00,6.30,167
2026-05-16 00:00:00,12.70,80,12.00,,0.50,3.70,191
2026-05-16 01:00:00,12.00,85,11.20,,0.60,4.70,247
2026-05-16 02:00:00,10.20,89,8.10,,0.20,11.30,301
2026-05-16 03:00:00,8.60,88,6.20,,1.40,10.70,303
2026-05-16 04:00:00,8.00,85,5.70,,0.20,8.30,304
2026-05-16 05:00:00,7.60,86,5.40,,0.40,7.60,301
2026-05-16 06:00:00,7.10,85,4.80,,0.30,6.60,319
2026-05-16 07:00:00,6.80,83,4.30,,0.00,7.70,319
2026-05-16 08:00:00,6.80,83,4.30,,0.00,7.70,319
2026-05-16 09:00:00,6.80,85,4.40,,0.00,7.10,315
2026-05-16 10:00:00,6.70,81,4.10,,0.00,7.90,321
2026-05-16 11:00:00,6.60,81,4.10,,0.10,7.20,333
2026-05-16 12:00:00,6.40,86,4.20,,2.00,5.50,328
2026-05-16 13:00:00,6.70,83,4.40,,2.30,5.90,322
2026-05-16 14:00:00,7.00,83,5.00,,1.30,4.30,355
2026-05-16 15:00:00,7.00,86,5.00,,1.80,5.40,53
2026-05-16 16:00:00,7.10,87,5.50,,2.80,3.20,27
2026-05-16 17:00:00,7.30,87,5.60,,0.70,3.20,360
2026-05-16 18:00:00,7.40,86,5.50,,0.00,5.10,39
2026-05-16 19:00:00,7.60,86,5.60,,0.00,5.90,38
2026-05-16 20:00:00,7.60,87,5.60,,0.00,5.60,45
2026-05-16 21:00:00,7.70,87,5.80,,0.10,5.40,42
2026-05-16 22:00:00,7.40,88,5.50,,0.20,5.40,48
2026-05-16 23:00:00,7.30,90,5.30,,0.00,6.00,57
2026-05-17 00:00:00,7.40,88,5.60,,0.00,4.70,58
2026-05-17 01:00:00,7.30,89,5.40,,0.00,5.20,56
2026-05-17 02:00:00,7.30,89,5.60,,0.00,3.90,56
2026-05-17 03:00:00,7.40,90,5.90,,0.00,2.90,60
2026-05-17 04:00:00,7.40,90,6.20,,0.00,1.50,14
2026-05-17 05:00:00,7.50,91,6.20,,0.10,1.80,37
2026-05-17 06:00:00,7.90,90,6.60,,0.10,2.60,106
2026-05-17 07:00:00,8.70,89,7.40,,0.40,3.60,127
2026-05-17 08:00:00,9.60,88,8.30,,0.20,4.90,126
2026-05-17 09:00:00,11.10,87,10.10,,0.10,5.50,122
2026-05-17 10:00:00,12.40,83,10.90,,0.10,9.20,138
2026-05-17 11:00:00,12.90,83,11.80,,0.30,7.30,123
2026-05-17 12:00:00,12.60,86,11.60,,0.40,7.50,107
2026-05-17 13:00:00,12.20,87,10.90,,1.60,9.10,108
2026-05-17 14:00:00,12.50,83,11.50,,0.50,6.80,108
2026-05-17 15:00:00,12.40,81,11.30,,0.40,6.20,126
2026-05-17 16:00:00,12.20,84,11.20,,0.90,6.00,155
2026-05-17 17:00:00,12.30,84,11.40,,0.50,5.40,180
2026-05-17 18:00:00,12.10,87,11.60,,0.30,3.50,204
2026-05-17 19:00:00,12.00,88,11.50,,0.10,3.40,252
2026-05-17 20:00:00,11.80,90,11.40,,0.00,3.20,270
2026-05-17 21:00:00,11.50,93,11.30,,0.00,2.50,278
2026-05-17 22:00:00,11.20,95,10.80,,0.00,3.70,281
2026-05-17 23:00:00,11.00,94,10.30,,0.00,4.90,287
2026-05-18 00:00:00,10.90,95,10.00,,0.00,6.40,286
2026-05-18 01:00:00,10.60,93,9.30,,0.00,7.60,289
2026-05-18 02:00:00,10.30,92,8.70,,0.00,9.30,283
2026-05-18 03:00:00,10.00,92,8.30,,0.10,8.90,284
2026-05-18 04:00:00,9.50,89,7.60,,0.00,9.30,283
2026-05-18 05:00:00,9.20,88,7.50,,0.10,6.90,279
2026-05-18 06:00:00,9.10,89,7.40,,0.00,6.50,270
2026-05-18 07:00:00,9.20,88,7.50,,0.00,6.90,264
2026-05-18 08:00:00,10.10,83,8.10,,0.00,8.60,270
2026-05-18 09:00:00,11.10,78,9.20,,0.00,8.30,270
2026-05-18 10:00:00,12.80,67,10.60,,0.00,9.00,272
2026-05-18 11:00:00,13.50,60,10.90,,0.00,10.50,264
2026-05-18 12:00:00,14.80,52,11.90,,0.00,11.70,261
2026-05-18 13:00:00,15.50,48,12.60,,0.00,13.10,262
2026-05-18 14:00:00,16.30,44,13.20,,0.00,14.00,270
2026-05-18 15:00:00,16.80,42,13.30,,0.00,13.40,278
2026-05-18 16:00:00,16.90,41,13.70,,0.00,11.90,270
2026-05-18 17:00:00,16.50,44,13.60,,0.10,10.50,262
2026-05-18 18:00:00,16.60,41,13.60,,0.00,10.20,247
2026-05-18 19:00:00,15.90,46,13.10,,0.00,9.70,231
2026-05-18 20:00:00,14.60,57,12.20,,0.00,9.90,224
2026-05-18 21:00:00,13.40,67,11.80,,0.00,6.80,212
2026-05-18 22:00:00,12.60,71,10.90,,0.00,7.10,221
2026-05-18 23:00:00,11.90,74,10.40,,0.00,6.10,225
2026-05-19 00:00:00,11.20,81,9.90,,0.00,4.80,228
2026-05-19 01:00:00,10.70,85,9.60,,0.00,4.30,228
2026-05-19 02:00:00,10.20,87,9.20,,0.00,3.80,229
2026-05-19 03:00:00,9.60,92,8.70,,0.00,3.30,221
2026-05-19 04:00:00,9.30,93,8.40,,0.00,3.10,216
2026-05-19 05:00:00,9.40,92,8.50,,0.00,3.30,221
2026-05-19 06:00:00,9.30,92,8.30,,0.00,3.40,252
2026-05-19 07:00:00,9.80,89,8.70,,0.00,3.90,248
2026-05-19 08:00:00,10.80,82,9.60,,0.00,4.20,239
2026-05-19 09:00:00,12.10,72,10.90,,0.00,3.60,233
2026-05-19 10:00:00,13.50,65,12.10,,0.00,4.70,238
2026-05-19 11:00:00,14.50,57,12.70,,0.00,6.10,230
2026-05-19 12:00:00,15.30,49,14.10,,0.10,4.70,238
2026-05-19 13:00:00,15.50,52,14.20,,0.10,4.00,243
2026-05-19 14:00:00,15.80,51,14.40,,0.10,4.80,243
2026-05-19 15:00:00,16.20,49,14.40,,0.20,4.70,270
2026-05-19 16:00:00,15.90,49,14.00,,0.20,4.90,253
2026-05-19 17:00:00,16.30,45,14.30,,0.00,4.00,280
2026-05-19 18:00:00,16.60,41,14.50,,0.00,3.80,343
2026-05-19 19:00:00,16.40,42,14.20,,0.00,4.00,10
2026-05-19 20:00:00,15.80,44,13.80,,0.00,3.20,27
2026-05-19 21:00:00,15.10,50,13.60,,0.00,1.80,90
2026-05-19 22:00:00,14.30,52,12.80,,0.00,1.10,108
2026-05-19 23:00:00,13.60,55,12.20,,0.00,0.80,333
2026-05-20 00:00:00,12.50,62,10.90,,0.00,3.40,288
2026-05-20 01:00:00,11.30,68,9.80,,0.00,3.30,283
2026-05-20 02:00:00,10.40,75,8.90,,0.00,3.50,294
2026-05-20 03:00:00,9.70,79,8.10,,0.00,4.10,308
2026-05-20 04:00:00,9.10,77,7.30,,0.00,4.30,318
2026-05-20 05:00:00,9.00,76,7.10,,0.00,5.10,321
2026-05-20 06:00:00,9.40,76,7.50,,0.00,5.10,321
2026-05-20 07:00:00,10.30,71,8.40,,0.00,5.10,309
2026-05-20 08:00:00,12.10,62,9.90,,0.00,7.00,305
2026-05-20 09:00:00,13.70,55,11.40,,0.00,7.30,303
2026-05-20 10:00:00,15.80,49,13.80,,0.00,8.20,299
2026-05-20 11:00:00,17.00,44,14.30,,0.00,12.40,300
2026-05-20 12:00:00,17.70,37,14.40,,0.00,13.40,297
2026-05-20 13:00:00,17.30,40,13.50,,0.00,15.50,301
2026-05-20 14:00:00,16.90,43,13.20,,0.00,15.90,295
2026-05-20 15:00:00,15.40,54,11.90,,0.00,17.30,301
2026-05-20 16:00:00,13.70,69,10.90,,0.20,15.30,300
2026-05-20 17:00:00,12.40,79,10.10,,0.50,13.30,303
2026-05-20 18:00:00,13.40,73,11.20,,0.00,12.60,297
2026-05-20 19:00:00,13.10,77,11.40,,0.00,10.60,280
2026-05-20 20:00:00,13.10,79,11.50,,0.00,10.20,280
2026-05-20 21:00:00,13.10,82,12.00,,0.00,8.30,265
2026-05-20 22:00:00,12.60,86,11.40,,0.00,9.00,265
2026-05-20 23:00:00,12.30,88,11.00,,0.00,9.70,270
2026-05-21 00:00:00,12.00,91,10.70,,0.00,9.70,272
2026-05-21 01:00:00,11.70,92,10.30,,0.00,10.40,270
2026-05-21 02:00:00,11.60,91,10.20,,0.00,10.10,266
2026-05-21 03:00:00,11.60,90,10.20,,0.00,9.50,259
2026-05-21 04:00:00,11.00,90,9.40,,0.00,10.10,264
2026-05-21 05:00:00,10.80,86,8.90,,0.00,10.50,266
2026-05-21 06:00:00,10.60,84,8.60,,0.00,9.70,266
2026-05-21 07:00:00,11.30,80,9.30,,0.00,10.10,264
2026-05-21 08:00:00,13.00,71,10.80,,0.00,11.20,270
2026-05-21 09:00:00,14.80,64,12.80,,0.00,10.50,276
2026-05-21 10:00:00,16.80,58,15.10,,0.00,9.40,272
2026-05-21 11:00:00,18.80,53,17.90,,0.00,9.40,268
2026-05-21 12:00:00,21.30,39,20.10,,0.00,10.90,278
2026-05-21 13:00:00,21.80,36,19.40,,0.00,12.20,284
2026-05-21 14:00:00,22.30,32,19.50,,0.00,13.00,268
2026-05-21 15:00:00,22.70,30,19.70,,0.00,11.90,270
2026-05-21 16:00:00,22.50,33,19.60,,0.10,12.10,260
2026-05-21 17:00:00,22.40,34,19.70,,0.00,11.50,266
2026-05-21 18:00:00,22.60,32,19.80,,0.00,10.40,272
2026-05-21 19:00:00,22.10,34,19.50,,0.00,9.70,268
2026-05-21 20:00:00,20.80,42,18.90,,0.00,8.40,263
2026-05-21 21:00:00,19.80,48,18.70,,0.00,4.50,241
2026-05-21 22:00:00,18.30,53,17.30,,0.00,4.30,222
2026-05-21 23:00:00,17.70,54,16.50,,0.00,5.10,219
2026-05-22 00:00:00,16.60,58,15.50,,0.00,4.80,228
2026-05-22 01:00:00,15.90,62,14.80,,0.00,4.90,234
2026-05-22 02:00:00,15.20,65,14.10,,0.00,5.40,233
2026-05-22 03:00:00,14.50,70,13.60,,0.00,4.60,225
2026-05-22 04:00:00,14.20,71,13.40,,0.00,4.10,225
2026-05-22 05:00:00,13.80,74,13.10,,0.00,3.90,214
2026-05-22 06:00:00,13.30,78,12.70,,0.00,3.60,217
2026-05-22 07:00:00,14.60,73,14.00,,0.00,3.50,204
2026-05-22 08:00:00,16.90,63,16.00,,0.00,5.70,198
2026-05-22 09:00:00,19.10,55,18.10,,0.00,6.60,193
2026-05-22 10:00:00,21.00,47,19.80,,0.00,8.80,189
2026-05-22 11:00:00,22.40,38,21.10,,0.00,10.70,192
2026-05-22 12:00:00,23.60,30,22.20,,0.00,12.10,190
2026-05-22 13:00:00,23.70,29,21.40,,0.00,13.40,188
2026-05-22 14:00:00,24.10,28,21.40,,0.00,14.20,187
2026-05-22 15:00:00,24.60,30,21.90,,0.00,11.20,184
2026-05-22 16:00:00,24.80,27,21.60,,0.00,13.00,185
2026-05-22 17:00:00,24.40,30,21.60,,0.00,11.70,169
2026-05-22 18:00:00,24.10,31,21.50,,0.00,11.20,165
2026-05-22 19:00:00,23.50,32,20.80,,0.00,11.40,169
2026-05-22 20:00:00,22.40,36,20.30,,0.00,8.60,147
2026-05-22 21:00:00,21.50,38,19.50,,0.00,7.60,161
2026-05-22 22:00:00,20.40,43,18.60,,0.00,7.60,161
2026-05-22 23:00:00,19.60,48,18.10,,0.00,7.10,156
2026-05-23 00:00:00,18.70,54,17.10,,0.00,9.10,162
2026-05-23 01:00:00,17.60,61,16.20,,0.00,9.20,169
2026-05-23 02:00:00,16.60,66,15.40,,0.00,8.70,156
2026-05-23 03:00:00,16.00,66,14.60,,0.00,8.90,148
2026-05-23 04:00:00,15.30,67,13.70,,0.00,9.30,152
2026-05-23 05:00:00,14.60,69,12.90,,0.00,9.80,152
2026-05-23 06:00:00,14.40,68,12.60,,0.00,9.80,152
2026-05-23 07:00:00,14.80,65,12.80,,0.00,10.50,153
2026-05-23 08:00:00,16.10,60,13.90,,0.00,11.90,155
2026-05-23 09:00:00,17.40,56,15.40,,0.00,10.90,153
2026-05-23 10:00:00,19.30,50,17.20,,0.00,11.80,149
2026-05-23 11:00:00,21.20,43,19.50,,0.00,13.40,149
2026-05-23 12:00:00,22.50,37,20.70,,0.00,15.10,155
2026-05-23 13:00:00,23.50,34,21.40,,0.00,15.80,159
2026-05-23 14:00:00,24.40,32,22.70,,0.00,16.10,160
2026-05-23 15:00:00,24.20,34,22.60,,0.00,14.20,159
2026-05-23 16:00:00,24.50,35,22.20,,0.00,15.10,155
2026-05-23 17:00:00,24.20,35,21.60,,0.00,13.90,149
2026-05-23 18:00:00,23.60,35,21.00,,0.00,12.90,144
2026-05-23 19:00:00,23.00,34,20.30,,0.00,12.10,143
2026-05-23 20:00:00,22.20,35,19.80,,0.00,9.10,146
2026-05-23 21:00:00,21.00,41,19.40,,0.00,6.10,140
2026-05-23 22:00:00,19.90,49,19.00,,0.00,4.10,135
2026-05-23 23:00:00,19.20,53,18.50,,0.00,3.60,135
2026-05-24 00:00:00,18.80,58,18.40,,0.00,3.60,135
2026-05-24 01:00:00,18.10,60,17.60,,0.00,3.90,112
2026-05-24 02:00:00,17.50,62,16.90,,0.00,4.40,145
2026-05-24 03:00:00,17.10,64,16.60,,0.00,4.40,145
2026-05-24 04:00:00,16.40,70,16.10,,0.30,4.10,105
2026-05-24 05:00:00,16.20,69,15.70,,0.00,5.00,120
2026-05-24 06:00:00,16.10,69,15.40,,0.00,5.70,108
2026-05-24 07:00:00,16.60,67,15.70,,0.00,7.40,129
2026-05-24 08:00:00,17.40,65,16.30,,0.00,8.70,128
2026-05-24 09:00:00,18.80,57,17.60,,0.00,8.40,137
2026-05-24 10:00:00,20.20,54,19.10,,0.00,9.00,143
2026-05-24 11:00:00,20.70,53,19.80,,0.10,7.80,158
2026-05-24 12:00:00,21.70,51,21.10,,0.00,6.60,139
2026-05-24 13:00:00,22.30,50,21.90,,0.00,6.00,155
2026-05-24 14:00:00,22.70,49,22.20,,0.00,6.50,177
2026-05-24 15:00:00,23.60,45,22.70,,0.10,8.00,190
2026-05-24 16:00:00,23.00,51,22.50,,0.10,8.40,205
2026-05-24 17:00:00,21.20,61,21.30,,0.70,6.60,193
2026-05-24 18:00:00,19.00,68,18.80,,0.80,7.70,208
2026-05-24 19:00:00,17.50,82,18.60,,0.80,2.30,219
2026-05-24 20:00:00,17.40,83,18.50,,0.10,2.50,90
2026-05-24 21:00:00,17.00,85,18.20,,0.00,2.00,225
2026-05-24 22:00:00,16.60,88,17.90,,0.00,1.50,194
2026-05-24 23:00:00,16.20,91,17.60,,0.00,1.10,72
2026-05-25 00:00:00,15.70,94,17.00,,0.00,2.00,315
2026-05-25 01:00:00,15.30,96,16.40,,0.10,3.10,315
2026-05-25 02:00:00,15.10,94,15.60,,0.10,5.90,317
2026-05-25 03:00:00,14.60,94,14.80,,0.00,7.10,336
2026-05-25 04:00:00,14.50,95,14.70,,0.00,6.50,341
2026-05-25 05:00:00,14.30,94,14.20,,0.00,7.90,344
2026-05-25 06:00:00,14.50,95,14.60,,0.30,7.20,360
2026-05-25 07:00:00,15.10,93,14.90,,0.50,9.80,28
2026-05-25 08:00:00,15.40,95,15.80,,0.90,7.70,37
2026-05-25 09:00:00,16.00,91,16.20,,0.40,8.90,27
2026-05-25 10:00:00,16.60,87,16.50,,0.30,10.20,48
2026-05-25 11:00:00,17.60,81,17.70,,0.00,9.20,79
2026-05-25 12:00:00,18.30,80,19.10,,0.00,4.80,48
2026-05-25 13:00:00,19.50,76,20.30,,0.00,6.60,61
2026-05-25 14:00:00,20.60,73,21.80,,0.00,4.80,63
2026-05-25 15:00:00,20.80,76,22.40,,0.00,4.10,345
2026-05-25 16:00:00,21.40,76,22.80,,0.00,7.40,14
2026-05-25 17:00:00,20.00,86,22.00,,1.60,5.00,300
2026-05-25 18:00:00,19.10,89,20.90,,7.40,5.10,356
2026-05-25 19:00:00,18.80,90,20.60,,0.70,4.80,42
2026-05-25 20:00:00,18.60,92,20.60,,1.30,3.70,61
2026-05-25 21:00:00,18.60,90,20.70,,0.00,2.30,141
2026-05-25 22:00:00,18.30,90,20.20,,0.00,2.60,106
2026-05-25 23:00:00,17.80,91,19.30,,0.30,4.70,122
2026-05-26 00:00:00,17.50,91,18.70,,0.20,5.80,97
2026-05-26 01:00:00,17.30,89,18.80,,0.10,2.60,164
2026-05-26 02:00:00,17.10,90,18.60,,0.10,2.40,207
2026-05-26 03:00:00,16.40,96,18.00,,0.10,2.50,360
2026-05-26 04:00:00,16.40,95,17.90,,0.10,2.50,360
2026-05-26 05:00:00,16.10,97,17.70,,0.10,2.10,301
2026-05-26 06:00:00,16.30,97,18.00,,0.90,2.00,45
2026-05-26 07:00:00,16.30,96,17.40,,3.00,6.20,97
2026-05-26 08:00:00,16.40,94,16.70,,1.60,10.00,116
2026-05-26 09:00:00,16.40,89,16.10,,0.70,12.60,127
2026-05-26 10:00:00,16.80,89,16.00,,0.90,16.80,138
2026-05-26 11:00:00,16.90,90,16.30,,1.20,16.40,140
2026-05-26 12:00:00,17.20,89,17.10,,0.60,13.30,131
2026-05-26 13:00:00,17.20,88,17.10,,0.40,12.90,126
2026-05-26 14:00:00,18.40,79,17.80,,0.10,14.50,125
2026-05-26 15:00:00,18.70,80,18.30,,0.00,15.00,138
2026-05-26 16:00:00,19.10,77,18.60,,0.00,14.30,135
2026-05-26 17:00:00,18.60,81,18.30,,0.10,13.80,137
2026-05-26 18:00:00,18.10,89,18.90,,0.90,8.90,137
2026-05-26 19:00:00,17.70,88,18.50,,1.20,7.70,143
2026-05-26 20:00:00,17.20,91,18.20,,1.60,6.00,123
2026-05-26 21:00:00,17.10,92,18.70,,0.40,3.10,135
2026-05-26 22:00:00,17.00,93,18.70,,0.30,2.40,63
2026-05-26 23:00:00,17.10,92,18.60,,0.00,2.90,97
2026-05-27 00:00:00,17.00,94,18.50,,0.00,3.60,90
2026-05-27 01:00:00,17.00,88,17.50,,0.10,8.00,126
2026-05-27 02:00:00,16.70,86,17.00,,0.10,7.10,150
2026-05-27 03:00:00,16.40,91,17.40,,0.00,4.30,132
2026-05-27 04:00:00,16.00,90,16.70,,0.00,4.90,107
2026-05-27 05:00:00,15.60,90,15.80,,0.00,7.50,107
2026-05-27 06:00:00,15.60,92,16.00,,0.70,6.40,117
2026-05-27 07:00:00,15.50,93,16.00,,1.50,5.90,101
2026-05-27 08:00:00,15.70,92,16.40,,0.90,5.10,94
2026-05-27 09:00:00,16.70,84,17.20,,0.70,5.40,48
2026-05-27 10:00:00,17.00,84,17.80,,0.40,4.00,27
2026-05-27 11:00:00,17.90,78,18.30,,0.00,6.10,28
2026-05-27 12:00:00,19.50,66,19.40,,0.00,7.20,63
2026-05-27 13:00:00,20.10,64,20.10,,0.00,6.90,81
2026-05-27 14:00:00,20.20,61,20.00,,0.00,7.10,66
2026-05-27 15:00:00,21.10,52,20.40,,0.00,6.80,72
2026-05-27 16:00:00,21.10,52,20.60,,0.00,4.70,58
2026-05-27 17:00:00,21.40,53,20.90,,0.00,6.40,27
2026-05-27 18:00:00,21.80,54,21.30,,0.00,7.40,23
2026-05-27 19:00:00,21.30,60,21.60,,0.00,5.30,28
2026-05-27 20:00:00,21.00,56,21.00,,0.00,3.90,56
2026-05-27 21:00:00,20.50,57,20.30,,0.00,4.70,67
2026-05-27 22:00:00,19.50,61,19.30,,0.00,4.60,51
2026-05-27 23:00:00,18.70,65,18.50,,0.00,5.40,48
2026-05-28 00:00:00,18.20,71,18.10,,0.30,6.40,52
2026-05-28 01:00:00,16.90,82,17.30,,1.60,5.80,86
2026-05-28 02:00:00,16.30,87,16.50,,1.40,7.80,112
2026-05-28 03:00:00,16.00,89,16.70,,1.70,4.30,66
2026-05-28 04:00:00,15.90,89,16.30,,0.00,5.80,83
2026-05-28 05:00:00,15.70,90,16.00,,0.10,6.50,90
2026-05-28 06:00:00,15.80,91,16.10,,0.00,7.20,93
2026-05-28 07:00:00,16.00,92,16.20,,0.80,8.70,97
2026-05-28 08:00:00,16.10,94,16.60,,0.60,8.20,105
2026-05-28 09:00:00,16.70,90,17.10,,0.80,8.50,126
2026-05-28 10:00:00,16.90,89,17.40,,0.50,8.40,121
2026-05-28 11:00:00,17.50,85,17.90,,0.60,8.20,131
2026-05-28 12:00:00,17.50,81,17.70,,0.50,7.90,137
2026-05-28 13:00:00,18.10,79,18.40,,0.10,7.90,137
2026-05-28 14:00:00,17.60,85,18.10,,0.70,8.10,135
2026-05-28 15:00:00,17.00,86,17.40,,1.20,7.90,106
2026-05-28 16:00:00,17.30,85,17.60,,0.20,8.40,110
2026-05-28 17:00:00,17.30,88,18.00,,0.80,7.30,110
2026-05-28 18:00:00,16.70,89,16.90,,2.10,9.80,96
2026-05-28 19:00:00,16.30,92,16.70,,3.30,8.30,92
2026-05-28 20:00:00,16.10,92,16.80,,0.90,6.20,69
2026-05-28 21:00:00,15.90,95,16.70,,1.90,6.50,96
2026-05-28 22:00:00,15.90,96,16.80,,0.40,5.60,105
2026-05-28 23:00:00,15.70,96,16.50,,0.00,6.40,137
2026-05-29 00:00:00,15.70,96,16.50,,0.00,6.30,149
2026-05-29 01:00:00,15.30,95,15.90,,0.00,6.30,167
2026-05-29 02:00:00,15.10,96,15.80,,0.00,5.20,168
2026-05-29 03:00:00,14.70,97,15.40,,0.00,4.10,142
2026-05-29 04:00:00,14.50,96,15.00,,0.00,5.40,138
2026-05-29 05:00:00,14.40,97,14.60,,0.00,7.00,125
2026-05-29 06:00:00,14.60,95,15.00,,0.00,5.60,117
2026-05-29 07:00:00,15.00,91,14.90,,0.00,8.60,123
2026-05-29 08:00:00,15.70,87,15.60,,0.10,8.40,130
2026-05-29 09:00:00,16.20,86,16.50,,0.60,7.00,145
2026-05-29 10:00:00,16.80,82,16.70,,0.90,8.70,142
2026-05-29 11:00:00,17.50,76,17.10,,0.30,10.10,145
2026-05-29 12:00:00,18.40,69,18.00,,0.20,9.80,144
2026-05-29 13:00:00,18.60,68,17.80,,0.20,11.00,148
2026-05-29 14:00:00,18.00,69,17.00,,0.70,11.40,156
2026-05-29 15:00:00,18.20,69,17.70,,0.10,8.50,168
2026-05-29 16:00:00,18.50,67,17.90,,0.00,8.40,173
2026-05-29 17:00:00,18.40,70,18.10,,0.00,7.60,183
2026-05-29 18:00:00,18.20,75,18.50,,0.00,5.80,176
2026-05-29 19:00:00,18.60,75,19.20,,0.10,4.80,167
2026-05-29 20:00:00,17.80,79,18.60,,0.20,4.10,135
2026-05-29 21:00:00,17.50,81,18.60,,0.00,2.30,108
2026-05-29 22:00:00,16.90,83,18.00,,0.00,1.80,101
2026-05-29 23:00:00,16.70,82,17.60,,0.00,1.80,127
2026-05-30 00:00:00,16.00,84,16.70,,0.00,2.50,135
2026-05-30 01:00:00,15.70,84,16.30,,0.00,2.40,153
2026-05-30 02:00:00,15.30,85,15.80,,0.00,2.20,180
2026-05-30 03:00:00,14.80,86,15.10,,0.00,2.90,240
2026-05-30 04:00:00,14.00,90,14.30,,0.00,3.40,252
2026-05-30 05:00:00,13.20,96,13.50,,0.00,3.70,259
2026-05-30 06:00:00,13.20,96,13.30,,0.00,4.30,265
2026-05-30 07:00:00,13.80,92,13.70,,0.00,6.50,276
2026-05-30 08:00:00,14.30,90,14.20,,0.00,6.90,279
2026-05-30 09:00:00,16.20,79,16.00,,0.00,6.90,276
2026-05-30 10:00:00,17.80,67,17.40,,0.00,6.10,270
2026-05-30 11:00:00,19.00,60,18.50,,0.00,6.50,251
2026-05-30 12:00:00,19.60,57,19.00,,0.00,7.10,246
2026-05-30 13:00:00,20.30,54,19.70,,0.00,7.20,252
2026-05-30 14:00:00,20.20,53,18.70,,0.00,10.40,270
2026-05-30 15:00:00,19.10,67,18.20,,0.00,12.10,280
2026-05-30 16:00:00,18.90,68,18.20,,0.10,11.20,285
2026-05-30 17:00:00,18.20,73,17.50,,0.20,11.90,295
2026-05-30 18:00:00,18.30,75,17.80,,0.10,11.30,297
2026-05-30 19:00:00,17.50,78,16.90,,0.10,11.60,300
2026-05-30 20:00:00,16.70,84,16.30,,0.20,11.40,305
2026-05-30 21:00:00,16.50,84,16.20,,0.10,10.20,312
2026-05-30 22:00:00,16.10,85,15.90,,0.00,9.20,318
2026-05-30 23:00:00,15.60,85,15.30,,0.00,8.40,317
2026-05-31 00:00:00,14.90,86,14.60,,0.00,7.70,307
2026-05-31 01:00:00,14.30,87,13.80,,0.00,8.00,306
2026-05-31 02:00:00,13.70,88,13.10,,0.00,8.00,306
2026-05-31 03:00:00,13.30,88,12.70,,0.00,7.10,300
2026-05-31 04:00:00,13.10,86,12.30,,0.00,7.10,300
2026-05-31 05:00:00,12.80,86,12.00,,0.00,6.90,298
2026-05-31 06:00:00,12.80,86,12.00,,0.00,6.30,294
2026-05-31 07:00:00,13.60,83,12.70,,0.00,7.70,298
2026-05-31 08:00:00,15.20,76,14.20,,0.00,8.60,303
2026-05-31 09:00:00,17.10,63,15.90,,0.00,8.40,310
2026-05-31 10:00:00,18.80,55,17.80,,0.00,8.90,317
2026-05-31 11:00:00,20.30,45,19.20,,0.00,10.70,327
2026-05-31 12:00:00,21.40,39,20.40,,0.00,11.10,324
2026-05-31 13:00:00,22.10,37,21.30,,0.00,11.00,322
2026-05-31 14:00:00,22.60,35,21.80,,0.00,11.20,315
2026-05-31 15:00:00,22.80,32,21.10,,0.00,11.50,311
2026-05-31 16:00:00,22.80,34,20.70,,0.00,12.00,311
2026-05-31 17:00:00,22.80,34,20.00,,0.00,12.20,315
2026-05-31 18:00:00,22.70,39,20.40,,0.00,12.20,317
2026-05-31 19:00:00,22.40,40,20.30,,0.00,10.90,316
2026-05-31 20:00:00,21.30,48,19.80,,0.00,9.50,307
2026-05-31 21:00:00,20.30,54,19.70,,0.00,5.80,270
2026-05-31 22:00:00,19.20,59,18.80,,0.00,5.00,270
2026-05-31 23:00:00,18.60,62,18.10,,0.00,6.20,277
2026-06-01 00:00:00,17.90,66,17.40,,0.00,6.60,279
2026-06-01 01:00:00,17.50,70,17.10,,0.00,6.60,283
2026-06-01 02:00:00,17.00,74,16.80,,0.00,6.30,283
2026-06-01 03:00:00,16.70,75,16.50,,0.00,6.30,283
2026-06-01 04:00:00,16.30,78,16.10,,0.00,6.60,283
2026-06-01 05:00:00,15.80,81,15.70,,0.00,6.50,289
2026-06-01 06:00:00,15.60,82,15.60,,0.00,5.70,288
2026-06-01 07:00:00,16.30,80,16.20,,0.00,6.80,295
2026-06-01 08:00:00,17.60,75,17.60,,0.00,7.20,307
2026-06-01 09:00:00,19.10,66,19.00,,0.00,6.10,310
2026-06-01 10:00:00,20.90,59,21.10,,0.00,4.60,309
2026-06-01 11:00:00,22.20,44,20.70,,0.00,10.20,318
2026-06-01 12:00:00,22.80,41,21.40,,0.00,10.20,318
2026-06-01 13:00:00,23.20,38,21.30,,0.00,10.70,315
2026-06-01 14:00:00,23.40,38,21.50,,0.00,10.00,319
2026-06-01 15:00:00,23.70,39,22.10,,0.00,9.30,324
2026-06-01 16:00:00,24.00,37,22.20,,0.00,9.70,321
2026-06-01 17:00:00,23.90,38,22.20,,0.00,9.40,328
2026-06-01 18:00:00,24.00,38,22.40,,0.00,8.70,330
2026-06-01 19:00:00,23.40,39,21.80,,0.00,8.50,332
2026-06-01 20:00:00,22.50,40,21.00,,0.00,7.10,336
2026-06-01 21:00:00,20.90,49,20.40,,0.00,3.40,328
2026-06-01 22:00:00,19.80,55,19.50,,0.00,2.60,304
2026-06-01 23:00:00,18.90,57,18.60,,0.00,2.50,270
2026-06-02 00:00:00,17.30,67,17.20,,0.00,2.40,243
2026-06-02 01:00:00,16.60,67,16.30,,0.00,2.90,240
2026-06-02 02:00:00,15.90,70,15.60,,0.00,2.40,243
2026-06-02 03:00:00,14.90,75,15.00,,0.00,0.70,270
2026-06-02 04:00:00,14.60,76,14.40,,0.00,2.00,225
2026-06-02 05:00:00,14.40,76,14.10,,0.00,2.60,214
2026-06-02 06:00:00,14.30,77,14.10,,0.00,2.00,225
2026-06-02 07:00:00,15.60,75,15.70,,0.00,1.80,191
2026-06-02 08:00:00,18.00,67,18.20,,0.00,2.50,172
2026-06-02 09:00:00,20.30,51,19.60,,0.00,5.00,180
2026-06-02 10:00:00,22.00,48,21.50,,0.00,7.10,195
2026-06-02 11:00:00,23.40,46,23.80,,0.00,7.30,200
2026-06-02 12:00:00,24.90,39,25.50,,0.00,7.30,213
2026-06-02 13:00:00,25.90,36,26.60,,0.00,7.70,217
2026-06-02 14:00:00,26.80,33,27.10,,0.00,7.70,242
2026-06-02 15:00:00,27.20,32,26.30,,0.00,7.40,247
2026-06-02 16:00:00,27.60,32,26.80,,0.00,7.20,233
2026-06-02 17:00:00,28.00,31,26.50,,0.00,8.40,239
2026-06-02 18:00:00,27.10,37,26.20,,0.00,8.20,255
2026-06-02 19:00:00,26.70,39,26.20,,0.00,6.60,248
2026-06-02 20:00:00,25.70,45,25.60,,0.00,6.80,252
2026-06-02 21:00:00,24.30,53,25.10,,0.00,3.10,216
2026-06-02 22:00:00,23.10,58,23.90,,0.00,3.80,229
2026-06-02 23:00:00,22.10,62,23.00,,0.00,4.00,260
2026-06-03 00:00:00,20.90,73,22.30,,0.00,4.30,265
2026-06-03 01:00:00,20.10,78,21.60,,0.00,3.70,259
2026-06-03 02:00:00,19.70,82,21.40,,0.00,3.40,238
2026-06-03 03:00:00,19.20,85,21.00,,0.00,3.40,252
2026-06-03 04:00:00,19.00,86,20.70,,0.00,3.60,233
2026-06-03 05:00:00,18.70,86,20.40,,0.00,2.90,240
2026-06-03 06:00:00,18.40,87,20.10,,0.00,2.90,240
2026-06-03 07:00:00,19.50,83,21.50,,0.00,2.30,231
2026-06-03 08:00:00,21.30,74,23.00,,0.00,3.30,221
2026-06-03 09:00:00,23.00,66,24.60,,0.00,3.40,212
2026-06-03 10:00:00,24.60,59,26.00,,0.00,4.70,203
2026-06-03 11:00:00,26.00,48,26.70,,0.00,6.60,229
2026-06-03 12:00:00,27.60,41,28.40,,0.00,8.20,241
2026-06-03 13:00:00,28.50,36,28.70,,0.00,8.50,234
2026-06-03 14:00:00,29.50,36,30.10,,0.00,10.40,224
2026-06-03 15:00:00,29.80,36,30.00,,0.00,10.30,216
2026-06-03 16:00:00,30.30,34,29.90,,0.00,10.80,217
2026-06-03 17:00:00,30.30,33,29.30,,0.00,11.50,229
2026-06-03 18:00:00,29.70,35,29.00,,0.10,10.40,236
2026-06-03 19:00:00,28.30,38,27.40,,0.00,11.50,229
2026-06-03 20:00:00,26.50,45,25.80,,0.00,12.20,268
2026-06-03 21:00:00,22.80,82,25.10,,0.00,9.50,323
2026-06-03 22:00:00,21.60,87,24.30,,0.10,5.50,302
2026-06-03 23:00:00,21.10,86,23.20,,0.50,7.50,253
2026-06-04 00:00:00,19.80,89,20.70,,0.40,13.30,272
2026-06-04 01:00:00,18.40,84,18.40,,0.70,13.00,318
2026-06-04 02:00:00,17.40,87,17.30,,0.00,13.00,314
2026-06-04 03:00:00,17.40,88,17.20,,0.00,13.30,311
2026-06-04 04:00:00,16.60,85,16.10,,0.00,12.50,321
2026-06-04 05:00:00,16.10,89,16.00,,0.00,10.50,319
2026-06-04 06:00:00,16.10,90,16.20,,0.00,9.70,312
2026-06-04 07:00:00,16.50,86,16.20,,0.00,11.50,319
2026-06-04 08:00:00,16.90,79,16.20,,0.00,11.90,325
2026-06-04 09:00:00,17.50,76,17.00,,0.00,10.10,325
2026-06-04 10:00:00,18.80,66,17.90,,0.00,10.60,336
2026-06-04 11:00:00,19.80,58,19.50,,0.00,9.40,342
2026-06-04 12:00:00,20.70,51,20.10,,0.00,10.10,343
2026-06-04 13:00:00,21.80,47,21.30,,0.00,9.40,342
2026-06-04 14:00:00,22.60,45,22.20,,0.00,9.10,342
2026-06-04 15:00:00,22.90,44,22.20,,0.00,8.90,346
2026-06-04 16:00:00,23.20,42,22.00,,0.00,8.10,347
2026-06-04 17:00:00,23.10,42,21.90,,0.00,7.60,352
2026-06-04 18:00:00,23.40,41,22.30,,0.00,5.90,349
2026-06-04 19:00:00,23.00,42,22.20,,0.00,4.00,360
2026-06-04 20:00:00,22.40,45,21.80,,0.00,4.10,15
2026-06-04 21:00:00,21.00,56,21.20,,0.00,2.90,30
2026-06-04 22:00:00,20.10,64,20.70,,0.00,2.10,59
2026-06-04 23:00:00,19.60,66,20.20,,0.00,2.50,135
2026-06-05 00:00:00,18.50,75,19.30,,0.00,3.20,153
2026-06-05 01:00:00,18.00,77,18.70,,0.00,3.40,162
2026-06-05 02:00:00,17.60,79,18.30,,0.00,3.40,162
2026-06-05 03:00:00,17.10,81,17.90,,0.00,3.10,159
2026-06-05 04:00:00,16.90,81,17.60,,0.00,2.90,173
2026-06-05 05:00:00,16.60,81,17.30,,0.00,2.90,173
2026-06-05 06:00:00,16.40,81,16.90,,0.00,3.40,148
2026-06-05 07:00:00,17.70,77,18.40,,0.00,3.20,153
2026-06-05 08:00:00,19.50,66,19.60,,0.00,6.20,159
2026-06-05 09:00:00,21.20,55,20.50,,0.00,8.80,171
2026-06-05 10:00:00,22.70,49,21.80,,0.00,11.20,176
2026-06-05 11:00:00,23.70,45,23.30,,0.00,11.90,178
2026-06-05 12:00:00,24.80,41,24.90,,0.00,11.50,180
2026-06-05 13:00:00,25.60,40,25.90,,0.00,11.90,180
2026-06-05 14:00:00,26.30,38,26.40,,0.00,12.30,177
2026-06-05 15:00:00,26.70,38,26.70,,0.00,12.30,175
2026-06-05 16:00:00,27.00,38,26.40,,0.00,12.60,177
2026-06-05 17:00:00,27.00,40,25.90,,0.00,13.00,177
2026-06-05 18:00:00,27.20,42,26.30,,0.00,13.00,183
2026-06-05 19:00:00,26.80,46,26.40,,0.00,11.60,196
2026-06-05 20:00:00,26.00,50,26.20,,0.00,9.40,173
2026-06-05 21:00:00,24.90,52,25.20,,0.00,7.80,158
2026-06-05 22:00:00,23.60,57,24.00,,0.00,8.00,162
2026-06-05 23:00:00,22.80,59,22.90,,0.00,8.80,171
2026-06-06 00:00:00,22.20,61,22.20,,0.00,9.40,173
2026-06-06 01:00:00,21.50,65,22.40,,0.40,4.30,180
2026-06-06 02:00:00,20.70,71,21.60,,0.50,6.20,170
2026-06-06 03:00:00,20.90,69,21.30,,0.30,8.30,182
2026-06-06 04:00:00,20.60,70,21.00,,0.00,8.10,193
2026-06-06 05:00:00,20.20,72,20.80,,0.00,7.80,202
2026-06-06 06:00:00,20.10,73,20.70,,0.00,7.70,208
2026-06-06 07:00:00,20.90,74,21.80,,0.00,8.20,209
2026-06-06 08:00:00,22.40,70,23.40,,0.00,9.00,209
2026-06-06 09:00:00,23.90,66,25.20,,0.00,8.50,208
2026-06-06 10:00:00,25.80,62,27.60,,0.00,8.70,204
2026-06-06 11:00:00,27.40,59,30.20,,0.00,8.40,205
2026-06-06 12:00:00,28.80,54,31.80,,0.00,9.30,196
2026-06-06 13:00:00,30.40,48,33.30,,0.00,9.80,197
2026-06-06 14:00:00,30.20,48,31.80,,0.20,16.00,194
2026-06-06 15:00:00,29.30,48,30.00,,0.50,13.30,213
2026-06-06 16:00:00,29.40,51,30.80,,0.00,11.30,217
2026-06-06 17:00:00,30.40,44,31.20,,0.00,11.00,221
2026-06-06 18:00:00,28.40,53,29.80,,0.70,10.10,197
2026-06-06 19:00:00,28.90,52,30.70,,0.00,7.80,193
2026-06-06 20:00:00,28.30,55,30.40,,0.00,6.50,180
2026-06-06 21:00:00,27.60,55,28.80,,0.20,11.20,225
2026-06-06 22:00:00,25.10,64,26.90,,0.10,6.50,214
2026-06-06 23:00:00,24.20,68,26.20,,0.00,6.00,213
2026-06-07 00:00:00,23.40,70,25.40,,0.00,5.50,203
2026-06-07 01:00:00,23.00,70,24.70,,0.00,6.40,223
2026-06-07 02:00:00,22.60,70,24.00,,0.00,6.60,221
2026-06-07 03:00:00,21.40,75,23.10,,0.00,4.90,216
2026-06-07 04:00:00,21.30,76,22.90,,0.00,5.60,220
2026-06-07 05:00:00,21.00,78,22.70,,0.00,5.40,217
2026-06-07 06:00:00,21.10,76,22.60,,0.00,5.70,215
2026-06-07 07:00:00,22.20,74,23.80,,0.00,6.90,219
2026-06-07 08:00:00,23.80,69,25.40,,0.00,8.20,221
2026-06-07 09:00:00,25.00,65,26.80,,0.00,7.10,229
2026-06-07 10:00:00,26.80,59,29.10,,0.00,6.40,223
2026-06-07 11:00:00,28.50,52,31.40,,0.00,6.20,216
2026-06-07 12:00:00,29.50,50,32.80,,0.00,7.50,215
2026-06-07 13:00:00,30.70,44,33.20,,0.00,8.70,222
2026-06-07 14:00:00,31.60,39,33.70,,0.00,9.20,228
2026-06-07 15:00:00,32.00,38,33.50,,0.00,8.90,238
2026-06-07 16:00:00,31.80,37,32.30,,0.00,8.70,240
2026-06-07 17:00:00,31.70,36,32.00,,0.00,8.20,247
2026-06-07 18:00:00,31.30,36,31.50,,0.10,8.70,246
2026-06-07 19:00:00,30.60,42,31.80,,0.00,6.10,220
2026-06-07 20:00:00,29.70,47,31.60,,0.10,4.30,180
2026-06-07 21:00:00,28.90,46,30.40,,0.00,3.60,180
2026-06-07 22:00:00,27.70,50,29.30,,0.00,3.80,163
2026-06-07 23:00:00,26.80,52,28.30,,0.00,3.90,158
2026-06-08 00:00:00,26.00,57,27.70,,0.00,4.70,157
2026-06-08 01:00:00,25.30,61,26.90,,0.00,6.60,171
2026-06-08 02:00:00,24.60,63,25.90,,0.00,8.20,195
2026-06-08 03:00:00,23.70,66,24.90,,0.00,8.10,201
2026-06-08 04:00:00,22.90,69,24.00,,0.00,8.60,202
2026-06-08 05:00:00,22.20,71,23.20,,0.00,8.90,201
2026-06-08 06:00:00,21.90,72,23.00,,0.00,8.30,198
2026-06-08 07:00:00,22.50,70,23.50,,0.00,9.30,193
2026-06-08 08:00:00,23.70,63,24.30,,0.00,11.00,191
2026-06-08 09:00:00,25.20,56,25.40,,0.00,11.70,189
2026-06-08 10:00:00,26.60,51,26.90,,0.00,12.00,187
2026-06-08 11:00:00,28.20,46,28.80,,0.00,13.50,196
2026-06-08 12:00:00,29.30,44,30.60,,0.00,13.40,200
2026-06-08 13:00:00,30.50,43,32.40,,0.00,12.40,210
2026-06-08 14:00:00,31.40,41,33.80,,0.00,11.10,209
2026-06-08 15:00:00,31.80,41,33.80,,0.00,11.30,202
2026-06-08 16:00:00,32.10,39,33.20,,0.00,12.40,206
2026-06-08 17:00:00,31.90,40,32.30,,0.00,12.60,211
2026-06-08 18:00:00,30.40,47,31.60,,0.50,11.00,238
2026-06-08 19:00:00,29.70,48,31.40,,0.30,6.40,218
2026-06-08 20:00:00,29.00,49,30.80,,0.00,5.00,180
2026-06-08 21:00:00,27.30,56,29.60,,0.00,3.60,143
2026-06-08 22:00:00,24.40,69,26.00,,0.00,9.50,151
2026-06-08 23:00:00,24.50,65,26.30,,0.00,5.80,180
2026-06-09 00:00:00,24.50,65,26.20,,0.10,6.60,209
2026-06-09 01:00:00,24.80,60,26.00,,0.00,6.80,212
2026-06-09 02:00:00,23.90,66,25.00,,0.00,9.80,216
2026-06-09 03:00:00,22.90,72,24.40,,0.00,8.50,234
2026-06-09 04:00:00,22.10,76,23.50,,0.00,9.20,228
2026-06-09 05:00:00,21.30,81,23.00,,0.00,8.20,247
2026-06-09 06:00:00,20.70,85,22.10,,0.00,10.10,274
2026-06-09 07:00:00,20.70,78,21.40,,0.00,11.10,283
2026-06-09 08:00:00,20.70,72,20.70,,0.00,12.30,285
2026-06-09 09:00:00,21.10,66,20.60,,0.00,13.30,289
2026-06-09 10:00:00,21.30,59,20.40,,0.00,12.20,284
2026-06-09 11:00:00,22.30,53,21.60,,0.00,13.20,281
2026-06-09 12:00:00,22.90,48,22.50,,0.00,13.60,282
2026-06-09 13:00:00,23.60,46,23.10,,0.00,14.90,278
2026-06-09 14:00:00,23.10,46,21.80,,0.00,15.90,276
2026-06-09 15:00:00,23.00,44,21.30,,0.00,14.70,281
2026-06-09 16:00:00,22.50,45,20.30,,0.00,16.00,284
2026-06-09 17:00:00,21.60,45,19.20,,0.00,15.00,287
2026-06-09 18:00:00,21.10,44,18.70,,0.00,13.50,286
2026-06-09 19:00:00,20.70,44,18.40,,0.00,12.60,283
2026-06-09 20:00:00,20.20,45,18.00,,0.00,10.80,285
2026-06-09 21:00:00,19.50,45,17.30,,0.00,10.50,297
2026-06-09 22:00:00,18.20,51,16.40,,0.00,8.70,300
2026-06-09 23:00:00,17.20,55,15.60,,0.00,7.60,295
2026-06-10 00:00:00,16.30,60,14.80,,0.00,8.00,297
2026-06-10 01:00:00,15.50,62,13.80,,0.00,8.10,302
2026-06-10 02:00:00,14.80,65,13.20,,0.00,7.90,300
2026-06-10 03:00:00,14.20,69,12.80,,0.00,7.10,300
2026-06-10 04:00:00,13.60,71,12.10,,0.00,7.10,300
2026-06-10 05:00:00,13.10,73,11.70,,0.00,6.40,297
2026-06-10 06:00:00,12.90,74,11.50,,0.00,6.40,286
2026-06-10 07:00:00,13.70,71,12.20,,0.00,7.40,284
2026-06-10 08:00:00,15.00,66,13.30,,0.00,9.40,293
2026-06-10 09:00:00,16.00,58,13.90,,0.00,10.20,302
2026-06-10 10:00:00,17.10,52,14.70,,0.00,11.30,301
2026-06-10 11:00:00,17.80,48,15.50,,0.00,10.90,297
2026-06-10 12:00:00,18.50,44,16.30,,0.00,11.00,293
2026-06-10 13:00:00,19.20,41,17.10,,0.00,11.20,291
2026-06-10 14:00:00,19.70,39,17.70,,0.00,11.60,292
2026-06-10 15:00:00,20.10,37,18.00,,0.00,11.60,296
2026-06-10 16:00:00,20.30,36,17.80,,0.00,10.90,297
2026-06-10 17:00:00,20.20,35,17.30,,0.00,10.50,301
2026-06-10 18:00:00,20.10,35,17.50,,0.00,8.10,302
2026-06-10 19:00:00,19.60,36,17.10,,0.00,7.60,301
2026-06-10 20:00:00,19.00,37,16.70,,0.00,6.40,308
2026-06-10 21:00:00,18.30,40,16.40,,0.00,3.80,319
2026-06-10 22:00:00,17.40,47,16.00,,0.00,2.10,329
2026-06-10 23:00:00,16.90,46,15.50,,0.00,1.00,315
2026-06-11 00:00:00,15.60,58,14.70,,0.00,1.50,256
2026-06-11 01:00:00,15.00,57,14.00,,0.00,1.30,236
2026-06-11 02:00:00,14.50,60,13.40,,0.00,1.50,225
2026-06-11 03:00:00,13.40,70,12.60,,0.00,1.80,143
2026-06-11 04:00:00,13.20,75,12.30,,0.00,3.90,124
2026-06-11 05:00:00,13.00,76,12.10,,0.00,3.80,131
2026-06-11 06:00:00,12.40,81,11.60,,0.00,3.60,135
2026-06-11 07:00:00,13.70,77,13.10,,0.00,3.90,146
2026-06-11 08:00:00,15.50,70,14.70,,0.00,5.80,150
2026-06-11 09:00:00,17.20,57,15.80,,0.00,7.40,157
2026-06-11 10:00:00,18.70,50,16.80,,0.00,9.70,165
2026-06-11 11:00:00,19.50,46,17.30,,0.00,10.70,160
2026-06-11 12:00:00,20.10,39,17.50,,0.00,10.50,164
2026-06-11 13:00:00,20.50,39,18.00,,0.00,10.20,170
2026-06-11 14:00:00,20.80,39,18.30,,0.00,10.80,159
2026-06-11 15:00:00,21.10,37,18.70,,0.00,9.40,187
2026-06-11 16:00:00,19.60,48,18.00,,0.20,8.00,190
2026-06-11 17:00:00,19.40,50,18.30,,0.10,4.80,153
2026-06-11 18:00:00,19.10,56,18.40,,0.30,5.10,129
2026-06-11 19:00:00,19.10,56,18.20,,0.00,6.90,118
2026-06-11 20:00:00,18.60,60,17.80,,0.00,6.60,119
2026-06-11 21:00:00,17.70,70,18.10,,0.00,1.80,101
2026-06-11 22:00:00,16.90,75,17.50,,0.10,1.10,270
2026-06-11 23:00:00,16.20,80,16.80,,0.10,2.30,288
2026-06-12 00:00:00,15.70,87,16.30,,0.20,3.30,311
2026-06-12 01:00:00,15.10,90,15.50,,1.50,4.40,279
2026-06-12 02:00:00,14.70,93,15.00,,0.50,5.40,278
2026-06-12 03:00:00,14.30,94,14.30,,0.20,6.90,279
2026-06-12 04:00:00,14.00,93,13.70,,0.00,8.80,289
2026-06-12 05:00:00,13.80,93,13.30,,0.00,8.90,291
2026-06-12 06:00:00,13.90,92,13.30,,0.00,9.70,285
2026-06-12 07:00:00,14.50,88,13.50,,0.00,11.80,293
2026-06-12 08:00:00,15.50,82,14.40,,0.00,12.70,295
2026-06-12 09:00:00,15.60,78,14.30,,0.10,13.00,289
2026-06-12 10:00:00,16.10,73,14.20,,0.10,15.30,297
2026-06-12 11:00:00,16.30,71,14.20,,0.20,16.40,299
2026-06-12 12:00:00,16.40,63,14.00,,0.00,14.80,296
2026-06-12 13:00:00,17.30,54,14.30,,0.00,16.50,290
2026-06-12 14:00:00,17.30,48,13.90,,0.00,18.70,289
2026-06-12 15:00:00,18.40,44,15.20,,0.00,17.20,296
2026-06-12 16:00:00,18.50,43,14.70,,0.00,18.20,297
2026-06-12 17:00:00,18.30,45,14.60,,0.00,18.40,298
2026-06-12 18:00:00,17.60,49,14.20,,0.00,18.00,296
2026-06-12 19:00:00,16.90,52,13.70,,0.00,16.90,297
2026-06-12 20:00:00,16.20,56,13.40,,0.00,14.50,297
2026-06-12 21:00:00,15.50,61,13.20,,0.00,12.10,293
2026-06-12 22:00:00,14.80,64,12.40,,0.00,12.90,293
2026-06-12 23:00:00,14.10,68,11.80,,0.00,13.10,291
2026-06-13 00:00:00,13.90,72,11.80,,0.00,12.10,287
2026-06-13 01:00:00,13.30,75,11.30,,0.00,12.20,284
2026-06-13 02:00:00,13.00,77,11.10,,0.00,11.70,279
2026-06-13 03:00:00,12.70,78,10.70,,0.00,12.30,275
2026-06-13 04:00:00,12.20,82,9.90,,0.10,13.90,280
2026-06-13 05:00:00,11.90,82,9.80,,0.00,12.30,273
2026-06-13 06:00:00,12.10,84,10.00,,0.00,13.20,281
2026-06-13 07:00:00,12.40,83,10.10,,0.00,14.90,278
2026-06-13 08:00:00,12.50,83,10.20,,0.10,15.00,280
2026-06-13 09:00:00,12.30,86,10.10,,1.10,15.20,284
2026-06-13 10:00:00,12.40,87,9.90,,1.30,17.90,289
2026-06-13 11:00:00,13.10,86,10.70,,0.60,17.80,306
2026-06-13 12:00:00,14.10,85,12.00,,0.50,17.90,308
2026-06-13 13:00:00,15.50,80,14.00,,0.10,15.00,318
2026-06-13 14:00:00,17.60,73,16.20,,0.20,15.50,324
2026-06-13 15:00:00,17.40,80,16.50,,1.50,14.80,326
2026-06-13 16:00:00,17.30,79,16.50,,1.50,13.50,316
2026-06-13 17:00:00,17.50,82,16.80,,1.30,14.30,309
2026-06-13 18:00:00,17.20,83,16.70,,1.30,12.70,305
2026-06-13 19:00:00,17.50,77,16.70,,0.20,12.40,300
2026-06-13 20:00:00,17.00,77,16.30,,0.30,10.70,303
2026-06-13 21:00:00,16.10,82,15.30,,0.10,11.60,306
2026-06-13 22:00:00,15.30,87,14.70,,0.20,10.70,303
2026-06-13 23:00:00,14.90,86,14.00,,0.00,11.30,301
2026-06-14 00:00:00,14.30,83,13.10,,0.00,11.30,301
2026-06-14 01:00:00,13.80,85,12.70,,0.00,10.80,307
2026-06-14 02:00:00,13.30,87,12.20,,0.00,10.00,308
2026-06-14 03:00:00,13.20,87,12.10,,0.00,9.30,306
2026-06-14 04:00:00,12.80,90,11.70,,0.00,10.10,305
2026-06-14 05:00:00,12.70,91,11.60,,0.00,10.50,308
2026-06-14 06:00:00,12.90,91,11.90,,0.00,10.20,312
2026-06-14 07:00:00,13.90,85,12.40,,0.00,12.90,333
2026-06-14 08:00:00,14.70,80,13.40,,0.00,11.50,328
2026-06-14 09:00:00,15.40,77,14.00,,0.00,12.00,321
2026-06-14 10:00:00,16.60,68,14.80,,0.00,13.50,331
2026-06-14 11:00:00,17.10,67,15.50,,0.00,13.30,327
2026-06-14 12:00:00,18.90,60,17.10,,0.00,14.10,328
2026-06-14 13:00:00,18.80,62,17.10,,0.10,14.00,334
2026-06-14 14:00:00,19.30,61,17.50,,0.10,15.50,338
2026-06-14 15:00:00,18.80,65,17.40,,0.30,14.50,333
2026-06-14 16:00:00,19.00,64,17.50,,0.10,14.70,338
2026-06-14 17:00:00,19.10,63,17.70,,0.10,13.50,331
2026-06-14 18:00:00,19.30,58,17.50,,0.10,13.50,335
2026-06-14 19:00:00,18.50,64,17.00,,0.10,13.40,340
2026-06-14 20:00:00,18.20,66,17.30,,0.00,10.20,350
2026-06-14 21:00:00,17.10,74,16.20,,0.30,11.30,343
2026-06-14 22:00:00,16.30,82,16.10,,0.10,8.70,308
2026-06-14 23:00:00,15.90,82,15.40,,0.00,9.70,309
2026-06-15 00:00:00,15.70,82,15.10,,0.00,9.40,320
2026-06-15 01:00:00,15.30,84,14.70,,0.00,9.40,310
2026-06-15 02:00:00,15.00,83,14.20,,0.00,9.90,314
2026-06-15 03:00:00,14.90,83,14.10,,0.00,9.80,306
2026-06-15 04:00:00,14.70,84,13.70,,0.00,11.10,306
2026-06-15 05:00:00,14.40,85,13.20,,0.00,12.80,320
2026-06-15 06:00:00,14.40,85,13.40,,0.00,10.90,316
2026-06-15 07:00:00,15.10,81,14.10,,0.00,10.50,319
2026-06-15 08:00:00,15.70,81,15.00,,0.00,10.20,318
2026-06-15 09:00:00,16.90,76,16.00,,0.00,11.30,323
2026-06-15 10:00:00,18.20,71,17.40,,0.00,11.60,330
2026-06-15 11:00:00,20.00,58,18.50,,0.00,13.80,345
2026-06-15 12:00:00,20.40,52,18.40,,0.00,13.80,351
2026-06-15 13:00:00,20.80,60,19.80,,0.00,12.80,338
2026-06-15 14:00:00,22.20,50,20.80,,0.00,14.30,342
2026-06-15 15:00:00,22.60,46,20.60,,0.00,14.90,345
2026-06-15 16:00:00,23.00,43,20.60,,0.00,15.70,340
2026-06-15 17:00:00,23.10,41,20.60,,0.00,15.60,345
2026-06-15 18:00:00,23.30,37,20.40,,0.00,15.40,344
2026-06-15 19:00:00,22.80,37,20.00,,0.00,14.30,342
2026-06-15 20:00:00,22.00,40,19.60,,0.00,12.30,339
2026-06-15 21:00:00,21.10,43,19.20,,0.00,9.80,336
2026-06-15 22:00:00,19.80,49,18.40,,0.00,7.70,319
2026-06-15 23:00:00,19.20,50,17.90,,0.00,6.40,322
2026-06-16 00:00:00,18.20,56,17.20,,0.00,5.40,323
2026-06-16 01:00:00,17.40,60,16.60,,0.00,4.20,301
2026-06-16 02:00:00,16.50,63,15.70,,0.00,4.50,284
2026-06-16 03:00:00,15.60,67,14.80,,0.00,4.90,287
2026-06-16 04:00:00,15.30,68,14.20,,0.00,6.50,289
2026-06-16 05:00:00,14.90,69,13.70,,0.00,7.30,290
2026-06-16 06:00:00,14.90,71,13.70,,0.00,7.40,293
2026-06-16 07:00:00,15.90,68,14.60,,0.00,8.70,300
2026-06-16 08:00:00,17.50,65,16.40,,0.00,9.20,309
2026-06-16 09:00:00,19.30,56,18.10,,0.00,9.20,318
2026-06-16 10:00:00,21.30,51,20.50,,0.00,10.10,325
2026-06-16 11:00:00,22.90,47,22.50,,0.00,11.90,331
2026-06-16 12:00:00,24.20,42,23.90,,0.00,12.70,345
2026-06-16 13:00:00,25.00,38,24.40,,0.00,13.00,354
2026-06-16 14:00:00,25.40,35,24.10,,0.00,12.70,352
2026-06-16 15:00:00,25.80,36,24.50,,0.00,12.00,351
2026-06-16 16:00:00,25.90,36,24.30,,0.00,10.90,351
2026-06-16 17:00:00,26.30,35,24.40,,0.00,11.90,346
2026-06-16 18:00:00,26.10,36,24.30,,0.00,11.80,340
2026-06-16 19:00:00,25.60,37,24.20,,0.00,9.80,343
2026-06-16 20:00:00,24.90,40,23.80,,0.00,8.80,341
2026-06-16 21:00:00,24.00,44,23.40,,0.00,6.30,336
2026-06-16 22:00:00,22.60,50,22.40,,0.00,4.90,324
2026-06-16 23:00:00,21.70,55,21.80,,0.00,3.80,319
2026-06-17 00:00:00,20.10,64,20.50,,0.00,3.90,304
2026-06-17 01:00:00,19.60,65,20.00,,0.00,3.40,288
2026-06-17 02:00:00,19.00,66,19.20,,0.00,3.70,281
2026-06-17 03:00:00,18.10,71,18.40,,0.00,3.60,270
2026-06-17 04:00:00,17.30,75,17.60,,0.00,4.00,265
2026-06-17 05:00:00,16.90,76,17.10,,0.00,3.80,253
2026-06-17 06:00:00,16.90,76,17.30,,0.00,3.40,252
2026-06-17 07:00:00,18.60,70,19.00,,0.00,4.10,255
2026-06-17 08:00:00,20.60,59,20.20,,0.00,7.20,264
2026-06-17 09:00:00,22.10,51,21.40,,0.00,7.90,270
2026-06-17 10:00:00,22.90,52,22.30,,0.00,9.00,272
2026-06-17 11:00:00,23.80,51,23.20,,0.00,11.10,283
2026-06-17 12:00:00,20.70,73,20.80,,0.20,12.80,286
2026-06-17 13:00:00,19.60,77,19.40,,0.10,14.50,293
2026-06-17 14:00:00,19.50,76,19.00,,0.00,15.10,298
2026-06-17 15:00:00,19.50,74,18.90,,0.00,14.30,295
2026-06-17 16:00:00,19.70,68,18.70,,0.00,14.50,300
2026-06-17 17:00:00,21.20,58,19.60,,0.00,16.00,306
2026-06-17 18:00:00,21.50,50,19.50,,0.00,15.10,308
2026-06-17 19:00:00,21.40,49,19.50,,0.00,13.50,312
2026-06-17 20:00:00,20.90,50,19.40,,0.00,10.90,314
2026-06-17 21:00:00,20.40,52,19.20,,0.00,9.10,304
2026-06-17 22:00:00,19.20,56,17.90,,0.00,8.90,297
2026-06-17 23:00:00,18.40,59,17.10,,0.00,9.40,302
